Timestamp,ET_PupilLeft,ET_PupilRight,ET_GazeLeftx,ET_GazeLefty,ET_GazeRightx,ET_GazeRighty,ET_Gaze3DX,ET_Gaze3DY,ET_Gaze3DZ,ET_ValidityLeftEye,ET_ValidityRightEye,ET_GazeDirectionLeftX,ET_GazeDirectionLeftY,ET_GazeDirectionLeftZ,ET_GazeDirectionRightX,ET_GazeDirectionRightY,ET_GazeDirectionRightZ,ET_Distance3D,Blink detected (binary),Gaze X,Gaze Y,Interpolated Gaze X,Interpolated Gaze Y,Interpolated Distance,Gaze Velocity,Gaze Acceleration,Fixation Index,Fixation Index by Stimulus,Fixation X,Fixation Y,Fixation Start,Fixation End,Fixation Duration,Fixation Dispersion,Saccade Index,Saccade Index by Stimulus,Saccade Start,Saccade End,Saccade Duration,Saccade Amplitude,Saccade Peak Velocity,Saccade Peak Acceleration,Saccade Peak Deceleration,Saccade Direction
120.107,4.150000095367432,5.0,716.0,404.0,716.0,404.0,41.47000122070313,26.60000038146973,182.16000366210935,0.0,0.0,0.064699999988079,0.218199998140335,0.9738000035285947,0.0,0.0,0.0,188.7050323486328,0.0,716.0,404.0,716.0,403.666666666667,1000.0,0.5758154616846171,7.98404121771422,197.0,197.0,721.84649122807,412.162280701754,119558.0,120317.0,759.0,0.671617160324222,,,,,,,,,,
120.127,4.139999866485596,5.0,716.0,403.0,716.0,403.0,41.4099998474121,26.61000061035157,182.16000366210935,0.0,0.0,0.0644000023603439,0.2182999998331069,0.9738000035285947,0.0,0.0,0.0,188.69325256347656,0.0,716.0,403.0,715.666666666667,403.666666666667,1000.0,1.22752116344964,32.585285088251,197.0,197.0,721.84649122807,412.162280701754,119558.0,120317.0,759.0,0.671617160324222,,,,,,,,,,
120.147,4.139999866485596,5.0,715.0,404.0,715.0,404.0,41.52999877929688,26.559999465942383,182.16999816894528,0.0,0.0,0.0649000033736229,0.2180999964475632,0.9738000035285947,0.0,0.0,0.0,188.72224426269528,0.0,715.0,404.0,715.0,403.666666666667,1000.0,1.6990639107029,23.577137362662896,197.0,197.0,721.84649122807,412.162280701754,119558.0,120317.0,759.0,0.671617160324222,,,,,,,,,,
120.167,4.130000114440918,5.0,714.0,404.0,714.0,404.0,41.709999084472656,26.57999992370605,182.16000366210935,0.0,0.0,0.065700002014637,0.218199998140335,0.9736999869346618,0.0,0.0,0.0,188.75509643554688,0.0,714.0,404.0,714.333333333333,404.0,1000.0,1.69870159824534,-0.0181156228775903,197.0,197.0,721.84649122807,412.162280701754,119558.0,120317.0,759.0,0.671617160324222,,,,,,,,,,
120.187,4.130000114440918,5.0,714.0,404.0,714.0,404.0,41.77000045776367,26.540000915527344,182.17999267578125,0.0,0.0,0.0659999996423721,0.2179999947547913,0.9736999869346618,0.0,0.0,0.0,188.78202819824216,0.0,714.0,404.0,713.666666666667,404.0,1000.0,2.0970765942147,19.9187497984676,197.0,197.0,721.84649122807,412.162280701754,119558.0,120317.0,759.0,0.671617160324222,,,,,,,,,,
120.207,4.119999885559082,5.0,713.0,404.0,713.0,404.0,41.93999862670898,26.57999992370605,182.16999816894528,0.0,0.0,0.0666999965906143,0.2182999998331069,0.9735999703407288,0.0,0.0,0.0,188.81570434570315,0.0,713.0,404.0,712.666666666667,404.333333333333,1000.0,2.6105761565068,25.674978114605,197.0,197.0,721.84649122807,412.162280701754,119558.0,120317.0,759.0,0.671617160324222,,,,,,,,,,
120.227,4.110000133514404,5.0,711.0,405.0,711.0,405.0,42.1599998474121,26.309999465942383,182.22999572753903,0.0,0.0,0.0676999986171722,0.2170999944210052,0.9738000035285947,0.0,0.0,0.0,188.884765625,0.0,711.0,405.0,711.666666666667,404.666666666667,1000.0,1.18135647831928,-71.46098390937591,197.0,197.0,721.84649122807,412.162280701754,119558.0,120317.0,759.0,0.671617160324222,,,,,,,,,,
120.247,4.099999904632568,5.0,711.0,405.0,711.0,405.0,42.22000122070313,26.31999969482421,182.22999572753903,0.0,0.0,0.0680000036954879,0.2171999961137772,0.9738000035285947,0.0,0.0,0.0,188.89956665039065,0.0,711.0,405.0,712.0,405.0,1000.0,2.0747483170099,44.6695919345311,197.0,197.0,721.84649122807,412.162280701754,119558.0,120317.0,759.0,0.671617160324222,,,,,,,,,,
120.267,4.110000133514404,5.0,714.0,405.0,714.0,405.0,41.77999877929688,26.43000030517578,182.2400054931641,0.0,0.0,0.0659999996423721,0.2177000045776367,0.9738000035285947,0.0,0.0,0.0,188.82672119140625,0.0,714.0,405.0,713.333333333333,405.0,1000.0,3.69280179954871,80.9026741269403,197.0,197.0,721.84649122807,412.162280701754,119558.0,120317.0,759.0,0.671617160324222,,,,,,,,,,
120.287,4.099999904632568,5.0,715.0,405.0,715.0,405.0,41.59000015258789,26.3799991607666,182.27999877929688,0.0,0.0,0.065200001001358,0.2175000011920929,0.973900020122528,0.0,0.0,0.0,188.8163909912109,0.0,715.0,405.0,715.0,405.333333333333,1000.0,3.69474592153867,0.0972060994980817,197.0,197.0,721.84649122807,412.162280701754,119558.0,120317.0,759.0,0.671617160324222,,,,,,,,,,
120.307,4.099999904632568,5.0,716.0,406.0,716.0,406.0,41.5099983215332,26.270000457763672,182.3099975585937,0.0,0.0,0.0649000033736229,0.2169999927282333,0.9739999771118164,0.0,0.0,0.0,188.8124237060547,0.0,716.0,406.0,716.333333333333,405.333333333333,1000.0,20.6125087262154,845.8881402338361,197.0,197.0,721.84649122807,412.162280701754,119558.0,120317.0,759.0,0.671617160324222,,,,,,,,,,
120.327,4.079999923706056,5.0,718.0,405.0,718.0,405.0,41.13999938964844,26.3700008392334,182.3099975585937,0.0,0.0,0.0631999969482421,0.2173999994993209,0.9739999771118164,0.0,0.0,0.0,188.745361328125,0.0,718.0,405.0,731.666666666667,407.333333333333,1000.0,45.9869292209045,1268.72102473445,,,,,,,,,432.0,432.0,120317.0,120377.0,60.0,2.34708206824274,56.1716757066463,1268.72102473445,-702.8668511755029,9.32359177813805
120.347,4.079999923706056,5.0,761.0,411.0,761.0,411.0,34.34999847412109,25.63999938964844,182.5599975585937,0.0,0.0,0.0340999998152256,0.2132000029087066,0.9764000177383424,0.0,0.0,0.0,187.52462768554688,0.0,761.0,411.0,753.333333333333,410.0,1000.0,56.1716757066463,509.237324287093,,,,,,,,,432.0,432.0,120317.0,120377.0,60.0,2.34708206824274,56.1716757066463,1268.72102473445,-702.8668511755029,9.32359177813805
120.367,4.099999904632568,5.0,781.0,414.0,781.0,414.0,31.13999938964844,25.11000061035157,182.6300048828125,0.0,0.0,0.0201999992132186,0.2102999985218048,0.977400004863739,0.0,0.0,0.0,186.959701538086,0.0,781.0,414.0,776.333333333333,414.666666666667,1000.0,42.114338683136296,-702.8668511755029,,,,,,,,,432.0,432.0,120317.0,120377.0,60.0,2.34708206824274,56.1716757066463,1268.72102473445,-702.8668511755029,9.32359177813805
120.387,4.090000152587891,5.0,787.0,419.0,787.0,419.0,30.15999984741211,24.32999992370605,182.7700042724609,0.0,0.0,0.0160000007599592,0.2066999971866608,0.9782999753952026,0.0,0.0,0.0,186.83267211914065,0.0,787.0,419.0,786.0,418.666666666667,1000.0,18.8556278892678,-1162.93553969342,198.0,198.0,790.166666666667,425.5,120377.0,120657.0,280.0,0.16574235575611,,,,,,,,,,
120.407,4.079999923706056,5.0,790.0,423.0,790.0,423.0,29.729999542236328,23.70000076293945,182.88999938964844,0.0,0.0,0.0142000000923872,0.2037999927997588,0.9789000153541566,0.0,0.0,0.0,186.8002014160156,0.0,790.0,423.0,789.333333333333,422.333333333333,1000.0,9.47075570431617,-469.24360924758105,198.0,198.0,790.166666666667,425.5,120377.0,120657.0,280.0,0.16574235575611,,,,,,,,,,
120.427,4.070000171661377,5.0,791.0,425.0,791.0,425.0,29.59000015258789,23.46999931335449,182.92999267578125,0.0,0.0,0.013600000180304,0.2027000039815902,0.979099988937378,0.0,0.0,0.0,186.78810119628903,0.0,791.0,425.0,791.0,424.333333333333,1000.0,3.85513865112928,-280.78085265934504,198.0,198.0,790.166666666667,425.5,120377.0,120657.0,280.0,0.16574235575611,,,,,,,,,,
120.447,4.070000171661377,5.0,792.0,425.0,792.0,425.0,29.459999084472656,23.38999938964844,182.94999694824216,0.0,0.0,0.0130000002682209,0.2023999989032745,0.979200005531311,0.0,0.0,0.0,186.777099609375,0.0,792.0,425.0,791.333333333333,424.666666666667,1000.0,0.422495676624998,-171.632148725214,198.0,198.0,790.166666666667,425.5,120377.0,120657.0,280.0,0.16574235575611,,,,,,,,,,
120.467,4.079999923706056,5.0,791.0,424.0,791.0,424.0,29.60000038146973,23.54999923706055,182.91000366210935,0.0,0.0,0.0137000000104308,0.2029999941587448,0.979099988937378,0.0,0.0,0.0,186.78016662597656,0.0,791.0,424.0,791.0,424.666666666667,1000.0,1.2601816037528402,41.8842963563921,198.0,198.0,790.166666666667,425.5,120377.0,120657.0,280.0,0.16574235575611,,,,,,,,,,
120.487,4.079999923706056,5.0,790.0,425.0,790.0,425.0,29.690000534057614,23.440000534057614,182.92999267578125,0.0,0.0,0.0141000002622604,0.2025000005960464,0.979200005531311,0.0,0.0,0.0,186.8002014160156,0.0,790.0,425.0,790.333333333333,424.666666666667,1000.0,1.52843949524094,13.4128945744051,198.0,198.0,790.166666666667,425.5,120377.0,120657.0,280.0,0.16574235575611,,,,,,,,,,
120.507,4.070000171661377,5.0,790.0,425.0,790.0,425.0,29.690000534057614,23.399999618530277,182.92999267578125,0.0,0.0,0.0141000002622604,0.2022999972105026,0.979200005531311,0.0,0.0,0.0,186.7951812744141,0.0,790.0,425.0,790.0,425.333333333333,1000.0,1.6908324317138002,8.11964682364318,198.0,198.0,790.166666666667,425.5,120377.0,120657.0,280.0,0.16574235575611,,,,,,,,,,
120.527,4.070000171661377,5.0,790.0,426.0,790.0,426.0,29.71999931335449,23.31999969482421,182.94999694824216,0.0,0.0,0.0142000000923872,0.2019000053405761,0.979300022125244,0.0,0.0,0.0,186.80953979492188,0.0,790.0,426.0,790.333333333333,426.0,1000.0,2.5647465724861096,43.69570703861521,198.0,198.0,790.166666666667,425.5,120377.0,120657.0,280.0,0.16574235575611,,,,,,,,,,
120.547,4.059999942779541,5.0,791.0,427.0,791.0,427.0,29.6200008392334,23.15999984741211,182.97999572753903,0.0,0.0,0.0137999998405575,0.2011999934911728,0.9794999957084656,0.0,0.0,0.0,186.8031311035156,0.0,791.0,427.0,790.333333333333,427.333333333333,1000.0,3.3828786935722,40.9066060543045,198.0,198.0,790.166666666667,425.5,120377.0,120657.0,280.0,0.16574235575611,,,,,,,,,,
120.567,4.050000190734863,5.0,790.0,429.0,790.0,429.0,29.68000030517578,22.809999465942383,183.0500030517578,0.0,0.0,0.0140000004321336,0.1995999962091445,0.97979998588562,0.0,0.0,0.0,186.83816528320315,0.0,790.0,429.0,790.333333333333,428.666666666667,1000.0,2.9965479044258,-19.31653945732,198.0,198.0,790.166666666667,425.5,120377.0,120657.0,280.0,0.16574235575611,,,,,,,,,,
120.587,4.050000190734863,5.0,790.0,430.0,790.0,430.0,29.70000076293945,22.739999771118164,183.0599975585937,0.0,0.0,0.0141000002622604,0.19930000603199,0.97979998588562,0.0,0.0,0.0,186.8426055908203,0.0,790.0,430.0,790.0,429.666666666667,1000.0,1.74951620485517,-62.35158497853151,198.0,198.0,790.166666666667,425.5,120377.0,120657.0,280.0,0.16574235575611,,,,,,,,,,
120.607,4.039999961853027,5.0,790.0,430.0,790.0,430.0,29.670000076293945,22.649999618530277,183.07000732421875,0.0,0.0,0.0140000004321336,0.1987999975681304,0.9799000024795532,0.0,0.0,0.0,186.83671569824216,0.0,790.0,430.0,790.0,430.0,1000.0,3.089858454603,67.0171124873913,198.0,198.0,790.166666666667,425.5,120377.0,120657.0,280.0,0.16574235575611,,,,,,,,,,
120.627,4.03000020980835,5.0,790.0,430.0,790.0,430.0,29.70000076293945,22.59000015258789,183.0800018310547,0.0,0.0,0.0141000002622604,0.1985999941825866,0.9800000190734864,0.0,0.0,0.0,186.8440093994141,0.0,790.0,430.0,790.666666666667,427.333333333333,1000.0,8.74520131518105,282.76714302890304,198.0,198.0,790.166666666667,425.5,120377.0,120657.0,280.0,0.16574235575611,,,,,,,,,,
120.647,3.990000009536743,5.0,792.0,422.0,792.0,422.0,29.3700008392334,23.959999084472656,182.9600067138672,0.0,0.0,0.0122999995946884,0.2052000015974044,0.978600025177002,0.0,0.0,0.0,186.844955444336,0.0,792.0,422.0,791.666666666667,423.333333333333,1000.0,11.0320316726695,114.341517874421,198.0,198.0,790.166666666667,425.5,120377.0,120657.0,280.0,0.16574235575611,,,,,,,,,,
120.667,3.9700000286102295,5.0,793.0,418.0,793.0,418.0,29.21999931335449,24.649999618530277,182.8699951171875,0.0,0.0,0.0115000000223517,0.2084999978542328,0.977999985218048,0.0,0.0,0.0,186.82308959960935,0.0,793.0,418.0,791.333333333333,418.666666666667,1000.0,38.5915867106686,1377.97775189995,,,,,,,,,433.0,433.0,120657.0,120877.0,220.0,25.4250246939518,340.662548727657,6809.856784187,-5189.18862415572,59.7656261921121
120.687,3.9600000381469727,5.0,789.0,416.0,789.0,416.0,29.88999938964844,24.93000030517578,182.8600006103516,0.0,0.0,0.0144999995827674,0.2100999951362609,0.9775999784469604,0.0,0.0,0.0,186.95640563964844,0.0,789.0,416.0,818.0,439.0,1000.0,149.976093470451,5569.22533798913,,,,,,,,,433.0,433.0,120657.0,120877.0,220.0,25.4250246939518,340.662548727657,6809.856784187,-5189.18862415572,59.7656261921121
120.707,3.9700000286102295,3.75,872.0,483.0,872.0,483.0,16.899999618530273,14.729999542236328,187.08999633789065,0.0,0.0,-0.0370000004768371,0.1308999955654144,0.9907000064849852,0.2069000005722045,0.1983000040054321,0.9581000208854676,188.42837524414065,0.0,872.0,483.0,875.666666666667,501.0,1000.0,269.91228947859,5996.80980040693,,,,,,,,,433.0,433.0,120657.0,120877.0,220.0,25.4250246939518,340.662548727657,6809.856784187,-5189.18862415572,59.7656261921121
120.727,4.059999942779541,3.700000047683716,966.0,604.0,966.0,604.0,1.6399999856948853,-7.289999961853027,270.6600036621094,0.0,0.0,-0.0804999992251396,0.0538000017404556,0.995299994945526,0.1064999997615814,0.0500999987125396,0.9929999709129332,270.7631225585937,0.0,966.0,604.0,941.666666666667,608.333333333333,1000.0,340.662548727657,3537.51296245334,,,,,,,,,433.0,433.0,120657.0,120877.0,220.0,25.4250246939518,340.662548727657,6809.856784187,-5189.18862415572,59.7656261921121
120.747,3.920000076293945,5.0,987.0,738.0,987.0,738.0,-3.740000009536743,-38.930000305175774,270.3399963378906,0.0,0.0,-0.0975999981164932,-0.0511000007390976,0.9939000010490416,0.0,0.0,0.0,273.1542663574219,0.0,987.0,738.0,1010.66666666667,729.0,1000.0,280.986700447621,-2983.792414001789,,,,,,,,,433.0,433.0,120657.0,120877.0,220.0,25.4250246939518,340.662548727657,6809.856784187,-5189.18862415572,59.7656261921121
120.767,5.0,3.9600000381469727,1079.0,845.0,1079.0,845.0,-25.51000022888184,-63.52999877929688,268.7699890136719,0.0,0.0,0.0,0.0,0.0,0.017400000244379,-0.1299999952316284,0.9914000034332277,277.3519897460937,0.0,1079.0,845.0,1078.66666666667,782.833333333333,1000.0,204.143554468041,-3842.15729897897,,,,,,,,,433.0,433.0,120657.0,120877.0,220.0,25.4250246939518,340.662548727657,6809.856784187,-5189.18862415572,59.7656261921121
120.787,5.0,5.0,-1.0,-1.0,-1.0,-1.0,0.0,0.0,0.0,5.0,5.0,0.0,0.0,0.0,0.0,0.0,0.0,0.0,1.0,,,1170.0,765.5,1000.0,133.495016269037,-3532.42690995021,,,,,,,,,433.0,433.0,120657.0,120877.0,220.0,25.4250246939518,340.662548727657,6809.856784187,-5189.18862415572,59.7656261921121
120.807,4.019999980926514,5.0,1261.0,686.0,1261.0,686.0,-65.12999725341797,-24.57999992370605,257.8800048828125,0.0,0.0,-0.3005000054836273,-0.0028999999631196,0.9538000226020812,0.0,0.0,0.0,267.1108093261719,0.0,1261.0,686.0,1182.0,755.5,1000.0,41.0264607970988,-4623.427773596911,,,,,,,,,433.0,433.0,120657.0,120877.0,220.0,25.4250246939518,340.662548727657,6809.856784187,-5189.18862415572,59.7656261921121
120.827,3.9300000667572017,5.0,1115.0,815.0,1115.0,815.0,-33.34000015258789,-55.29999923706055,264.260009765625,0.0,0.0,-0.1953999996185302,-0.1041999980807304,0.9751999974250792,0.0,0.0,0.0,272.034912109375,0.0,1115.0,815.0,1144.33333333333,786.0,1000.0,177.223596480839,6809.856784187,,,,,,,,,433.0,433.0,120657.0,120877.0,220.0,25.4250246939518,340.662548727657,6809.856784187,-5189.18862415572,59.7656261921121
120.847,3.839999914169312,3.9800000190734863,1057.0,857.0,1057.0,857.0,-22.200000762939453,-71.7300033569336,291.1700134277344,0.0,0.0,-0.1414999961853027,-0.125900000333786,0.9818999767303466,0.0219999998807907,-0.1645999997854232,0.9861000180244444,300.69586181640625,0.0,1057.0,857.0,1070.0,843.0,1000.0,149.74337942959602,-1374.01085256214,,,,,,,,,433.0,433.0,120657.0,120877.0,220.0,25.4250246939518,340.662548727657,6809.856784187,-5189.18862415572,59.7656261921121
120.867,3.809999942779541,3.9800000190734863,1038.0,857.0,1038.0,857.0,-18.8700008392334,-77.86000061035155,315.7300109863281,0.0,0.0,-0.1193000003695488,-0.1292999982833862,0.984399974346161,0.0269000008702278,-0.1750999987125396,0.9842000007629396,325.7356262207032,0.0,1038.0,857.0,1042.33333333333,849.333333333333,1000.0,45.9596069464816,-5189.18862415572,,,,,,,,,433.0,433.0,120657.0,120877.0,220.0,25.4250246939518,340.662548727657,6809.856784187,-5189.18862415572,59.7656261921121
120.887,3.799999952316284,3.950000047683716,1032.0,834.0,1032.0,834.0,-19.43000030517578,-81.44999694824219,358.32000732421875,0.0,0.0,-0.1098000034689903,-0.1272999942302704,0.98580002784729,0.0243999995291233,-0.1622000038623809,0.9865000247955322,367.9739685058594,0.0,1032.0,834.0,1033.0,842.666666666667,1000.0,22.617158792014,-1167.12240772338,199.0,199.0,1034.0,838.259259259259,120877.0,121057.0,180.0,0.531840398056991,,,,,,,,,,
120.907,3.809999942779541,3.950000047683716,1029.0,837.0,1029.0,837.0,-18.170000076293945,-80.91999816894531,351.6199951171875,0.0,0.0,-0.1080000028014183,-0.1273999959230423,0.9858999848365784,0.0276999995112419,-0.1643999963998794,0.9860000014305114,361.2683410644531,0.0,1029.0,837.0,1030.33333333333,835.0,1000.0,2.0681119568762,-1027.45234175689,199.0,199.0,1034.0,838.259259259259,120877.0,121057.0,180.0,0.531840398056991,,,,,,,,,,
120.927,3.799999952316284,3.950000047683716,1030.0,834.0,1030.0,834.0,-18.670000076293945,-81.30999755859375,358.2900085449219,0.0,0.0,-0.1063999980688095,-0.1246000006794929,0.9865000247955322,0.0249000005424022,-0.1641999930143356,0.9861000180244444,367.87445068359375,0.0,1030.0,834.0,1034.33333333333,841.666666666667,1000.0,18.4082405885392,817.006431583152,199.0,199.0,1034.0,838.259259259259,120877.0,121057.0,180.0,0.531840398056991,,,,,,,,,,
120.947,5.0,3.950000047683716,1044.0,854.0,1044.0,854.0,-23.04999923706055,-87.19999694824219,357.5799865722656,0.0,0.0,0.0,0.0,0.0,0.0199999995529651,-0.1586000025272369,0.9871000051498412,368.7798767089844,0.0,1044.0,854.0,1038.33333333333,848.0,1000.0,13.7592588735463,-232.449085749648,199.0,199.0,1034.0,838.259259259259,120877.0,121057.0,180.0,0.531840398056991,,,,,,,,,,
120.967,5.0,3.950000047683716,1041.0,856.0,1041.0,856.0,-22.209999084472656,-87.81999969482422,357.44000244140625,0.0,0.0,0.0,0.0,0.0,0.0220999997109174,-0.1601999998092651,0.9868000149726868,368.73974609375,0.0,1041.0,856.0,1040.44444444444,851.333333333333,1000.0,5.37066117294778,-419.429885029925,199.0,199.0,1034.0,838.259259259259,120877.0,121057.0,180.0,0.531840398056991,,,,,,,,,,
120.987,5.0,5.0,-1.0,-1.0,-1.0,-1.0,0.0,0.0,0.0,5.0,5.0,0.0,0.0,0.0,0.0,0.0,0.0,0.0,1.0,,,1036.33333333333,844.0,1000.0,25.537204364626497,1008.32715958394,199.0,199.0,1034.0,838.259259259259,120877.0,121057.0,180.0,0.531840398056991,,,,,,,,,,
121.007,5.0,5.0,-1.0,-1.0,-1.0,-1.0,0.0,0.0,0.0,5.0,5.0,0.0,0.0,0.0,0.0,0.0,0.0,0.0,1.0,,,1031.66666666667,832.0,1000.0,15.608156376555,-496.452399403576,199.0,199.0,1034.0,838.259259259259,120877.0,121057.0,180.0,0.531840398056991,,,,,,,,,,
121.027,3.7899999618530273,3.950000047683716,1027.0,820.0,1027.0,820.0,-18.32999992370605,-79.48999786376955,370.4500122070313,0.0,0.0,-0.1022000014781952,-0.1159000024199485,0.9879999756813048,0.0245999991893768,-0.1555999964475631,0.9875000119209288,379.3255310058594,0.0,1027.0,820.0,1033.55555555556,831.333333333333,1000.0,17.1354441584431,76.3643890944056,199.0,199.0,1034.0,838.259259259259,120877.0,121057.0,180.0,0.531840398056991,,,,,,,,,,
121.047,5.0,3.940000057220459,1042.0,842.0,1042.0,842.0,-23.21999931335449,-86.37999725341797,369.6199951171875,0.0,0.0,0.0,0.0,0.0,0.0189999993890523,-0.1519999951124191,0.9882000088691713,380.2888488769531,0.0,1042.0,842.0,1028.0,818.333333333333,1000.0,13.7981987456487,-166.862270639717,199.0,199.0,1034.0,838.259259259259,120877.0,121057.0,180.0,0.531840398056991,,,,,,,,,,
121.067,3.740000009536743,5.0,1015.0,793.0,1015.0,793.0,-14.420000076293944,-71.20999908447266,371.6799926757813,0.0,0.0,-0.099200002849102,-0.1165999993681907,0.9882000088691713,0.0,0.0,0.0,378.7146911621094,0.0,1015.0,793.0,1025.0,824.0,1000.0,35.7986336308586,1100.02174426049,,,,,,,,,434.0,434.0,121057.0,121297.0,240.0,24.34340140632,275.994411070034,5010.493413608089,-4299.44262118186,253.79589689029203
121.087,3.509999990463257,3.809999942779541,1018.0,837.0,1018.0,837.0,-14.949999809265137,-81.94999694824219,356.0,0.0,0.0,-0.1018999963998794,-0.1372999995946884,0.9853000044822692,0.0390999987721443,-0.1580000072717666,0.9866999983787536,365.6163330078125,0.0,1018.0,837.0,1002.66666666667,831.666666666667,1000.0,55.729470736993896,996.541855306763,,,,,,,,,434.0,434.0,121057.0,121297.0,240.0,24.34340140632,275.994411070034,5010.493413608089,-4299.44262118186,253.79589689029203
121.107,5.0,3.369999885559082,975.0,865.0,975.0,865.0,-1.690000057220459,-89.97000122070312,353.739990234375,0.0,0.0,0.0,0.0,0.0,0.0741999968886375,-0.1680999994277954,0.9829999804496764,365.006103515625,0.0,975.0,865.0,985.888888888889,845.666666666667,1000.0,47.7850710542568,-397.219984136854,,,,,,,,,434.0,434.0,121057.0,121297.0,240.0,24.34340140632,275.994411070034,5010.493413608089,-4299.44262118186,253.79589689029203
121.127,5.0,5.0,-1.0,-1.0,-1.0,-1.0,0.0,0.0,0.0,5.0,5.0,0.0,0.0,0.0,0.0,0.0,0.0,0.0,1.0,,,964.666666666667,835.0,1000.0,63.2584420326845,773.668548921384,,,,,,,,,434.0,434.0,121057.0,121297.0,240.0,24.34340140632,275.994411070034,5010.493413608089,-4299.44262118186,253.79589689029203
121.147,5.0,5.0,-1.0,-1.0,-1.0,-1.0,0.0,0.0,0.0,5.0,5.0,0.0,0.0,0.0,0.0,0.0,0.0,0.0,1.0,,,954.333333333333,805.0,1000.0,156.042175914554,4639.18669409349,,,,,,,,,434.0,434.0,121057.0,121297.0,240.0,24.34340140632,275.994411070034,5010.493413608089,-4299.44262118186,253.79589689029203
121.167,5.0,3.380000114440918,944.0,775.0,944.0,775.0,8.489999771118164,-63.08000183105469,356.1400146484375,0.0,0.0,0.0,0.0,0.0,0.0996999964118003,-0.1017000004649162,0.9897999763488768,361.7828979492188,0.0,944.0,775.0,911.777777777778,721.333333333333,1000.0,256.252044186716,5010.493413608089,,,,,,,,,434.0,434.0,121057.0,121297.0,240.0,24.34340140632,275.994411070034,5010.493413608089,-4299.44262118186,253.79589689029203
121.187,5.0,3.390000104904175,837.0,584.0,837.0,584.0,42.36999893188477,-3.7300000190734863,353.6499938964844,0.0,0.0,0.0,0.0,0.0,0.1860000044107436,0.0491999983787536,0.9812999963760376,356.1986083984375,0.0,837.0,584.0,876.333333333333,618.333333333333,1000.0,275.994411070034,987.118344165884,,,,,,,,,434.0,434.0,121057.0,121297.0,240.0,24.34340140632,275.994411070034,5010.493413608089,-4299.44262118186,253.79589689029203
121.207,3.539999961853028,3.559999942779541,848.0,496.0,848.0,496.0,38.84000015258789,23.36000061035157,351.6099853515625,0.0,0.0,-0.0386999994516372,0.0516999997198581,0.9979000091552734,0.2475000023841857,0.1806000024080276,0.951900005340576,354.5191345214844,0.0,848.0,496.0,866.666666666667,511.333333333333,1000.0,213.166245670086,-3141.40826999737,,,,,,,,,434.0,434.0,121057.0,121297.0,240.0,24.34340140632,275.994411070034,5010.493413608089,-4299.44262118186,253.79589689029203
121.227,3.670000076293945,5.0,915.0,454.0,915.0,454.0,18.459999084472656,36.52000045776367,350.1400146484375,0.0,0.0,-0.0206000003963708,0.1500999927520752,0.9884999990463258,0.0,0.0,0.0,352.5230407714844,0.0,915.0,454.0,888.666666666667,453.666666666667,1000.0,127.177393246449,-4299.44262118186,,,,,,,,,434.0,434.0,121057.0,121297.0,240.0,24.34340140632,275.994411070034,5010.493413608089,-4299.44262118186,253.79589689029203
121.247,3.700000047683716,5.0,903.0,411.0,903.0,411.0,22.040000915527344,49.47000122070313,347.95001220703125,0.0,0.0,-0.0114000001922249,0.1829999983310699,0.9829999804496764,0.0,0.0,0.0,352.1395263671875,0.0,903.0,411.0,904.0,420.0,1000.0,82.15156822226349,-2251.29125120929,,,,,,,,,434.0,434.0,121057.0,121297.0,240.0,24.34340140632,275.994411070034,5010.493413608089,-4299.44262118186,253.79589689029203
121.267,3.7699999809265137,5.0,894.0,395.0,894.0,395.0,24.81999969482421,53.95000076293945,347.1199951171875,0.0,0.0,-0.0043000001460313,0.1942999958992004,0.98089998960495,0.0,0.0,0.0,352.1632080078125,0.0,894.0,395.0,896.666666666667,390.0,1000.0,69.8531618163347,-614.920320296439,,,,,,,,,434.0,434.0,121057.0,121297.0,240.0,24.34340140632,275.994411070034,5010.493413608089,-4299.44262118186,253.79589689029203
121.287,3.829999923706055,5.0,893.0,364.0,893.0,364.0,25.020000457763672,63.2400016784668,345.19000244140625,0.0,0.0,-0.0038999998942017,0.2180999964475632,0.9758999943733216,0.0,0.0,0.0,351.82586669921875,0.0,893.0,364.0,892.0,366.333333333333,1000.0,35.1801837198865,-1733.64890482241,,,,,,,,,434.0,434.0,121057.0,121297.0,240.0,24.34340140632,275.994411070034,5010.493413608089,-4299.44262118186,253.79589689029203
121.307,3.8900001049041752,5.0,889.0,340.0,889.0,340.0,26.28000068664551,70.18000030517578,343.6000061035156,0.0,0.0,-0.0006999999750405,0.2358999997377396,0.9718000292778016,0.0,0.0,0.0,351.6771545410156,0.0,889.0,340.0,887.666666666667,363.666666666667,1000.0,6.93711561437671,-1412.15340527549,200.0,200.0,889.666666666667,367.866666666667,121297.0,121397.0,100.0,0.400897485096276,,,,,,,,,,
121.327,3.940000057220459,3.799999952316284,881.0,387.0,881.0,387.0,21.479999542236328,42.29999923706055,260.239990234375,0.0,0.0,0.0043000001460313,0.2506999969482421,0.9681000113487244,0.1498000025749206,0.1719000041484832,0.9736999869346618,264.52890014648443,0.0,881.0,387.0,893.333333333333,371.666666666667,1000.0,9.282993498733632,117.293894217846,200.0,200.0,889.666666666667,367.866666666667,121297.0,121397.0,100.0,0.400897485096276,,,,,,,,,,
121.347,3.940000057220459,3.8900001049041752,910.0,388.0,910.0,388.0,16.090000152587894,45.2599983215332,279.6300048828125,0.0,0.0,0.0041999998502433,0.250900000333786,0.9679999947547911,0.1072999984025955,0.163900002837181,0.9805999994277954,283.7257385253906,0.0,910.0,388.0,884.666666666667,370.333333333333,1000.0,7.19918294340361,-104.190527766501,200.0,200.0,889.666666666667,367.866666666667,121297.0,121397.0,100.0,0.400897485096276,,,,,,,,,,
121.367,3.900000095367432,5.0,863.0,336.0,863.0,336.0,27.60000038146973,57.4099998474121,277.010009765625,0.0,0.0,0.003000000026077,0.2461999952793121,0.9692000150680542,0.0,0.0,0.0,284.2397155761719,0.0,863.0,336.0,898.333333333333,374.333333333333,1000.0,13.8827874250285,334.180224081246,200.0,200.0,889.666666666667,367.866666666667,121297.0,121397.0,100.0,0.400897485096276,,,,,,,,,,
121.387,3.880000114440918,3.9300000667572017,922.0,399.0,922.0,399.0,13.340000152587892,43.79999923706055,286.3399963378906,0.0,0.0,0.00179999996908,0.2422000020742416,0.9702000021934508,0.0908000022172927,0.1555999964475631,0.9836000204086304,289.9775695800781,0.0,922.0,399.0,884.333333333333,359.333333333333,1000.0,13.4617993235872,-21.0494050720668,200.0,200.0,889.666666666667,367.866666666667,121297.0,121397.0,100.0,0.400897485096276,,,,,,,,,,
121.407,3.869999885559082,5.0,868.0,343.0,868.0,343.0,26.81999969482421,56.97000122070313,283.6600036621094,0.0,0.0,0.0006000000284984,0.2400999963283539,0.9707000255584716,0.0,0.0,0.0,290.5647888183594,0.0,868.0,343.0,906.0,381.666666666667,1000.0,42.697159071318005,1461.76798738654,,,,,,,,,435.0,435.0,121397.0,121457.0,60.0,1.5118686860034,42.697159071318005,1461.76798738654,-273.332173477588,30.963756532073496
121.427,3.839999914169312,3.950000047683716,928.0,403.0,928.0,403.0,12.529999732971191,44.61999893188477,300.1700134277344,0.0,0.0,-0.0003000000142492,0.2349999994039535,0.9720000028610228,0.0844999998807907,0.1515000015497207,0.9847999811172484,303.726806640625,0.0,928.0,403.0,909.0,382.333333333333,1000.0,37.23051560176621,-273.332173477588,,,,,,,,,435.0,435.0,121397.0,121457.0,60.0,1.5118686860034,42.697159071318005,1461.76798738654,-273.332173477588,30.963756532073496
121.447,3.819999933242797,3.9700000286102295,931.0,401.0,931.0,401.0,12.420000076293944,47.93999862670898,318.1499938964844,0.0,0.0,-0.001300000003539,0.2322999984025955,0.9726999998092652,0.0807000026106834,0.152999997138977,0.9848999977111816,321.9812316894532,0.0,931.0,401.0,931.0,396.666666666667,1000.0,34.6967012619499,-126.690716990813,,,,,,,,,435.0,435.0,121397.0,121457.0,60.0,1.5118686860034,42.697159071318005,1461.76798738654,-273.332173477588,30.963756532073496
121.467,3.809999942779541,3.990000009536743,934.0,386.0,934.0,386.0,14.050000190734863,63.31999969482422,386.6400146484375,0.0,0.0,-0.001700000022538,0.2296999990940094,0.9732999801635742,0.0759000033140182,0.1642999947071075,0.9835000038146972,392.04248046875,0.0,934.0,386.0,935.0,390.0,1000.0,17.702306487143897,-849.7197387403039,201.0,201.0,939.097222222222,380.263888888889,121457.0,121936.0,479.0,0.402211493503306,,,,,,,,,,
121.487,3.759999990463257,4.010000228881836,940.0,383.0,940.0,383.0,16.75,88.44999694824219,531.6300048828125,0.0,0.0,-0.0085000004619359,0.2092999964952469,0.9778000116348264,0.0731000006198883,0.1713999956846237,0.9825000166893004,539.1979370117189,0.0,940.0,383.0,937.333333333333,384.333333333333,1000.0,7.94578529611393,-487.82605955149694,201.0,201.0,939.097222222222,380.263888888889,121457.0,121936.0,479.0,0.402211493503306,,,,,,,,,,
121.507,3.7899999618530273,4.010000228881836,938.0,384.0,938.0,384.0,15.039999961853027,75.75,457.4299926757813,0.0,0.0,-0.0065999999642372,0.2195000052452087,0.9756000041961668,0.0741000026464462,0.1676999926567077,0.9830999970436096,463.9035034179688,0.0,938.0,384.0,940.0,386.333333333333,1000.0,5.44099101823907,-125.239713893743,201.0,201.0,939.097222222222,380.263888888889,121457.0,121936.0,479.0,0.402211493503306,,,,,,,,,,
121.527,3.759999990463257,4.019999980926514,942.0,392.0,942.0,392.0,16.1200008392334,86.73000335693358,545.2899780273438,0.0,0.0,-0.012699999846518,0.1983000040054321,0.9800999760627744,0.0737999975681305,0.1679999977350235,0.9829999804496764,552.3795166015625,0.0,942.0,392.0,940.0,387.666666666667,1000.0,1.89769309761143,-177.164896031382,201.0,201.0,939.097222222222,380.263888888889,121457.0,121936.0,479.0,0.402211493503306,,,,,,,,,,
121.547,3.7699999809265137,4.03000020980835,940.0,387.0,940.0,387.0,15.399999618530272,80.25,491.23001098632807,0.0,0.0,-0.0097000002861022,0.2116000056266784,0.977299988269806,0.0741999968886375,0.1676999926567077,0.9829999804496764,497.9800415039063,0.0,940.0,387.0,940.666666666667,387.666666666667,1000.0,18.5783253821178,834.031614225318,201.0,201.0,939.097222222222,380.263888888889,121457.0,121936.0,479.0,0.402211493503306,,,,,,,,,,
121.567,3.7799999713897705,4.039999961853027,940.0,384.0,940.0,384.0,14.739999771118164,77.37000274658203,467.239990234375,0.0,0.0,-0.008899999782443,0.2173999994993209,0.9760000109672546,0.0740000009536743,0.168500006198883,0.9829000234603882,473.8318176269531,0.0,940.0,384.0,934.0,374.333333333333,1000.0,20.682835132750498,105.225487531634,201.0,201.0,939.097222222222,380.263888888889,121457.0,121936.0,479.0,0.402211493503306,,,,,,,,,,
121.587,3.7799999713897705,5.0,922.0,352.0,922.0,352.0,21.8799991607666,90.18000030517578,464.6600036621094,0.0,0.0,-0.0093000000342726,0.2188999950885772,0.9757000207901,0.0,0.0,0.0,473.8355102539063,0.0,922.0,352.0,934.333333333333,372.666666666667,1000.0,16.8455190959458,-191.86580184023495,201.0,201.0,939.097222222222,380.263888888889,121457.0,121936.0,479.0,0.402211493503306,,,,,,,,,,
121.607,3.7699999809265137,4.039999961853027,941.0,382.0,941.0,382.0,14.649999618530272,79.98999786376955,477.33999633789057,0.0,0.0,-0.0094999996945261,0.2178000062704086,0.9758999943733216,0.0729999989271164,0.1704999953508377,0.9825999736785888,484.2174072265625,0.0,941.0,382.0,929.0,362.0,1000.0,2.40642302251736,-721.954803671421,201.0,201.0,939.097222222222,380.263888888889,121457.0,121936.0,479.0,0.402211493503306,,,,,,,,,,
121.627,3.7699999809265137,5.0,924.0,352.0,924.0,352.0,21.51000022888184,92.08000183105467,474.8999938964844,0.0,0.0,-0.009800000116229,0.218199998140335,0.9758999943733216,0.0,0.0,0.0,484.2224731445313,0.0,924.0,352.0,935.666666666667,371.333333333333,1000.0,14.493367861122598,604.347241930263,201.0,201.0,939.097222222222,380.263888888889,121457.0,121936.0,479.0,0.402211493503306,,,,,,,,,,
121.646,3.7699999809265137,4.050000190734863,942.0,380.0,942.0,380.0,14.8100004196167,84.19000244140625,496.1799926757813,0.0,0.0,-0.0097000002861022,0.217299997806549,0.9761000275611876,0.0715999975800514,0.1727000027894973,0.9824000000953674,503.48971557617193,0.0,942.0,380.0,936.0,370.666666666667,1000.0,13.9959571670415,-26.179510214795,201.0,201.0,939.097222222222,380.263888888889,121457.0,121936.0,479.0,0.402211493503306,,,,,,,,,,
121.666,3.759999990463257,4.050000190734863,942.0,380.0,942.0,380.0,14.550000190734863,84.23000335693358,496.6600036621094,0.0,0.0,-0.0103000001981854,0.2170999944210052,0.9761000275611876,0.0711999982595443,0.1727000027894973,0.9824000000953674,503.96185302734375,0.0,942.0,380.0,942.0,380.0,1000.0,14.2316312526252,11.7837042791831,201.0,201.0,939.097222222222,380.263888888889,121457.0,121936.0,479.0,0.402211493503306,,,,,,,,,,
121.686,3.7699999809265137,4.050000190734863,942.0,380.0,942.0,380.0,14.170000076293944,80.68000030517578,476.1400146484375,0.0,0.0,-0.0093000000342726,0.2202000021934509,0.9753999710083008,0.0711999982595443,0.1715999990701675,0.9825999736785888,483.13491821289057,0.0,942.0,380.0,941.666666666667,380.333333333333,1000.0,2.28474802857453,-597.344161202532,201.0,201.0,939.097222222222,380.263888888889,121457.0,121936.0,479.0,0.402211493503306,,,,,,,,,,
121.706,3.75,4.039999961853027,941.0,381.0,941.0,381.0,14.539999961853027,81.11000061035155,482.2799987792969,0.0,0.0,-0.0085000004619359,0.2184000015258788,0.9757999777793884,0.0710999965667724,0.1704999953508377,0.982800006866455,489.2691040039063,0.0,941.0,381.0,941.333333333333,381.666666666667,1000.0,3.49557172000632,60.5411845715895,201.0,201.0,939.097222222222,380.263888888889,121457.0,121936.0,479.0,0.402211493503306,,,,,,,,,,
121.726,3.740000009536743,4.03000020980835,941.0,384.0,941.0,384.0,14.449999809265137,79.44000244140625,477.51998901367193,0.0,0.0,-0.0082000000402331,0.2176000028848648,0.9760000109672546,0.0710000023245811,0.1685999929904937,0.9830999970436096,484.29830932617193,0.0,941.0,384.0,941.0,383.0,1000.0,2.96474571257692,-26.541300371470005,201.0,201.0,939.097222222222,380.263888888889,121457.0,121936.0,479.0,0.402211493503306,,,,,,,,,,
121.746,3.7300000190734863,4.03000020980835,941.0,384.0,941.0,384.0,14.399999618530272,79.5199966430664,480.0799865722656,0.0,0.0,-0.0077999997884035,0.2169000059366226,0.976199984550476,0.070200003683567,0.1677999943494796,0.983299970626831,486.8342590332031,0.0,941.0,384.0,941.333333333333,384.0,1000.0,1.8963952335432896,-53.4175239516816,201.0,201.0,939.097222222222,380.263888888889,121457.0,121936.0,479.0,0.402211493503306,,,,,,,,,,
121.766,3.7300000190734863,4.019999980926514,942.0,384.0,942.0,384.0,14.3100004196167,80.55000305175781,486.8999938964844,0.0,0.0,-0.0082999998703598,0.2159000039100647,0.9764000177383424,0.0694999992847442,0.1677999943494796,0.983399987220764,493.7253112792969,0.0,942.0,384.0,941.666666666667,384.333333333333,1000.0,14.031411150129,606.750795829284,201.0,201.0,939.097222222222,380.263888888889,121457.0,121936.0,479.0,0.402211493503306,,,,,,,,,,
121.786,3.7200000286102295,4.019999980926514,942.0,385.0,942.0,385.0,14.399999618530272,80.54000091552734,488.8800048828125,0.0,0.0,-0.0080000003799796,0.2151000052690506,0.9764999747276306,0.069300003349781,0.1670999974012375,0.9835000038146972,495.6790466308594,0.0,942.0,385.0,936.0,374.333333333333,1000.0,14.032873355070002,0.0731102470511225,201.0,201.0,939.097222222222,380.263888888889,121457.0,121936.0,479.0,0.402211493503306,,,,,,,,,,
121.806,3.7100000381469727,5.0,924.0,354.0,924.0,354.0,22.200000762939453,93.16000366210936,486.3800048828125,0.0,0.0,-0.0082000000402331,0.215499997138977,0.9764999747276306,0.0,0.0,0.0,495.71881103515625,0.0,924.0,354.0,936.333333333333,374.666666666667,1000.0,0.952084521773359,-654.039441664831,201.0,201.0,939.097222222222,380.263888888889,121457.0,121936.0,479.0,0.402211493503306,,,,,,,,,,
121.826,3.7100000381469727,4.010000228881836,943.0,385.0,943.0,385.0,14.130000114440918,80.73000335693358,488.3699951171875,0.0,0.0,-0.0082000000402331,0.2158000022172928,0.9764000177383424,0.0685999989509582,0.1675000041723251,0.9835000038146972,495.1991882324218,0.0,943.0,385.0,936.666666666667,374.666666666667,1000.0,15.6408548108595,734.438514454308,201.0,201.0,939.097222222222,380.263888888889,121457.0,121936.0,479.0,0.402211493503306,,,,,,,,,,
121.846,3.7100000381469727,4.010000228881836,943.0,385.0,943.0,385.0,13.979999542236328,80.02999877929686,484.2799987792969,0.0,0.0,-0.0080000003799796,0.216399997472763,0.9763000011444092,0.0683000013232231,0.1671999990940094,0.9836000204086304,491.0472106933594,0.0,943.0,385.0,943.0,385.0,1000.0,15.6412745868252,0.0209887982830281,201.0,201.0,939.097222222222,380.263888888889,121457.0,121936.0,479.0,0.402211493503306,,,,,,,,,,
121.866,3.7100000381469727,4.0,943.0,385.0,943.0,385.0,13.800000190734863,79.5199966430664,481.8299865722656,0.0,0.0,-0.0076999999582767,0.2168000042438507,0.976199984550476,0.0676999986171722,0.1668000072240829,0.9836999773979188,488.5427551269531,0.0,943.0,385.0,943.333333333333,385.0,1000.0,0.955741021789602,-734.276678251779,201.0,201.0,939.097222222222,380.263888888889,121457.0,121936.0,479.0,0.402211493503306,,,,,,,,,,
121.886,3.700000047683716,4.0,944.0,385.0,944.0,385.0,13.699999809265137,80.66000366210938,488.2000122070313,0.0,0.0,-0.0077999997884035,0.2162999957799911,0.9763000011444092,0.0666999965906143,0.1668999940156936,0.9836999773979188,495.008056640625,0.0,944.0,385.0,943.666666666667,384.666666666667,1000.0,1.53379963667996,28.902930744518,201.0,201.0,939.097222222222,380.263888888889,121457.0,121936.0,479.0,0.402211493503306,,,,,,,,,,
121.906,3.700000047683716,4.010000228881836,944.0,384.0,944.0,384.0,13.760000228881836,82.62999725341797,497.010009765625,0.0,0.0,-0.0080000003799796,0.2161000072956084,0.9763000011444092,0.066100001335144,0.1678999960422516,0.9836000204086304,504.0198364257813,0.0,944.0,384.0,944.0,384.0,1000.0,1.53366586144879,-0.0066887615584376,201.0,201.0,939.097222222222,380.263888888889,121457.0,121936.0,479.0,0.402211493503306,,,,,,,,,,
121.926,3.700000047683716,4.010000228881836,944.0,383.0,944.0,383.0,13.630000114440918,83.18000030517578,498.510009765625,0.0,0.0,-0.0081000002101063,0.2166000008583068,0.976199984550476,0.065600000321865,0.1684000045061111,0.9835000038146972,505.5857238769531,0.0,944.0,383.0,944.333333333333,383.666666666667,1000.0,15.4101094759281,693.822180723965,201.0,201.0,939.097222222222,380.263888888889,121457.0,121936.0,479.0,0.402211493503306,,,,,,,,,,
121.946,3.700000047683716,4.019999980926514,945.0,384.0,945.0,384.0,13.329999923706056,81.69000244140625,491.3699951171875,0.0,0.0,-0.0085000004619359,0.2168000042438507,0.976199984550476,0.065600000321865,0.1677999943494796,0.9836000204086304,498.29251098632807,0.0,945.0,384.0,937.666666666667,373.666666666667,1000.0,30.4218790718411,750.5884797956489,,,,,,,,,436.0,436.0,121936.0,122136.0,200.0,20.2648150089789,328.143563751685,7540.96874368837,-4921.25149612014,82.6770197520256
121.966,3.700000047683716,5.0,924.0,354.0,924.0,354.0,22.36000061035157,93.9800033569336,488.9500122070313,0.0,0.0,-0.0078999996185302,0.2159000039100647,0.9764000177383424,0.0,0.0,0.0,498.4017639160156,0.0,924.0,354.0,930.666666666667,364.0,1000.0,45.003195026448495,729.0657977303729,,,,,,,,,436.0,436.0,121936.0,122136.0,200.0,20.2648150089789,328.143563751685,7540.96874368837,-4921.25149612014,82.6770197520256
121.986,3.700000047683716,5.0,923.0,354.0,923.0,354.0,22.59000015258789,94.0199966430664,488.9299926757813,0.0,0.0,-0.0074000000022351,0.2160000056028366,0.9764000177383424,0.0,0.0,0.0,498.4000549316406,0.0,923.0,354.0,942.666666666667,408.666666666667,1000.0,195.822569900216,7540.96874368837,,,,,,,,,436.0,436.0,121936.0,122136.0,200.0,20.2648150089789,328.143563751685,7540.96874368837,-4921.25149612014,82.6770197520256
122.006,3.6400001049041752,3.809999942779541,981.0,518.0,981.0,518.0,-2.0899999141693115,16.579999923706055,339.45001220703125,0.0,0.0,-0.0710000023245811,0.1209999993443489,0.9901000261306762,0.0719000026583671,0.0852999985218048,0.9937999844551086,339.8611145019532,0.0,981.0,518.0,976.0,509.666666666667,1000.0,328.143563751685,6616.049692573431,,,,,,,,,436.0,436.0,121936.0,122136.0,200.0,20.2648150089789,328.143563751685,7540.96874368837,-4921.25149612014,82.6770197520256
122.026,3.7899999618530273,3.880000114440918,1024.0,657.0,1024.0,657.0,-14.93000030517578,-24.07999992370605,328.54998779296875,0.0,0.0,-0.1080000028014183,0.0153999999165534,0.9940000176429749,0.0390999987721443,-0.0215000007301569,0.9990000128746032,329.7694091796875,0.0,1024.0,657.0,1019.66666666667,651.0,1000.0,230.029652544839,-4905.69556034227,,,,,,,,,436.0,436.0,121936.0,122136.0,200.0,20.2648150089789,328.143563751685,7540.96874368837,-4921.25149612014,82.6770197520256
122.046,5.0,3.8599998950958248,1054.0,778.0,1054.0,778.0,-23.81999969482421,-58.25,327.0899963378906,0.0,0.0,0.0,0.0,0.0,0.0193000007420778,-0.0949999988079071,0.995299994945526,333.08905029296875,0.0,1054.0,778.0,940.333333333333,684.333333333333,1000.0,131.604622622437,-4921.25149612014,,,,,,,,,436.0,436.0,121936.0,122136.0,200.0,20.2648150089789,328.143563751685,7540.96874368837,-4921.25149612014,82.6770197520256
122.066,5.0,4.309999942779541,743.0,618.0,743.0,618.0,63.34000015258789,-13.050000190734863,314.32000732421875,0.0,0.0,0.0,0.0,0.0,0.2621000111103057,0.0298999994993209,0.9646000266075134,320.9039001464844,0.0,743.0,618.0,936.666666666667,711.333333333333,1000.0,38.857373140887,-4637.362474077479,,,,,,,,,436.0,436.0,121936.0,122136.0,200.0,20.2648150089789,328.143563751685,7540.96874368837,-4921.25149612014,82.6770197520256
122.086,3.7300000190734863,5.0,1013.0,738.0,1013.0,738.0,-11.829999923706056,-47.2599983215332,328.1099853515625,0.0,0.0,-0.1042999997735023,-0.0663999989628791,0.9922999739646912,0.0,0.0,0.0,331.7071533203125,0.0,1013.0,738.0,922.333333333333,709.0,1000.0,115.695099165789,3841.88630124508,,,,,,,,,436.0,436.0,121936.0,122136.0,200.0,20.2648150089789,328.143563751685,7540.96874368837,-4921.25149612014,82.6770197520256
122.106,3.7100000381469727,4.480000019073486,1011.0,771.0,1011.0,771.0,-11.520000457763672,-56.540000915527344,327.4200134277344,0.0,0.0,-0.1033999994397163,-0.0914999991655349,0.9904000163078308,0.3594000041484833,0.0856000036001205,0.9293000102043154,332.4655456542969,0.0,1011.0,771.0,1011.66666666667,763.333333333333,1000.0,109.690160502857,-300.246933146572,,,,,,,,,436.0,436.0,121936.0,122136.0,200.0,20.2648150089789,328.143563751685,7540.96874368837,-4921.25149612014,82.6770197520256
122.126,3.7100000381469727,5.0,1011.0,781.0,1011.0,781.0,-11.619999885559082,-59.290000915527344,327.1499938964844,0.0,0.0,-0.1036999970674514,-0.0988999977707862,0.9897000193595886,0.0,0.0,0.0,332.6822204589844,0.0,1011.0,781.0,988.0,765.333333333333,1000.0,49.097038549903495,-3029.65609764768,,,,,,,,,436.0,436.0,121936.0,122136.0,200.0,20.2648150089789,328.143563751685,7540.96874368837,-4921.25149612014,82.6770197520256
122.146,3.7100000381469727,4.079999923706056,942.0,744.0,942.0,744.0,8.239999771118164,-48.63999938964844,324.8599853515625,0.0,0.0,-0.1050999984145164,-0.1002999991178512,0.989400029182434,0.1650000065565109,-0.0373000018298626,0.9855999946594238,328.5845031738281,0.0,942.0,744.0,973.0,762.666666666667,1000.0,23.8784687519682,-1260.92848989677,,,,,,,,,,,,,,,,,,
122.166,5.0,3.920000076293945,966.0,763.0,966.0,763.0,1.5299999713897705,-54.08000183105469,325.6700134277344,0.0,0.0,0.0,0.0,0.0,0.0903000012040138,-0.0828000009059905,0.9925000071525572,330.1332092285156,0.0,966.0,763.0,969.333333333333,763.0,1000.0,35.349833422996895,573.568233551435,,,,,,,,,437.0,437.0,122156.0,122216.0,60.0,2.86631417615378,69.4273628088082,1703.87646929057,-1121.85504141017,30.4305123469298
122.186,5.0,3.8599998950958248,1000.0,782.0,1000.0,782.0,-8.359999656677246,-59.5,326.1600036621094,0.0,0.0,0.0,0.0,0.0,0.0627000033855438,-0.0976999998092651,0.9932000041007996,331.64813232421875,0.0,1000.0,782.0,995.666666666667,779.333333333333,1000.0,69.4273628088082,1703.87646929057,,,,,,,,,437.0,437.0,122156.0,122216.0,60.0,2.86631417615378,69.4273628088082,1703.87646929057,-1121.85504141017,30.4305123469298
122.206,5.0,3.839999914169312,1021.0,793.0,1021.0,793.0,-14.359999656677244,-62.459999084472656,326.239990234375,0.0,0.0,0.0,0.0,0.0,0.0460000000894069,-0.1059999987483024,0.9933000206947326,332.4755554199219,0.0,1021.0,793.0,1017.0,791.0,1000.0,46.9902619806049,-1121.85504141017,,,,,,,,,437.0,437.0,122156.0,122216.0,60.0,2.86631417615378,69.4273628088082,1703.87646929057,-1121.85504141017,30.4305123469298
122.226,5.0,3.839999914169312,1030.0,798.0,1030.0,798.0,-17.059999465942386,-63.91999816894531,326.2200012207032,0.0,0.0,0.0,0.0,0.0,0.0384999997913837,-0.1099999994039535,0.9932000041007996,332.8607788085937,0.0,1030.0,798.0,1028.66666666667,797.333333333333,1000.0,24.3357096819898,-1132.72761493075,202.0,202.0,1042.97777777778,814.977777777778,122216.0,122516.0,300.0,0.6686920882760871,,,,,,,,,,
122.246,5.0,3.839999914169312,1035.0,801.0,1035.0,801.0,-18.25,-64.76000213623047,326.17999267578125,0.0,0.0,0.0,0.0,0.0,0.0351999998092651,-0.1124000027775764,0.9929999709129332,333.0470275878906,0.0,1035.0,801.0,1034.0,800.666666666667,1000.0,12.2634257890027,-603.614194649357,202.0,202.0,1042.97777777778,814.977777777778,122216.0,122516.0,300.0,0.6686920882760871,,,,,,,,,,
122.266,5.0,3.839999914169312,1037.0,803.0,1037.0,803.0,-18.979999542236328,-65.19999694824217,326.1600036621094,0.0,0.0,0.0,0.0,0.0,0.0331999994814395,-0.1136000007390976,0.9929999709129332,333.154052734375,0.0,1037.0,803.0,1037.0,802.666666666667,1000.0,5.182223170591,-354.06013092058294,202.0,202.0,1042.97777777778,814.977777777778,122216.0,122516.0,300.0,0.6686920882760871,,,,,,,,,,
122.286,5.0,3.839999914169312,1039.0,804.0,1039.0,804.0,-19.3799991607666,-65.41000366210939,326.1600036621094,0.0,0.0,0.0,0.0,0.0,0.0320999994874,-0.1142000034451484,0.992900013923645,333.2182312011719,0.0,1039.0,804.0,1037.66666666667,802.666666666667,1000.0,2.19245299526821,-149.48850876613997,202.0,202.0,1042.97777777778,814.977777777778,122216.0,122516.0,300.0,0.6686920882760871,,,,,,,,,,
122.306,5.0,3.839999914169312,1037.0,801.0,1037.0,801.0,-19.01000022888184,-64.80999755859375,326.2200012207032,0.0,0.0,0.0,0.0,0.0,0.0331000015139579,-0.1125999987125396,0.9930999875068665,333.138427734375,0.0,1037.0,801.0,1037.66666666667,804.333333333333,1000.0,9.965883518558948,388.671526164537,202.0,202.0,1042.97777777778,814.977777777778,122216.0,122516.0,300.0,0.6686920882760871,,,,,,,,,,
122.326,3.7699999809265137,3.849999904632568,1037.0,808.0,1037.0,808.0,-18.65999984741211,-65.98000335693361,322.989990234375,0.0,0.0,-0.1234999969601631,-0.1243999972939491,0.9844999909400942,0.033900000154972,-0.1111000031232834,0.9932000041007996,330.1879577636719,0.0,1037.0,808.0,1039.33333333333,810.666666666667,1000.0,20.129339898733495,508.1728190087271,202.0,202.0,1042.97777777778,814.977777777778,122216.0,122516.0,300.0,0.6686920882760871,,,,,,,,,,
122.346,3.7899999618530273,3.8900001049041752,1044.0,823.0,1044.0,823.0,-21.090000152587887,-70.93000030517578,326.57000732421875,0.0,0.0,-0.1289000064134597,-0.1343999952077865,0.9825000166893004,0.0271000005304813,-0.1261000037193298,0.991699993610382,334.84893798828125,0.0,1044.0,823.0,1043.0,820.0,1000.0,21.5550991358471,71.28796185568301,202.0,202.0,1042.97777777778,814.977777777778,122216.0,122516.0,300.0,0.6686920882760871,,,,,,,,,,
122.366,3.799999952316284,3.900000095367432,1048.0,829.0,1048.0,829.0,-22.540000915527344,-73.73999786376955,331.5400085449219,0.0,0.0,-0.1310999989509582,-0.138600006699562,0.981599986553192,0.0229000002145767,-0.1334999948740005,0.9908000230789183,340.3886108398437,0.0,1048.0,829.0,1046.33333333333,827.0,1000.0,12.8192932421162,-436.790294686547,202.0,202.0,1042.97777777778,814.977777777778,122216.0,122516.0,300.0,0.6686920882760871,,,,,,,,,,
122.386,3.799999952316284,3.880000114440918,1047.0,829.0,1047.0,829.0,-21.1200008392334,-70.29000091552734,315.95001220703125,0.0,0.0,-0.1321000009775161,-0.1413999944925308,0.981100022792816,0.0271000005304813,-0.1233000010251998,0.9919999837875366,324.3626708984375,0.0,1047.0,829.0,1048.0,829.333333333333,1000.0,3.51710547074718,-465.109388568452,202.0,202.0,1042.97777777778,814.977777777778,122216.0,122516.0,300.0,0.6686920882760871,,,,,,,,,,
122.406,3.7899999618530273,3.910000085830689,1049.0,830.0,1049.0,830.0,-22.489999771118164,-73.48000335693358,328.5799865722656,0.0,0.0,-0.1315000057220459,-0.1430000066757202,0.98089998960495,0.0228000003844499,-0.1298999935388565,0.9912999868392944,337.4461975097656,0.0,1049.0,830.0,1049.0,828.0,1000.0,4.4062855974072095,44.4590063330015,202.0,202.0,1042.97777777778,814.977777777778,122216.0,122516.0,300.0,0.6686920882760871,,,,,,,,,,
122.426,5.0,3.9300000667572017,1051.0,825.0,1051.0,825.0,-23.18000030517578,-72.04000091552734,328.739990234375,0.0,0.0,0.0,0.0,0.0,0.0215000007301569,-0.1318999975919723,0.99099999666214,337.33819580078125,0.0,1051.0,825.0,1050.66666666667,827.0,1000.0,4.99242647345189,29.307043802234,202.0,202.0,1042.97777777778,814.977777777778,122216.0,122516.0,300.0,0.6686920882760871,,,,,,,,,,
122.446,5.0,3.9300000667572017,1052.0,826.0,1052.0,826.0,-23.309999465942383,-72.25,328.69000244140625,0.0,0.0,0.0,0.0,0.0,0.0210999995470047,-0.1325999945402145,0.9908999800682068,337.3433532714844,0.0,1052.0,826.0,1052.0,825.333333333333,1000.0,6.06734083008156,53.74571783148371,202.0,202.0,1042.97777777778,814.977777777778,122216.0,122516.0,300.0,0.6686920882760871,,,,,,,,,,
122.466,5.0,3.9300000667572017,1053.0,825.0,1053.0,825.0,-23.59000015258789,-71.97000122070312,328.739990234375,0.0,0.0,0.0,0.0,0.0,0.0204000007361173,-0.1317999958992004,0.991100013256073,337.3516845703125,0.0,1053.0,825.0,1050.33333333333,822.0,1000.0,11.9268841665358,292.977166822712,202.0,202.0,1042.97777777778,814.977777777778,122216.0,122516.0,300.0,0.6686920882760871,,,,,,,,,,
122.486,5.0,3.920000076293945,1046.0,815.0,1046.0,815.0,-21.780000686645508,-69.12999725341797,329.1499938964844,0.0,0.0,0.0,0.0,0.0,0.0252999998629093,-0.1238999962806701,0.9919999837875366,337.0356750488281,0.0,1046.0,815.0,1047.33333333333,816.666666666667,1000.0,15.6323781727702,185.274700311722,202.0,202.0,1042.97777777778,814.977777777778,122216.0,122516.0,300.0,0.6686920882760871,,,,,,,,,,
122.506,5.0,3.920000076293945,1043.0,810.0,1043.0,810.0,-20.96999931335449,-68.0199966430664,329.2900085449219,0.0,0.0,0.0,0.0,0.0,0.0275999996811151,-0.1208000034093856,0.9922999739646912,336.8951721191406,0.0,1043.0,810.0,1043.66666666667,811.0,1000.0,15.461259149102302,-8.55595118339467,202.0,202.0,1042.97777777778,814.977777777778,122216.0,122516.0,300.0,0.6686920882760871,,,,,,,,,,
122.526,5.0,3.920000076293945,1042.0,808.0,1042.0,808.0,-20.590000152587887,-67.41000366210939,329.3599853515625,0.0,0.0,0.0,0.0,0.0,0.0285999998450279,-0.1190999969840049,0.9925000071525572,336.81756591796875,0.0,1042.0,808.0,1041.0,805.666666666667,1000.0,82.9680886979978,3375.3414774447697,,,,,,,,,438.0,438.0,122516.0,122676.0,160.0,15.3641386770174,189.39033702340905,3975.26330186194,-2640.29229631452,248.686455557695
122.546,3.7699999809265137,3.920000076293945,1038.0,799.0,1038.0,799.0,-22.61000061035157,-75.55000305175781,383.70999145507807,0.0,0.0,-0.1155000030994415,-0.1234000027179718,0.9855999946594238,0.0199999995529651,-0.124099999666214,0.9921000003814696,391.72998046875,0.0,1038.0,799.0,997.0,763.0,1000.0,162.473354735237,3975.26330186194,,,,,,,,,438.0,438.0,122516.0,122676.0,160.0,15.3641386770174,189.39033702340905,3975.26330186194,-2640.29229631452,248.686455557695
122.566,3.799999952316284,4.03000020980835,911.0,682.0,911.0,682.0,20.270000457763672,-36.4900016784668,381.26998901367193,0.0,0.0,-0.1097000017762184,-0.0820000022649765,0.9905999898910522,0.2178000062704086,0.0185000002384185,0.9757999777793884,383.5481872558594,0.0,911.0,682.0,951.333333333333,712.0,1000.0,189.39033702340905,1345.84911440861,,,,,,,,,438.0,438.0,122516.0,122676.0,160.0,15.3641386770174,189.39033702340905,3975.26330186194,-2640.29229631452,248.686455557695
122.586,3.799999952316284,3.7799999713897705,905.0,655.0,905.0,655.0,11.270000457763672,-13.829999923706056,189.8500061035156,0.0,0.0,-0.0649000033736229,0.0208999998867511,0.9976999759674072,0.1836999952793121,0.0566999986767768,0.9812999963760376,190.6864013671875,0.0,905.0,655.0,912.666666666667,640.333333333333,1000.0,139.754773907956,-2481.77815577264,,,,,,,,,438.0,438.0,122516.0,122676.0,160.0,15.3641386770174,189.39033702340905,3975.26330186194,-2640.29229631452,248.686455557695
122.606,3.690000057220459,3.900000095367432,922.0,584.0,922.0,584.0,12.600000381469728,-2.8299999237060547,278.0199890136719,0.0,0.0,-0.0441000014543533,0.0566000007092952,0.9973999857902528,0.1368999928236007,0.065700002014637,0.9883999824523924,278.3197631835937,0.0,922.0,584.0,925.666666666667,606.0,1000.0,86.9489279816657,-2640.29229631452,,,,,,,,,438.0,438.0,122516.0,122676.0,160.0,15.3641386770174,189.39033702340905,3975.26330186194,-2640.29229631452,248.686455557695
122.626,5.0,3.9700000286102295,950.0,579.0,950.0,579.0,5.760000228881836,-1.3899999856948853,278.3699951171875,0.0,0.0,0.0,0.0,0.0,0.1150999963283538,0.0649999976158142,0.9911999702453612,278.4330444335937,0.0,950.0,579.0,944.666666666667,581.0,1000.0,81.3907875464908,-277.907021758745,,,,,,,,,438.0,438.0,122516.0,122676.0,160.0,15.3641386770174,189.39033702340905,3975.26330186194,-2640.29229631452,248.686455557695
122.646,5.0,3.9800000190734863,962.0,580.0,962.0,580.0,2.690000057220459,-1.7799999713897705,278.5799865722656,0.0,0.0,0.0,0.0,0.0,0.1053000018000602,0.0631999969482421,0.9923999905586242,278.5986633300781,0.0,962.0,580.0,938.0,544.333333333333,1000.0,70.4173913712988,-548.6698087596,,,,,,,,,438.0,438.0,122516.0,122676.0,160.0,15.3641386770174,189.39033702340905,3975.26330186194,-2640.29229631452,248.686455557695
122.666,3.829999923706055,5.0,902.0,474.0,902.0,474.0,17.590000152587894,23.809999465942383,275.1400146484375,0.0,0.0,-0.0283000003546476,0.1450999975204467,0.9890000224113464,0.0,0.0,0.0,276.7279357910156,0.0,902.0,474.0,932.666666666667,528.0,1000.0,46.3917988250504,-1201.27962731242,,,,,,,,,438.0,438.0,122516.0,122676.0,160.0,15.3641386770174,189.39033702340905,3975.26330186194,-2640.29229631452,248.686455557695
122.686,3.799999952316284,3.990000009536743,934.0,530.0,934.0,530.0,10.6899995803833,11.399999618530272,302.2799987792969,0.0,0.0,-0.0258000008761882,0.1336999982595443,0.9907000064849852,0.100100003182888,0.0610000006854534,0.9930999875068665,302.6837158203125,0.0,934.0,530.0,923.333333333333,511.666666666667,1000.0,5.21926788273417,-2058.6265471158104,,,,,,,,,,,,,,,,,,
122.706,3.7899999618530273,4.0,934.0,531.0,934.0,531.0,10.640000343322754,11.159999847412108,306.3099975585937,0.0,0.0,-0.0252000000327825,0.1316999942064285,0.99099999666214,0.098300002515316,0.0592000000178813,0.993399977684021,306.6978454589844,0.0,934.0,531.0,934.333333333333,531.666666666667,1000.0,37.1170635328232,1594.88978250445,,,,,,,,,439.0,439.0,122696.0,122716.0,20.0,,37.1170635328232,1594.88978250445,,
122.726,3.7699999809265137,4.010000228881836,935.0,534.0,935.0,534.0,10.619999885559082,10.770000457763672,314.6000061035156,0.0,0.0,-0.0272000003606081,0.1261000037193298,0.9915999770164488,0.0983999967575073,0.0581000000238418,0.993499994277954,314.96337890625,0.0,935.0,534.0,937.333333333333,536.666666666667,1000.0,7.085887722420501,-1501.55879052013,,,,,,,,,,,,,,,,,,
122.746,3.7200000286102295,4.010000228881836,943.0,545.0,943.0,545.0,8.640000343322756,7.860000133514403,316.94000244140625,0.0,0.0,-0.0346999987959861,0.1155000030994415,0.9926999807357788,0.0942000001668929,0.0507000014185905,0.9943000078201294,317.1551513671875,0.0,943.0,545.0,937.666666666667,527.333333333333,1000.0,30.670235828790695,1179.21740531851,,,,,,,,,440.0,440.0,122736.0,122796.0,60.0,1.7316328725538,43.249278497717,1179.21740531851,-501.215551846802,266.56636963755
122.766,3.9300000667572017,4.03000020980835,935.0,503.0,935.0,503.0,10.859999656677246,19.38999938964844,315.2300109863281,0.0,0.0,-0.0114000001922249,0.1925999969244003,0.9811999797821044,0.0841000005602836,0.0377000011503696,0.9957000017166135,316.012451171875,0.0,935.0,503.0,937.333333333333,513.0,1000.0,43.249278497717,628.9521334463141,,,,,,,,,440.0,440.0,122736.0,122796.0,60.0,1.7316328725538,43.249278497717,1179.21740531851,-501.215551846802,266.56636963755
122.786,3.9700000286102295,4.050000190734863,934.0,491.0,934.0,491.0,10.979999542236328,22.71999931335449,314.0599975585937,0.0,0.0,-0.003000000026077,0.2175000011920929,0.9760000109672546,0.0763999968767166,0.0313999988138675,0.9965999722480772,315.0721130371094,0.0,934.0,491.0,935.666666666667,494.0,1000.0,33.224967460780896,-501.215551846802,,,,,,,,,440.0,440.0,122736.0,122796.0,60.0,1.7316328725538,43.249278497717,1179.21740531851,-501.215551846802,266.56636963755
122.806,3.990000009536743,4.059999942779541,938.0,488.0,938.0,488.0,10.090000152587892,23.309999465942383,313.07000732421875,0.0,0.0,0.0,0.2269999980926513,0.973900020122528,0.0684999972581863,0.025399999693036,0.9973000288009644,314.09869384765625,0.0,938.0,488.0,937.333333333333,487.333333333333,1000.0,10.0109105747355,-1160.7028443022698,,,,,,,,,,,,,,,,,,
122.826,3.9700000286102295,4.070000171661377,940.0,483.0,940.0,483.0,9.350000381469728,24.70000076293945,312.20001220703125,0.0,0.0,0.0007999999797903,0.226500004529953,0.9739999771118164,0.0636000037193298,0.0340999998152256,0.9973999857902528,313.3150939941406,0.0,940.0,483.0,943.333333333333,495.0,1000.0,16.190212398313697,308.965091178911,,,,,,,,,,,,,,,,,,
122.846,3.839999914169312,4.079999923706056,952.0,514.0,952.0,514.0,6.110000133514404,16.239999771118164,313.2799987792969,0.0,0.0,-0.0148000000044703,0.1791000068187713,0.9836999773979188,0.0606999993324279,0.0337000004947185,0.9976000189781188,313.7601318359375,0.0,952.0,514.0,946.666666666667,495.666666666667,1000.0,54.5425912574774,1917.61894295818,,,,,,,,,441.0,441.0,122836.0,122996.0,160.0,0.426944538602476,115.751420717821,3526.4647694170503,-3922.19582257779,21.370622269343
122.866,3.900000095367432,4.110000133514404,948.0,490.0,948.0,490.0,7.230000019073486,22.84000015258789,312.239990234375,0.0,0.0,-0.0051000001840293,0.2075999975204468,0.9782000184059144,0.0575000010430812,0.0425999984145164,0.9973999857902528,313.15771484375,0.0,948.0,490.0,926.333333333333,456.333333333333,1000.0,72.2393001808783,884.835446170045,,,,,,,,,441.0,441.0,122836.0,122996.0,160.0,0.426944538602476,115.751420717821,3526.4647694170503,-3922.19582257779,21.370622269343
122.886,3.9300000667572017,5.0,879.0,365.0,879.0,365.0,26.03000068664551,55.9000015258789,306.9599914550781,0.0,0.0,-0.0013999999500811,0.2206999957561492,0.9753000140190125,0.0,0.0,0.0,313.09234619140625,0.0,879.0,365.0,924.333333333333,444.333333333333,1000.0,39.9138732753866,-1616.2713452745902,,,,,,,,,441.0,441.0,122836.0,122996.0,160.0,0.426944538602476,115.751420717821,3526.4647694170503,-3922.19582257779,21.370622269343
122.906,3.9300000667572017,4.110000133514404,946.0,478.0,946.0,478.0,7.730000019073486,25.940000534057614,311.3900146484375,0.0,0.0,0.0003999999898951,0.2242999970912933,0.9745000004768372,0.0549000017344951,0.0436999984085559,0.9975000023841858,312.5641784667969,0.0,946.0,478.0,947.0,479.333333333333,1000.0,110.443168663728,3526.4647694170503,,,,,,,,,441.0,441.0,122836.0,122996.0,160.0,0.426944538602476,115.751420717821,3526.4647694170503,-3922.19582257779,21.370622269343
122.926,5.0,4.110000133514404,1016.0,595.0,1016.0,595.0,-11.9399995803833,-6.010000228881836,315.79998779296875,0.0,0.0,0.0,0.0,0.0,0.052700001746416,0.0423999987542629,0.9976999759674072,316.0827941894532,0.0,1016.0,595.0,969.333333333333,517.0,1000.0,115.751420717821,265.41260270468,,,,,,,,,441.0,441.0,122836.0,122996.0,160.0,0.426944538602476,115.751420717821,3526.4647694170503,-3922.19582257779,21.370622269343
122.946,3.900000095367432,4.110000133514404,946.0,478.0,946.0,478.0,7.6599998474121085,25.85000038146973,311.0199890136719,0.0,0.0,0.0041000000201165,0.2249000072479248,0.974399983882904,0.050900001078844,0.0428999997675418,0.9977999925613404,312.1863708496094,0.0,946.0,478.0,994.0,555.333333333333,1000.0,37.3075042662654,-3922.19582257779,,,,,,,,,441.0,441.0,122836.0,122996.0,160.0,0.426944538602476,115.751420717821,3526.4647694170503,-3922.19582257779,21.370622269343
122.966,5.0,4.090000152587891,1020.0,593.0,1020.0,593.0,-13.06999969482422,-5.28000020980835,315.4700012207032,0.0,0.0,0.0,0.0,0.0,0.049600001424551,0.0443999990820884,0.9977999925613404,315.7847900390625,0.0,1020.0,593.0,952.0,494.0,1000.0,89.6358975317113,2616.4196632722897,,,,,,,,,441.0,441.0,122836.0,122996.0,160.0,0.426944538602476,115.751420717821,3526.4647694170503,-3922.19582257779,21.370622269343
122.986,3.809999942779541,5.0,890.0,411.0,890.0,411.0,23.21999931335449,43.86000061035156,308.5899963378906,0.0,0.0,-0.0097000002861022,0.1867000013589859,0.9824000000953674,0.0,0.0,0.0,312.5550537109375,0.0,890.0,411.0,954.333333333333,498.666666666667,1000.0,47.8221097361155,-2090.689389779789,,,,,,,,,441.0,441.0,122836.0,122996.0,160.0,0.426944538602476,115.751420717821,3526.4647694170503,-3922.19582257779,21.370622269343
123.006,3.819999933242797,4.079999923706056,953.0,492.0,953.0,492.0,5.860000133514404,22.11000061035157,311.5299987792969,0.0,0.0,-0.0046999999321997,0.198400005698204,0.9800999760627744,0.049600001424551,0.0480000004172325,0.9976000189781188,312.3685913085937,0.0,953.0,492.0,930.333333333333,464.0,1000.0,14.0856592764629,-1686.82252298263,,,,,,,,,,,,,,,,,,
123.026,3.799999952316284,4.059999942779541,948.0,489.0,948.0,489.0,7.079999923706056,22.86000061035157,311.3099975585937,0.0,0.0,0.003000000026077,0.2102999985218048,0.9775999784469604,0.0487999990582466,0.0408000014722347,0.9980000257492064,312.2284851074219,0.0,948.0,489.0,949.333333333333,489.0,1000.0,25.7167216565065,581.553119002183,,,,,,,,,,,,,,,,,,
123.046,3.7899999618530273,4.050000190734863,947.0,486.0,947.0,486.0,7.460000038146973,23.75,310.9599914550781,0.0,0.0,0.0062000001780688,0.2167000025510788,0.976199984550476,0.047699999064207,0.0399000011384487,0.9980999827384948,311.9548645019532,0.0,947.0,486.0,919.333333333333,447.333333333333,1000.0,125.890306689749,5008.67925166211,,,,,,,,,442.0,442.0,123036.0,123076.0,40.0,2.41605309622996,125.890306689749,5008.67925166211,-3085.5357102118605,236.08256946303
123.066,3.740000009536743,5.0,863.0,367.0,863.0,367.0,30.25,55.09000015258789,306.07000732421875,0.0,0.0,0.0104000000283122,0.2198999971151352,0.975499987602234,0.0,0.0,0.0,312.45611572265625,0.0,863.0,367.0,893.333333333333,408.666666666667,1000.0,64.1795924855116,-3085.5357102118605,,,,,,,,,442.0,442.0,123036.0,123076.0,40.0,2.41605309622996,125.890306689749,5008.67925166211,-3085.5357102118605,236.08256946303
123.086,3.7699999809265137,5.0,870.0,373.0,870.0,373.0,28.38999938964844,53.52000045776367,306.260009765625,0.0,0.0,0.0052000000141561,0.2151000052690506,0.9765999913215636,0.0,0.0,0.0,312.1947631835937,0.0,870.0,373.0,888.666666666667,407.666666666667,1000.0,1.27635918100069,-3145.1616652255498,,,,,,,,,,,,,,,,,,
123.106,3.7799999713897705,3.9700000286102295,933.0,483.0,933.0,483.0,11.239999771118164,24.56999969482421,310.4800109863281,0.0,0.0,0.003400000045076,0.2152000069618224,0.9765999913215636,0.0723000019788742,0.0465000011026859,0.9962999820709229,311.6534118652344,0.0,933.0,483.0,893.333333333333,409.666666666667,1000.0,64.9799425178422,3185.1791668420697,,,,,,,,,443.0,443.0,123096.0,123116.0,20.0,,64.9799425178422,3185.1791668420697,,
123.126,3.7899999618530273,5.0,877.0,373.0,877.0,373.0,26.56999969482421,53.36000061035156,305.7099914550781,0.0,0.0,0.0,0.214599996805191,0.9767000079154968,0.0,0.0,0.0,311.4672546386719,0.0,877.0,373.0,917.666666666667,449.333333333333,1000.0,9.18886826198637,-2789.55371279279,,,,,,,,,,,,,,,,,,
123.146,3.799999952316284,3.9600000381469727,943.0,492.0,943.0,492.0,8.649999618530273,22.1200008392334,310.44000244140625,0.0,0.0,-0.001300000003539,0.2093999981880188,0.9778000116348264,0.0623000003397464,0.0381000004708766,0.9973000288009644,311.3472595214844,0.0,943.0,492.0,900.0,412.333333333333,1000.0,51.548619327242605,2117.9875532628103,,,,,,,,,444.0,444.0,123136.0,123196.0,60.0,2.2114594164323904,54.1203529804873,2117.9875532628103,-135.929908372793,248.448062577958
123.166,3.869999885559082,5.0,880.0,372.0,880.0,372.0,25.71999931335449,53.70000076293945,305.3800048828125,0.0,0.0,-0.002199999988079,0.2151000052690506,0.9765999913215636,0.0,0.0,0.0,311.13043212890625,0.0,880.0,372.0,902.666666666667,412.0,1000.0,54.1203529804873,128.586682662235,,,,,,,,,444.0,444.0,123136.0,123196.0,60.0,2.2114594164323904,54.1203529804873,2117.9875532628103,-135.929908372793,248.448062577958
123.186,3.940000057220459,5.0,885.0,372.0,885.0,372.0,24.270000457763672,53.77999877929688,305.2900085449219,0.0,0.0,-0.0063000000081956,0.2152000069618224,0.9765999913215636,0.0,0.0,0.0,310.9393920898437,0.0,885.0,372.0,884.333333333333,372.666666666667,1000.0,51.4017548130314,-135.929908372793,,,,,,,,,444.0,444.0,123136.0,123196.0,60.0,2.2114594164323904,54.1203529804873,2117.9875532628103,-135.929908372793,248.448062577958
123.206,3.9600000381469727,5.0,888.0,374.0,888.0,374.0,23.6299991607666,53.16999816894531,305.3800048828125,0.0,0.0,-0.0081000002101063,0.2134000062942505,0.9768999814987182,0.0,0.0,0.0,310.8735656738281,0.0,888.0,374.0,887.0,374.666666666667,1000.0,7.83406842241602,-2178.38431953077,203.0,203.0,888.952380952381,378.4761904761911,123196.0,123335.0,139.0,0.106675873770954,,,,,,,,,,
123.226,3.9600000381469727,5.0,888.0,378.0,888.0,378.0,23.40999984741211,52.06999969482422,305.5799865722656,0.0,0.0,-0.0087000001221895,0.2100999951362609,0.9775999784469604,0.0,0.0,0.0,310.86724853515625,0.0,888.0,378.0,888.0,377.666666666667,1000.0,5.72961758086148,-105.222542077727,203.0,203.0,888.952380952381,378.4761904761911,123196.0,123335.0,139.0,0.106675873770954,,,,,,,,,,
123.246,3.9700000286102295,5.0,888.0,381.0,888.0,381.0,23.54999923706055,51.31999969482422,305.7200012207032,0.0,0.0,-0.0082999998703598,0.2079000025987624,0.9781000018119812,0.0,0.0,0.0,310.8907470703125,0.0,888.0,381.0,888.333333333334,379.0,1000.0,2.45763195269458,-163.599281408345,203.0,203.0,888.952380952381,378.4761904761911,123196.0,123335.0,139.0,0.106675873770954,,,,,,,,,,
123.266,4.0,5.0,889.0,378.0,889.0,378.0,23.18000030517578,52.09999847412109,305.5400085449219,0.0,0.0,-0.0093000000342726,0.2100999951362609,0.9775999784469604,0.0,0.0,0.0,310.81573486328125,0.0,889.0,378.0,889.0,379.333333333333,1000.0,1.74732977653365,-35.5151088080468,203.0,203.0,888.952380952381,378.4761904761911,123196.0,123335.0,139.0,0.106675873770954,,,,,,,,,,
123.285,4.010000228881836,5.0,890.0,379.0,890.0,379.0,22.96999931335449,51.95000076293945,305.54998779296875,0.0,0.0,-0.0098999999463558,0.2097000032663345,0.9776999950408936,0.0,0.0,0.0,310.78485107421875,0.0,890.0,379.0,889.666666666667,379.0,1000.0,1.79665951066192,2.59630179622486,203.0,203.0,888.952380952381,378.4761904761911,123196.0,123335.0,139.0,0.106675873770954,,,,,,,,,,
123.305,4.03000020980835,5.0,890.0,380.0,890.0,380.0,22.85000038146973,51.56000137329102,305.6099853515625,0.0,0.0,-0.0102000003680586,0.2084999978542328,0.977999985218048,0.0,0.0,0.0,310.7700500488281,0.0,890.0,380.0,890.333333333333,379.666666666667,1000.0,1.5206337297108603,-13.8012890475529,203.0,203.0,888.952380952381,378.4761904761911,123196.0,123335.0,139.0,0.106675873770954,,,,,,,,,,
123.325,4.050000190734863,5.0,891.0,380.0,891.0,380.0,22.76000022888184,51.47000122070313,305.5799865722656,0.0,0.0,-0.0104000000283122,0.208199992775917,0.977999985218048,0.0,0.0,0.0,310.7190246582032,0.0,891.0,380.0,890.333333333333,380.0,1000.0,4.6490876505941,156.422696044162,203.0,203.0,888.952380952381,378.4761904761911,123196.0,123335.0,139.0,0.106675873770954,,,,,,,,,,
123.345,4.059999942779541,5.0,890.0,380.0,890.0,380.0,22.82999992370605,51.59000015258789,305.5400085449219,0.0,0.0,-0.0102000003680586,0.2084999978542328,0.977999985218048,0.0,0.0,0.0,310.7047424316406,0.0,890.0,380.0,890.333333333333,383.333333333333,1000.0,69.4625440511392,3240.67282002726,,,,,,,,,445.0,445.0,123335.0,123455.0,120.0,11.5378527091126,168.006041516278,3693.46782954848,-3562.75694484586,54.173906382386704
123.365,4.0,5.0,890.0,390.0,890.0,390.0,22.940000534057614,48.9900016784668,306.25,0.0,0.0,-0.0098999999463558,0.2014999985694885,0.9793999791145324,0.0,0.0,0.0,310.9908752441406,0.0,890.0,390.0,924.666666666667,422.333333333333,1000.0,143.331900642109,3693.46782954848,,,,,,,,,445.0,445.0,123335.0,123455.0,120.0,11.5378527091126,168.006041516278,3693.46782954848,-3562.75694484586,54.173906382386704
123.385,4.03000020980835,4.239999771118164,994.0,497.0,994.0,497.0,-5.110000133514404,20.040000915527344,297.1600036621094,0.0,0.0,-0.0938000008463859,0.1238999962806701,0.9879000186920166,0.0769999995827674,0.1238999962806701,0.9893000125885008,297.8788146972656,0.0,994.0,497.0,959.333333333333,471.333333333333,1000.0,168.006041516278,1233.70704370845,,,,,,,,,445.0,445.0,123335.0,123455.0,120.0,11.5378527091126,168.006041516278,3693.46782954848,-3562.75694484586,54.173906382386704
123.405,4.0,5.0,994.0,527.0,994.0,527.0,-5.300000190734863,12.229999542236328,298.239990234375,0.0,0.0,-0.0942000001668929,0.100100003182888,0.9904999732971193,0.0,0.0,0.0,298.5376892089844,0.0,994.0,527.0,1005.0,524.666666666667,1000.0,126.624618783594,-2069.07113663418,,,,,,,,,445.0,445.0,123335.0,123455.0,120.0,11.5378527091126,168.006041516278,3693.46782954848,-3562.75694484586,54.173906382386704
123.425,4.010000228881836,4.239999771118164,1027.0,550.0,1027.0,550.0,-12.770000457763672,5.860000133514404,274.07000732421875,0.0,0.0,-0.124899998307228,0.0810000002384185,0.9889000058174132,0.0582000017166137,0.0958999991416931,0.9937000274658204,274.4299011230469,0.0,1027.0,550.0,1018.33333333333,549.333333333333,1000.0,55.369479886676906,-3562.75694484586,,,,,,,,,445.0,445.0,123335.0,123455.0,120.0,11.5378527091126,168.006041516278,3693.46782954848,-3562.75694484586,54.173906382386704
123.445,4.019999980926514,4.1599998474121085,1034.0,571.0,1034.0,571.0,-13.489999771118164,0.740000009536743,251.42999267578125,0.0,0.0,-0.1371999979019165,0.0703999996185302,0.9879999756813048,0.0606999993324279,0.0856000036001205,0.9944999814033508,251.792724609375,0.0,1034.0,571.0,1021.0,564.333333333333,1000.0,31.2945640896757,-1203.74578985006,,,,,,,,,445.0,445.0,123335.0,123455.0,120.0,11.5378527091126,168.006041516278,3693.46782954848,-3562.75694484586,54.173906382386704
123.465,3.9800000190734863,5.0,1002.0,572.0,1002.0,572.0,-6.480000019073486,0.4000000059604645,252.5800018310547,0.0,0.0,-0.1133000031113624,0.0753000006079673,0.9907000064849852,0.0,0.0,0.0,252.66342163085935,0.0,1002.0,572.0,1021.33333333333,573.333333333333,1000.0,18.1520696109727,-657.124723935149,204.0,204.0,1021.77777777778,577.222222222222,123455.0,123515.0,60.0,0.147808702885113,,,,,,,,,,
123.485,4.019999980926514,4.110000133514404,1028.0,577.0,1028.0,577.0,-11.960000038146973,-0.7699999809265136,249.0,0.0,0.0,-0.1334999948740005,0.0689999982714653,0.988600015640259,0.06700000166893,0.0784000009298324,0.994700014591217,249.2882537841797,0.0,1028.0,577.0,1022.0,578.333333333333,1000.0,8.661677911031969,-474.519584997037,204.0,204.0,1021.77777777778,577.222222222222,123455.0,123515.0,60.0,0.147808702885113,,,,,,,,,,
123.505,4.03000020980835,5.0,1036.0,586.0,1036.0,586.0,-13.789999961853027,-2.680000066757202,248.82000732421875,0.0,0.0,-0.1401000022888183,0.0649000033736229,0.9879999756813048,0.0,0.0,0.0,249.2162475585937,0.0,1036.0,586.0,1022.0,580.0,1000.0,14.2228196801261,278.057088454706,204.0,204.0,1021.77777777778,577.222222222222,123455.0,123515.0,60.0,0.147808702885113,,,,,,,,,,
123.525,3.990000009536743,5.0,1002.0,577.0,1002.0,577.0,-6.360000133514404,-0.6800000071525574,249.8699951171875,0.0,0.0,-0.1140000000596046,0.0723000019788742,0.9908000230789183,0.0,0.0,0.0,249.9518585205078,0.0,1002.0,577.0,1011.0,578.666666666667,1000.0,34.4013304086964,1008.92553642852,,,,,,,,,446.0,446.0,123515.0,123535.0,20.0,,34.4013304086964,1008.92553642852,,
123.545,3.9800000190734863,5.0,995.0,573.0,995.0,573.0,-4.789999961853027,0.050000000745058,250.07000732421875,0.0,0.0,-0.1084999963641166,0.0750000029802322,0.9912999868392944,0.0,0.0,0.0,250.11587524414065,0.0,995.0,573.0,996.0,574.333333333333,1000.0,26.5978226085364,-390.175390008,205.0,205.0,985.060606060606,569.69696969697,123535.0,123755.0,220.0,0.315860051577056,,,,,,,,,,
123.565,3.9700000286102295,5.0,991.0,573.0,991.0,573.0,-3.950000047683716,0.1700000017881393,250.22000122070315,0.0,0.0,-0.1055999994277954,0.0755999982357025,0.9915000200271606,0.0,0.0,0.0,250.2512359619141,0.0,991.0,573.0,991.333333333333,572.666666666667,1000.0,9.839683313469278,-837.906964753356,205.0,205.0,985.060606060606,569.69696969697,123535.0,123755.0,220.0,0.315860051577056,,,,,,,,,,
123.585,3.9700000286102295,5.0,988.0,572.0,988.0,572.0,-3.150000095367432,0.2700000107288361,250.3600006103516,0.0,0.0,-0.1028999984264373,0.0759999975562095,0.9918000102043154,0.0,0.0,0.0,250.37995910644528,0.0,988.0,572.0,988.666666666667,572.333333333333,1000.0,6.531912994307031,-165.38851595811198,205.0,205.0,985.060606060606,569.69696969697,123535.0,123755.0,220.0,0.315860051577056,,,,,,,,,,
123.605,3.9600000381469727,5.0,987.0,572.0,987.0,572.0,-3.0199999809265137,0.2899999916553497,250.42999267578125,0.0,0.0,-0.1023999974131584,0.0762000009417533,0.9918000102043154,0.0,0.0,0.0,250.4483795166016,0.0,987.0,572.0,986.333333333333,572.0,1000.0,10.6797912831007,207.393914439684,205.0,205.0,985.060606060606,569.69696969697,123535.0,123755.0,220.0,0.315860051577056,,,,,,,,,,
123.625,3.9600000381469727,5.0,984.0,572.0,984.0,572.0,-2.440000057220459,0.3799999952316284,250.5500030517578,0.0,0.0,-0.1004000008106231,0.0766000002622604,0.9919999837875366,0.0,0.0,0.0,250.56216430664065,0.0,984.0,572.0,980.666666666667,570.333333333333,1000.0,8.64690777878703,-101.644175215684,205.0,205.0,985.060606060606,569.69696969697,123535.0,123755.0,220.0,0.315860051577056,,,,,,,,,,
123.645,3.950000047683716,5.0,971.0,567.0,971.0,567.0,0.5899999737739563,1.4800000190734863,250.8000030517578,0.0,0.0,-0.0898000001907348,0.0804999992251396,0.9926999807357788,0.0,0.0,0.0,250.8050537109375,0.0,971.0,567.0,979.666666666667,572.333333333333,1000.0,3.86194497427719,-239.248140225492,205.0,205.0,985.060606060606,569.69696969697,123535.0,123755.0,220.0,0.315860051577056,,,,,,,,,,
123.665,3.9600000381469727,4.010000228881836,984.0,578.0,984.0,578.0,-2.5999999046325684,-1.149999976158142,271.9800109863281,0.0,0.0,-0.0925000011920928,0.0790999978780746,0.9926000237464906,0.0910999998450279,0.0568000003695488,0.9941999912261964,271.994873046875,0.0,984.0,578.0,978.0,569.0,1000.0,6.57792559532837,135.799031052559,205.0,205.0,985.060606060606,569.69696969697,123535.0,123755.0,220.0,0.315860051577056,,,,,,,,,,
123.685,3.950000047683716,5.0,979.0,562.0,979.0,562.0,-1.2999999523162842,2.75,271.8900146484375,0.0,0.0,-0.0898000001907348,0.0793000012636184,0.992799997329712,0.0,0.0,0.0,271.9070129394532,0.0,979.0,562.0,981.666666666667,567.666666666667,1000.0,9.51290720626592,146.749080546877,205.0,205.0,985.060606060606,569.69696969697,123535.0,123755.0,220.0,0.315860051577056,,,,,,,,,,
123.705,3.940000057220459,5.0,982.0,563.0,982.0,563.0,-2.0299999713897705,2.539999961853028,271.8800048828125,0.0,0.0,-0.0922000035643577,0.0786999985575675,0.9926000237464906,0.0,0.0,0.0,271.8994445800781,0.0,982.0,563.0,982.666666666667,563.333333333333,1000.0,4.40432946149035,-255.428887238778,205.0,205.0,985.060606060606,569.69696969697,123535.0,123755.0,220.0,0.315860051577056,,,,,,,,,,
123.725,3.950000047683716,5.0,987.0,565.0,987.0,565.0,-3.3299999237060547,2.0999999046325684,271.75,0.0,0.0,-0.096500001847744,0.0772000029683113,0.9922999739646912,0.0,0.0,0.0,271.77850341796875,0.0,987.0,565.0,985.0,567.0,1000.0,4.92269028327449,25.918041089207,205.0,205.0,985.060606060606,569.69696969697,123535.0,123755.0,220.0,0.315860051577056,,,,,,,,,,
123.745,3.950000047683716,3.9800000190734863,986.0,573.0,986.0,573.0,-2.970000028610229,0.0399999991059303,269.2099914550781,0.0,0.0,-0.0957000032067299,0.0782999992370605,0.9922999739646912,0.0920000001788139,0.0668999999761581,0.993499994277954,269.22637939453125,0.0,986.0,573.0,985.666666666667,565.666666666667,1000.0,21.0866525431342,808.1981129929849,205.0,205.0,985.060606060606,569.69696969697,123535.0,123755.0,220.0,0.315860051577056,,,,,,,,,,
123.765,3.9600000381469727,5.0,984.0,559.0,984.0,559.0,-2.4100000858306885,3.4200000762939453,269.0199890136719,0.0,0.0,-0.0943000018596649,0.0821999981999397,0.9921000003814696,0.0,0.0,0.0,269.0525207519532,0.0,984.0,559.0,971.666666666667,557.666666666667,1000.0,34.001529070513804,645.7438263689779,,,,,,,,,447.0,447.0,123755.0,123855.0,100.0,5.45035034830598,90.01523795518222,1295.93573486536,-661.7596850773459,212.707950362756
123.785,3.920000076293945,5.0,945.0,541.0,945.0,541.0,6.880000114440918,7.530000209808349,269.3599853515625,0.0,0.0,-0.0645999982953071,0.0952999964356422,0.993399977684021,0.0,0.0,0.0,269.55303955078125,0.0,945.0,541.0,962.333333333333,553.666666666667,1000.0,46.676300481162,633.73857053241,,,,,,,,,447.0,447.0,123755.0,123855.0,100.0,5.45035034830598,90.01523795518222,1295.93573486536,-661.7596850773459,212.707950362756
123.805,3.869999885559082,3.2799999713897705,958.0,561.0,958.0,561.0,3.7899999618530273,2.869999885559082,282.2699890136719,0.0,0.0,-0.0205000005662441,0.1230000033974647,0.9922000169754028,0.0562000013887882,0.0386000014841556,0.9976999759674072,282.3100280761719,0.0,958.0,561.0,939.166666666667,542.166666666667,1000.0,72.5950151784691,1295.93573486536,,,,,,,,,447.0,447.0,123755.0,123855.0,100.0,5.45035034830598,90.01523795518222,1295.93573486536,-661.7596850773459,212.707950362756
123.825,5.0,5.0,-1.0,-1.0,-1.0,-1.0,0.0,0.0,0.0,5.0,5.0,0.0,0.0,0.0,0.0,0.0,0.0,0.0,1.0,,,914.5,524.5,1000.0,90.01523795518222,871.0111388356531,,,,,,,,,447.0,447.0,123755.0,123855.0,100.0,5.45035034830598,90.01523795518222,1295.93573486536,-661.7596850773459,212.707950362756
123.845,3.849999904632568,5.0,871.0,488.0,871.0,488.0,25.479999542236328,20.899999618530277,281.1600036621094,0.0,0.0,-0.0038999998942017,0.1325999945402145,0.9911999702453612,0.0,0.0,0.0,283.08477783203125,0.0,871.0,488.0,883.166666666667,500.833333333333,1000.0,76.7800442536353,-661.7596850773459,,,,,,,,,447.0,447.0,123755.0,123855.0,100.0,5.45035034830598,90.01523795518222,1295.93573486536,-661.7596850773459,212.707950362756
123.865,3.839999914169312,5.0,864.0,490.0,864.0,490.0,27.15999984741211,20.340000152587887,281.2200012207032,0.0,0.0,0.001300000003539,0.1307000070810318,0.9914000034332277,0.0,0.0,0.0,283.2597351074219,0.0,864.0,490.0,866.0,490.0,1000.0,27.3681713586383,-2470.59364474985,206.0,206.0,866.740740740741,493.185185185185,123855.0,124035.0,180.0,0.1321259797237919,,,,,,,,,,
123.885,3.829999923706055,5.0,863.0,492.0,863.0,492.0,27.559999465942383,19.790000915527344,281.2799987792969,0.0,0.0,0.0024999999441206,0.1289999932050705,0.9915999770164488,0.0,0.0,0.0,283.3189697265625,0.0,863.0,492.0,863.666666666667,492.333333333333,1000.0,6.15913448273839,-1060.45184379499,206.0,206.0,866.740740740741,493.185185185185,123855.0,124035.0,180.0,0.1321259797237919,,,,,,,,,,
123.905,3.819999933242797,5.0,864.0,495.0,864.0,495.0,27.34000015258789,19.059999465942383,281.3699951171875,0.0,0.0,0.001700000022538,0.1265999972820282,0.9919000267982484,0.0,0.0,0.0,283.33697509765625,0.0,864.0,495.0,864.0,494.333333333333,1000.0,4.415495708454429,-87.18193871419831,206.0,206.0,866.740740740741,493.185185185185,123855.0,124035.0,180.0,0.1321259797237919,,,,,,,,,,
123.925,3.819999933242797,5.0,865.0,496.0,865.0,496.0,26.989999771118164,18.81999969482421,281.39999389648443,0.0,0.0,0.0006000000284984,0.125900000333786,0.9919999837875366,0.0,0.0,0.0,283.3171691894532,0.0,865.0,496.0,865.333333333333,495.333333333333,1000.0,3.4545966363091702,-48.0449536072629,206.0,206.0,866.740740740741,493.185185185185,123855.0,124035.0,180.0,0.1321259797237919,,,,,,,,,,
123.945,3.819999933242797,5.0,867.0,495.0,867.0,495.0,26.61000061035157,18.959999084472656,281.3900146484375,0.0,0.0,-0.0006000000284984,0.1263000071048736,0.9919999837875366,0.0,0.0,0.0,283.2806091308594,0.0,867.0,495.0,866.666666666667,494.666666666667,1000.0,4.2987604218824,42.2081892786612,206.0,206.0,866.740740740741,493.185185185185,123855.0,124035.0,180.0,0.1321259797237919,,,,,,,,,,
123.965,3.829999923706055,5.0,868.0,493.0,868.0,493.0,26.170000076293945,19.43000030517578,281.3299865722656,0.0,0.0,-0.0020000000949949,0.1278000026941299,0.9918000102043154,0.0,0.0,0.0,283.2118835449219,0.0,868.0,493.0,868.0,493.333333333333,1000.0,4.257852911616251,-2.0453755133071003,206.0,206.0,866.740740740741,493.185185185185,123855.0,124035.0,180.0,0.1321259797237919,,,,,,,,,,
123.985,3.829999923706055,5.0,869.0,492.0,869.0,492.0,25.96999931335449,19.8700008392334,281.2699890136719,0.0,0.0,-0.002600000007078,0.1291999965906143,0.9915999770164488,0.0,0.0,0.0,283.1643981933594,0.0,869.0,492.0,869.0,492.333333333333,1000.0,2.5061585846192003,-87.5847163498528,206.0,206.0,866.740740740741,493.185185185185,123855.0,124035.0,180.0,0.1321259797237919,,,,,,,,,,
124.005,3.829999923706055,5.0,870.0,492.0,870.0,492.0,25.84000015258789,19.729999542236328,281.2900085449219,0.0,0.0,-0.003000000026077,0.1287000030279159,0.991699993610382,0.0,0.0,0.0,283.1625671386719,0.0,870.0,492.0,869.666666666667,492.333333333333,1000.0,2.31720549526836,-9.44765446754212,206.0,206.0,866.740740740741,493.185185185185,123855.0,124035.0,180.0,0.1321259797237919,,,,,,,,,,
124.025,3.829999923706055,5.0,870.0,493.0,870.0,493.0,25.739999771118164,19.6299991607666,281.29998779296875,0.0,0.0,-0.003400000045076,0.1283999979496002,0.991699993610382,0.0,0.0,0.0,283.1564636230469,0.0,870.0,493.0,868.333333333333,494.0,1000.0,13.8292123551099,575.600342992076,206.0,206.0,866.740740740741,493.185185185185,123855.0,124035.0,180.0,0.1321259797237919,,,,,,,,,,
124.045,3.829999923706055,5.0,865.0,497.0,865.0,497.0,26.989999771118164,18.43000030517578,281.4700012207032,0.0,0.0,0.0003999999898951,0.1247000023722648,0.9922000169754028,0.0,0.0,0.0,283.3610534667969,0.0,865.0,497.0,860.0,497.0,1000.0,32.940305684877,955.554666488354,,,,,,,,,448.0,448.0,124035.0,124175.0,140.0,3.82551162280802,42.843053043124,955.554666488354,-320.117516406269,207.143776742686
124.065,3.75,5.0,845.0,501.0,845.0,501.0,32.0099983215332,17.440000534057614,281.5299987792969,0.0,0.0,0.0159000009298324,0.121699996292591,0.9923999905586242,0.0,0.0,0.0,283.880126953125,0.0,845.0,501.0,844.0,502.0,1000.0,42.843053043124,495.137367912351,,,,,,,,,448.0,448.0,124035.0,124175.0,140.0,3.82551162280802,42.843053043124,955.554666488354,-320.117516406269,207.143776742686
124.085,3.75,5.0,822.0,508.0,822.0,508.0,37.61000061035156,15.590000152587892,281.6000061035156,0.0,0.0,0.0331999994814395,0.1159999966621398,0.9926999807357788,0.0,0.0,0.0,284.52789306640625,0.0,822.0,508.0,827.166666666667,503.166666666667,1000.0,37.735005828961,-255.402360708148,,,,,,,,,448.0,448.0,124035.0,124175.0,140.0,3.82551162280802,42.843053043124,955.554666488354,-320.117516406269,207.143776742686
124.105,5.0,5.0,-1.0,-1.0,-1.0,-1.0,0.0,0.0,0.0,5.0,5.0,0.0,0.0,0.0,0.0,0.0,0.0,0.0,1.0,,,814.5,500.5,1000.0,31.3326555008357,-320.117516406269,,,,,,,,,448.0,448.0,124035.0,124175.0,140.0,3.82551162280802,42.843053043124,955.554666488354,-320.117516406269,207.143776742686
124.125,3.7799999713897705,5.0,807.0,493.0,807.0,493.0,41.29999923706055,19.40999984741211,280.92999267578125,0.0,0.0,0.0447999984025955,0.1280000060796737,0.9908000230789183,0.0,0.0,0.0,284.6121826171875,0.0,807.0,493.0,806.5,489.833333333333,1000.0,35.4257995774358,204.657203830005,,,,,,,,,448.0,448.0,124035.0,124175.0,140.0,3.82551162280802,42.843053043124,955.554666488354,-320.117516406269,207.143776742686
124.145,3.809999942779541,5.0,798.0,476.0,798.0,476.0,43.45000076293945,23.440000534057614,280.2300109863281,0.0,0.0,0.0516000017523765,0.1405999958515167,0.9886999726295472,0.0,0.0,0.0,284.54559326171875,0.0,798.0,476.0,799.666666666667,477.0,1000.0,37.123282473645794,84.8741448105042,,,,,,,,,448.0,448.0,124035.0,124175.0,140.0,3.82551162280802,42.843053043124,955.554666488354,-320.117516406269,207.143776742686
124.165,3.839999914169312,5.0,794.0,462.0,794.0,462.0,44.430000305175774,26.690000534057614,279.67999267578125,0.0,0.0,0.0546999983489513,0.1508000046014785,0.9869999885559082,0.0,0.0,0.0,284.4420471191406,0.0,794.0,462.0,794.333333333333,463.333333333333,1000.0,32.1714910818853,-247.589569588028,,,,,,,,,448.0,448.0,124035.0,124175.0,140.0,3.82551162280802,42.843053043124,955.554666488354,-320.117516406269,207.143776742686
124.185,3.8599998950958248,5.0,791.0,452.0,791.0,452.0,44.9900016784668,29.26000022888184,279.2200012207032,0.0,0.0,0.0564999990165233,0.1588999927043914,0.9857000112533568,0.0,0.0,0.0,284.3309020996094,0.0,791.0,452.0,791.666666666667,453.0,1000.0,23.5194750854287,-432.600799822832,207.0,207.0,792.0,449.5,124175.0,124335.0,160.0,0.438255605638166,,,,,,,,,,
124.205,3.869999885559082,5.0,790.0,445.0,790.0,445.0,45.4000015258789,30.979999542236328,278.89999389648443,0.0,0.0,0.0577999986708164,0.1641999930143356,0.9847000241279602,0.0,0.0,0.0,284.2641906738281,0.0,790.0,445.0,790.0,445.333333333333,1000.0,9.04982402582536,-723.482552980165,207.0,207.0,792.0,449.5,124175.0,124335.0,160.0,0.438255605638166,,,,,,,,,,
124.225,3.880000114440918,5.0,789.0,439.0,789.0,439.0,45.47999954223633,32.36999893188477,278.6600036621094,0.0,0.0,0.0581000000238418,0.1685999929904937,0.984000027179718,0.0,0.0,0.0,284.19647216796875,0.0,789.0,439.0,790.333333333333,446.0,1000.0,14.0077900508341,247.898301250436,207.0,207.0,792.0,449.5,124175.0,124335.0,160.0,0.438255605638166,,,,,,,,,,
124.245,3.8599998950958248,5.0,792.0,454.0,792.0,454.0,44.86999893188477,28.68000030517578,279.3500061035156,0.0,0.0,0.0560999996960163,0.1570000052452087,0.9860000014305114,0.0,0.0,0.0,284.3805236816406,0.0,792.0,454.0,790.333333333333,456.333333333333,1000.0,19.5868155986164,278.951277389117,207.0,207.0,792.0,449.5,124175.0,124335.0,160.0,0.438255605638166,,,,,,,,,,
124.265,3.829999923706055,5.0,790.0,476.0,790.0,476.0,45.38999938964844,23.40999984741211,280.19000244140625,0.0,0.0,0.0575999990105629,0.1404999941587448,0.9883999824523924,0.0,0.0,0.0,284.80645751953125,0.0,790.0,476.0,791.666666666667,461.333333333333,1000.0,2.97400473872913,-830.6405429943641,207.0,207.0,792.0,449.5,124175.0,124335.0,160.0,0.438255605638166,,,,,,,,,,
124.285,3.839999914169312,5.0,793.0,454.0,793.0,454.0,44.5099983215332,28.76000022888184,279.39999389648443,0.0,0.0,0.0549000017344951,0.1572999954223632,0.9860000014305114,0.0,0.0,0.0,284.3811340332032,0.0,793.0,454.0,792.666666666667,456.666666666667,1000.0,24.0584217382482,1054.22084997595,207.0,207.0,792.0,449.5,124175.0,124335.0,160.0,0.438255605638166,,,,,,,,,,
124.305,3.8599998950958248,5.0,795.0,440.0,795.0,440.0,44.09999847412109,32.15999984741211,278.8299865722656,0.0,0.0,0.0535999983549118,0.1678999960422516,0.9843000173568724,0.0,0.0,0.0,284.12188720703125,0.0,795.0,440.0,794.333333333333,442.666666666667,1000.0,28.196841505417,206.920988358443,207.0,207.0,792.0,449.5,124175.0,124335.0,160.0,0.438255605638166,,,,,,,,,,
124.325,3.880000114440918,5.0,795.0,434.0,795.0,434.0,44.09999847412109,33.580001831054695,278.5599975585937,0.0,0.0,0.0537000000476837,0.1723999977111816,0.9836000204086304,0.0,0.0,0.0,284.02130126953125,0.0,795.0,434.0,795.0,434.666666666667,1000.0,8.21858607100522,-998.91277172059,207.0,207.0,792.0,449.5,124175.0,124335.0,160.0,0.438255605638166,,,,,,,,,,
124.345,3.8900001049041752,5.0,795.0,430.0,795.0,430.0,43.930000305175774,34.450000762939446,278.39999389648443,0.0,0.0,0.0531999990344047,0.1750999987125396,0.9830999970436096,0.0,0.0,0.0,283.9422607421875,0.0,795.0,430.0,796.666666666667,436.666666666667,1000.0,57.6038747328284,2469.2644330911603,,,,,,,,,449.0,449.0,124335.0,124375.0,40.0,2.22559535188856,65.6237695643225,2469.2644330911603,,43.111811993259
124.365,3.9300000667572017,5.0,800.0,446.0,800.0,446.0,42.84000015258789,30.61000061035157,279.17001342773443,0.0,0.0,0.0496999993920326,0.163000002503395,0.9854000210762026,0.0,0.0,0.0,284.0917663574219,0.0,800.0,446.0,828.0,466.0,1000.0,65.6237695643225,400.994741574706,,,,,,,,,449.0,449.0,124335.0,124375.0,40.0,2.22559535188856,65.6237695643225,2469.2644330911603,,43.111811993259
124.385,3.9300000667572017,3.799999952316284,889.0,522.0,889.0,522.0,20.86000061035157,12.3100004196167,279.5299987792969,0.0,0.0,0.0474999994039535,0.1587000042200088,0.9861999750137328,0.0942000001668929,0.0566000007092952,0.9939000010490416,280.5774230957032,0.0,889.0,522.0,830.666666666667,475.666666666667,1000.0,18.7565508684854,-2343.36093479186,,,,,,,,,,,,,,,,,,
124.405,3.9300000667572017,5.0,803.0,459.0,803.0,459.0,41.7400016784668,27.21999931335449,277.32000732421875,0.0,0.0,0.0465000011026859,0.1535000056028366,0.9869999885559082,0.0,0.0,0.0,281.7615051269532,0.0,803.0,459.0,832.333333333333,480.0,1000.0,41.3340848631042,1128.87669973094,,,,,,,,,450.0,450.0,124395.0,124435.0,40.0,1.89237067481037,44.59355490423,1128.87669973094,,219.06847307508
124.425,3.950000047683716,5.0,805.0,459.0,805.0,459.0,41.33000183105469,27.229999542236328,277.3500061035156,0.0,0.0,0.0452000014483928,0.1535000056028366,0.9871000051498412,0.0,0.0,0.0,281.7315368652344,0.0,805.0,459.0,804.0,457.0,1000.0,44.59355490423,162.973502056293,,,,,,,,,450.0,450.0,124395.0,124435.0,40.0,1.89237067481037,44.59355490423,1128.87669973094,,219.06847307508
124.445,3.9600000381469727,5.0,804.0,453.0,804.0,453.0,41.680000305175774,28.82999992370605,277.0599975585937,0.0,0.0,0.0463000014424324,0.1586000025272369,0.986299991607666,0.0,0.0,0.0,281.6569519042969,0.0,804.0,453.0,805.0,458.0,1000.0,4.17173822468086,-2021.09083397746,208.0,208.0,805.5,463.083333333333,124435.0,124515.0,80.0,0.2299417938059549,,,,,,,,,,
124.465,3.9600000381469727,5.0,806.0,462.0,806.0,462.0,41.209999084472656,26.540000915527344,277.4599914550781,0.0,0.0,0.0447999984025955,0.1513999998569488,0.9875000119209288,0.0,0.0,0.0,281.7564392089844,0.0,806.0,462.0,805.333333333334,460.0,1000.0,9.02084828678568,242.455503105241,208.0,208.0,805.5,463.083333333333,124435.0,124515.0,80.0,0.2299417938059549,,,,,,,,,,
124.485,3.9700000286102295,5.0,806.0,465.0,806.0,465.0,41.06999969482422,25.84000015258789,277.5899963378906,0.0,0.0,0.0443000011146068,0.1491000056266784,0.9878000020980836,0.0,0.0,0.0,281.7989807128906,0.0,806.0,465.0,806.0,465.0,1000.0,11.933024044611402,145.608787891288,208.0,208.0,805.5,463.083333333333,124435.0,124515.0,80.0,0.2299417938059549,,,,,,,,,,
124.505,3.9600000381469727,5.0,806.0,468.0,806.0,468.0,41.06999969482422,25.10000038146973,277.7099914550781,0.0,0.0,0.0441999994218349,0.1467999964952469,0.9882000088691713,0.0,0.0,0.0,281.8503112792969,0.0,806.0,468.0,805.666666666667,469.333333333333,1000.0,25.6975017268304,688.2238841109461,208.0,208.0,805.5,463.083333333333,124435.0,124515.0,80.0,0.2299417938059549,,,,,,,,,,
124.525,3.950000047683716,5.0,805.0,475.0,805.0,475.0,41.33000183105469,23.489999771118164,277.94000244140625,0.0,0.0,0.0450000017881393,0.1416999995708465,0.9889000058174132,0.0,0.0,0.0,281.9762268066406,0.0,805.0,475.0,816.333333333333,482.333333333333,1000.0,57.2464909053883,1577.44945892789,,,,,,,,,451.0,451.0,124515.0,124595.0,80.0,4.583284640752151,82.4158163774785,1577.44945892789,-1616.27270093064,5.624628041445921
124.545,3.880000114440918,5.0,838.0,504.0,838.0,504.0,33.549999237060554,16.649999618530273,279.19000244140625,0.0,0.0,0.0207000002264976,0.1200999990105629,0.9925000071525572,0.0,0.0,0.0,281.69110107421875,0.0,838.0,504.0,844.666666666667,491.666666666667,1000.0,82.4158163774785,1258.46627360451,,,,,,,,,451.0,451.0,124515.0,124595.0,80.0,4.583284640752151,82.4158163774785,1577.44945892789,-1616.27270093064,5.624628041445921
124.565,3.900000095367432,5.0,891.0,496.0,891.0,496.0,20.350000381469727,18.57999992370605,278.92999267578125,0.0,0.0,-0.0204000007361173,0.1261000037193298,0.9918000102043154,0.0,0.0,0.0,280.2878723144532,0.0,891.0,496.0,879.0,497.0,1000.0,76.8128628367396,-280.147677036941,,,,,,,,,451.0,451.0,124515.0,124595.0,80.0,4.583284640752151,82.4158163774785,1577.44945892789,-1616.27270093064,5.624628041445921
124.585,3.920000076293945,5.0,908.0,491.0,908.0,491.0,16.180000305175778,20.049999237060547,278.6099853515625,0.0,0.0,-0.0333000011742115,0.1307999938726425,0.9908999800682068,0.0,0.0,0.0,279.7987365722656,0.0,908.0,491.0,904.333333333333,491.0,1000.0,44.4874088181268,-1616.27270093064,,,,,,,,,451.0,451.0,124515.0,124595.0,80.0,4.583284640752151,82.4158163774785,1577.44945892789,-1616.27270093064,5.624628041445921
124.605,3.950000047683716,5.0,914.0,486.0,914.0,486.0,14.779999732971191,21.1200008392334,278.42001342773443,0.0,0.0,-0.0377000011503696,0.134100005030632,0.9901999831199646,0.0,0.0,0.0,279.6108093261719,0.0,914.0,486.0,912.333333333333,488.333333333333,1000.0,12.677841239126,-1590.47837895004,209.0,209.0,909.583333333333,494.208333333333,124595.0,124755.0,160.0,0.239636426806013,,,,,,,,,,
124.625,3.940000057220459,5.0,915.0,488.0,915.0,488.0,14.619999885559082,20.75,278.4800109863281,0.0,0.0,-0.0381999984383583,0.1328999996185302,0.9904000163078308,0.0,0.0,0.0,279.6344299316406,0.0,915.0,488.0,913.666666666667,488.0,1000.0,4.50091264683935,-408.84642961433406,209.0,209.0,909.583333333333,494.208333333333,124595.0,124755.0,160.0,0.239636426806013,,,,,,,,,,
124.645,3.940000057220459,5.0,912.0,490.0,912.0,490.0,15.359999656677244,20.11000061035157,278.6000061035156,0.0,0.0,-0.0357999987900257,0.1308999955654144,0.9907000064849852,0.0,0.0,0.0,279.7468566894532,0.0,912.0,490.0,911.333333333333,491.666666666667,1000.0,11.4842798057436,349.16835794521006,209.0,209.0,909.583333333333,494.208333333333,124595.0,124755.0,160.0,0.239636426806013,,,,,,,,,,
124.665,3.920000076293945,5.0,907.0,497.0,907.0,497.0,16.399999618530273,18.43000030517578,278.8900146484375,0.0,0.0,-0.032600000500679,0.1255999952554702,0.9915000200271606,0.0,0.0,0.0,279.9790344238281,0.0,907.0,497.0,908.666666666667,495.333333333333,1000.0,8.975449292883551,-125.441525643,209.0,209.0,909.583333333333,494.208333333333,124595.0,124755.0,160.0,0.239636426806013,,,,,,,,,,
124.685,3.900000095367432,5.0,907.0,499.0,907.0,499.0,16.479999542236328,17.959999084472656,278.9800109863281,0.0,0.0,-0.0324000008404254,0.124099999666214,0.991699993610382,0.0,0.0,0.0,280.0428466796875,0.0,907.0,499.0,907.333333333333,497.333333333333,1000.0,4.24781806657077,-236.381561315639,209.0,209.0,909.583333333333,494.208333333333,124595.0,124755.0,160.0,0.239636426806013,,,,,,,,,,
124.705,3.920000076293945,5.0,908.0,496.0,908.0,496.0,16.170000076293945,18.75,278.8399963378906,0.0,0.0,-0.0333000011742115,0.1265999972820282,0.9914000034332277,0.0,0.0,0.0,279.93710327148443,0.0,908.0,496.0,907.333333333333,498.333333333333,1000.0,0.610072270615795,-181.887289797749,209.0,209.0,909.583333333333,494.208333333333,124595.0,124755.0,160.0,0.239636426806013,,,,,,,,,,
124.725,3.910000085830689,5.0,907.0,500.0,907.0,500.0,16.3799991607666,17.889999389648438,279.0,0.0,0.0,-0.0326999984681606,0.1238999962806701,0.9918000102043154,0.0,0.0,0.0,280.05242919921875,0.0,907.0,500.0,907.666666666667,497.0,1000.0,1.5550554540489,47.24915917165521,209.0,209.0,909.583333333333,494.208333333333,124595.0,124755.0,160.0,0.239636426806013,,,,,,,,,,
124.745,3.920000076293945,5.0,908.0,495.0,908.0,495.0,16.209999084472653,19.0,278.82000732421875,0.0,0.0,-0.0331999994814395,0.1273999959230423,0.9912999868392944,0.0,0.0,0.0,279.93634033203125,0.0,908.0,495.0,908.333333333333,497.666666666667,1000.0,13.3123650243928,587.8654785171971,209.0,209.0,909.583333333333,494.208333333333,124595.0,124755.0,160.0,0.239636426806013,,,,,,,,,,
124.765,3.920000076293945,5.0,910.0,498.0,910.0,498.0,15.779999732971191,18.31999969482421,278.95001220703125,0.0,0.0,-0.0346000008285045,0.1253000050783157,0.9915000200271606,0.0,0.0,0.0,279.9959411621094,0.0,910.0,498.0,912.0,487.666666666667,1000.0,47.8690108532032,1727.83229144052,,,,,,,,,452.0,452.0,124755.0,125094.0,339.0,17.0929213914335,291.542776744131,6723.48777223472,-6668.44250619293,70.8375248257273
124.785,4.0,5.0,918.0,470.0,918.0,470.0,13.899999618530272,25.15999984741211,277.95001220703125,0.0,0.0,-0.0403999984264373,0.1473000049591064,0.9883000254631042,0.0,0.0,0.0,279.4323425292969,0.0,918.0,470.0,942.0,513.0,1000.0,144.71801873008698,4842.450393844179,,,,,,,,,452.0,452.0,124755.0,125094.0,339.0,17.0929213914335,291.542776744131,6723.48777223472,-6668.44250619293,70.8375248257273
124.805,4.079999923706056,3.9600000381469727,998.0,571.0,998.0,571.0,-9.079999923706056,0.9100000262260436,424.7999877929688,0.0,0.0,-0.0744000002741813,0.0617999993264675,0.995299994945526,0.0443999990820884,0.0384000018239021,0.998300015926361,424.8980102539063,0.0,998.0,571.0,980.0,576.333333333333,1000.0,279.187774174781,6723.48777223472,,,,,,,,,452.0,452.0,124755.0,125094.0,339.0,17.0929213914335,291.542776744131,6723.48777223472,-6668.44250619293,70.8375248257273
124.825,5.0,4.119999885559082,1024.0,688.0,1024.0,688.0,-19.530000686645508,-42.5099983215332,425.0799865722656,0.0,0.0,0.0,0.0,0.0,0.02449999935925,-0.0423000007867813,0.998799979686737,427.646484375,0.0,1024.0,688.0,1038.66666666667,707.333333333333,1000.0,291.542776744131,617.750128467495,,,,,,,,,452.0,452.0,124755.0,125094.0,339.0,17.0929213914335,291.542776744131,6723.48777223472,-6668.44250619293,70.8375248257273
124.845,5.0,4.400000095367432,1094.0,863.0,1094.0,863.0,-44.930000305175774,-104.7699966430664,416.510009765625,0.0,0.0,0.0,0.0,0.0,-0.0306000001728534,-0.178299993276596,0.9835000038146972,431.8287048339844,0.0,1094.0,863.0,1059.33333333333,792.333333333333,1000.0,158.173926620272,-6668.44250619293,,,,,,,,,452.0,452.0,124755.0,125094.0,339.0,17.0929213914335,291.542776744131,6723.48777223472,-6668.44250619293,70.8375248257273
124.865,5.0,4.269999980926514,1060.0,826.0,1060.0,826.0,-32.889999389648445,-92.30999755859376,419.70999145507807,0.0,0.0,0.0,0.0,0.0,-0.0043000001460313,-0.1499000042676925,0.9886999726295472,430.99810791015625,0.0,1060.0,826.0,1067.0,832.333333333333,1000.0,44.6662907416155,-5675.381793932839,,,,,,,,,452.0,452.0,124755.0,125094.0,339.0,17.0929213914335,291.542776744131,6723.48777223472,-6668.44250619293,70.8375248257273
124.885,5.0,4.210000038146973,1047.0,808.0,1047.0,808.0,-28.01000022888184,-86.01000213623048,420.98001098632807,0.0,0.0,0.0,0.0,0.0,0.0063999998383224,-0.1357000023126602,0.9907000064849852,430.5884704589844,0.0,1047.0,808.0,1024.0,795.666666666667,1000.0,129.197432962,4226.55711101921,,,,,,,,,452.0,452.0,124755.0,125094.0,339.0,17.0929213914335,291.542776744131,6723.48777223472,-6668.44250619293,70.8375248257273
124.905,5.0,4.079999923706056,965.0,753.0,965.0,753.0,2.400000095367432,-66.70999908447266,422.9200134277344,0.0,0.0,0.0,0.0,0.0,0.0728999972343444,-0.092799998819828,0.9929999709129332,428.15570068359375,0.0,965.0,753.0,1008.66666666667,745.0,1000.0,131.420752479739,111.165975886949,,,,,,,,,452.0,452.0,124755.0,125094.0,339.0,17.0929213914335,291.542776744131,6723.48777223472,-6668.44250619293,70.8375248257273
124.925,4.0,5.0,1014.0,674.0,1014.0,674.0,-15.600000381469728,-37.22999954223633,425.1300048828125,0.0,0.0,-0.0908000022172927,-0.0315000005066394,0.9954000115394592,0.0,0.0,0.0,427.0420837402344,0.0,1014.0,674.0,963.0,710.333333333333,1000.0,124.672572156732,-337.409016150323,,,,,,,,,452.0,452.0,124755.0,125094.0,339.0,17.0929213914335,291.542776744131,6723.48777223472,-6668.44250619293,70.8375248257273
124.944,5.0,4.019999980926514,910.0,704.0,910.0,704.0,22.729999542236328,-48.88999938964844,422.7999877929688,0.0,0.0,0.0,0.0,0.0,0.1173999980092048,-0.0535000003874301,0.9915999770164488,426.22378540039057,0.0,910.0,704.0,934.333333333333,685.0,1000.0,110.91350230522,-724.161571132242,,,,,,,,,452.0,452.0,124755.0,125094.0,339.0,17.0929213914335,291.542776744131,6723.48777223472,-6668.44250619293,70.8375248257273
124.965,5.0,3.9700000286102295,879.0,677.0,879.0,677.0,34.52000045776367,-38.88999938964844,421.9700012207031,0.0,0.0,0.0,0.0,0.0,0.1431999951601028,-0.0313999988138675,0.9891999959945678,425.1620178222656,0.0,879.0,677.0,882.0,680.0,1000.0,49.310933616920096,-2933.4556518237896,,,,,,,,,452.0,452.0,124755.0,125094.0,339.0,17.0929213914335,291.542776744131,6723.48777223472,-6668.44250619293,70.8375248257273
124.984,5.0,3.940000057220459,857.0,659.0,857.0,659.0,42.59999847412109,-32.139999389648445,421.1000061035156,0.0,0.0,0.0,0.0,0.0,0.1608999967575073,-0.016499999910593,0.9868000149726868,424.46783447265625,0.0,857.0,659.0,896.0,688.0,1000.0,82.8223079343264,1763.7565430213897,,,,,,,,,452.0,452.0,124755.0,125094.0,339.0,17.0929213914335,291.542776744131,6723.48777223472,-6668.44250619293,70.8375248257273
125.004,5.0,4.079999923706056,952.0,728.0,952.0,728.0,7.300000190734862,-57.34000015258789,423.3200073242188,0.0,0.0,0.0,0.0,0.0,0.0838000029325485,-0.0724000036716461,0.9937999844551086,427.2481689453125,0.0,952.0,728.0,934.0,715.666666666667,1000.0,139.046540599814,2811.21163327438,,,,,,,,,452.0,452.0,124755.0,125094.0,339.0,17.0929213914335,291.542776744131,6723.48777223472,-6668.44250619293,70.8375248257273
125.024,5.0,4.130000114440918,993.0,760.0,993.0,760.0,-7.989999771118163,-69.0199966430664,422.9100036621094,0.0,0.0,0.0,0.0,0.0,0.0502999983727932,-0.098300002515316,0.9939000010490416,428.57958984375,0.0,993.0,760.0,983.666666666667,753.0,1000.0,110.160128809713,-1444.3205895050598,,,,,,,,,452.0,452.0,124755.0,125094.0,339.0,17.0929213914335,291.542776744131,6723.48777223472,-6668.44250619293,70.8375248257273
125.044,5.0,4.150000095367432,1006.0,771.0,1006.0,771.0,-13.0600004196167,-73.0999984741211,422.5400085449218,0.0,0.0,0.0,0.0,0.0,0.0392999984323978,-0.1074000000953674,0.993399977684021,429.0154113769531,0.0,1006.0,771.0,1003.0,768.666666666667,1000.0,54.5278358899251,-2781.61464598938,,,,,,,,,452.0,452.0,124755.0,125094.0,339.0,17.0929213914335,291.542776744131,6723.48777223472,-6668.44250619293,70.8375248257273
125.064,5.0,4.150000095367432,1010.0,775.0,1010.0,775.0,-14.399999618530272,-74.33999633789062,422.3800048828125,0.0,0.0,0.0,0.0,0.0,0.0362999998033046,-0.1101000010967254,0.9933000206947326,429.11380004882807,0.0,1010.0,775.0,1013.66666666667,784.666666666667,1000.0,46.0884966380966,-421.966962591427,,,,,,,,,452.0,452.0,124755.0,125094.0,339.0,17.0929213914335,291.542776744131,6723.48777223472,-6668.44250619293,70.8375248257273
125.084,5.0,4.139999866485596,1025.0,808.0,1025.0,808.0,-19.90999984741211,-86.16999816894531,420.8900146484375,0.0,0.0,0.0,0.0,0.0,0.0242999996989965,-0.1361999958753585,0.9904000163078308,430.08148193359375,0.0,1025.0,808.0,1021.0,801.333333333333,1000.0,33.9554397430139,-606.652844754133,,,,,,,,,452.0,452.0,124755.0,125094.0,339.0,17.0929213914335,291.542776744131,6723.48777223472,-6668.44250619293,70.8375248257273
125.104,5.0,4.130000114440918,1028.0,821.0,1028.0,821.0,-21.209999084472656,-90.79000091552734,420.1900024414063,0.0,0.0,0.0,0.0,0.0,0.0214000009000301,-0.1464000046253204,0.9890000224113464,430.4094848632813,0.0,1028.0,821.0,1024.0,810.333333333333,1000.0,5.074845131229861,-1444.0297305892002,,,,,,,,,,,,,,,,,,
125.124,5.0,4.139999866485596,1019.0,802.0,1019.0,802.0,-17.649999618530273,-84.04000091552734,421.1400146484375,0.0,0.0,0.0,0.0,0.0,0.0292000006884336,-0.1315000057220459,0.9908999800682068,429.8059387207031,0.0,1019.0,802.0,1020.0,805.333333333334,1000.0,55.4966740842272,2521.09144764987,,,,,,,,,453.0,453.0,125114.0,125174.0,60.0,4.27733489672927,103.11214013185,2521.09144764987,-746.554385020307,223.69061018058895
125.144,5.0,4.130000114440918,1013.0,793.0,1013.0,793.0,-15.640000343322756,-80.73000335693358,421.5499877929688,0.0,0.0,0.0,0.0,0.0,0.0335999988019466,-0.1243000030517578,0.991699993610382,429.4954528808594,0.0,1013.0,793.0,993.333333333333,777.666666666667,1000.0,103.11214013185,2380.7733023811497,,,,,,,,,453.0,453.0,125114.0,125174.0,60.0,4.27733489672927,103.11214013185,2521.09144764987,-746.554385020307,223.69061018058895
125.164,5.0,4.039999961853027,948.0,738.0,948.0,738.0,8.52999973297119,-60.97999954223633,422.8500061035156,0.0,0.0,0.0,0.0,0.0,0.0864000022411346,-0.0804999992251396,0.9929999709129332,427.3095397949218,0.0,948.0,738.0,960.333333333333,748.333333333333,1000.0,88.18105243144409,-746.554385020307,,,,,,,,,453.0,453.0,125114.0,125174.0,60.0,4.27733489672927,103.11214013185,2521.09144764987,-746.554385020307,223.69061018058895
125.184,5.0,3.9800000190734863,920.0,714.0,920.0,714.0,19.200000762939453,-52.2400016784668,422.70999145507807,0.0,0.0,0.0,0.0,0.0,0.1097000017762184,-0.0612000003457069,0.9921000003814696,426.3583068847656,0.0,920.0,714.0,940.0,732.5,1000.0,11.198752090981698,-3849.11501702312,,,,,,,,,,,,,,,,,,
125.204,5.0,5.0,-1.0,-1.0,-1.0,-1.0,0.0,0.0,0.0,5.0,5.0,0.0,0.0,0.0,0.0,0.0,0.0,0.0,1.0,,,952.0,745.5,1000.0,75.4820515201033,3214.1649714560804,,,,,,,,,454.0,454.0,125194.0,125574.0,380.0,10.891617143525,256.846612461471,7321.07183890338,-5574.81967965042,297.315165374356
125.224,5.0,4.070000171661377,984.0,777.0,984.0,777.0,-4.960000038146973,-75.19000244140625,421.9500122070313,0.0,0.0,0.0,0.0,0.0,0.0568999983370304,-0.1120000034570694,0.9921000003814696,428.6256408691406,1.0,984.0,777.0,982.0,775.166666666667,1000.0,41.7446132324328,-1686.87191438352,,,,,,,,,454.0,454.0,125194.0,125574.0,380.0,10.891617143525,256.846612461471,7321.07183890338,-5574.81967965042,297.315165374356
125.244,5.0,4.099999904632568,1010.0,803.0,1010.0,803.0,-14.649999618530272,-84.20999908447266,420.9400024414063,0.0,0.0,0.0,0.0,0.0,0.0357999987900257,-0.1319999992847442,0.9905999898910522,429.5304870605469,1.0,1010.0,803.0,926.0,766.0,1000.0,175.66256226313598,6695.897451535129,,,,,,,,,454.0,454.0,125194.0,125574.0,380.0,10.891617143525,256.846612461471,7321.07183890338,-5574.81967965042,297.315165374356
125.264,5.0,3.9800000190734863,784.0,718.0,784.0,718.0,68.08000183105469,-53.20000076293945,414.239990234375,0.0,0.0,0.0,0.0,0.0,0.2169000059366226,-0.0636000037193298,0.9740999937057496,423.1546936035156,1.0,784.0,718.0,847.166666666667,743.833333333333,1000.0,236.26225519849,3029.98464676771,,,,,,,,,454.0,454.0,125194.0,125574.0,380.0,10.891617143525,256.846612461471,7321.07183890338,-5574.81967965042,297.315165374356
125.284,5.0,5.0,-1.0,-1.0,-1.0,-1.0,0.0,0.0,0.0,5.0,5.0,0.0,0.0,0.0,0.0,0.0,0.0,0.0,1.0,,,747.5,710.5,1000.0,179.730056623158,-2826.60992876662,,,,,,,,,454.0,454.0,125194.0,125574.0,380.0,10.891617143525,256.846612461471,7321.07183890338,-5574.81967965042,297.315165374356
125.304,5.0,4.059999942779541,711.0,703.0,711.0,703.0,92.94000244140624,-47.33000183105469,407.6199951171875,0.0,0.0,0.0,0.0,0.0,0.2714000046253204,-0.0513000003993511,0.9610999822616576,420.7517395019531,1.0,711.0,703.0,705.833333333333,716.833333333333,1000.0,103.377171801545,-3817.64424108063,,,,,,,,,454.0,454.0,125194.0,125574.0,380.0,10.891617143525,256.846612461471,7321.07183890338,-5574.81967965042,297.315165374356
125.324,3.9700000286102295,3.9600000381469727,659.0,737.0,659.0,737.0,109.43000030517578,-58.72000122070313,400.8299865722656,0.0,0.0,-0.0706000030040741,-0.1199000030755996,0.9902999997138976,0.3073000013828277,-0.0772000029683113,0.9484999775886536,419.62799072265625,1.0,659.0,737.0,663.833333333333,699.166666666667,1000.0,126.786645794557,1170.47369965058,,,,,,,,,454.0,454.0,125194.0,125574.0,380.0,10.891617143525,256.846612461471,7321.07183890338,-5574.81967965042,297.315165374356
125.344,5.0,5.0,-1.0,-1.0,-1.0,-1.0,0.0,0.0,0.0,5.0,5.0,0.0,0.0,0.0,0.0,0.0,0.0,0.0,1.0,,,621.5,657.5,1000.0,110.425175683403,-818.0735055576649,,,,,,,,,454.0,454.0,125194.0,125574.0,380.0,10.891617143525,256.846612461471,7321.07183890338,-5574.81967965042,297.315165374356
125.364,5.0,3.7100000381469727,584.0,578.0,584.0,578.0,133.5800018310547,-3.2799999713897705,392.6799926757813,0.0,0.0,0.0,0.0,0.0,0.3594000041484833,0.0414999984204769,0.9322999715805051,414.79147338867193,0.0,584.0,578.0,720.166666666667,628.166666666667,1000.0,256.846612461471,7321.07183890338,,,,,,,,,454.0,454.0,125194.0,125574.0,380.0,10.891617143525,256.846612461471,7321.07183890338,-5574.81967965042,297.315165374356
125.384,3.670000076293945,5.0,955.0,649.0,955.0,649.0,6.380000114440918,-28.21999931335449,425.55999755859375,0.0,0.0,-0.0434000007808208,-0.0140000004321336,0.9990000128746032,0.0,0.0,0.0,426.5423583984375,0.0,955.0,649.0,820.333333333333,593.0,1000.0,248.496117647205,-417.524740713294,,,,,,,,,454.0,454.0,125194.0,125574.0,380.0,10.891617143525,256.846612461471,7321.07183890338,-5574.81967965042,297.315165374356
125.404,3.630000114440918,5.0,922.0,552.0,922.0,552.0,19.32999992370605,7.650000095367431,424.8299865722656,0.0,0.0,-0.0153999999165534,0.0630000010132789,0.9979000091552734,0.0,0.0,0.0,425.33834838867193,0.0,922.0,552.0,910.0,579.333333333333,1000.0,136.999724054197,-5574.81967965042,,,,,,,,,454.0,454.0,125194.0,125574.0,380.0,10.891617143525,256.846612461471,7321.07183890338,-5574.81967965042,297.315165374356
125.424,3.829999923706055,3.8900001049041752,853.0,537.0,853.0,537.0,20.290000915527344,5.889999866485596,191.27999877929688,0.0,0.0,-0.0005000000237487,0.1692000031471252,0.9855999946594238,0.192900002002716,0.0671999976038932,0.9789000153541566,192.4432830810547,0.0,853.0,537.0,922.666666666667,563.333333333333,1000.0,73.2028084093892,-3189.8457822403698,,,,,,,,,454.0,454.0,125194.0,125574.0,380.0,10.891617143525,256.846612461471,7321.07183890338,-5574.81967965042,297.315165374356
125.444,4.079999923706056,4.03000020980835,993.0,601.0,993.0,601.0,-3.4600000381469727,-4.739999771118164,196.19999694824216,0.0,0.0,-0.1633999943733215,0.2906000018119812,0.9427999854087828,0.1158000007271766,0.068800002336502,0.9908999800682068,196.28775024414065,0.0,993.0,601.0,937.0,529.666666666667,1000.0,100.42448242715,1361.08370088803,,,,,,,,,454.0,454.0,125194.0,125574.0,380.0,10.891617143525,256.846612461471,7321.07183890338,-5574.81967965042,297.315165374356
125.464,4.039999961853027,4.059999942779541,965.0,451.0,965.0,451.0,1.6299999952316284,20.549999237060547,190.7899932861328,0.0,0.0,-0.0604000017046928,0.2649999856948852,0.9624000191688536,0.0903000012040138,0.0952000021934509,0.9914000034332277,191.90045166015625,0.0,965.0,451.0,967.333333333333,500.0,1000.0,95.28332537188707,-257.057852763136,,,,,,,,,454.0,454.0,125194.0,125574.0,380.0,10.891617143525,256.846612461471,7321.07183890338,-5574.81967965042,297.315165374356
125.484,4.0,4.090000152587891,944.0,448.0,944.0,448.0,5.170000076293944,21.100000381469727,191.5500030517578,0.0,0.0,-0.0189999993890523,0.2493000030517578,0.9682000279426574,0.0799999982118606,0.1142000034451484,0.9901999831199646,192.7779541015625,0.0,944.0,448.0,949.0,457.0,1000.0,60.1860619690121,-1754.86317014375,,,,,,,,,454.0,454.0,125194.0,125574.0,380.0,10.891617143525,256.846612461471,7321.07183890338,-5574.81967965042,297.315165374356
125.504,3.9600000381469727,4.079999923706056,938.0,472.0,938.0,472.0,6.139999866485596,17.180000305175778,193.08999633789065,0.0,0.0,-0.0031999999191612,0.238999992609024,0.9710000157356262,0.0724999979138374,0.0887999981641769,0.993399977684021,193.94999694824216,0.0,938.0,472.0,938.666666666667,463.333333333333,1000.0,69.2118166031544,451.287731707113,,,,,,,,,454.0,454.0,125194.0,125574.0,380.0,10.891617143525,256.846612461471,7321.07183890338,-5574.81967965042,297.315165374356
125.524,3.940000057220459,4.099999904632568,934.0,470.0,934.0,470.0,6.929999828338622,17.510000228881836,194.0500030517578,0.0,0.0,0.0028999999631196,0.2343000024557113,0.9721999764442444,0.0729999989271164,0.0947000011801719,0.992799997329712,194.96160888671875,0.0,934.0,470.0,974.0,504.333333333333,1000.0,127.891598733137,2933.98910649912,,,,,,,,,454.0,454.0,125194.0,125574.0,380.0,10.891617143525,256.846612461471,7321.07183890338,-5574.81967965042,297.315165374356
125.544,3.619999885559082,4.110000133514404,1050.0,571.0,1050.0,571.0,-13.350000381469728,0.4699999988079071,198.6199951171875,0.0,0.0,-0.2325000017881393,0.3073000013828277,0.9228000044822692,0.0724999979138374,0.0891000032424926,0.993399977684021,199.06869506835935,0.0,1050.0,571.0,1010.66666666667,531.0,1000.0,119.202053313916,-434.477270961029,,,,,,,,,454.0,454.0,125194.0,125574.0,380.0,10.891617143525,256.846612461471,7321.07183890338,-5574.81967965042,297.315165374356
125.564,3.509999990463257,4.130000114440918,1048.0,552.0,1048.0,552.0,-13.029999732971191,3.920000076293945,198.3099975585937,0.0,0.0,-0.3228999972343445,0.3382000029087067,0.8840000033378602,0.0737999975681305,0.1036999970674514,0.9919000267982484,198.77626037597656,0.0,1048.0,552.0,1048.66666666667,558.333333333333,1000.0,53.729905273250296,-3273.6074020333003,,,,,,,,,454.0,454.0,125194.0,125574.0,380.0,10.891617143525,256.846612461471,7321.07183890338,-5574.81967965042,297.315165374356
125.584,3.470000028610229,4.130000114440918,1048.0,552.0,1048.0,552.0,-12.899999618530272,3.940000057220459,198.33999633789065,0.0,0.0,-0.3582000136375427,0.3488000035285949,0.86599999666214,0.0744000002741813,0.1037999987602234,0.9918000102043154,198.7981109619141,0.0,1048.0,552.0,1047.66666666667,550.0,1000.0,10.9781322186675,-2137.5886527291395,,,,,,,,,,,,,,,,,,
125.604,3.4600000381469727,4.130000114440918,1047.0,546.0,1047.0,546.0,-12.739999771118164,4.940000057220459,198.22999572753903,0.0,0.0,-0.3736999928951264,0.3537999987602233,0.8574000000953674,0.0750999972224235,0.1080999970436096,0.9912999868392944,198.7003936767578,0.0,1047.0,546.0,1047.0,550.0,1000.0,55.7372072606734,2237.95375210029,,,,,,,,,455.0,455.0,125594.0,125734.0,140.0,9.4414019310817,129.742324926399,2843.5332742516102,-1754.17974201151,217.204834448821
125.624,3.4600000381469727,4.139999866485596,1046.0,552.0,1046.0,552.0,-12.619999885559082,3.8900001049041752,198.33999633789065,0.0,0.0,-0.3794000148773193,0.3553999960422516,0.8543000221252443,0.0755999982357025,0.1036999970674514,0.991699993610382,198.77915954589844,0.0,1046.0,552.0,1044.33333333333,507.0,1000.0,112.607872745706,2843.5332742516102,,,,,,,,,455.0,455.0,125594.0,125734.0,140.0,9.4414019310817,129.742324926399,2843.5332742516102,-1754.17974201151,217.204834448821
125.644,3.75,4.139999866485596,1040.0,423.0,1040.0,423.0,-11.020000457763672,25.40999984741211,191.88999938964844,0.0,0.0,-0.1592999994754791,0.2955000102519989,0.9419999718666076,0.0785999968647956,0.1020999997854232,0.991699993610382,193.87852478027344,0.0,1040.0,423.0,1025.88888888889,465.444444444445,1000.0,129.742324926399,856.7226090346741,,,,,,,,,455.0,455.0,125594.0,125734.0,140.0,9.4414019310817,129.742324926399,2843.5332742516102,-1754.17974201151,217.204834448821
125.664,3.839999914169312,3.9600000381469727,-1.0,-1.0,-1.0,-1.0,0.0,0.0,0.0,5.0,5.0,-0.062399998307228,0.258899986743927,0.9639000296592712,0.2802000045776367,0.2942000031471252,0.913699984550476,0.0,1.0,,,991.666666666667,421.333333333333,1000.0,121.777190516524,-398.256720493763,,,,,,,,,455.0,455.0,125594.0,125734.0,140.0,9.4414019310817,129.742324926399,2843.5332742516102,-1754.17974201151,217.204834448821
125.684,5.0,5.0,-1.0,-1.0,-1.0,-1.0,0.0,0.0,0.0,5.0,5.0,0.0,0.0,0.0,0.0,0.0,0.0,0.0,1.0,,,943.333333333333,419.666666666667,1000.0,94.66112948563948,-1355.80305154421,,,,,,,,,455.0,455.0,125594.0,125734.0,140.0,9.4414019310817,129.742324926399,2843.5332742516102,-1754.17974201151,217.204834448821
125.704,3.809999942779541,4.079999923706056,895.0,418.0,895.0,418.0,16.889999389648438,32.650001525878906,240.77999877929688,0.0,0.0,-0.0324000008404254,0.209099993109703,0.977400004863739,0.163900002837181,0.1712999939918518,0.9714999794960022,243.5699157714844,0.0,895.0,418.0,919.444444444444,434.55555555555605,1000.0,59.5775346454093,-1754.17974201151,,,,,,,,,455.0,455.0,125594.0,125734.0,140.0,9.4414019310817,129.742324926399,2843.5332742516102,-1754.17974201151,217.204834448821
125.724,3.809999942779541,4.119999885559082,920.0,466.0,920.0,466.0,13.4399995803833,26.32999992370605,280.7699890136719,0.0,0.0,-0.0211999993771314,0.1861000061035156,0.9822999835014344,0.1160999983549118,0.1097000017762184,0.9872000217437744,282.32196044921875,0.0,920.0,466.0,901.666666666667,439.666666666667,1000.0,31.3381560225873,-1411.9689311410998,,,,,,,,,455.0,455.0,125594.0,125734.0,140.0,9.4414019310817,129.742324926399,2843.5332742516102,-1754.17974201151,217.204834448821
125.744,3.799999952316284,5.0,890.0,435.0,890.0,435.0,21.01000022888184,33.639999389648445,279.79998779296875,0.0,0.0,-0.0179999992251396,0.1720000058412552,0.9848999977111816,0.0,0.0,0.0,282.5970764160156,0.0,890.0,435.0,899.666666666667,448.666666666667,1000.0,16.5799829583867,-737.908653210029,,,,,,,,,,,,,,,,,,
125.764,3.799999952316284,5.0,889.0,445.0,889.0,445.0,21.149999618530277,31.28000068664551,280.20001220703125,0.0,0.0,-0.0175999999046325,0.1645999997854232,0.9861999750137328,0.0,0.0,0.0,282.73272705078125,0.0,889.0,445.0,889.333333333333,443.333333333333,1000.0,22.8802333159062,315.012517875977,,,,,,,,,,,,,,,,,,
125.784,3.799999952316284,5.0,889.0,450.0,889.0,450.0,21.170000076293945,30.020000457763672,280.39999389648443,0.0,0.0,-0.0175000000745058,0.1606000065803527,0.9868999719619752,0.0,0.0,0.0,282.7959289550781,0.0,889.0,450.0,901.666666666667,466.333333333333,1000.0,37.927662851917,752.3714768005381,,,,,,,,,456.0,456.0,125774.0,125794.0,20.0,,37.927662851917,752.3714768005381,,
125.804,3.799999952316284,4.130000114440918,927.0,504.0,927.0,504.0,12.119999885559082,17.670000076293945,291.82000732421875,0.0,0.0,-0.0175000000745058,0.1578000038862228,0.9872999787330629,0.1018000021576881,0.0767000019550323,0.9918000102043154,292.6055908203125,0.0,927.0,504.0,902.666666666667,469.666666666667,1000.0,9.65021204055485,-1413.87254056811,,,,,,,,,,,,,,,,,,
125.824,3.799999952316284,5.0,892.0,455.0,892.0,455.0,21.0,30.04999923706055,290.3800048828125,0.0,0.0,-0.0175000000745058,0.155799999833107,0.987600028514862,0.0,0.0,0.0,292.68505859375,0.0,892.0,455.0,904.333333333333,473.333333333333,1000.0,14.8894615179921,261.962473871861,,,,,,,,,,,,,,,,,,
125.844,3.7899999618530273,5.0,894.0,461.0,894.0,461.0,20.700000762939453,28.479999542236328,290.6199951171875,0.0,0.0,-0.0184000004082918,0.1509999930858612,0.9883999824523924,0.0,0.0,0.0,292.7449035644532,0.0,894.0,461.0,894.0,462.0,1000.0,38.8822908389696,1199.64146604888,,,,,,,,,457.0,457.0,125834.0,125894.0,60.0,1.92010724628037,61.11538240641151,1199.64146604888,,246.66595872329
125.864,3.7799999713897705,5.0,896.0,470.0,896.0,470.0,20.15999984741211,26.11000061035157,290.95001220703125,0.0,0.0,-0.0199999995529651,0.1437000036239624,0.989400029182434,0.0,0.0,0.0,292.81402587890625,0.0,896.0,470.0,888.333333333334,447.666666666667,1000.0,47.4602732404712,428.8991200750789,,,,,,,,,457.0,457.0,125834.0,125894.0,60.0,1.92010724628037,61.11538240641151,1199.64146604888,,246.66595872329
125.884,3.869999885559082,5.0,875.0,412.0,875.0,412.0,25.43000030517578,40.45000076293945,288.510009765625,0.0,0.0,-0.0037000000011175,0.1873999983072281,0.9822999835014344,0.0,0.0,0.0,292.4395751953125,0.0,875.0,412.0,879.333333333334,428.0,1000.0,61.11538240641151,682.755458297014,,,,,,,,,457.0,457.0,125834.0,125894.0,60.0,1.92010724628037,61.11538240641151,1199.64146604888,,246.66595872329
125.904,3.910000085830689,5.0,867.0,402.0,867.0,402.0,27.38999938964844,42.930000305175774,287.7900085449219,0.0,0.0,0.002600000007078,0.1946000009775161,0.98089998960495,0.0,0.0,0.0,292.2606506347656,0.0,867.0,402.0,868.666666666667,404.0,1000.0,16.1863846774041,-2246.44988645037,,,,,,,,,,,,,,,,,,
125.924,3.9300000667572017,5.0,864.0,398.0,864.0,398.0,28.190000534057614,43.810001373291016,287.54998779296875,0.0,0.0,0.0051000001840293,0.1972000002861022,0.980400025844574,0.0,0.0,0.0,292.2310791015625,0.0,864.0,398.0,874.333333333333,416.333333333333,1000.0,45.2105749255543,1451.20951240751,,,,,,,,,458.0,458.0,125914.0,125974.0,60.0,2.62914184327145,64.9024442517564,1451.20951240751,-906.370098779075,61.7502645050257
125.944,3.849999904632568,5.0,892.0,449.0,892.0,449.0,21.020000457763672,31.29999923706055,289.9200134277344,0.0,0.0,-0.0171000007539987,0.1591999977827072,0.9871000051498412,0.0,0.0,0.0,292.3612976074219,0.0,892.0,449.0,884.666666666667,435.666666666667,1000.0,64.9024442517564,984.593466310108,,,,,,,,,458.0,458.0,125914.0,125974.0,60.0,2.62914184327145,64.9024442517564,1451.20951240751,-906.370098779075,61.7502645050257
125.964,3.839999914169312,5.0,898.0,460.0,898.0,460.0,19.540000915527344,28.770000457763672,290.2699890136719,0.0,0.0,-0.0217000003904104,0.1513999998569488,0.9882000088691713,0.0,0.0,0.0,292.34600830078125,0.0,898.0,460.0,898.333333333333,461.0,1000.0,46.7750422761749,-906.370098779075,,,,,,,,,458.0,458.0,125914.0,125974.0,60.0,2.62914184327145,64.9024442517564,1451.20951240751,-906.370098779075,61.7502645050257
125.984,3.7899999618530273,5.0,905.0,474.0,905.0,474.0,17.790000915527344,25.11000061035157,290.8699951171875,0.0,0.0,-0.0272000003606081,0.1403000056743621,0.9897000193595886,0.0,0.0,0.0,292.49334716796875,0.0,905.0,474.0,892.0,471.333333333333,1000.0,10.337167963773698,-1821.89371562006,210.0,210.0,899.416666666667,474.916666666667,125974.0,126134.0,160.0,0.483982188555177,,,,,,,,,,
126.004,3.799999952316284,5.0,873.0,480.0,873.0,480.0,25.979999542236328,23.690000534057614,291.32000732421875,0.0,0.0,-0.003000000026077,0.1363999992609024,0.9907000064849852,0.0,0.0,0.0,293.4340209960937,0.0,873.0,480.0,896.0,468.666666666667,1000.0,6.01745940117214,-215.985428130076,210.0,210.0,899.416666666667,474.916666666667,125974.0,126134.0,160.0,0.483982188555177,,,,,,,,,,
126.024,3.7799999713897705,4.510000228881836,910.0,452.0,910.0,452.0,30.8799991607666,57.25,538.8599853515625,0.0,0.0,0.0091000003740191,0.1243999972939491,0.9922000169754028,0.1024999991059303,0.1445000022649765,0.9842000007629396,542.7717895507812,0.0,910.0,452.0,896.666666666667,471.333333333333,1000.0,12.94678267446,346.466163664393,210.0,210.0,899.416666666667,474.916666666667,125974.0,126134.0,160.0,0.483982188555177,,,,,,,,,,
126.044,3.7899999618530273,4.320000171661377,907.0,482.0,907.0,482.0,31.5,42.040000915527344,529.1099853515625,0.0,0.0,0.0122999995946884,0.1254999935626983,0.9919999837875366,0.1032999977469444,0.0958999991416931,0.9900000095367432,531.7113647460938,0.0,907.0,482.0,905.666666666667,466.0,1000.0,5.20194218383111,-387.242024531444,210.0,210.0,899.416666666667,474.916666666667,125974.0,126134.0,160.0,0.483982188555177,,,,,,,,,,
126.064,3.799999952316284,5.0,900.0,464.0,900.0,464.0,34.650001525878906,50.47999954223633,528.0499877929689,0.0,0.0,0.0132999997586011,0.1263000071048736,0.9919000267982484,0.0,0.0,0.0,531.587890625,0.0,900.0,464.0,900.333333333333,469.666666666667,1000.0,15.170122645703,498.409023093596,210.0,210.0,899.416666666667,474.916666666667,125974.0,126134.0,160.0,0.483982188555177,,,,,,,,,,
126.084,3.809999942779541,5.0,894.0,463.0,894.0,463.0,37.4900016784668,50.7599983215332,527.9199829101562,0.0,0.0,0.018300000578165,0.1266999989748001,0.9918000102043154,0.0,0.0,0.0,531.6781005859375,0.0,894.0,463.0,899.0,475.666666666667,1000.0,20.6477962732151,273.883681375604,210.0,210.0,899.416666666667,474.916666666667,125974.0,126134.0,160.0,0.483982188555177,,,,,,,,,,
126.104,3.7899999618530273,4.25,903.0,500.0,903.0,500.0,29.959999084472656,30.43000030517578,477.9400024414063,0.0,0.0,0.0201999992132186,0.124099999666214,0.9921000003814696,0.1010999977588653,0.0747999995946884,0.9921000003814696,479.8439636230469,0.0,903.0,500.0,900.333333333333,485.666666666667,1000.0,21.4021476953894,37.7175711087133,210.0,210.0,899.416666666667,474.916666666667,125974.0,126134.0,160.0,0.483982188555177,,,,,,,,,,
126.124,3.7899999618530273,4.300000190734863,904.0,494.0,904.0,494.0,32.27000045776367,35.93000030517578,520.8499755859375,0.0,0.0,0.0193000007420778,0.1221000030636787,0.9922999739646912,0.1009000018239021,0.0810000002384185,0.9915999770164488,523.0841674804689,0.0,904.0,494.0,905.333333333333,491.0,1000.0,17.9841717568728,-170.89879692583,210.0,210.0,899.416666666667,474.916666666667,125974.0,126134.0,160.0,0.483982188555177,,,,,,,,,,
126.144,3.7899999618530273,4.340000152587891,909.0,479.0,909.0,479.0,36.22000122070313,51.7599983215332,632.7899780273438,0.0,0.0,0.0179999992251396,0.121299996972084,0.9925000071525572,0.093699999153614,0.0945999994874,0.991100013256073,635.9356689453125,0.0,909.0,479.0,910.333333333333,476.0,1000.0,37.1797304585116,959.777935081942,,,,,,,,,459.0,459.0,126134.0,126154.0,20.0,,37.1797304585116,959.777935081942,,
126.164,3.799999952316284,4.480000019073486,918.0,455.0,918.0,455.0,41.72999954223633,85.91000366210938,833.5599975585938,0.0,0.0,0.0166999995708465,0.1213999986648559,0.9925000071525572,0.0816999971866607,0.12219999730587,0.9890999794006348,839.0137939453125,0.0,918.0,455.0,914.333333333333,463.666666666667,1000.0,25.1801652435919,-599.978260745988,211.0,211.0,912.296296296296,466.03703703703695,126154.0,126334.0,180.0,0.265421727508722,,,,,,,,,,
126.184,3.7899999618530273,5.0,916.0,457.0,916.0,457.0,43.150001525878906,84.87000274658203,833.6300048828125,0.0,0.0,0.018300000578165,0.1211000010371208,0.9925000071525572,0.0,0.0,0.0,839.0493774414062,0.0,916.0,457.0,916.0,457.333333333333,1000.0,0.962372992362919,-1210.88961256145,211.0,211.0,912.296296296296,466.03703703703695,126154.0,126334.0,180.0,0.265421727508722,,,,,,,,,,
126.204,3.7899999618530273,4.480000019073486,914.0,460.0,914.0,460.0,44.31999969482422,82.1500015258789,833.0700073242188,0.0,0.0,0.0197000000625848,0.1185000017285347,0.992799997329712,0.0847999975085258,0.1168000027537346,0.9894999861717224,838.2830810546875,0.0,914.0,460.0,914.666666666667,463.0,1000.0,9.51956946731672,427.85982374769,211.0,211.0,912.296296296296,466.03703703703695,126154.0,126334.0,180.0,0.265421727508722,,,,,,,,,,
126.224,3.809999942779541,4.440000057220459,914.0,472.0,914.0,472.0,39.04999923706055,65.25,740.6199951171875,0.0,0.0,0.0176999997347593,0.119499996304512,0.9926999807357788,0.0857999995350837,0.1008000001311302,0.9911999702453612,744.5135498046875,0.0,914.0,472.0,913.666666666667,464.333333333333,1000.0,10.8289470632262,65.4688797954759,211.0,211.0,912.296296296296,466.03703703703695,126154.0,126334.0,180.0,0.265421727508722,,,,,,,,,,
126.244,3.809999942779541,5.0,913.0,461.0,913.0,461.0,40.1599998474121,72.22000122070312,739.7999877929686,0.0,0.0,0.0166999995708465,0.1195999979972839,0.9926999807357788,0.0,0.0,0.0,744.4008178710938,0.0,913.0,461.0,913.666666666667,471.333333333333,1000.0,7.353983315257571,-173.748187398433,211.0,211.0,912.296296296296,466.03703703703695,126154.0,126334.0,180.0,0.265421727508722,,,,,,,,,,
126.264,3.809999942779541,4.4099998474121085,914.0,481.0,914.0,481.0,36.38000106811523,54.93000030517578,684.4600219726562,0.0,0.0,0.0182000007480382,0.1184000000357628,0.992799997329712,0.0860999971628189,0.0908000022172927,0.9921000003814696,687.6236572265625,0.0,914.0,481.0,911.666666666667,469.666666666667,1000.0,4.815532737546639,-126.922528885547,211.0,211.0,912.296296296296,466.03703703703695,126154.0,126334.0,180.0,0.265421727508722,,,,,,,,,,
126.284,3.809999942779541,5.0,908.0,467.0,908.0,467.0,40.27999877929688,63.459999084472656,683.4400024414064,0.0,0.0,0.0182000007480382,0.1168999969959259,0.9929999709129332,0.0,0.0,0.0,687.5608520507812,0.0,908.0,467.0,910.0,472.0,1000.0,5.84336602911039,51.3916645781877,211.0,211.0,912.296296296296,466.03703703703695,126154.0,126334.0,180.0,0.265421727508722,,,,,,,,,,
126.304,3.809999942779541,5.0,908.0,468.0,908.0,468.0,40.13999938964844,63.0,683.489990234375,0.0,0.0,0.0179999992251396,0.1163000017404556,0.9930999875068665,0.0,0.0,0.0,687.56005859375,0.0,908.0,468.0,908.0,467.0,1000.0,7.9230811009561695,103.98575359228902,211.0,211.0,912.296296296296,466.03703703703695,126154.0,126334.0,180.0,0.265421727508722,,,,,,,,,,
126.324,3.819999933242797,5.0,908.0,466.0,908.0,466.0,39.81999969482422,63.9000015258789,683.3900146484375,0.0,0.0,0.0175999999046325,0.1174999997019767,0.992900013923645,0.0,0.0,0.0,687.5250854492188,0.0,908.0,466.0,908.666666666667,466.0,1000.0,12.9077540772895,249.23364881666697,211.0,211.0,912.296296296296,466.03703703703695,126154.0,126334.0,180.0,0.265421727508722,,,,,,,,,,
126.344,3.829999923706055,5.0,910.0,464.0,910.0,464.0,39.13999938964844,64.95999908447266,683.280029296875,0.0,0.0,0.0166999995708465,0.1190000027418136,0.992799997329712,0.0,0.0,0.0,687.4760131835938,0.0,910.0,464.0,908.333333333333,477.0,1000.0,33.123348364205604,1010.7797143458,,,,,,,,,460.0,460.0,126334.0,126374.0,40.0,0.767246962639022,39.8087841742168,1010.7797143458,,104.349332042947
126.364,3.839999914169312,4.349999904632568,907.0,501.0,907.0,501.0,29.149999618530277,31.040000915527344,496.9500122070313,0.0,0.0,0.017400000244379,0.1204999983310699,0.9926000237464906,0.0966000035405159,0.0733999982476234,0.9926000237464906,498.77099609375,0.0,907.0,501.0,904.666666666667,491.333333333333,1000.0,39.8087841742168,334.271790500564,,,,,,,,,460.0,460.0,126334.0,126374.0,40.0,0.767246962639022,39.8087841742168,1010.7797143458,,104.349332042947
126.384,3.880000114440918,4.320000171661377,897.0,509.0,897.0,509.0,28.020000457763672,23.0,415.1000061035156,0.0,0.0,0.0216000005602836,0.1263999938964843,0.991699993610382,0.1079000011086464,0.0672999992966651,0.9919000267982484,416.6799011230469,0.0,897.0,509.0,898.0,506.0,1000.0,29.7193739443013,-504.470511495775,,,,,,,,,,,,,,,,,,
126.404,3.8900001049041752,4.289999961853027,890.0,508.0,890.0,508.0,29.399999618530277,22.350000381469727,397.5799865722656,0.0,0.0,0.0251000002026557,0.1297000050544738,0.9911999702453612,0.1156999990344047,0.068800002336502,0.9908999800682068,399.29153442382807,0.0,890.0,508.0,882.0,495.333333333333,1000.0,32.0936288308989,118.712744329881,,,,,,,,,461.0,461.0,126394.0,126454.0,60.0,1.31644719957134,35.8103249445659,155.23192526759,,256.328692867804
126.424,3.8900001049041752,5.0,859.0,469.0,859.0,469.0,40.1599998474121,35.7599983215332,395.8500061035156,0.0,0.0,0.0298999994993209,0.1309999972581863,0.9908999800682068,0.0,0.0,0.0,399.4856872558594,0.0,859.0,469.0,875.666666666667,495.0,1000.0,32.7056864392141,30.602880415756697,,,,,,,,,461.0,461.0,126394.0,126454.0,60.0,1.31644719957134,35.8103249445659,155.23192526759,,256.328692867804
126.444,3.910000085830689,4.260000228881836,878.0,508.0,878.0,508.0,31.51000022888184,21.030000686645508,374.30999755859375,0.0,0.0,0.0337000004947185,0.1347000002861022,0.9902999997138976,0.125,0.0687000006437301,0.9897999763488768,376.22216796875,0.0,878.0,508.0,876.0,470.666666666667,1000.0,35.8103249445659,155.23192526759,,,,,,,,,461.0,461.0,126394.0,126454.0,60.0,1.31644719957134,35.8103249445659,155.23192526759,,256.328692867804
126.464,3.920000076293945,4.53000020980835,891.0,435.0,891.0,435.0,53.09999847412109,86.44000244140625,717.7899780273438,0.0,0.0,0.0353999994695186,0.1344999969005584,0.9902999997138976,0.1072999984025955,0.1467999964952469,0.983299970626831,724.9234008789062,0.0,891.0,435.0,883.333333333333,468.333333333333,1000.0,17.878832336067198,-896.574630424934,212.0,212.0,876.604166666667,474.833333333333,126454.0,126773.0,319.0,0.397834332080446,,,,,,,,,,
126.484,3.920000076293945,4.389999866485596,881.0,462.0,881.0,462.0,48.47000122070313,56.54999923706055,585.3599853515625,0.0,0.0,0.0368999987840652,0.1351000070571899,0.9901000261306762,0.1215000003576278,0.1118000000715255,0.986299991607666,590.0792846679688,0.0,881.0,462.0,882.333333333333,458.333333333333,1000.0,10.0291553021527,-392.483851695722,212.0,212.0,876.604166666667,474.833333333333,126454.0,126773.0,319.0,0.397834332080446,,,,,,,,,,
126.504,3.920000076293945,4.329999923706056,875.0,478.0,875.0,478.0,43.790000915527344,41.56999969482422,503.01998901367193,0.0,0.0,0.0383000001311302,0.134100005030632,0.9901999831199646,0.1272000074386596,0.0958999991416931,0.9872000217437744,506.6307678222656,0.0,875.0,478.0,876.666666666667,472.333333333333,1000.0,28.5047823443359,923.781352109157,212.0,212.0,876.604166666667,474.833333333333,126454.0,126773.0,319.0,0.397834332080446,,,,,,,,,,
126.524,3.920000076293945,4.329999923706056,874.0,477.0,874.0,477.0,44.77000045776367,42.31999969482422,508.3999938964844,0.0,0.0,0.0395000018179416,0.1339000016450882,0.9901999831199646,0.1279000043869018,0.096500001847744,0.9871000051498412,512.1190185546875,0.0,874.0,477.0,873.666666666667,478.666666666667,1000.0,11.5818068544758,-846.148774493003,212.0,212.0,876.604166666667,474.833333333333,126454.0,126773.0,319.0,0.397834332080446,,,,,,,,,,
126.544,3.920000076293945,4.320000171661377,872.0,481.0,872.0,481.0,45.27999877929688,40.34000015258789,505.1700134277344,0.0,0.0,0.0417999997735023,0.132200002670288,0.9902999997138976,0.1284999996423721,0.0925000011920928,0.9873999953269958,508.79693603515625,0.0,872.0,481.0,872.0,480.0,1000.0,5.228144672502861,-317.68310909864897,212.0,212.0,876.604166666667,474.833333333333,126454.0,126773.0,319.0,0.397834332080446,,,,,,,,,,
126.564,3.910000085830689,4.320000171661377,870.0,482.0,870.0,482.0,47.4000015258789,40.7400016784668,517.5599975585938,0.0,0.0,0.0439999997615814,0.1293999999761581,0.9905999898910522,0.1299999952316284,0.0917000025510788,0.9872999787330629,521.3203125,0.0,870.0,482.0,874.333333333333,474.666666666667,1000.0,17.5645141727183,616.8184750107711,212.0,212.0,876.604166666667,474.833333333333,126454.0,126773.0,319.0,0.397834332080446,,,,,,,,,,
126.584,3.900000095367432,4.4099998474121085,881.0,461.0,881.0,461.0,61.4000015258789,72.97000122070312,744.0399780273436,0.0,0.0,0.0443000011146068,0.124899998307228,0.9911999702453612,0.1147999987006187,0.1136000007390976,0.9868999719619752,750.126708984375,0.0,881.0,461.0,877.0,467.333333333333,1000.0,12.9080878833134,-232.821314470246,212.0,212.0,876.604166666667,474.833333333333,126454.0,126773.0,319.0,0.397834332080446,,,,,,,,,,
126.604,3.8900001049041752,5.0,880.0,459.0,880.0,459.0,61.63999938964844,74.0,743.9199829101561,0.0,0.0,0.0438000001013278,0.121299996972084,0.9915999770164488,0.0,0.0,0.0,750.1282958984375,0.0,880.0,459.0,879.333333333334,466.0,1000.0,7.9694004329640995,-246.934372517463,212.0,212.0,876.604166666667,474.833333333333,126454.0,126773.0,319.0,0.397834332080446,,,,,,,,,,
126.623,3.8900001049041752,4.369999885559082,877.0,478.0,877.0,478.0,54.6500015258789,52.52999877929688,637.1599731445312,0.0,0.0,0.0428000018000602,0.1184000000357628,0.9919999837875366,0.121799997985363,0.0982000008225441,0.9876999855041506,641.6532592773438,0.0,877.0,478.0,877.666666666667,473.333333333333,1000.0,22.0453685649273,740.840427998061,212.0,212.0,876.604166666667,474.833333333333,126454.0,126773.0,319.0,0.397834332080446,,,,,,,,,,
126.643,3.869999885559082,4.349999904632568,876.0,483.0,876.0,483.0,53.7400016784668,48.91999816894531,623.5,0.0,0.0,0.0425000004470348,0.1155999973416328,0.9923999905586242,0.1229000017046928,0.0947000011801719,0.9879000186920166,627.7208251953125,0.0,876.0,483.0,876.0,482.333333333333,1000.0,15.768225304462,-313.857163023263,212.0,212.0,876.604166666667,474.833333333333,126454.0,126773.0,319.0,0.397834332080446,,,,,,,,,,
126.663,3.8599998950958248,4.349999904632568,875.0,486.0,875.0,486.0,52.540000915527344,45.56000137329102,602.760009765625,0.0,0.0,0.0421999990940094,0.1146999970078468,0.9925000071525572,0.1247999966144561,0.0921000018715858,0.9879000186920166,606.7584228515625,0.0,875.0,486.0,875.333333333333,485.333333333333,1000.0,3.04066065287852,-636.378232579174,212.0,212.0,876.604166666667,474.833333333333,126454.0,126773.0,319.0,0.397834332080446,,,,,,,,,,
126.683,3.8599998950958248,4.360000133514404,875.0,487.0,875.0,487.0,52.83000183105469,45.38000106811523,606.9600219726562,0.0,0.0,0.0417999997735023,0.1124999970197677,0.992799997329712,0.1251000016927719,0.0923999994993209,0.9878000020980836,610.9425659179688,0.0,875.0,487.0,875.666666666667,484.666666666667,1000.0,4.808241407083161,88.37903771023191,212.0,212.0,876.604166666667,474.833333333333,126454.0,126773.0,319.0,0.397834332080446,,,,,,,,,,
126.703,3.8599998950958248,4.4099998474121085,877.0,481.0,877.0,481.0,54.95000076293945,51.38000106811523,642.030029296875,0.0,0.0,0.0414999984204769,0.1123000010848045,0.992799997329712,0.1229000017046928,0.0993999987840652,0.9873999953269958,646.4224243164064,0.0,877.0,481.0,876.0,481.666666666667,1000.0,10.7484255967796,297.009209484823,212.0,212.0,876.604166666667,474.833333333333,126454.0,126773.0,319.0,0.397834332080446,,,,,,,,,,
126.723,3.849999904632568,5.0,876.0,477.0,876.0,477.0,55.86999893188477,53.7599983215332,641.739990234375,0.0,0.0,0.0419999994337558,0.1102000027894973,0.9929999709129332,0.0,0.0,0.0,646.4068603515625,0.0,876.0,477.0,875.333333333333,476.333333333333,1000.0,9.485627373215449,-63.1399111782084,212.0,212.0,876.604166666667,474.833333333333,126454.0,126773.0,319.0,0.397834332080446,,,,,,,,,,
126.743,3.880000114440918,5.0,873.0,471.0,873.0,471.0,57.2400016784668,57.0,641.3099975585938,0.0,0.0,0.0439999997615814,0.1149000003933906,0.9923999905586242,0.0,0.0,0.0,646.3775634765625,0.0,873.0,471.0,875.333333333333,474.333333333333,1000.0,3.46402710138951,-301.080013591297,212.0,212.0,876.604166666667,474.833333333333,126454.0,126773.0,319.0,0.397834332080446,,,,,,,,,,
126.763,3.900000095367432,4.429999828338623,877.0,475.0,877.0,475.0,57.540000915527344,57.4000015258789,671.27001953125,0.0,0.0,0.0443000011146068,0.1184000000357628,0.9919999837875366,0.1204999983310699,0.1013000011444091,0.9875000119209288,676.17236328125,0.0,877.0,475.0,875.666666666667,473.666666666667,1000.0,19.8022434681091,816.9108183359799,212.0,212.0,876.604166666667,474.833333333333,126454.0,126773.0,319.0,0.397834332080446,,,,,,,,,,
126.783,3.900000095367432,4.449999809265137,877.0,475.0,877.0,475.0,56.95000076293945,56.91999816894531,663.989990234375,0.0,0.0,0.0449000000953674,0.120899997651577,0.9915999770164488,0.1199000030755996,0.0996999964118003,0.9878000020980836,668.8541870117188,0.0,877.0,475.0,884.0,461.666666666667,1000.0,31.410038986247105,580.3897759069,,,,,,,,,462.0,462.0,126773.0,126813.0,40.0,0.5107552041949079,31.8843567283157,580.3897759069,,293.96248897457804
126.803,3.910000085830689,4.690000057220459,898.0,435.0,898.0,435.0,55.0099983215332,97.8199996948242,809.72998046875,0.0,0.0,0.0454000011086463,0.123099997639656,0.9914000034332277,0.0864000022411346,0.1544000059366226,0.9842000007629396,817.47021484375,0.0,898.0,435.0,888.0,452.666666666667,1000.0,31.8843567283157,23.715887103427,,,,,,,,,462.0,462.0,126773.0,126813.0,40.0,0.5107552041949079,31.8843567283157,580.3897759069,,293.96248897457804
126.823,3.910000085830689,4.579999923706056,889.0,448.0,889.0,448.0,71.45999908447266,103.04000091552734,944.6300048828124,0.0,0.0,0.0449000000953674,0.1238999962806701,0.9912999868392944,0.1020999997854232,0.1263999938964843,0.9866999983787536,952.9163818359376,0.0,889.0,448.0,894.666666666667,439.333333333333,1000.0,18.436574594147,-672.389106708433,213.0,213.0,891.4545454545461,441.09090909090895,126813.0,127033.0,220.0,0.3869847176692679,,,,,,,,,,
126.843,3.940000057220459,4.75,897.0,435.0,897.0,435.0,39.150001525878906,69.06999969482422,571.3400268554688,0.0,0.0,0.0428999997675418,0.1238999962806701,0.9914000034332277,0.0888999998569488,0.1686999946832656,0.9817000031471252,576.8299560546875,0.0,897.0,435.0,894.666666666667,440.0,1000.0,6.77551992823697,-583.052733295502,213.0,213.0,891.4545454545461,441.09090909090895,126813.0,127033.0,220.0,0.3869847176692679,,,,,,,,,,
126.863,3.950000047683716,4.809999942779541,898.0,437.0,898.0,437.0,27.38999938964844,48.36000061035156,406.25,0.0,0.0,0.0423000007867813,0.1252000033855438,0.9911999702453612,0.0860000029206276,0.1835999935865402,0.979200005531311,410.0340881347656,0.0,898.0,437.0,896.333333333334,434.333333333333,1000.0,8.13505327546065,67.9766673611839,213.0,213.0,891.4545454545461,441.09090909090895,126813.0,127033.0,220.0,0.3869847176692679,,,,,,,,,,
126.883,3.9800000190734863,4.730000019073486,894.0,431.0,894.0,431.0,53.34000015258789,92.41000366210936,745.1699829101561,0.0,0.0,0.0428999997675418,0.1279000043869018,0.9908999800682068,0.0952999964356422,0.1586000025272369,0.982699990272522,752.770263671875,0.0,894.0,431.0,894.333333333333,433.666666666667,1000.0,6.057187395403121,-103.893294002876,213.0,213.0,891.4545454545461,441.09090909090895,126813.0,127033.0,220.0,0.3869847176692679,,,,,,,,,,
126.903,3.990000009536743,4.699999809265137,891.0,433.0,891.0,433.0,62.11999893188477,103.62999725341795,845.5800170898436,0.0,0.0,0.0430999994277954,0.1297000050544738,0.9905999898910522,0.0991000011563301,0.1494999974966049,0.9837999939918518,854.1683959960938,0.0,891.0,433.0,891.666666666667,433.666666666667,1000.0,7.31237829337052,62.7595448983701,213.0,213.0,891.4545454545461,441.09090909090895,126813.0,127033.0,220.0,0.3869847176692679,,,,,,,,,,
126.923,3.990000009536743,4.6599998474121085,890.0,437.0,890.0,437.0,68.12999725341797,108.15000152587892,909.8099975585936,0.0,0.0,0.0434999987483024,0.1310999989509582,0.9904000163078308,0.1017000004649162,0.1387999951839447,0.9850999712944032,918.7449951171876,0.0,890.0,437.0,890.0,437.333333333333,1000.0,6.89971873951355,-20.6329776928486,213.0,213.0,891.4545454545461,441.09090909090895,126813.0,127033.0,220.0,0.3869847176692679,,,,,,,,,,
126.943,3.9700000286102295,4.650000095367432,889.0,442.0,889.0,442.0,64.02999877929689,96.95999908447264,849.72998046875,0.0,0.0,0.0421999990940094,0.1266999989748001,0.99099999666214,0.1036999970674514,0.1366000026464462,0.985199987888336,857.6375732421875,0.0,889.0,442.0,891.0,439.0,1000.0,6.118559486354459,-39.057962657954704,213.0,213.0,891.4545454545461,441.09090909090895,126813.0,127033.0,220.0,0.3869847176692679,,,,,,,,,,
126.963,3.9700000286102295,4.699999809265137,894.0,438.0,894.0,438.0,59.22000122070313,98.76000213623048,834.3300170898436,0.0,0.0,0.0414000004529953,0.1247999966144561,0.9912999868392944,0.0961000025272369,0.1471000015735626,0.984399974346161,842.2393188476561,0.0,894.0,438.0,891.0,442.0,1000.0,10.7399467106943,231.069361216993,213.0,213.0,891.4545454545461,441.09090909090895,126813.0,127033.0,220.0,0.3869847176692679,,,,,,,,,,
126.983,3.9700000286102295,4.630000114440918,890.0,446.0,890.0,446.0,67.13999938964844,100.33999633789064,904.3300170898434,0.0,0.0,0.0423999987542629,0.1251000016927719,0.9911999702453612,0.1017000004649162,0.1301999986171722,0.986299991607666,912.3533325195312,0.0,890.0,446.0,890.333333333333,447.333333333333,1000.0,12.2905333171113,77.5293303208485,213.0,213.0,891.4545454545461,441.09090909090895,126813.0,127033.0,220.0,0.3869847176692679,,,,,,,,,,
127.003,3.990000009536743,4.570000171661377,887.0,458.0,887.0,458.0,62.27000045776367,81.04000091552734,805.6099853515625,0.0,0.0,0.0421999990940094,0.1256999969482422,0.9911999702453612,0.1074000000953674,0.1143999993801116,0.987600028514862,812.0668334960938,0.0,887.0,458.0,887.0,450.666666666667,1000.0,11.6891262466734,-30.070353521893,213.0,213.0,891.4545454545461,441.09090909090895,126813.0,127033.0,220.0,0.3869847176692679,,,,,,,,,,
127.023,4.010000228881836,5.0,884.0,448.0,884.0,448.0,64.04000091552734,87.83999633789062,804.6599731445312,0.0,0.0,0.0434000007808208,0.1287000030279159,0.9907000064849852,0.0,0.0,0.0,811.9696655273436,0.0,884.0,448.0,885.0,454.666666666667,1000.0,24.5898973377408,645.038554553368,213.0,213.0,891.4545454545461,441.09090909090895,126813.0,127033.0,220.0,0.3869847176692679,,,,,,,,,,
127.043,4.019999980926514,4.539999961853027,884.0,458.0,884.0,458.0,60.2599983215332,75.62000274658203,752.25,0.0,0.0,0.0443999990820884,0.131300002336502,0.9902999997138976,0.1102000027894973,0.1112999990582466,0.9876999855041506,758.4390258789062,0.0,884.0,458.0,883.0,469.333333333333,1000.0,40.2339002541681,782.2001458213659,,,,,,,,,463.0,463.0,127033.0,127073.0,40.0,0.858240284707904,40.2339002541681,782.2001458213659,-307.282003009512,108.799885158653
127.063,4.019999980926514,4.420000076293944,881.0,502.0,881.0,502.0,35.5099983215332,26.84000015258789,433.6900024414063,0.0,0.0,0.0445000007748603,0.1315000057220459,0.9902999997138976,0.1110000014305114,0.0709000006318092,0.9912999868392944,435.96829223632807,0.0,881.0,502.0,877.666666666667,485.0,1000.0,34.0882601939779,-307.282003009512,,,,,,,,,463.0,463.0,127033.0,127073.0,40.0,0.858240284707904,40.2339002541681,782.2001458213659,-307.282003009512,108.799885158653
127.083,4.010000228881836,4.260000228881836,868.0,495.0,868.0,495.0,44.27000045776367,31.790000915527344,472.3299865722656,0.0,0.0,0.0496999993920326,0.1289999932050705,0.9904000163078308,0.127700001001358,0.0776000022888183,0.9887999892234802,475.4640502929688,0.0,868.0,495.0,865.0,488.666666666667,1000.0,27.307661096602,-339.029954868795,,,,,,,,,,,,,,,,,,
127.103,3.990000009536743,5.0,846.0,469.0,846.0,469.0,53.040000915527344,42.47999954223633,470.7200012207031,0.0,0.0,0.050500001758337,0.1247999966144561,0.9908999800682068,0.0,0.0,0.0,475.5997314453125,0.0,846.0,469.0,859.666666666667,473.666666666667,1000.0,37.4077536884411,505.004629591956,,,,,,,,,464.0,464.0,127093.0,127113.0,20.0,,37.4077536884411,505.004629591956,,
127.123,3.9600000381469727,4.360000133514404,865.0,457.0,865.0,457.0,65.36000061035156,68.41000366210939,678.8099975585938,0.0,0.0,0.0527999997138977,0.1252000033855438,0.9907000064849852,0.1312000006437301,0.1225000023841858,0.9837999939918518,685.3720703125,0.0,865.0,457.0,858.333333333333,460.333333333333,1000.0,23.7305222171674,-683.861573563688,214.0,214.0,849.194444444444,449.472222222222,127113.0,127353.0,240.0,0.613074938080296,,,,,,,,,,
127.143,3.950000047683716,5.0,864.0,455.0,864.0,455.0,66.20999908447266,69.95999908447266,678.5700073242188,0.0,0.0,0.0540000014007091,0.1265999972820282,0.9904999732971193,0.0,0.0,0.0,685.3724365234375,0.0,864.0,455.0,863.666666666667,455.666666666667,1000.0,1.9190880450778,-1090.57170860448,214.0,214.0,849.194444444444,449.472222222222,127113.0,127353.0,240.0,0.613074938080296,,,,,,,,,,
127.163,3.9300000667572017,5.0,862.0,455.0,862.0,455.0,67.54000091552734,69.56999969482422,678.5599975585938,0.0,0.0,0.0559000000357627,0.1260000020265579,0.9904999732971193,0.0,0.0,0.0,685.45263671875,0.0,862.0,455.0,859.0,459.0,1000.0,9.87380058378527,397.735626935374,214.0,214.0,849.194444444444,449.472222222222,127113.0,127353.0,240.0,0.613074938080296,,,,,,,,,,
127.183,3.900000095367432,4.28000020980835,851.0,467.0,851.0,467.0,60.52999877929688,51.27000045776367,555.3900146484375,0.0,0.0,0.0560000017285346,0.124899998307228,0.9905999898910522,0.1500999927520752,0.1172000020742416,0.9817000031471252,561.0263061523438,0.0,851.0,467.0,856.0,456.333333333333,1000.0,10.2520245721969,18.9111994205827,214.0,214.0,849.194444444444,449.472222222222,127113.0,127353.0,240.0,0.613074938080296,,,,,,,,,,
127.203,3.880000114440918,4.400000095367432,855.0,447.0,855.0,447.0,56.22000122070313,58.75,534.5999755859375,0.0,0.0,0.0560999996960163,0.1228000000119209,0.9908000230789183,0.1421999931335449,0.1532000005245208,0.9779000282287597,540.7489624023438,0.0,855.0,447.0,851.0,459.0,1000.0,9.97469126656927,-13.8666652813829,214.0,214.0,849.194444444444,449.472222222222,127113.0,127353.0,240.0,0.613074938080296,,,,,,,,,,
127.223,3.8900001049041752,5.0,847.0,463.0,847.0,463.0,59.81999969482422,51.13000106811523,535.4400024414064,0.0,0.0,0.0564000010490417,0.1255999952554702,0.9904999732971193,0.0,0.0,0.0,541.1919555664064,0.0,847.0,463.0,851.0,450.333333333333,1000.0,14.4863651148852,225.583692415798,214.0,214.0,849.194444444444,449.472222222222,127113.0,127353.0,240.0,0.613074938080296,,,,,,,,,,
127.243,3.880000114440918,4.380000114440918,851.0,441.0,851.0,441.0,56.22000122070313,59.290000915527344,517.3699951171875,0.0,0.0,0.0584000013768673,0.126800000667572,0.9901999831199646,0.145699992775917,0.1595000028610229,0.9764000177383424,523.7821044921875,0.0,851.0,441.0,848.333333333333,448.0,1000.0,15.7491248167747,63.1379850944741,214.0,214.0,849.194444444444,449.472222222222,127113.0,127353.0,240.0,0.613074938080296,,,,,,,,,,
127.263,3.869999885559082,4.340000152587891,847.0,440.0,847.0,440.0,54.5,56.0,483.6199951171875,0.0,0.0,0.0604000017046928,0.1272999942302704,0.9900000095367432,0.150299996137619,0.1650000065565109,0.9747999906539916,489.8923950195313,0.0,847.0,440.0,847.0,438.666666666667,1000.0,14.7221398099175,-51.349250342858895,214.0,214.0,849.194444444444,449.472222222222,127113.0,127353.0,240.0,0.613074938080296,,,,,,,,,,
127.283,3.869999885559082,4.309999942779541,843.0,435.0,843.0,435.0,53.70000076293945,55.43000030517578,461.8500061035156,0.0,0.0,0.0631000027060508,0.1301999986171722,0.9894999861717224,0.1533000022172928,0.1722999960184097,0.9729999899864196,468.2537841796875,0.0,843.0,435.0,842.0,438.333333333333,1000.0,10.2280606225791,-224.70395936692,214.0,214.0,849.194444444444,449.472222222222,127113.0,127353.0,240.0,0.613074938080296,,,,,,,,,,
127.303,3.900000095367432,4.210000038146973,836.0,440.0,836.0,440.0,58.86999893188477,55.5099983215332,481.25,0.0,0.0,0.0619000010192394,0.1375000029802322,0.988600015640259,0.1659999936819076,0.1543000042438507,0.9739999771118164,488.0046997070313,0.0,836.0,440.0,839.0,439.0,1000.0,7.28480064481623,-147.162998888145,214.0,214.0,849.194444444444,449.472222222222,127113.0,127353.0,240.0,0.613074938080296,,,,,,,,,,
127.323,3.8900001049041752,4.179999828338623,838.0,442.0,838.0,442.0,58.459999084472656,55.7599983215332,488.05999755859375,0.0,0.0,0.0597999989986419,0.137700006365776,0.9886999726295472,0.1635999977588653,0.1513999998569488,0.9747999906539916,494.70123291015625,0.0,838.0,442.0,837.666666666667,442.0,1000.0,10.4701509656162,159.267516039996,214.0,214.0,849.194444444444,449.472222222222,127113.0,127353.0,240.0,0.613074938080296,,,,,,,,,,
127.343,3.869999885559082,4.150000095367432,839.0,444.0,839.0,444.0,58.6599998474121,55.2400016784668,492.1900024414063,0.0,0.0,0.0599999986588954,0.1349000036716461,0.9890000224113464,0.1624999940395355,0.1500999927520752,0.9751999974250792,498.7418518066406,0.0,839.0,444.0,837.333333333333,447.0,1000.0,7.21182581413807,-162.916257573904,214.0,214.0,849.194444444444,449.472222222222,127113.0,127353.0,240.0,0.613074938080296,,,,,,,,,,
127.363,3.869999885559082,5.0,835.0,455.0,835.0,455.0,60.59999847412109,50.43999862670898,492.739990234375,0.0,0.0,0.0623000003397464,0.1342999935150146,0.9890000224113464,0.0,0.0,0.0,499.00827026367193,0.0,835.0,455.0,834.0,437.666666666667,1000.0,38.34339954552679,1556.57868656944,,,,,,,,,465.0,465.0,127353.0,127513.0,160.0,6.67126426019643,90.1691477530039,2059.3169772415304,-1497.9884043686802,49.0930878686681
127.383,4.0,4.119999885559082,828.0,414.0,828.0,414.0,64.70999908447266,69.23999786376953,499.48001098632807,0.0,0.0,0.0790000036358833,0.186599999666214,0.979200005531311,0.1618999987840652,0.1446000039577484,0.976199984550476,508.3914184570313,0.0,828.0,414.0,862.333333333333,430.666666666667,1000.0,79.52973909035741,2059.3169772415304,,,,,,,,,465.0,465.0,127353.0,127513.0,160.0,6.67126426019643,90.1691477530039,2059.3169772415304,-1497.9884043686802,49.0930878686681
127.403,4.010000228881836,4.75,924.0,423.0,924.0,423.0,20.239999771118164,59.09000015258789,448.1799926757813,0.0,0.0,0.0310999993234872,0.1392000019550323,0.9897999763488768,0.0577000007033348,0.1867000013589859,0.9807000160217284,452.5114440917969,0.0,924.0,423.0,896.0,441.0,1000.0,90.1691477530039,531.970433132327,,,,,,,,,465.0,465.0,127353.0,127513.0,160.0,6.67126426019643,90.1691477530039,2059.3169772415304,-1497.9884043686802,49.0930878686681
127.423,3.9700000286102295,4.360000133514404,936.0,486.0,936.0,486.0,14.630000114440918,33.540000915527344,438.239990234375,0.0,0.0,-0.0052999998442828,0.1429000049829483,0.9897000193595886,0.0737999975681305,0.0856000036001205,0.9936000108718872,439.7650146484375,0.0,936.0,486.0,928.666666666667,453.666666666667,1000.0,84.0087566334859,-308.01955597590097,,,,,,,,,465.0,465.0,127353.0,127513.0,160.0,6.67126426019643,90.1691477530039,2059.3169772415304,-1497.9884043686802,49.0930878686681
127.443,3.940000057220459,5.0,926.0,452.0,926.0,452.0,18.65999984741211,46.43000030517578,436.6900024414063,0.0,0.0,-0.0172000005841255,0.1419000029563903,0.9897000193595886,0.0,0.0,0.0,439.547607421875,0.0,926.0,452.0,935.333333333333,493.0,1000.0,81.27304574111209,-136.78554461868902,,,,,,,,,465.0,465.0,127353.0,127513.0,160.0,6.67126426019643,90.1691477530039,2059.3169772415304,-1497.9884043686802,49.0930878686681
127.463,3.9300000667572017,4.210000038146973,944.0,541.0,944.0,541.0,7.079999923706056,7.690000057220459,270.67999267578125,0.0,0.0,-0.0229000002145767,0.1396999955177307,0.98989999294281,0.0804999992251396,0.046799998730421,0.9957000017166135,270.8817443847656,0.0,944.0,541.0,937.0,516.0,1000.0,51.3132776537386,-1497.9884043686802,,,,,,,,,465.0,465.0,127353.0,127513.0,160.0,6.67126426019643,90.1691477530039,2059.3169772415304,-1497.9884043686802,49.0930878686681
127.483,3.900000095367432,4.1599998474121085,941.0,555.0,941.0,555.0,6.860000133514404,3.740000009536743,239.22000122070315,0.0,0.0,-0.0219999998807907,0.1418000012636184,0.9897000193595886,0.0847999975085258,0.0375999994575977,0.9957000017166135,239.3475646972656,0.0,941.0,555.0,920.333333333333,529.666666666667,1000.0,34.511020183816,-840.1128734961329,,,,,,,,,465.0,465.0,127353.0,127513.0,160.0,6.67126426019643,90.1691477530039,2059.3169772415304,-1497.9884043686802,49.0930878686681
127.503,3.880000114440918,5.0,876.0,493.0,876.0,493.0,20.649999618530277,16.600000381469727,238.42999267578125,0.0,0.0,-0.0221999995410442,0.13680000603199,0.9902999997138976,0.0,0.0,0.0,239.8975830078125,0.0,876.0,493.0,918.333333333333,535.0,1000.0,33.245175009827,-63.29225869944611,,,,,,,,,465.0,465.0,127353.0,127513.0,160.0,6.67126426019643,90.1691477530039,2059.3169772415304,-1497.9884043686802,49.0930878686681
127.523,3.869999885559082,4.119999885559082,938.0,557.0,938.0,557.0,8.210000038146973,3.75,260.3599853515625,0.0,0.0,-0.0218000002205371,0.131300002336502,0.991100013256073,0.0892999991774559,0.0355999991297721,0.9954000115394592,260.5163879394532,0.0,938.0,557.0,899.0,515.333333333333,1000.0,7.354011215229219,-1294.55818972989,215.0,215.0,915.222222222222,502.355555555556,127513.0,127813.0,300.0,0.710750441411009,,,,,,,,,,
127.543,3.869999885559082,5.0,883.0,496.0,883.0,496.0,20.809999465942383,17.309999465942386,259.44000244140625,0.0,0.0,-0.0200999993830919,0.1296000033617019,0.9914000034332277,0.0,0.0,0.0,260.84823608398443,0.0,883.0,496.0,918.666666666667,529.333333333333,1000.0,14.597842702245,362.191574350788,215.0,215.0,915.222222222222,502.355555555556,127513.0,127813.0,300.0,0.710750441411009,,,,,,,,,,
127.563,3.869999885559082,4.110000133514404,935.0,535.0,935.0,535.0,10.420000076293944,10.140000343322754,306.4800109863281,0.0,0.0,-0.0186000000685453,0.1307000070810318,0.9912999868392944,0.0899000018835067,0.0507999993860721,0.994700014591217,306.8246765136719,0.0,935.0,535.0,905.333333333333,506.0,1000.0,16.6688213808321,103.548933929356,215.0,215.0,915.222222222222,502.355555555556,127513.0,127813.0,300.0,0.710750441411009,,,,,,,,,,
127.583,3.869999885559082,5.0,898.0,487.0,898.0,487.0,20.590000152587887,22.84000015258789,305.4200134277344,0.0,0.0,-0.0179999992251396,0.1281999945640564,0.9915999770164488,0.0,0.0,0.0,306.9641418457032,0.0,898.0,487.0,922.333333333333,517.0,1000.0,11.9943354961085,-233.72429423617905,215.0,215.0,915.222222222222,502.355555555556,127513.0,127813.0,300.0,0.710750441411009,,,,,,,,,,
127.603,3.849999904632568,4.099999904632568,934.0,529.0,934.0,529.0,11.479999542236328,12.56999969482422,327.6700134277344,0.0,0.0,-0.0195000004023313,0.1279000043869018,0.9915999770164488,0.0923999994993209,0.0564999990165233,0.9940999746322634,328.1119079589844,0.0,934.0,529.0,912.666666666667,500.333333333333,1000.0,5.76040284664163,-311.696632473345,215.0,215.0,915.222222222222,502.355555555556,127513.0,127813.0,300.0,0.710750441411009,,,,,,,,,,
127.623,3.839999914169312,5.0,906.0,485.0,906.0,485.0,19.670000076293945,25.01000022888184,326.5599975585937,0.0,0.0,-0.0195000004023313,0.1266999989748001,0.991699993610382,0.0,0.0,0.0,328.1064453125,0.0,906.0,485.0,923.333333333333,512.666666666667,1000.0,3.97814012876194,-89.11313589398459,215.0,215.0,915.222222222222,502.355555555556,127513.0,127813.0,300.0,0.710750441411009,,,,,,,,,,
127.643,3.839999914169312,4.079999923706056,930.0,524.0,930.0,524.0,13.109999656677244,14.649999618530272,342.8500061035156,0.0,0.0,-0.019200000911951,0.1254999935626983,0.9919000267982484,0.097800001502037,0.0625,0.9932000041007996,343.4131774902344,0.0,930.0,524.0,914.666666666667,498.0,1000.0,5.031154413850679,52.65071425443711,215.0,215.0,915.222222222222,502.355555555556,127513.0,127813.0,300.0,0.710750441411009,,,,,,,,,,
127.663,3.829999923706055,5.0,908.0,485.0,908.0,485.0,19.809999465942383,26.26000022888184,341.7699890136719,0.0,0.0,-0.018300000578165,0.124899998307228,0.9919999837875366,0.0,0.0,0.0,343.3493347167969,0.0,908.0,485.0,921.333333333333,509.333333333333,1000.0,2.19778073086752,-141.668684149158,215.0,215.0,915.222222222222,502.355555555556,127513.0,127813.0,300.0,0.710750441411009,,,,,,,,,,
127.683,3.829999923706055,4.079999923706056,926.0,519.0,926.0,519.0,15.229999542236328,17.0,357.8500061035156,0.0,0.0,-0.0173000004142522,0.1234999969601631,0.9922000169754028,0.1036000028252601,0.0693999975919723,0.9922000169754028,358.5771484375,0.0,926.0,519.0,914.333333333333,496.333333333333,1000.0,19.476343666624103,863.928146787828,215.0,215.0,915.222222222222,502.355555555556,127513.0,127813.0,300.0,0.710750441411009,,,,,,,,,,
127.703,3.839999914169312,5.0,909.0,485.0,909.0,485.0,20.520000457763672,27.51000022888184,356.82000732421875,0.0,0.0,-0.0157999992370605,0.1234000027179718,0.9922000169754028,0.0,0.0,0.0,358.4667053222656,0.0,909.0,485.0,914.333333333333,496.0,1000.0,17.714727269182,-88.0808198721031,215.0,215.0,915.222222222222,502.355555555556,127513.0,127813.0,300.0,0.710750441411009,,,,,,,,,,
127.723,3.849999904632568,5.0,908.0,484.0,908.0,484.0,20.799999237060547,27.82999992370605,356.7900085449219,0.0,0.0,-0.0151000004261732,0.1242000013589859,0.9921000003814696,0.0,0.0,0.0,358.4776916503906,0.0,908.0,484.0,908.333333333333,484.0,1000.0,5.86579506880797,-592.446610018703,215.0,215.0,915.222222222222,502.355555555556,127513.0,127813.0,300.0,0.710750441411009,,,,,,,,,,
127.743,3.849999904632568,5.0,908.0,483.0,908.0,483.0,20.86000061035157,28.11000061035157,356.75,0.0,0.0,-0.0149999996647238,0.124899998307228,0.9921000003814696,0.0,0.0,0.0,358.4632263183594,0.0,908.0,483.0,915.666666666667,491.666666666667,1000.0,15.0187232929973,457.64641120946703,215.0,215.0,915.222222222222,502.355555555556,127513.0,127813.0,300.0,0.710750441411009,,,,,,,,,,
127.763,3.8599998950958248,4.090000152587891,931.0,508.0,931.0,508.0,15.449999809265137,23.229999542236328,408.8200073242188,0.0,0.0,-0.0148000000044703,0.1231999993324279,0.9922999739646912,0.0921000018715858,0.0750999972224235,0.992900013923645,409.7708129882813,0.0,931.0,508.0,918.666666666667,489.333333333333,1000.0,14.625014670610302,-19.6854311193487,215.0,215.0,915.222222222222,502.355555555556,127513.0,127813.0,300.0,0.710750441411009,,,,,,,,,,
127.783,3.869999885559082,5.0,917.0,477.0,917.0,477.0,20.479999542236328,34.080001831054695,407.70999145507807,0.0,0.0,-0.0141000002622604,0.1238999962806701,0.9922000169754028,0.0,0.0,0.0,409.6441345214844,0.0,917.0,477.0,923.666666666667,499.666666666667,1000.0,3.68512641017094,-546.99441302197,215.0,215.0,915.222222222222,502.355555555556,127513.0,127813.0,300.0,0.710750441411009,,,,,,,,,,
127.803,3.8900001049041752,4.090000152587891,923.0,514.0,923.0,514.0,16.489999771118164,19.049999237060547,368.2000122070313,0.0,0.0,-0.0131000000983476,0.1257999986410141,0.9919999837875366,0.1032999977469444,0.0719999969005584,0.9919999837875366,369.06106567382807,0.0,923.0,514.0,916.0,490.333333333333,1000.0,18.561398087901896,743.813583886549,215.0,215.0,915.222222222222,502.355555555556,127513.0,127813.0,300.0,0.710750441411009,,,,,,,,,,
127.823,3.900000095367432,5.0,908.0,480.0,908.0,480.0,21.420000076293945,29.68000030517578,367.1000061035156,0.0,0.0,-0.0131999999284744,0.1254999935626983,0.9919999837875366,0.0,0.0,0.0,368.9202270507813,0.0,908.0,480.0,923.333333333333,514.0,1000.0,33.305311323051804,737.195661757496,,,,,,,,,466.0,466.0,127813.0,127893.0,80.0,3.47778473314358,70.7773746071038,1430.0998818596695,-98.6015464599184,206.565051177078
127.843,5.0,4.079999923706056,939.0,548.0,939.0,548.0,11.239999771118164,8.0600004196167,369.760009765625,0.0,0.0,0.0,0.0,0.0,0.1023999974131584,0.0712999999523162,0.9922000169754028,370.01858520507807,0.0,939.0,548.0,908.666666666667,515.0,1000.0,42.1753769699104,443.50328234292505,,,,,,,,,466.0,466.0,127813.0,127893.0,80.0,3.47778473314358,70.7773746071038,1430.0998818596695,-98.6015464599184,206.565051177078
127.863,3.869999885559082,4.179999828338623,879.0,517.0,879.0,517.0,33.2599983215332,19.38999938964844,399.1000061035156,0.0,0.0,0.0223999992012977,0.1146999970078468,0.9930999875068665,0.1360999941825866,0.0706999972462654,0.9882000088691713,400.95263671875,0.0,879.0,517.0,891.0,509.666666666667,1000.0,70.7773746071038,1430.0998818596695,,,,,,,,,466.0,466.0,127813.0,127893.0,80.0,3.47778473314358,70.7773746071038,1430.0998818596695,-98.6015464599184,206.565051177078
127.883,4.010000228881836,4.360000133514404,855.0,464.0,855.0,464.0,39.209999084472656,35.59000015258789,373.9400024414063,0.0,0.0,0.0577000007033348,0.1708000004291534,0.9836000204086304,0.1377999931573867,0.1026000007987022,0.9850999712944032,377.6707458496094,0.0,855.0,464.0,863.333333333334,484.0,1000.0,68.8053436779054,-98.6015464599184,,,,,,,,,466.0,466.0,127813.0,127893.0,80.0,3.47778473314358,70.7773746071038,1430.0998818596695,-98.6015464599184,206.565051177078
127.903,4.03000020980835,4.320000171661377,856.0,471.0,856.0,471.0,38.97999954223633,33.310001373291016,374.23001098632807,0.0,0.0,0.0705000013113021,0.1885000020265579,0.9794999957084656,0.123999997973442,0.0729999989271164,0.9896000027656556,377.7261962890625,0.0,856.0,471.0,853.333333333333,471.666666666667,1000.0,19.199723489408,-2480.28100942487,216.0,216.0,853.111111111111,473.55555555555605,127893.0,127953.0,60.0,0.13660143194301,,,,,,,,,,
127.923,4.039999961853027,4.449999809265137,849.0,480.0,849.0,480.0,25.479999542236328,18.65999984741211,230.32000732421875,0.0,0.0,0.0746000036597252,0.1925999969244003,0.9783999919891356,0.1243000030517578,0.1023999974131584,0.9868999719619752,232.4752197265625,0.0,849.0,480.0,850.666666666667,476.0,1000.0,3.07668258838742,-806.152045051031,216.0,216.0,853.111111111111,473.55555555555605,127893.0,127953.0,60.0,0.13660143194301,,,,,,,,,,
127.943,4.070000171661377,4.440000057220459,847.0,477.0,847.0,477.0,24.270000457763672,18.149999618530277,217.44999694824216,0.0,0.0,0.0747999995946884,0.1993999928236008,0.9771000146865844,0.1247000023722648,0.1062999963760376,0.9865000247955322,219.55172729492188,0.0,847.0,477.0,855.333333333334,473.0,1000.0,21.654249547867305,928.878347973996,216.0,216.0,853.111111111111,473.55555555555605,127893.0,127953.0,60.0,0.13660143194301,,,,,,,,,,
127.963,4.090000152587891,4.590000152587891,870.0,462.0,870.0,462.0,20.1299991607666,21.06999969482421,218.67999267578125,0.0,0.0,0.0728000029921531,0.2011999934911728,0.97680002450943,0.0944000035524368,0.123999997973442,0.9878000020980836,220.613021850586,0.0,870.0,462.0,863.666666666667,465.333333333333,1000.0,53.5948830208739,1597.0316736503305,,,,,,,,,467.0,467.0,127953.0,128073.0,120.0,4.13724047537542,135.724927091424,2899.26726332152,-3496.1773939386,285.25511870305803
127.983,4.079999923706056,4.6599998474121085,874.0,457.0,874.0,457.0,18.40999984741211,21.07999992370605,207.6000061035156,0.0,0.0,0.0722000002861022,0.1999000012874603,0.9771000146865844,0.0882999971508979,0.140400007367134,0.9861000180244444,209.47805786132807,0.0,874.0,457.0,823.666666666667,445.333333333333,1000.0,111.580228287304,2899.26726332152,,,,,,,,,467.0,467.0,127953.0,128073.0,120.0,4.13724047537542,135.724927091424,2899.26726332152,-3496.1773939386,285.25511870305803
128.003,4.070000171661377,5.0,727.0,417.0,727.0,417.0,44.790000915527344,27.71999931335449,205.8800048828125,0.0,0.0,0.0719999969005584,0.1987999975681304,0.977400004863739,0.0,0.0,0.0,212.51144409179688,0.0,727.0,417.0,779.0,441.666666666667,1000.0,58.326647885446704,-2662.67902009288,,,,,,,,,467.0,467.0,127953.0,128073.0,120.0,4.13724047537542,135.724927091424,2899.26726332152,-3496.1773939386,285.25511870305803
128.023,4.010000228881836,5.0,736.0,451.0,736.0,451.0,43.41999816894531,21.780000686645508,207.19000244140625,0.0,0.0,0.0662000030279159,0.1746000051498413,0.9824000000953674,0.0,0.0,0.0,212.8082733154297,0.0,736.0,451.0,783.666666666667,422.0,1000.0,82.0589471005734,1186.61496075634,,,,,,,,,467.0,467.0,127953.0,128073.0,120.0,4.13724047537542,135.724927091424,2899.26726332152,-3496.1773939386,285.25511870305803
128.043,4.0,4.699999809265137,888.0,398.0,888.0,398.0,148.60000610351562,296.0899963378906,1938.0699462890625,0.0,0.0,0.0632999986410141,0.1638000011444091,0.9844999909400942,0.0864000022411346,0.1525000035762787,0.9844999909400942,1966.1806640625,0.0,888.0,398.0,836.0,411.666666666667,1000.0,135.724927091424,2683.29899954254,,,,,,,,,467.0,467.0,127953.0,128073.0,120.0,4.13724047537542,135.724927091424,2899.26726332152,-3496.1773939386,285.25511870305803
128.063,4.039999961853027,4.730000019073486,884.0,386.0,884.0,386.0,91.7300033569336,185.25,1135.6400146484375,0.0,0.0,0.0692000016570091,0.1844999939203262,0.980400025844574,0.0869999974966049,0.161200001835823,0.9830999970436096,1154.30078125,0.0,884.0,386.0,884.666666666667,388.333333333333,1000.0,65.80137921265221,-3496.1773939386,,,,,,,,,467.0,467.0,127953.0,128073.0,120.0,4.13724047537542,135.724927091424,2899.26726332152,-3496.1773939386,285.25511870305803
128.083,4.039999961853027,4.760000228881836,882.0,381.0,882.0,381.0,80.30000305175781,163.6699981689453,973.6500244140624,0.0,0.0,0.0722000002861022,0.1915999948978424,0.9787999987602234,0.0865999981760978,0.1671999990940094,0.982100009918213,990.5706787109376,0.0,882.0,381.0,874.0,377.0,1000.0,25.547944630619195,-2012.67172910165,217.0,217.0,866.583333333333,376.416666666667,128073.0,128153.0,80.0,0.2810721889973029,,,,,,,,,,
128.103,4.039999961853027,5.0,856.0,364.0,856.0,364.0,101.9800033569336,176.72000122070312,969.7899780273436,0.0,0.0,0.0729999989271164,0.1928000003099441,0.9785000085830688,0.0,0.0,0.0,991.0209350585936,0.0,856.0,364.0,867.0,378.666666666667,1000.0,18.8177977913068,-336.507341965619,217.0,217.0,866.583333333333,376.416666666667,128073.0,128153.0,80.0,0.2810721889973029,,,,,,,,,,
128.123,4.0,5.0,863.0,391.0,863.0,391.0,96.2300033569336,154.7899932861328,974.3900146484376,0.0,0.0,0.0672999992966651,0.1714999973773956,0.9829000234603882,0.0,0.0,0.0,991.290100097656,0.0,863.0,391.0,859.333333333333,375.0,1000.0,4.79306901937989,-701.236438596346,217.0,217.0,866.583333333333,376.416666666667,128073.0,128153.0,80.0,0.2810721889973029,,,,,,,,,,
128.143,4.039999961853027,5.0,859.0,370.0,859.0,370.0,99.41000366210936,172.35000610351562,970.7899780273436,0.0,0.0,0.0703999996185302,0.1886000037193298,0.9794999957084656,0.0,0.0,0.0,990.9692993164062,0.0,859.0,370.0,866.0,375.0,1000.0,26.9897752260924,1109.83531033563,217.0,217.0,866.583333333333,376.416666666667,128073.0,128153.0,80.0,0.2810721889973029,,,,,,,,,,
128.163,4.079999923706056,4.78000020980835,876.0,364.0,876.0,364.0,120.70999908447266,252.19000244140625,1383.9300537109375,0.0,0.0,0.0750000029802322,0.1982000023126602,0.977299988269806,0.093299999833107,0.1783999949693679,0.9794999957084656,1411.889892578125,0.0,876.0,364.0,866.666666666667,355.0,1000.0,43.3294425225568,816.9833648232201,,,,,,,,,468.0,468.0,128153.0,128173.0,20.0,,43.3294425225568,816.9833648232201,,
128.183,4.2199997901916495,5.0,865.0,331.0,865.0,331.0,133.89999389648438,290.1499938964844,1375.1300048828125,0.0,0.0,0.0737000033259391,0.2150000035762787,0.9738000035285947,0.0,0.0,0.0,1411.771484375,0.0,865.0,331.0,868.333333333333,340.66666666666697,1000.0,18.4186481524378,-1245.53971850595,218.0,218.0,854.333333333334,342.066666666667,128173.0,128273.0,100.0,0.6461868336236279,,,,,,,,,,
128.203,4.25,5.0,864.0,327.0,864.0,327.0,135.38999938964844,295.5,1373.8199462890625,0.0,0.0,0.0747999995946884,0.2187000066041946,0.9728999733924864,0.0,0.0,0.0,1411.7479248046875,0.0,864.0,327.0,865.666666666667,340.33333333333303,1000.0,16.3501675495453,-103.424030144624,218.0,218.0,854.333333333334,342.066666666667,128173.0,128273.0,100.0,0.6461868336236279,,,,,,,,,,
128.223,4.25,4.75,868.0,363.0,868.0,363.0,64.19000244140625,124.62999725341795,679.0700073242188,0.0,0.0,0.0756999999284744,0.2176000028848648,0.973100006580353,0.1033999994397163,0.180099993944168,0.9782000184059144,693.3895263671875,0.0,868.0,363.0,855.666666666667,343.0,1000.0,25.9807386532596,481.528555185717,218.0,218.0,854.333333333334,342.066666666667,128173.0,128273.0,100.0,0.6461868336236279,,,,,,,,,,
128.243,4.239999771118164,5.0,835.0,339.0,835.0,339.0,83.69000244140625,137.6300048828125,675.010009765625,0.0,0.0,0.0775000005960464,0.2177000045776367,0.9728999733924864,0.0,0.0,0.0,693.962890625,0.0,835.0,339.0,846.333333333334,347.0,1000.0,25.587075869887,-19.6831391686327,218.0,218.0,854.333333333334,342.066666666667,128173.0,128273.0,100.0,0.6461868336236279,,,,,,,,,,
128.263,4.239999771118164,5.0,836.0,339.0,836.0,339.0,83.27999877929686,137.75999450683594,675.010009765625,0.0,0.0,0.0768999978899955,0.2178999930620193,0.9728999733924864,0.0,0.0,0.0,693.9393920898438,0.0,836.0,339.0,835.666666666667,339.33333333333303,1000.0,20.6191571064938,-248.39593816965697,218.0,218.0,854.333333333334,342.066666666667,128173.0,128273.0,100.0,0.6461868336236279,,,,,,,,,,
128.283,4.2199997901916495,5.0,836.0,340.0,836.0,340.0,83.13999938964845,137.0800018310547,675.1699829101562,0.0,0.0,0.0767000019550323,0.2169999927282333,0.973200023174286,0.0,0.0,0.0,693.943603515625,0.0,836.0,340.0,841.666666666667,362.666666666667,1000.0,44.04102785421311,1171.09353738596,,,,,,,,,469.0,469.0,128273.0,128392.0,119.0,4.54122476498185,57.0990340201276,1171.09353738596,-567.3648157128421,162.737003534221
128.302,4.199999809265137,4.590000152587891,853.0,409.0,853.0,409.0,37.72999954223633,50.540000915527344,352.3800048828125,0.0,0.0,0.0759000033140182,0.2142000049352645,0.9738000035285947,0.1209999993443489,0.1472000032663345,0.9817000031471252,357.9797668457032,0.0,853.0,409.0,826.0,372.0,1000.0,57.0990340201276,687.263482416554,,,,,,,,,469.0,469.0,128273.0,128392.0,119.0,4.54122476498185,57.0990340201276,1171.09353738596,-567.3648157128421,162.737003534221
128.322,4.179999828338623,5.0,789.0,367.0,789.0,367.0,57.09999847412109,62.59000015258789,348.94000244140625,0.0,0.0,0.0759999975562095,0.2126999944448471,0.9742000102996826,0.0,0.0,0.0,359.0780334472656,0.0,789.0,367.0,829.0,404.666666666667,1000.0,47.569261478918,-476.488627060483,,,,,,,,,469.0,469.0,128273.0,128392.0,119.0,4.54122476498185,57.0990340201276,1171.09353738596,-567.3648157128421,162.737003534221
128.342,4.170000076293944,4.449999809265137,845.0,438.0,845.0,438.0,30.34000015258789,31.15999984741211,265.8599853515625,0.0,0.0,0.0759999975562095,0.2122000008821487,0.9743000268936156,0.1296000033617019,0.1278000026941299,0.983299970626831,269.3937683105469,0.0,845.0,438.0,797.333333333333,396.0,1000.0,53.044771003725,273.775476240352,,,,,,,,,469.0,469.0,128273.0,128392.0,119.0,4.54122476498185,57.0990340201276,1171.09353738596,-567.3648157128421,162.737003534221
128.362,4.1599998474121085,5.0,758.0,383.0,758.0,383.0,50.13999938964844,43.22999954223633,262.64999389648443,0.0,0.0,0.0751999989151954,0.2110999971628188,0.9746000170707702,0.0,0.0,0.0,270.86505126953125,0.0,758.0,383.0,787.0,403.666666666667,1000.0,49.8842310993808,-158.026995217211,,,,,,,,,469.0,469.0,128273.0,128392.0,119.0,4.54122476498185,57.0990340201276,1171.09353738596,-567.3648157128421,162.737003534221
128.382,4.099999904632568,5.0,758.0,390.0,758.0,390.0,50.20000076293945,41.75,262.9599914550781,0.0,0.0,0.0754999965429305,0.2062000036239624,0.9756000041961668,0.0,0.0,0.0,270.9447631835937,0.0,758.0,390.0,758.0,388.666666666667,1000.0,38.536934785124,-567.3648157128421,,,,,,,,,469.0,469.0,128273.0,128392.0,119.0,4.54122476498185,57.0990340201276,1171.09353738596,-567.3648157128421,162.737003534221
128.402,4.070000171661377,5.0,758.0,393.0,758.0,393.0,50.11000061035156,40.88999938964844,263.1400146484375,0.0,0.0,0.0751999989151954,0.2035000026226044,0.976199984550476,0.0,0.0,0.0,270.9717102050781,0.0,758.0,393.0,758.0,392.666666666667,1000.0,8.35780968612447,-1508.95625494997,219.0,219.0,758.444444444444,395.111111111111,128392.0,128452.0,60.0,0.101453733402813,,,,,,,,,,
128.422,4.050000190734863,5.0,758.0,395.0,758.0,395.0,50.18999862670898,40.63999938964844,263.17999267578125,0.0,0.0,0.0754999965429305,0.2026000022888184,0.9764000177383424,0.0,0.0,0.0,270.9877319335937,0.0,758.0,395.0,758.333333333333,395.333333333333,1000.0,5.956871270131611,-120.046920799643,219.0,219.0,758.444444444444,395.111111111111,128392.0,128452.0,60.0,0.101453733402813,,,,,,,,,,
128.442,4.019999980926514,5.0,759.0,398.0,759.0,398.0,49.9000015258789,39.93999862670898,263.3399963378906,0.0,0.0,0.0745000019669532,0.2002999931573868,0.9768999814987182,0.0,0.0,0.0,270.9855651855469,0.0,759.0,398.0,759.0,397.333333333333,1000.0,5.005437399347009,-47.5716935392304,219.0,219.0,758.444444444444,395.111111111111,128392.0,128452.0,60.0,0.101453733402813,,,,,,,,,,
128.462,4.019999980926514,5.0,760.0,399.0,760.0,399.0,49.709999084472656,39.66999816894531,263.39999389648443,0.0,0.0,0.0738999992609024,0.1993999928236008,0.9771000146865844,0.0,0.0,0.0,270.96929931640625,0.0,760.0,399.0,760.0,399.0,1000.0,42.2575242419644,1862.60434213087,,,,,,,,,470.0,470.0,128452.0,128572.0,120.0,12.1999630056669,178.14617504437197,4426.27197691925,-4170.97524695878,25.950157959137
128.482,4.010000228881836,5.0,761.0,400.0,761.0,400.0,49.5,39.52999877929688,263.45001220703125,0.0,0.0,0.0732999965548515,0.1990000009536743,0.977299988269806,0.0,0.0,0.0,270.958984375,0.0,761.0,400.0,782.0,422.333333333333,1000.0,130.782963780349,4426.27197691925,,,,,,,,,470.0,470.0,128452.0,128572.0,120.0,12.1999630056669,178.14617504437197,4426.27197691925,-4170.97524695878,25.950157959137
128.502,4.210000038146973,5.0,825.0,468.0,825.0,468.0,35.15999984741211,24.3700008392334,267.0199890136719,0.0,0.0,0.0266999993473291,0.1492999941110611,0.9883999824523924,0.0,0.0,0.0,270.4252319335937,0.0,825.0,468.0,844.0,460.333333333333,1000.0,178.14617504437197,2368.16056320115,,,,,,,,,470.0,470.0,128452.0,128572.0,120.0,12.1999630056669,178.14617504437197,4426.27197691925,-4170.97524695878,25.950157959137
128.522,4.070000171661377,4.25,946.0,513.0,946.0,513.0,7.820000171661378,16.549999237060547,314.17999267578125,0.0,0.0,-0.024100000038743,0.1460999995470047,0.9890000224113464,0.0786999985575675,0.0675999969244003,0.994599997997284,314.7127685546875,0.0,946.0,513.0,908.666666666667,481.666666666667,1000.0,170.041666117692,-405.225446334009,,,,,,,,,470.0,470.0,128452.0,128572.0,120.0,12.1999630056669,178.14617504437197,4426.27197691925,-4170.97524695878,25.950157959137
128.542,4.03000020980835,5.0,955.0,464.0,955.0,464.0,5.329999923706056,29.959999084472656,312.1199951171875,0.0,0.0,-0.0606000013649463,0.1450999975204467,0.987600028514862,0.0,0.0,0.0,313.59991455078125,0.0,955.0,464.0,966.333333333333,509.666666666667,1000.0,86.62216117851659,-4170.97524695878,,,,,,,,,470.0,470.0,128452.0,128572.0,120.0,12.1999630056669,178.14617504437197,4426.27197691925,-4170.97524695878,25.950157959137
128.562,4.010000228881836,4.150000095367432,998.0,552.0,998.0,552.0,-5.130000114440918,4.5,236.47999572753903,0.0,0.0,-0.0803000032901763,0.1420000046491622,0.9865999817848204,0.0575999990105629,0.0434000007808208,0.9973999857902528,236.5784454345703,0.0,998.0,552.0,972.333333333333,502.333333333333,1000.0,43.44754338438789,-2158.73088970644,,,,,,,,,470.0,470.0,128452.0,128572.0,120.0,12.1999630056669,178.14617504437197,4426.27197691925,-4170.97524695878,25.950157959137
128.582,3.990000009536743,5.0,964.0,491.0,964.0,491.0,2.039999961853028,17.110000610351566,235.66999816894528,0.0,0.0,-0.0895000025629997,0.1383000016212463,0.986299991607666,0.0,0.0,0.0,236.29910278320315,0.0,964.0,491.0,988.666666666667,534.666666666667,1000.0,17.1915464361407,-1312.79984741236,220.0,220.0,984.266666666667,530.333333333333,128572.0,128672.0,100.0,0.729097796362569,,,,,,,,,,
128.602,3.950000047683716,4.099999904632568,1004.0,561.0,1004.0,561.0,-6.179999828338622,2.6099998950958248,230.94999694824216,0.0,0.0,-0.0795999988913536,0.1397999972105026,0.9869999885559082,0.049100000411272,0.0355000011622905,0.9981999993324282,231.0474090576172,0.0,1004.0,561.0,975.0,515.333333333333,1000.0,7.72750880518649,-473.201881547709,220.0,220.0,984.266666666667,530.333333333333,128572.0,128672.0,100.0,0.729097796362569,,,,,,,,,,
128.622,3.940000057220459,5.0,957.0,494.0,957.0,494.0,3.450000047683716,16.100000381469727,230.3600006103516,0.0,0.0,-0.0860999971628189,0.1376000046730041,0.9866999983787536,0.0,0.0,0.0,230.9477081298828,0.0,957.0,494.0,991.333333333333,540.0,1000.0,4.25375499394079,-173.687690562285,220.0,220.0,984.266666666667,530.333333333333,128572.0,128672.0,100.0,0.729097796362569,,,,,,,,,,
128.642,3.9300000667572017,4.079999923706056,1013.0,565.0,1013.0,565.0,-8.039999961853027,1.8799999952316284,231.5800018310547,0.0,0.0,-0.0901999995112419,0.1354999989271164,0.9866999983787536,0.0461000017821788,0.033500000834465,0.9983999729156494,231.72715759277344,0.0,1013.0,565.0,973.666666666667,518.333333333333,1000.0,4.6522641038183705,19.925455493879,220.0,220.0,984.266666666667,530.333333333333,128572.0,128672.0,100.0,0.729097796362569,,,,,,,,,,
128.662,3.900000095367432,5.0,951.0,496.0,951.0,496.0,4.809999942779541,15.779999732971191,231.5500030517578,0.0,0.0,-0.0807000026106834,0.1360999941825866,0.9873999953269958,0.0,0.0,0.0,232.1369171142578,0.0,951.0,496.0,992.666666666667,543.333333333333,1000.0,26.8855272356932,1111.66315659374,220.0,220.0,984.266666666667,530.333333333333,128572.0,128672.0,100.0,0.729097796362569,,,,,,,,,,
128.682,3.900000095367432,4.059999942779541,1014.0,569.0,1014.0,569.0,-8.25,1.0399999618530271,230.5200042724609,0.0,0.0,-0.0865999981760978,0.1342000067234039,0.9872000217437744,0.0408999994397163,0.0293000005185604,0.9987000226974488,230.669921875,0.0,1014.0,569.0,958.666666666667,504.0,1000.0,32.7559772562628,293.522501028476,,,,,,,,,471.0,471.0,128672.0,128732.0,60.0,1.6663104241265698,41.6443204347844,444.417158926084,-206.8005385943,53.0112316128559
128.702,3.940000057220459,5.0,911.0,447.0,911.0,447.0,12.920000076293944,25.29999923706055,229.41999816894528,0.0,0.0,-0.0502000004053115,0.1726000010967254,0.9836999773979188,0.0,0.0,0.0,231.1721343994141,0.0,911.0,447.0,976.0,524.333333333333,1000.0,41.6443204347844,444.417158926084,,,,,,,,,471.0,471.0,128672.0,128732.0,60.0,1.6663104241265698,41.6443204347844,444.417158926084,-206.8005385943,53.0112316128559
128.722,3.900000095367432,4.050000190734863,1003.0,557.0,1003.0,557.0,-5.9699997901916495,3.299999952316284,231.0399932861328,0.0,0.0,-0.0621999986469745,0.1559000015258789,0.98580002784729,0.033900000154972,0.0243999995291233,0.9991000294685364,231.1406707763672,0.0,1003.0,557.0,978.0,529.666666666667,1000.0,37.5083096628984,-206.8005385943,,,,,,,,,471.0,471.0,128672.0,128732.0,60.0,1.6663104241265698,41.6443204347844,444.417158926084,-206.8005385943,53.0112316128559
128.742,3.880000114440918,4.039999961853027,1020.0,585.0,1020.0,585.0,-8.140000343322756,-1.940000057220459,199.66000366210935,0.0,0.0,-0.0784000009298324,0.1398999989032745,0.9871000051498412,0.0278999991714954,0.0196000002324581,0.9994000196456908,199.8352813720703,0.0,1020.0,585.0,988.0,550.666666666667,1000.0,13.9139664066035,-1179.71716281475,,,,,,,,,,,,,,,,,,
128.762,3.869999885559082,5.0,941.0,510.0,941.0,510.0,5.809999942779541,11.0,199.88999938964844,0.0,0.0,-0.0873000025749206,0.1340000033378601,0.9871000051498412,0.0,0.0,0.0,200.2767333984375,0.0,941.0,510.0,969.333333333333,536.0,1000.0,70.6259919119648,2835.60127526807,,,,,,,,,472.0,472.0,128752.0,128792.0,40.0,1.60158659205305,70.6259919119648,2835.60127526807,-1438.4703181731302,226.311887782504
128.782,3.869999885559082,5.0,947.0,513.0,947.0,513.0,4.75,10.520000457763672,199.8500061035156,0.0,0.0,-0.0917999967932701,0.1319999992847442,0.9869999885559082,0.0,0.0,0.0,200.1830596923828,0.0,947.0,513.0,948.0,513.666666666667,1000.0,41.8565855485021,-1438.4703181731302,,,,,,,,,472.0,472.0,128752.0,128792.0,40.0,1.60158659205305,70.6259919119648,2835.60127526807,-1438.4703181731302,226.311887782504
128.802,3.880000114440918,5.0,956.0,518.0,956.0,518.0,3.240000009536743,9.729999542236328,199.75,0.0,0.0,-0.0982000008225441,0.1284999996423721,0.9868000149726868,0.0,0.0,0.0,200.01307678222656,0.0,956.0,518.0,946.666666666667,513.0,1000.0,1.8327935115496696,-2001.18960184762,,,,,,,,,,,,,,,,,,
128.822,3.869999885559082,5.0,937.0,508.0,937.0,508.0,6.460000038146973,11.399999618530272,199.9600067138672,0.0,0.0,-0.0844999998807907,0.135900005698204,0.9871000051498412,0.0,0.0,0.0,200.38885498046875,0.0,937.0,508.0,949.0,512.666666666667,1000.0,56.9875004399185,2757.73534641844,,,,,,,,,473.0,473.0,128812.0,128952.0,140.0,13.516955176902302,267.163716091038,6104.9718517171705,-4732.54693138567,76.2290947687967
128.842,3.880000114440918,5.0,954.0,512.0,954.0,512.0,3.5299999713897705,10.739999771118164,199.72000122070315,0.0,0.0,-0.0967999994754791,0.1330000013113022,0.9864000082015992,0.0,0.0,0.0,200.0397186279297,0.0,954.0,512.0,980.0,541.666666666667,1000.0,179.08693747426202,6104.9718517171705,,,,,,,,,473.0,473.0,128812.0,128952.0,140.0,13.516955176902302,267.163716091038,6104.9718517171705,-4732.54693138567,76.2290947687967
128.862,3.9600000381469727,4.059999942779541,1049.0,605.0,1049.0,605.0,-14.649999618530272,-6.019999980926514,219.83999633789065,0.0,0.0,-0.0980999991297721,0.1146999970078468,0.9884999990463258,0.0024999999441206,0.0035999999381601,1.0,220.40982055664065,0.0,1049.0,605.0,1039.33333333333,617.666666666667,1000.0,267.163716091038,4403.83893083879,,,,,,,,,473.0,473.0,128812.0,128952.0,140.0,13.516955176902302,267.163716091038,6104.9718517171705,-4732.54693138567,76.2290947687967
128.882,5.0,4.139999866485596,1115.0,736.0,1115.0,736.0,-27.8700008392334,-31.11000061035157,221.3800048828125,0.0,0.0,0.0,0.0,0.0,0.0124000003561377,-0.034800000488758,0.9993000030517578,225.2857666015625,0.0,1115.0,736.0,1090.0,719.333333333333,1000.0,215.57067550612496,-2579.6520292456303,,,,,,,,,473.0,473.0,128812.0,128952.0,140.0,13.516955176902302,267.163716091038,6104.9718517171705,-4732.54693138567,76.2290947687967
128.902,4.190000057220459,3.990000009536743,1106.0,817.0,1106.0,817.0,-26.1200008392334,-46.6500015258789,220.8099975585937,0.0,0.0,-0.3231000006198883,0.0908000022172927,0.9419999718666076,0.019200000911951,-0.0920000001788139,0.9955999851226806,227.1905212402344,0.0,1106.0,817.0,1082.66666666667,783.333333333333,1000.0,120.919736878412,-4732.54693138567,,,,,,,,,473.0,473.0,128812.0,128952.0,140.0,13.516955176902302,267.163716091038,6104.9718517171705,-4732.54693138567,76.2290947687967
128.922,5.0,3.849999904632568,1027.0,797.0,1027.0,797.0,-10.869999885559082,-43.18999862670898,221.3699951171875,0.0,0.0,0.0,0.0,0.0,0.0791999995708465,-0.0758000016212463,0.9940000176429749,225.80569458007807,0.0,1027.0,797.0,1066.66666666667,813.666666666667,1000.0,91.8115990556808,-1455.40689113654,,,,,,,,,473.0,473.0,128812.0,128952.0,140.0,13.516955176902302,267.163716091038,6104.9718517171705,-4732.54693138567,76.2290947687967
128.942,5.0,3.900000095367432,1067.0,827.0,1067.0,827.0,-18.600000381469727,-48.75,220.94999694824216,0.0,0.0,0.0,0.0,0.0,0.0487999990582466,-0.0979000031948089,0.9940000176429749,227.02735900878903,0.0,1067.0,827.0,1011.33333333333,767.0,1000.0,76.7810067180877,-751.529616879655,,,,,,,,,473.0,473.0,128812.0,128952.0,140.0,13.516955176902302,267.163716091038,6104.9718517171705,-4732.54693138567,76.2290947687967
128.962,5.0,3.869999885559082,940.0,677.0,940.0,677.0,6.25,-20.229999542236328,220.3099975585937,0.0,0.0,0.0,0.0,0.0,0.1467999964952469,0.0153999999165534,0.9890999794006348,221.3251190185547,0.0,940.0,677.0,1032.0,761.666666666667,1000.0,20.073147971660102,-2835.39293732138,,,,,,,,,,,,,,,,,,
128.982,3.990000009536743,5.0,1089.0,781.0,1089.0,781.0,-22.57999992370605,-39.5099983215332,218.69999694824216,0.0,0.0,-0.1888999938964844,-0.065600000321865,0.97979998588562,0.0,0.0,0.0,223.3843994140625,0.0,1089.0,781.0,1021.0,754.333333333333,1000.0,71.26283195016809,2559.4841989254,,,,,,,,,474.0,474.0,128972.0,129072.0,100.0,7.966419046792081,114.424622243312,2559.4841989254,-1972.2679268730103,47.8098081360703
129.002,3.900000095367432,3.880000114440918,1034.0,805.0,1034.0,805.0,-11.880000114440918,-43.2599983215332,214.2100067138672,0.0,0.0,-0.1365000009536743,-0.1181000024080276,0.9836000204086304,0.0632999986410141,-0.0412999987602233,0.997099995613098,218.85722351074216,0.0,1034.0,805.0,1072.33333333333,803.0,1000.0,114.424622243312,2158.0895146571897,,,,,,,,,474.0,474.0,128972.0,129072.0,100.0,7.966419046792081,114.424622243312,2559.4841989254,-1972.2679268730103,47.8098081360703
129.022,5.0,3.950000047683716,1094.0,823.0,1094.0,823.0,-23.13999938964844,-46.36999893188477,213.8800048828125,0.0,0.0,0.0,0.0,0.0,0.0322999991476535,-0.0917000025510788,0.995299994945526,220.0688323974609,0.0,1094.0,823.0,1079.66666666667,826.666666666667,1000.0,74.97926370585179,-1972.2679268730103,,,,,,,,,474.0,474.0,128972.0,129072.0,100.0,7.966419046792081,114.424622243312,2559.4841989254,-1972.2679268730103,47.8098081360703
129.042,5.0,3.9800000190734863,1111.0,852.0,1111.0,852.0,-26.309999465942383,-51.47000122070313,213.16000366210935,0.0,0.0,0.0,0.0,0.0,0.0196000002324581,-0.1127000004053115,0.993399977684021,220.85868835449216,0.0,1111.0,852.0,1113.33333333333,850.0,1000.0,72.86316226107759,-105.805072238709,,,,,,,,,474.0,474.0,128972.0,129072.0,100.0,7.966419046792081,114.424622243312,2559.4841989254,-1972.2679268730103,47.8098081360703
129.062,5.0,4.010000228881836,1135.0,875.0,1135.0,875.0,-30.63999938964844,-55.5099983215332,212.5200042724609,0.0,0.0,0.0,0.0,0.0,0.0020999999251216,-0.1292999982833862,0.9915999770164488,221.7767333984375,0.0,1135.0,875.0,1124.33333333333,868.333333333333,1000.0,37.5371021499104,-1766.3030055583604,,,,,,,,,474.0,474.0,128972.0,129072.0,100.0,7.966419046792081,114.424622243312,2559.4841989254,-1972.2679268730103,47.8098081360703
129.082,5.0,4.010000228881836,1127.0,878.0,1127.0,878.0,-29.11000061035157,-56.08000183105469,212.44000244140625,0.0,0.0,0.0,0.0,0.0,0.0082999998703598,-0.1316000074148178,0.9912999868392944,221.6373443603516,0.0,1127.0,878.0,1128.33333333333,878.333333333333,1000.0,15.3192491237901,-1110.89265130601,221.0,221.0,1124.88888888889,881.222222222222,129072.0,129132.0,60.0,0.177789220399337,,,,,,,,,,
129.102,4.099999904632568,4.0,1123.0,882.0,1123.0,882.0,-28.40999984741211,-56.81999969482422,212.3300018310547,0.0,0.0,-0.3287000060081481,-0.0020000000949949,0.9444000124931335,0.0110999997705221,-0.1344999969005584,0.9908999800682068,221.62957763671875,0.0,1123.0,882.0,1124.0,881.333333333333,1000.0,10.0722089434174,-262.352009018633,221.0,221.0,1124.88888888889,881.222222222222,129072.0,129132.0,60.0,0.177789220399337,,,,,,,,,,
129.122,5.0,4.010000228881836,1122.0,884.0,1122.0,884.0,-28.1299991607666,-57.13999938964844,212.2700042724609,0.0,0.0,0.0,0.0,0.0,0.0121999997645616,-0.1358000040054321,0.9907000064849852,221.61865234375,0.0,1122.0,884.0,1122.33333333333,884.0,1000.0,10.413718035591,17.0754546086777,221.0,221.0,1124.88888888889,881.222222222222,129072.0,129132.0,60.0,0.177789220399337,,,,,,,,,,
129.142,5.0,4.0,1122.0,886.0,1122.0,886.0,-28.26000022888184,-57.41999816894531,212.22000122070315,0.0,0.0,0.0,0.0,0.0,0.0116999996826052,-0.1368999928236007,0.9904999732971193,221.65968322753903,0.0,1122.0,886.0,1119.66666666667,873.5,1000.0,40.2309267068357,1490.86043356224,,,,,,,,,475.0,475.0,129132.0,129372.0,240.0,23.021418882213,237.03905100490505,3855.71470061979,-4087.0967776785,245.817732121023
129.162,5.0,5.0,-1.0,-1.0,-1.0,-1.0,0.0,0.0,0.0,5.0,5.0,0.0,0.0,0.0,0.0,0.0,0.0,0.0,1.0,,,1115.0,850.5,1000.0,51.344790785877706,555.693203952103,,,,,,,,,475.0,475.0,129132.0,129372.0,240.0,23.021418882213,237.03905100490505,3855.71470061979,-4087.0967776785,245.817732121023
129.182,3.9600000381469727,3.8599998950958248,1108.0,815.0,1108.0,815.0,-25.36000061035157,-44.36000061035156,211.44999694824216,0.0,0.0,-0.2047999948263168,-0.0859000012278556,0.975000023841858,0.1826999932527542,-0.0847999975085258,0.9794999957084656,217.5363006591797,0.0,1108.0,815.0,1099.66666666667,834.833333333333,1000.0,66.2164125445204,743.581087932135,,,,,,,,,475.0,475.0,129132.0,129372.0,240.0,23.021418882213,237.03905100490505,3855.71470061979,-4087.0967776785,245.817732121023
129.202,4.03000020980835,4.059999942779541,1076.0,839.0,1076.0,839.0,-19.56999969482421,-48.81000137329102,211.41000366210935,0.0,0.0,-0.181999996304512,-0.1054000034928321,0.9775999784469604,0.2340999990701675,-0.0806000009179115,0.9689000248908995,217.8522186279297,0.0,1076.0,839.0,1062.0,840.0,1000.0,107.626442576783,2070.50150161314,,,,,,,,,475.0,475.0,129132.0,129372.0,240.0,23.021418882213,237.03905100490505,3855.71470061979,-4087.0967776785,245.817732121023
129.222,3.75,5.0,1002.0,866.0,1002.0,866.0,-6.059999942779541,-54.34000015258789,213.16999816894528,0.0,0.0,-0.1284999996423721,-0.1275999993085861,0.9835000038146972,0.0,0.0,0.0,220.07046508789065,0.0,1002.0,866.0,1014.0,846.666666666667,1000.0,104.319405080239,-165.351874827213,,,,,,,,,475.0,475.0,129132.0,129372.0,240.0,23.021418882213,237.03905100490505,3855.71470061979,-4087.0967776785,245.817732121023
129.242,3.5899999141693115,3.990000009536743,964.0,835.0,964.0,835.0,1.2200000286102295,-48.9900016784668,214.32000732421875,0.0,0.0,-0.0989999994635582,-0.1074000000953674,0.9893000125885008,0.3084000051021576,-0.0286999996751546,0.9508000016212464,219.8512420654297,0.0,964.0,835.0,982.333333333333,813.333333333334,1000.0,159.924756992509,2780.26759561352,,,,,,,,,475.0,475.0,129132.0,129372.0,240.0,23.021418882213,237.03905100490505,3855.71470061979,-4087.0967776785,245.817732121023
129.262,3.630000114440918,4.070000171661377,981.0,739.0,981.0,739.0,-1.7400000095367432,-31.270000457763672,214.7899932861328,0.0,0.0,-0.1116999983787536,-0.0397000014781951,0.9929999709129332,0.3212000131607056,0.0793000012636184,0.9437000155448912,217.06124877929688,0.0,981.0,739.0,973.333333333333,723.666666666667,1000.0,237.03905100490505,3855.71470061979,,,,,,,,,475.0,475.0,129132.0,129372.0,240.0,23.021418882213,237.03905100490505,3855.71470061979,-4087.0967776785,245.817732121023
129.282,3.759999990463257,5.0,975.0,597.0,975.0,597.0,-0.4300000071525574,-4.400000095367432,214.3800048828125,0.0,0.0,-0.1068999990820884,0.0649000033736229,0.9921000003814696,0.0,0.0,0.0,214.42558288574216,0.0,975.0,597.0,976.666666666667,625.333333333333,1000.0,226.87328022884896,-508.288538802827,,,,,,,,,475.0,475.0,129132.0,129372.0,240.0,23.021418882213,237.03905100490505,3855.71470061979,-4087.0967776785,245.817732121023
129.302,3.839999914169312,3.8599998950958248,974.0,540.0,974.0,540.0,-0.1400000005960464,6.300000190734863,213.41000366210935,0.0,0.0,-0.1059999987483024,0.1062999963760376,0.9886999726295472,0.2822000086307525,0.1836999952793121,0.941600024700165,213.5030212402344,0.0,974.0,540.0,973.0,547.0,1000.0,145.131344675279,-4087.0967776785,,,,,,,,,475.0,475.0,129132.0,129372.0,240.0,23.021418882213,237.03905100490505,3855.71470061979,-4087.0967776785,245.817732121023
129.322,3.869999885559082,3.849999904632568,970.0,504.0,970.0,504.0,0.7099999785423279,12.850000381469728,212.66999816894528,0.0,0.0,-0.1028999984264373,0.1317999958992004,0.9858999848365784,0.2793000042438507,0.2509999871253967,0.9268000125885008,213.0590362548828,0.0,970.0,504.0,971.333333333333,513.333333333333,1000.0,96.77380059922648,-2417.87720380261,,,,,,,,,475.0,475.0,129132.0,129372.0,240.0,23.021418882213,237.03905100490505,3855.71470061979,-4087.0967776785,245.817732121023
129.342,3.869999885559082,3.819999933242797,970.0,496.0,970.0,496.0,0.7799999713897706,14.510000228881836,212.44000244140625,0.0,0.0,-0.1027000024914741,0.1381999999284744,0.9850999712944032,0.2773000001907349,0.26910001039505,0.9222999811172484,212.93638610839844,0.0,970.0,496.0,946.0,477.333333333333,1000.0,80.0503778821721,-836.17113585272,,,,,,,,,475.0,475.0,129132.0,129372.0,240.0,23.021418882213,237.03905100490505,3855.71470061979,-4087.0967776785,245.817732121023
129.362,3.950000047683716,5.0,898.0,432.0,898.0,432.0,14.270000457763672,26.18000030517578,211.77999877929688,0.0,0.0,-0.0480999983847141,0.1852000057697296,0.9815000295639038,0.0,0.0,0.0,213.8686370849609,0.0,898.0,432.0,935.333333333333,463.0,1000.0,33.7337640342543,-2315.83069239589,,,,,,,,,475.0,475.0,129132.0,129372.0,240.0,23.021418882213,237.03905100490505,3855.71470061979,-4087.0967776785,245.817732121023
129.382,3.900000095367432,5.0,938.0,461.0,938.0,461.0,6.920000076293944,20.88999938964844,212.13999938964844,0.0,0.0,-0.0780000016093254,0.1638000011444091,0.983399987220764,0.0,0.0,0.0,213.27835083007807,0.0,938.0,461.0,930.0,456.666666666667,1000.0,24.2489133535426,-474.242534035588,,,,,,,,,,,,,,,,,,
129.402,3.869999885559082,5.0,954.0,477.0,954.0,477.0,3.829999923706055,17.8799991607666,212.3500061035156,0.0,0.0,-0.0905999988317489,0.1518000066280365,0.9843000173568724,0.0,0.0,0.0,213.1358337402344,0.0,954.0,477.0,951.0,473.333333333333,1000.0,49.8420420597877,1279.65643531226,,,,,,,,,476.0,476.0,129392.0,129412.0,20.0,,49.8420420597877,1279.65643531226,,
129.422,3.849999904632568,5.0,961.0,482.0,961.0,482.0,2.5699999332427974,16.950000762939453,212.38999938964844,0.0,0.0,-0.0957000032067299,0.1481000036001205,0.9843000173568724,0.0,0.0,0.0,213.08078002929688,0.0,961.0,482.0,959.666666666667,481.333333333333,1000.0,21.4208821399587,-1421.0579959914498,,,,,,,,,,,,,,,,,,
129.442,3.849999904632568,5.0,964.0,485.0,964.0,485.0,1.8899999856948853,16.409999847412106,212.41999816894528,0.0,0.0,-0.0984999984502792,0.1458999961614608,0.984399974346161,0.0,0.0,0.0,213.0612945556641,0.0,964.0,485.0,963.666666666667,484.0,1000.0,31.378542195479803,497.883002776055,,,,,,,,,477.0,477.0,129432.0,129492.0,60.0,2.6997472283134103,67.24516154157621,1793.33096730482,-551.607853141404,219.805571092265
129.462,3.8599998950958248,5.0,966.0,485.0,966.0,485.0,1.4800000190734863,16.469999313354492,212.3699951171875,0.0,0.0,-0.100100003182888,0.1460999995470047,0.9842000007629396,0.0,0.0,0.0,213.0128326416016,0.0,966.0,485.0,942.666666666667,464.0,1000.0,67.24516154157621,1793.33096730482,,,,,,,,,477.0,477.0,129432.0,129492.0,60.0,2.6997472283134103,67.24516154157621,1793.33096730482,-551.607853141404,219.805571092265
129.482,3.839999914169312,5.0,898.0,422.0,898.0,422.0,14.390000343322756,28.07999992370605,211.7899932861328,0.0,0.0,-0.0480999983847141,0.1937000006437301,0.9799000024795532,0.0,0.0,0.0,214.12744140625,0.0,898.0,422.0,923.666666666667,450.666666666667,1000.0,56.2130044787481,-551.607853141404,,,,,,,,,477.0,477.0,129432.0,129492.0,60.0,2.6997472283134103,67.24516154157621,1793.33096730482,-551.607853141404,219.805571092265
129.502,3.819999933242797,5.0,907.0,445.0,907.0,445.0,12.609999656677244,23.88999938964844,212.5,0.0,0.0,-0.0553000010550022,0.1770000010728836,0.982699990272522,0.0,0.0,0.0,214.2101593017578,0.0,907.0,445.0,905.0,442.0,1000.0,15.6058031267168,-2030.36006760156,,,,,,,,,,,,,,,,,,
129.522,3.809999942779541,5.0,910.0,459.0,910.0,459.0,12.100000381469728,21.25,212.97000122070315,0.0,0.0,-0.0575000010430812,0.1665000021457672,0.984399974346161,0.0,0.0,0.0,214.36929321289065,0.0,910.0,459.0,925.333333333333,462.666666666667,1000.0,55.4757579509477,1993.49774121154,,,,,,,,,478.0,478.0,129512.0,129572.0,60.0,1.8796999808516897,55.4757579509477,1993.49774121154,-430.792375346758,114.443954780417
129.542,3.809999942779541,5.0,959.0,484.0,959.0,484.0,2.8199999332427974,16.610000610351566,212.58999633789065,0.0,0.0,-0.095499999821186,0.1474000066518783,0.9844999909400942,0.0,0.0,0.0,213.2565460205078,0.0,959.0,484.0,921.0,482.0,1000.0,46.859910444012606,-430.792375346758,,,,,,,,,478.0,478.0,129512.0,129572.0,60.0,1.8796999808516897,55.4757579509477,1993.49774121154,-430.792375346758,114.443954780417
129.562,3.7699999809265137,5.0,894.0,503.0,894.0,503.0,15.079999923706056,13.109999656677244,214.17999267578125,0.0,0.0,-0.0472999997437,0.1340000033378601,0.98989999294281,0.0,0.0,0.0,215.110092163086,0.0,894.0,503.0,910.333333333333,495.666666666667,1000.0,52.60972683065111,287.490819331928,,,,,,,,,478.0,478.0,129512.0,129572.0,60.0,1.8796999808516897,55.4757579509477,1993.49774121154,-430.792375346758,114.443954780417
129.582,3.7899999618530273,3.910000085830689,878.0,500.0,878.0,500.0,16.25,12.25,192.3999938964844,0.0,0.0,-0.0447999984025955,0.1274999976158142,0.9908000230789183,0.197500005364418,0.1583999991416931,0.967400014400482,193.47322082519528,0.0,878.0,500.0,887.0,504.333333333333,1000.0,26.1670082486297,-1322.13592910107,222.0,222.0,904.266666666667,498.6,129572.0,129772.0,200.0,0.4639475848024879,,,,,,,,,,
129.602,3.759999990463257,3.910000085830689,889.0,510.0,889.0,510.0,20.290000915527344,14.989999771118164,272.1300048828125,0.0,0.0,-0.0209999997168779,0.1247999966144561,0.9919999837875366,0.1605000048875808,0.1057000011205673,0.9814000129699708,273.2967529296875,0.0,889.0,510.0,891.0,501.666666666667,1000.0,21.2061155795175,-248.04463345561,222.0,222.0,904.266666666667,498.6,129572.0,129772.0,200.0,0.4639475848024879,,,,,,,,,,
129.622,3.7799999713897705,5.0,906.0,495.0,906.0,495.0,16.3700008392334,18.399999618530277,271.5199890136719,0.0,0.0,-0.0346999987959861,0.1262000054121017,0.9914000034332277,0.0,0.0,0.0,272.6346435546875,0.0,906.0,495.0,903.0,500.666666666667,1000.0,27.714300745441605,325.409258296208,222.0,222.0,904.266666666667,498.6,129572.0,129772.0,200.0,0.4639475848024879,,,,,,,,,,
129.642,3.7799999713897705,5.0,914.0,497.0,914.0,497.0,14.479999542236328,17.940000534057614,271.44000244140625,0.0,0.0,-0.0408000014722347,0.1246000006794929,0.9914000034332277,0.0,0.0,0.0,272.41729736328125,0.0,914.0,497.0,912.0,497.333333333333,1000.0,6.736921589664901,-1048.86895778884,222.0,222.0,904.266666666667,498.6,129572.0,129772.0,200.0,0.4639475848024879,,,,,,,,,,
129.662,3.7899999618530273,5.0,916.0,500.0,916.0,500.0,13.840000152587892,17.350000381469727,271.44000244140625,0.0,0.0,-0.0430000014603138,0.1225999966263771,0.9915000200271606,0.0,0.0,0.0,272.3458251953125,0.0,916.0,500.0,907.0,497.333333333333,1000.0,9.99203706644709,162.75577383911002,222.0,222.0,904.266666666667,498.6,129572.0,129772.0,200.0,0.4639475848024879,,,,,,,,,,
129.682,3.7699999809265137,5.0,891.0,495.0,891.0,495.0,19.840000152587887,18.46999931335449,271.6600036621094,0.0,0.0,-0.0234999991953372,0.1264999955892563,0.991699993610382,0.0,0.0,0.0,273.0090026855469,0.0,891.0,495.0,904.333333333333,496.333333333333,1000.0,5.85438101400866,-206.882802621922,222.0,222.0,904.266666666667,498.6,129572.0,129772.0,200.0,0.4639475848024879,,,,,,,,,,
129.702,3.7799999713897705,5.0,906.0,494.0,906.0,494.0,16.209999084472653,18.739999771118164,271.44000244140625,0.0,0.0,-0.0351999998092651,0.1272000074386596,0.9911999702453612,0.0,0.0,0.0,272.5685729980469,0.0,906.0,494.0,903.333333333333,494.666666666667,1000.0,6.521224395224071,33.3421690607705,222.0,222.0,904.266666666667,498.6,129572.0,129772.0,200.0,0.4639475848024879,,,,,,,,,,
129.722,3.7899999618530273,5.0,913.0,495.0,913.0,495.0,14.720000267028809,18.440000534057614,271.3800048828125,0.0,0.0,-0.0401000007987022,0.1262000054121017,0.9911999702453612,0.0,0.0,0.0,272.4037780761719,0.0,913.0,495.0,909.333333333333,495.666666666667,1000.0,11.5941302943394,253.645294955769,222.0,222.0,904.266666666667,498.6,129572.0,129772.0,200.0,0.4639475848024879,,,,,,,,,,
129.742,3.7899999618530273,5.0,909.0,498.0,909.0,498.0,15.609999656677244,17.739999771118164,271.5,0.0,0.0,-0.0373000018298626,0.1238999962806701,0.9915999770164488,0.0,0.0,0.0,272.5263977050781,0.0,909.0,498.0,911.666666666667,498.0,1000.0,8.22874052919234,-168.269488257355,222.0,222.0,904.266666666667,498.6,129572.0,129772.0,200.0,0.4639475848024879,,,,,,,,,,
129.762,3.799999952316284,5.0,913.0,501.0,913.0,501.0,14.529999732971191,17.170000076293945,271.4700012207032,0.0,0.0,-0.0408000014722347,0.1218999996781349,0.991699993610382,0.0,0.0,0.0,272.4002380371094,0.0,913.0,501.0,914.0,500.0,1000.0,2.32242373705623,-295.315839606806,222.0,222.0,904.266666666667,498.6,129572.0,129772.0,200.0,0.4639475848024879,,,,,,,,,,
129.782,3.799999952316284,5.0,920.0,501.0,920.0,501.0,13.0,17.200000762939453,271.3900146484375,0.0,0.0,-0.0456999987363815,0.1220000013709068,0.9915000200271606,0.0,0.0,0.0,272.2450561523437,0.0,920.0,501.0,910.0,498.666666666667,1000.0,34.6470237901764,1616.23000265601,,,,,,,,,479.0,479.0,129772.0,129812.0,40.0,1.1770958461771102,36.867284484627,1616.23000265601,,209.953608167802
129.802,3.7699999809265137,5.0,897.0,494.0,897.0,494.0,18.450000762939453,18.71999931335449,271.57000732421875,0.0,0.0,-0.0280000008642673,0.1272000074386596,0.9915000200271606,0.0,0.0,0.0,272.8389892578125,0.0,897.0,494.0,890.333333333333,487.333333333333,1000.0,36.867284484627,111.013034722528,,,,,,,,,479.0,479.0,129772.0,129812.0,40.0,1.1770958461771102,36.867284484627,1616.23000265601,,209.953608167802
129.822,3.75,5.0,854.0,467.0,854.0,467.0,28.71999931335449,25.04999923706055,271.07000732421875,0.0,0.0,0.0054000001400709,0.1483000069856643,0.9889000058174132,0.0,0.0,0.0,273.7358093261719,0.0,854.0,467.0,882.0,493.0,1000.0,19.9178723663997,-847.470605911362,223.0,223.0,886.533333333333,499.2666666666671,129812.0,129912.0,100.0,0.484020775474295,,,,,,,,,,
129.842,3.7799999713897705,3.900000095367432,895.0,518.0,895.0,518.0,18.450000762939453,12.779999732971191,266.2900085449219,0.0,0.0,-0.0228000003844499,0.1330000013113022,0.9908999800682068,0.1527000069618225,0.0874999985098838,0.984399974346161,267.2341613769532,0.0,895.0,518.0,875.333333333333,491.0,1000.0,16.5118414219289,-170.301547223542,223.0,223.0,886.533333333333,499.2666666666671,129812.0,129912.0,100.0,0.484020775474295,,,,,,,,,,
129.862,3.759999990463257,5.0,877.0,488.0,877.0,488.0,22.6299991607666,19.65999984741211,265.6300048828125,0.0,0.0,-0.0148000000044703,0.1330000013113022,0.99099999666214,0.0,0.0,0.0,267.316162109375,0.0,877.0,488.0,890.0,503.0,1000.0,25.6298382832882,455.899843067966,223.0,223.0,886.533333333333,499.2666666666671,129812.0,129912.0,100.0,0.484020775474295,,,,,,,,,,
129.882,3.7799999713897705,5.0,898.0,503.0,898.0,503.0,17.75,16.229999542236328,265.79998779296875,0.0,0.0,-0.0309999994933605,0.121299996972084,0.9921000003814696,0.0,0.0,0.0,266.8859558105469,0.0,898.0,503.0,892.333333333333,501.333333333333,1000.0,7.52868281486899,-905.057773420961,223.0,223.0,886.533333333333,499.2666666666671,129812.0,129912.0,100.0,0.484020775474295,,,,,,,,,,
129.902,3.7799999713897705,5.0,902.0,513.0,902.0,513.0,16.930000305175778,13.989999771118164,265.9599914550781,0.0,0.0,-0.0337999984622001,0.1137999966740608,0.992900013923645,0.0,0.0,0.0,266.8652648925781,0.0,902.0,513.0,893.0,508.0,1000.0,16.4636941438425,446.750566448677,223.0,223.0,886.533333333333,499.2666666666671,129812.0,129912.0,100.0,0.484020775474295,,,,,,,,,,
129.922,3.759999990463257,5.0,879.0,508.0,879.0,508.0,22.270000457763672,14.9399995803833,266.17001342773443,0.0,0.0,-0.0161000005900859,0.1172999963164329,0.9929999709129332,0.0,0.0,0.0,267.5175170898437,0.0,879.0,508.0,883.0,510.0,1000.0,30.5952604047721,706.578313046478,,,,,,,,,480.0,480.0,129912.0,129952.0,40.0,0.708950656858948,30.5952604047721,706.578313046478,-21.6237375908868,181.397181027296
129.942,3.7300000190734863,5.0,868.0,509.0,868.0,509.0,24.85000038146973,14.6899995803833,266.3299865722656,0.0,0.0,-0.0076000001281499,0.1165999993681907,0.9930999875068665,0.0,0.0,0.0,267.889892578125,0.0,868.0,509.0,869.333333333333,509.666666666667,1000.0,30.1627856529544,-21.6237375908868,,,,,,,,,480.0,480.0,129912.0,129952.0,40.0,0.708950656858948,30.5952604047721,706.578313046478,-21.6237375908868,181.397181027296
129.962,3.7200000286102295,5.0,861.0,512.0,861.0,512.0,26.59000015258789,14.119999885559082,266.489990234375,0.0,0.0,-0.00179999996908,0.1149000003933906,0.993399977684021,0.0,0.0,0.0,268.18524169921875,0.0,861.0,512.0,859.666666666667,512.0,1000.0,13.5793349225067,-829.1725365223821,,,,,,,,,,,,,,,,,,
129.981,3.7100000381469727,5.0,850.0,515.0,850.0,515.0,28.959999084472656,13.279999732971191,266.64999389648443,0.0,0.0,0.0059000002220273,0.1121999993920326,0.9937000274658204,0.0,0.0,0.0,268.54656982421875,0.0,850.0,515.0,860.333333333333,504.666666666667,1000.0,53.5214468701476,2102.21641829689,,,,,,,,,481.0,481.0,129971.5,130051.0,79.5,6.454754587055381,114.028682011962,2730.14418919963,-2227.6952846756,346.856026190532
130.001,3.75,5.0,870.0,487.0,870.0,487.0,24.459999084472656,19.940000534057614,265.8399963378906,0.0,0.0,-0.0077999997884035,0.1342000067234039,0.9908999800682068,0.0,0.0,0.0,267.70654296875,0.0,870.0,487.0,895.0,492.333333333333,1000.0,108.12433065414,2730.14418919963,,,,,,,,,481.0,481.0,129971.5,130051.0,79.5,6.454754587055381,114.028682011962,2730.14418919963,-2227.6952846756,346.856026190532
130.021,3.8599998950958248,5.0,965.0,475.0,965.0,475.0,2.259999990463257,22.8799991607666,264.0599975585937,0.0,0.0,-0.0803999975323677,0.1430999934673309,0.9864000082015992,0.0,0.0,0.0,265.0590209960937,0.0,965.0,475.0,940.0,479.0,1000.0,114.028682011962,295.217567891088,,,,,,,,,481.0,481.0,129971.5,130051.0,79.5,6.454754587055381,114.028682011962,2730.14418919963,-2227.6952846756,346.856026190532
130.041,3.8599998950958248,5.0,985.0,475.0,985.0,475.0,-2.3199999332427974,22.82999992370605,263.6099853515625,0.0,0.0,-0.0952999964356422,0.1428000032901764,0.985199987888336,0.0,0.0,0.0,264.60693359375,0.0,985.0,475.0,981.666666666667,476.333333333333,1000.0,69.4747763184499,-2227.6952846756,,,,,,,,,481.0,481.0,129971.5,130051.0,79.5,6.454754587055381,114.028682011962,2730.14418919963,-2227.6952846756,346.856026190532
130.061,3.869999885559082,5.0,995.0,479.0,995.0,479.0,-4.769999980926514,21.959999084472656,263.44000244140625,0.0,0.0,-0.1032999977469444,0.1397999972105026,0.9847999811172484,0.0,0.0,0.0,264.396728515625,0.0,995.0,479.0,993.666666666667,477.666666666667,1000.0,25.457729048236,-2200.8523635107,224.0,224.0,999.833333333333,480.666666666667,130051.0,130211.0,160.0,0.280872777079435,,,,,,,,,,
130.081,3.880000114440918,5.0,1001.0,479.0,1001.0,479.0,-6.25,21.950000762939453,263.25,0.0,0.0,-0.1081999987363815,0.1397999972105026,0.9843000173568724,0.0,0.0,0.0,264.2374572753906,0.0,1001.0,479.0,1001.0,480.0,1000.0,16.5040359045861,-447.68465718249496,224.0,224.0,999.833333333333,480.666666666667,130051.0,130211.0,160.0,0.280872777079435,,,,,,,,,,
130.101,3.880000114440918,5.0,1007.0,482.0,1007.0,482.0,-7.480000019073486,21.270000457763672,263.19000244140625,0.0,0.0,-0.1121999993920326,0.1375000029802322,0.9840999841690063,0.0,0.0,0.0,264.1540222167969,0.0,1007.0,482.0,1005.66666666667,482.0,1000.0,1.36190518297667,-757.1065360804711,224.0,224.0,999.833333333333,480.666666666667,130051.0,130211.0,160.0,0.280872777079435,,,,,,,,,,
130.121,3.880000114440918,5.0,1009.0,485.0,1009.0,485.0,-8.02999973297119,20.440000534057614,263.239990234375,0.0,0.0,-0.1141000017523765,0.1347000002861022,0.9843000173568724,0.0,0.0,0.0,264.1544494628906,0.0,1009.0,485.0,1000.0,480.333333333333,1000.0,12.861908857253402,575.0001837138379,224.0,224.0,999.833333333333,480.666666666667,130051.0,130211.0,160.0,0.280872777079435,,,,,,,,,,
130.141,3.839999914169312,5.0,984.0,474.0,984.0,474.0,-2.2699999809265137,23.13999938964844,263.7200012207032,0.0,0.0,-0.0949999988079071,0.1440999954938888,0.9850000143051147,0.0,0.0,0.0,264.74298095703125,0.0,984.0,474.0,996.0,479.666666666667,1000.0,9.30833252065993,-177.678816829675,224.0,224.0,999.833333333333,480.666666666667,130051.0,130211.0,160.0,0.280872777079435,,,,,,,,,,
130.161,3.8599998950958248,5.0,995.0,480.0,995.0,480.0,-4.699999809265137,21.700000762939453,263.5899963378906,0.0,0.0,-0.1030000001192092,0.1391000002622604,0.9848999977111816,0.0,0.0,0.0,264.5234680175781,0.0,995.0,480.0,993.0,478.666666666667,1000.0,8.1027310407647,-60.2800739947616,224.0,224.0,999.833333333333,480.666666666667,130051.0,130211.0,160.0,0.280872777079435,,,,,,,,,,
130.181,3.869999885559082,5.0,1000.0,482.0,1000.0,482.0,-5.900000095367432,21.15999984741211,263.489990234375,0.0,0.0,-0.1070000007748603,0.1372999995946884,0.9847000241279602,0.0,0.0,0.0,264.40411376953125,0.0,1000.0,482.0,1001.66666666667,482.333333333333,1000.0,20.5003474564292,619.880820783223,224.0,224.0,999.833333333333,480.666666666667,130051.0,130211.0,160.0,0.280872777079435,,,,,,,,,,
130.201,3.880000114440918,5.0,1010.0,485.0,1010.0,485.0,-8.350000381469727,20.61000061035157,263.239990234375,0.0,0.0,-0.1150999963283538,0.1352999955415725,0.9840999841690063,0.0,0.0,0.0,264.1775817871094,0.0,1010.0,485.0,1007.66666666667,484.666666666667,1000.0,2.1563129926561,-917.201723188653,224.0,224.0,999.833333333333,480.666666666667,130051.0,130211.0,160.0,0.280872777079435,,,,,,,,,,
130.221,3.880000114440918,5.0,1013.0,487.0,1013.0,487.0,-8.920000076293945,20.0,263.239990234375,0.0,0.0,-0.1169999986886978,0.1333000063896179,0.9840999841690063,0.0,0.0,0.0,264.1493225097656,0.0,1013.0,487.0,1003.0,483.333333333333,1000.0,31.103968158426103,1447.3827582885,,,,,,,,,482.0,482.0,130211.0,130351.0,140.0,8.22746211399866,138.828569520556,3699.5497258292,-2009.47559392898,168.996459148251
130.241,3.839999914169312,5.0,986.0,478.0,986.0,478.0,-2.6600000858306885,22.170000076293945,263.8599853515625,0.0,0.0,-0.0962999984622001,0.1409000009298324,0.9853000044822692,0.0,0.0,0.0,264.8031005859375,0.0,986.0,478.0,984.666666666667,477.666666666667,1000.0,105.09496267501,3699.5497258292,,,,,,,,,482.0,482.0,130211.0,130351.0,140.0,8.22746211399866,138.828569520556,3699.5497258292,-2009.47559392898,168.996459148251
130.261,3.759999990463257,3.3199999332427974,955.0,468.0,955.0,468.0,4.480000019073486,24.540000915527344,264.42001342773443,0.0,0.0,-0.0729999989271164,0.149399995803833,0.9861000180244444,0.3321000039577484,0.4517999887466431,0.8280000090599059,265.5940856933594,0.0,955.0,468.0,929.0,449.666666666667,1000.0,138.828569520556,1686.68034227732,,,,,,,,,482.0,482.0,130211.0,130351.0,140.0,8.22746211399866,138.828569520556,3699.5497258292,-2009.47559392898,168.996459148251
130.281,3.849999904632568,3.690000057220459,846.0,403.0,846.0,403.0,29.440000534057614,38.52999877929688,259.8099975585937,0.0,0.0,-0.0324999988079071,0.1270000040531158,0.9914000034332277,0.2357999980449676,0.2658999860286713,0.9347000122070312,264.2962646484375,0.0,846.0,403.0,884.5,438.333333333333,1000.0,98.639057641977,-2009.47559392898,,,,,,,,,482.0,482.0,130211.0,130351.0,140.0,8.22746211399866,138.828569520556,3699.5497258292,-2009.47559392898,168.996459148251
130.301,5.0,5.0,-1.0,-1.0,-1.0,-1.0,0.0,0.0,0.0,5.0,5.0,0.0,0.0,0.0,0.0,0.0,0.0,0.0,1.0,,,852.5,444.0,1000.0,74.59274847648959,-1202.31545827437,,,,,,,,,482.0,482.0,130211.0,130351.0,140.0,8.22746211399866,138.828569520556,3699.5497258292,-2009.47559392898,168.996459148251
130.321,3.880000114440918,3.809999942779541,859.0,485.0,859.0,485.0,21.63999938964844,16.280000686645508,212.6199951171875,0.0,0.0,-0.0149999996647238,0.1187999993562698,0.992799997329712,0.19480000436306,0.1761000007390976,0.964900016784668,214.3375701904297,0.0,859.0,485.0,851.166666666667,485.666666666667,1000.0,89.8901085164663,764.868001998837,,,,,,,,,482.0,482.0,130211.0,130351.0,140.0,8.22746211399866,138.828569520556,3699.5497258292,-2009.47559392898,168.996459148251
130.341,3.869999885559082,5.0,842.0,528.0,842.0,528.0,24.71999931335449,8.199999809265137,213.66999816894528,0.0,0.0,-0.0109999999403953,0.1140000000596046,0.993399977684021,0.0,0.0,0.0,215.2514495849609,0.0,842.0,528.0,847.0,513.666666666667,1000.0,55.48798680108371,-1720.10608576913,,,,,,,,,482.0,482.0,130211.0,130351.0,140.0,8.22746211399866,138.828569520556,3699.5497258292,-2009.47559392898,168.996459148251
130.361,3.869999885559082,5.0,840.0,528.0,840.0,528.0,25.15999984741211,8.239999771118164,213.66000366210935,0.0,0.0,-0.0093999998643994,0.1141000017523765,0.993399977684021,0.0,0.0,0.0,215.29402160644528,0.0,840.0,528.0,840.333333333333,527.333333333333,1000.0,18.9332071816882,-1827.73898096977,,,,,,,,,,,,,,,,,,
130.381,3.869999885559082,5.0,839.0,526.0,839.0,526.0,25.31999969482421,8.670000076293945,213.6100006103516,0.0,0.0,-0.008899999782443,0.1158000007271766,0.9932000041007996,0.0,0.0,0.0,215.28005981445315,0.0,839.0,526.0,839.0,526.0,1000.0,,,,,,,,,,,,,,,,,,,,
130.401,5.0,5.0,-1.0,-1.0,-1.0,-1.0,0.0,0.0,0.0,5.0,5.0,0.0,0.0,0.0,0.0,0.0,0.0,0.0,1.0,,,,,1000.0,,,,,,,,,,,,,,,,,,,,
130.421,5.0,5.0,-1.0,-1.0,-1.0,-1.0,0.0,0.0,0.0,5.0,5.0,0.0,0.0,0.0,0.0,0.0,0.0,0.0,1.0,,,,,1000.0,,,,,,,,,,,,,,,,,,,,
130.441,5.0,5.0,-1.0,-1.0,-1.0,-1.0,0.0,0.0,0.0,5.0,5.0,0.0,0.0,0.0,0.0,0.0,0.0,0.0,1.0,,,,,1000.0,,,,,,,,,,,,,,,,,,,,
130.461,5.0,3.880000114440918,885.0,495.0,885.0,495.0,16.709999084472653,14.4399995803833,213.5500030517578,0.0,0.0,0.0,0.0,0.0,0.182799994945526,0.1407999992370605,0.9729999899864196,214.68893432617188,1.0,885.0,495.0,885.0,495.0,1000.0,,,,,,,,,,,,,,,,,,,,
130.481,5.0,5.0,-1.0,-1.0,-1.0,-1.0,0.0,0.0,0.0,5.0,5.0,0.0,0.0,0.0,0.0,0.0,0.0,0.0,1.0,,,890.5,506.5,1000.0,30.9218074247902,,,,,,,,,,483.0,483.0,130471.0,130491.0,20.0,,30.9218074247902,,,
130.501,5.0,3.8900001049041752,896.0,518.0,896.0,518.0,14.75,10.260000228881836,214.3500061035156,0.0,0.0,0.0,0.0,0.0,0.1748999953269958,0.123999997973442,0.97680002450943,215.1017303466797,1.0,896.0,518.0,894.833333333333,516.833333333333,1000.0,27.0090936583039,-195.63568832431,,,,,,,,,,,,,,,,,,
130.521,5.0,3.900000095367432,898.0,526.0,898.0,526.0,14.409999847412108,8.75,214.6000061035156,0.0,0.0,0.0,0.0,0.0,0.1735000014305114,0.1180000007152557,0.9776999950408936,215.2611694335937,1.0,898.0,526.0,898.0,526.0,1000.0,,,,,,,,,,,,,,,,,,,,
130.541,5.0,5.0,-1.0,-1.0,-1.0,-1.0,0.0,0.0,0.0,5.0,5.0,0.0,0.0,0.0,0.0,0.0,0.0,0.0,1.0,,,,,1000.0,,,,,,,,,,,,,,,,,,,,
130.561,5.0,5.0,-1.0,-1.0,-1.0,-1.0,0.0,0.0,0.0,5.0,5.0,0.0,0.0,0.0,0.0,0.0,0.0,0.0,1.0,,,,,1000.0,,,,,,,,,,,,,,,,,,,,
130.581,5.0,5.0,-1.0,-1.0,-1.0,-1.0,0.0,0.0,0.0,5.0,5.0,0.0,0.0,0.0,0.0,0.0,0.0,0.0,1.0,,,,,1000.0,,,,,,,,,,,,,,,,,,,,
130.601,5.0,3.900000095367432,898.0,530.0,898.0,530.0,14.270000457763672,7.980000019073486,214.72000122070315,0.0,0.0,0.0,0.0,0.0,0.1729999929666519,0.1150000020861625,0.9782000184059144,215.3415679931641,1.0,898.0,530.0,898.0,530.0,1000.0,,,,,,,,,,,,,,,,,,,,
130.621,5.0,5.0,-1.0,-1.0,-1.0,-1.0,0.0,0.0,0.0,5.0,5.0,0.0,0.0,0.0,0.0,0.0,0.0,0.0,1.0,,,900.0,529.0,1000.0,7.10803311815885,,,,,,,,,,,,,,,,,,,
130.641,5.0,3.8900001049041752,902.0,528.0,902.0,528.0,13.510000228881836,8.350000381469727,214.7899932861328,0.0,0.0,0.0,0.0,0.0,0.1700000017881393,0.1164000034332275,0.9785000085830688,215.3763885498047,1.0,902.0,528.0,903.333333333333,528.666666666667,1000.0,27.1168999948642,1000.44334383527,,,,,,,,,,,,,,,,,,
130.661,5.0,3.880000114440918,908.0,529.0,908.0,529.0,12.510000228881836,8.27999973297119,214.94000244140625,0.0,0.0,0.0,0.0,0.0,0.1660999953746795,0.1160999983549118,0.979300022125244,215.46290588378903,1.0,908.0,529.0,879.0,528.666666666667,1000.0,71.3157872140793,2209.94436096076,,,,,,,,,484.0,484.0,130651.0,130771.0,120.0,3.0838769451302497,89.8486829853691,2209.94436096076,-2060.42803668819,243.722143307429
130.681,3.8599998950958248,5.0,827.0,529.0,827.0,529.0,27.559999465942383,8.050000190734863,213.88999938964844,0.0,0.0,9.999999747378752e-05,0.1134999990463256,0.993499994277954,0.0,0.0,0.0,215.80845642089844,1.0,827.0,529.0,848.0,527.666666666667,1000.0,89.8486829853691,926.644788564489,,,,,,,,,484.0,484.0,130651.0,130771.0,120.0,3.0838769451302497,89.8486829853691,2209.94436096076,-2060.42803668819,243.722143307429
130.701,5.0,5.0,-1.0,-1.0,-1.0,-1.0,0.0,0.0,0.0,5.0,5.0,0.0,0.0,0.0,0.0,0.0,0.0,0.0,1.0,,,809.0,525.0,1000.0,48.640122251605206,-2060.42803668819,,,,,,,,,484.0,484.0,130651.0,130771.0,120.0,3.0838769451302497,89.8486829853691,2209.94436096076,-2060.42803668819,243.722143307429
130.721,3.819999933242797,5.0,791.0,521.0,791.0,521.0,34.380001068115234,9.449999809265137,213.9900054931641,0.0,0.0,0.0276999995112419,0.1198000013828277,0.9923999905586242,0.0,0.0,0.0,216.94009399414065,0.0,791.0,521.0,816.333333333333,506.666666666667,1000.0,53.4599652092447,240.992147881974,,,,,,,,,484.0,484.0,130651.0,130771.0,120.0,3.0838769451302497,89.8486829853691,2209.94436096076,-2060.42803668819,243.722143307429
130.741,3.7799999713897705,3.880000114440918,849.0,474.0,849.0,474.0,47.18999862670898,36.900001525878906,428.80999755859375,0.0,0.0,0.0423000007867813,0.124499998986721,0.9912999868392944,0.1625999957323074,0.1216000020503997,0.979200005531311,432.9740295410156,0.0,849.0,474.0,831.0,489.666666666667,1000.0,61.63715982527821,408.859730801677,,,,,,,,,484.0,484.0,130651.0,130771.0,120.0,3.0838769451302497,89.8486829853691,2209.94436096076,-2060.42803668819,243.722143307429
130.761,3.7899999618530273,3.880000114440918,853.0,474.0,853.0,474.0,44.5099983215332,35.93000030517578,416.4299926757813,0.0,0.0,0.0375999994575977,0.1269000023603439,0.9911999702453612,0.161200001835823,0.121699996292591,0.9793999791145324,420.3403930664063,0.0,853.0,474.0,852.666666666667,475.333333333333,1000.0,36.571777895399606,-1253.26909649393,,,,,,,,,484.0,484.0,130651.0,130771.0,120.0,3.0838769451302497,89.8486829853691,2209.94436096076,-2060.42803668819,243.722143307429
130.781,3.799999952316284,3.880000114440918,856.0,478.0,856.0,478.0,41.33000183105469,32.880001068115234,398.239990234375,0.0,0.0,0.0318999998271465,0.124899998307228,0.991699993610382,0.1608999967575073,0.1202000007033348,0.9796000123023988,401.72671508789057,0.0,856.0,478.0,856.666666666667,477.333333333333,1000.0,12.4153051751702,-1207.82363601147,225.0,225.0,860.571428571429,478.52380952381,130771.0,130911.0,140.0,0.205488999980505,,,,,,,,,,
130.801,3.809999942779541,3.880000114440918,861.0,480.0,861.0,480.0,38.63000106811523,31.21999931335449,385.6700134277344,0.0,0.0,0.0263999998569488,0.1222999989986419,0.9921000003814696,0.1595000028610229,0.1222999989986419,0.9796000123023988,388.8551330566406,0.0,861.0,480.0,861.333333333333,479.666666666667,1000.0,12.9839242174236,28.430952112670496,225.0,225.0,860.571428571429,478.52380952381,130771.0,130911.0,140.0,0.205488999980505,,,,,,,,,,
130.821,3.819999933242797,5.0,867.0,481.0,867.0,481.0,36.52000045776367,31.0,385.7000122070313,0.0,0.0,0.0214000009000301,0.121699996292591,0.9922999739646912,0.0,0.0,0.0,388.6633605957031,0.0,867.0,481.0,866.333333333333,480.333333333333,1000.0,3.42567038595876,-477.912691573241,225.0,225.0,860.571428571429,478.52380952381,130771.0,130911.0,140.0,0.205488999980505,,,,,,,,,,
130.841,3.829999923706055,5.0,871.0,480.0,871.0,480.0,35.25,31.29999923706055,385.6499938964844,0.0,0.0,0.0184000004082918,0.1222999989986419,0.9922999739646912,0.0,0.0,0.0,388.5205078125,0.0,871.0,480.0,864.0,479.666666666667,1000.0,5.560609812887031,106.746971346413,225.0,225.0,860.571428571429,478.52380952381,130771.0,130911.0,140.0,0.205488999980505,,,,,,,,,,
130.861,3.799999952316284,5.0,854.0,478.0,854.0,478.0,40.79999923706055,31.78000068664551,385.6099853515625,0.0,0.0,0.0315000005066394,0.1237000003457069,0.9918000102043154,0.0,0.0,0.0,389.06256103515625,0.0,854.0,478.0,862.333333333333,478.666666666667,1000.0,11.6281112180834,303.375070259819,225.0,225.0,860.571428571429,478.52380952381,130771.0,130911.0,140.0,0.205488999980505,,,,,,,,,,
130.881,3.819999933242797,5.0,862.0,478.0,862.0,478.0,37.97000122070313,31.920000076293945,385.58999633789057,0.0,0.0,0.0248000007122755,0.1238999962806701,0.9919999837875366,0.0,0.0,0.0,388.76760864257807,0.0,862.0,478.0,855.333333333334,477.0,1000.0,5.95308127035823,-283.751497386259,225.0,225.0,860.571428571429,478.52380952381,130771.0,130911.0,140.0,0.205488999980505,,,,,,,,,,
130.901,3.7899999618530273,5.0,850.0,475.0,850.0,475.0,42.09000015258789,32.7599983215332,385.48001098632807,0.0,0.0,0.0346000008285045,0.1261000037193298,0.9914000034332277,0.0,0.0,0.0,389.1524353027344,0.0,850.0,475.0,858.0,477.0,1000.0,28.5144553582896,1128.06870439657,225.0,225.0,860.571428571429,478.52380952381,130771.0,130911.0,140.0,0.205488999980505,,,,,,,,,,
130.921,3.799999952316284,5.0,862.0,478.0,862.0,478.0,38.06999969482422,31.959999084472656,385.5799865722656,0.0,0.0,0.025000000372529,0.123999997973442,0.9919999837875366,0.0,0.0,0.0,388.770751953125,0.0,862.0,478.0,875.0,487.333333333333,1000.0,47.9178275579374,970.1686099823868,,,,,,,,,485.0,485.0,130911.0,130951.0,40.0,0.944590600186494,47.9178275579374,970.1686099823868,-280.637518390533,55.437475351118096
130.941,3.880000114440918,3.880000114440918,913.0,509.0,913.0,509.0,14.369999885559082,15.100000381469728,268.29998779296875,0.0,0.0,-0.0417999997735023,0.1124999970197677,0.992799997329712,0.1433999985456466,0.1218999996781349,0.982100009918213,269.1085205078125,0.0,913.0,509.0,885.333333333333,502.333333333333,1000.0,42.3050771901267,-280.637518390533,,,,,,,,,485.0,485.0,130911.0,130951.0,40.0,0.944590600186494,47.9178275579374,970.1686099823868,-280.637518390533,55.437475351118096
130.961,3.809999942779541,5.0,881.0,520.0,881.0,520.0,22.06999969482421,12.359999656677244,269.17001342773443,0.0,0.0,-0.0162000004202127,0.1081999987363815,0.9940000176429749,0.0,0.0,0.0,270.35595703125,0.0,881.0,520.0,889.666666666667,516.666666666667,1000.0,21.6768461222742,-1031.41155339263,226.0,226.0,877.104166666667,512.416666666667,130951.0,131271.0,320.0,0.6936710839002641,,,,,,,,,,
130.981,3.799999952316284,5.0,875.0,521.0,875.0,521.0,23.420000076293945,12.140000343322756,269.3699951171875,0.0,0.0,-0.0115000000223517,0.1076000034809112,0.9940999746322634,0.0,0.0,0.0,270.6585998535156,0.0,875.0,521.0,874.333333333333,515.0,1000.0,19.8134722047367,-93.1686958768735,226.0,226.0,877.104166666667,512.416666666667,130951.0,131271.0,320.0,0.6936710839002641,,,,,,,,,,
131.001,3.809999942779541,5.0,867.0,504.0,867.0,504.0,25.3700008392334,16.020000457763672,269.010009765625,0.0,0.0,-0.0049999998882412,0.1204999983310699,0.9926999807357788,0.0,0.0,0.0,270.6781311035156,0.0,867.0,504.0,875.666666666667,510.333333333333,1000.0,16.7700037372928,-152.173423372194,226.0,226.0,877.104166666667,512.416666666667,130951.0,131271.0,320.0,0.6936710839002641,,,,,,,,,,
131.021,3.839999914169312,5.0,885.0,506.0,885.0,506.0,21.190000534057614,15.630000114440918,268.92999267578125,0.0,0.0,-0.0186000000685453,0.1190000027418136,0.9926999807357788,0.0,0.0,0.0,270.2159423828125,0.0,885.0,506.0,884.0,506.333333333333,1000.0,20.2967801819556,176.338822233136,226.0,226.0,877.104166666667,512.416666666667,130951.0,131271.0,320.0,0.6936710839002641,,,,,,,,,,
131.041,3.849999904632568,5.0,900.0,509.0,900.0,509.0,17.530000686645508,15.010000228881836,268.8399963378906,0.0,0.0,-0.0307000000029802,0.1168000027537346,0.9926999807357788,0.0,0.0,0.0,269.8287353515625,0.0,900.0,509.0,890.333333333333,504.666666666667,1000.0,13.2588063408916,-351.898692053197,226.0,226.0,877.104166666667,512.416666666667,130951.0,131271.0,320.0,0.6936710839002641,,,,,,,,,,
131.061,3.849999904632568,5.0,886.0,499.0,886.0,499.0,20.90999984741211,17.399999618530273,268.70001220703125,0.0,0.0,-0.0195000004023313,0.1247999966144561,0.9919999837875366,0.0,0.0,0.0,270.0734558105469,0.0,886.0,499.0,894.0,504.0,1000.0,1.82471553690852,-571.704540199155,226.0,226.0,877.104166666667,512.416666666667,130951.0,131271.0,320.0,0.6936710839002641,,,,,,,,,,
131.081,3.869999885559082,5.0,896.0,504.0,896.0,504.0,18.420000076293945,16.059999465942386,268.7300109863281,0.0,0.0,-0.0276999995112419,0.1203000023961067,0.9923999905586242,0.0,0.0,0.0,269.8388977050781,0.0,896.0,504.0,889.333333333333,503.666666666667,1000.0,9.90527359885196,404.027903097172,226.0,226.0,877.104166666667,512.416666666667,130951.0,131271.0,320.0,0.6936710839002641,,,,,,,,,,
131.101,3.8599998950958248,5.0,886.0,508.0,886.0,508.0,20.75,15.18000030517578,268.9700012207032,0.0,0.0,-0.0200999993830919,0.1174999997019767,0.992900013923645,0.0,0.0,0.0,270.1959533691406,0.0,886.0,508.0,886.333333333333,504.333333333333,1000.0,13.5812053729696,183.79658870588003,226.0,226.0,877.104166666667,512.416666666667,130951.0,131271.0,320.0,0.6936710839002641,,,,,,,,,,
131.121,3.8599998950958248,5.0,877.0,501.0,877.0,501.0,23.03000068664551,16.780000686645508,268.8599853515625,0.0,0.0,-0.0126000000163912,0.1229000017046928,0.9922999739646912,0.0,0.0,0.0,270.36578369140625,0.0,877.0,501.0,879.0,505.666666666667,1000.0,15.437486593145,92.81406100877052,226.0,226.0,877.104166666667,512.416666666667,130951.0,131271.0,320.0,0.6936710839002641,,,,,,,,,,
131.141,3.849999904632568,5.0,874.0,508.0,874.0,508.0,23.76000022888184,15.159999847412108,269.1099853515625,0.0,0.0,-0.0102000003680586,0.1176000013947486,0.9929999709129332,0.0,0.0,0.0,270.5818786621094,0.0,874.0,508.0,874.666666666667,507.0,1000.0,10.9588088083511,-223.933889239694,226.0,226.0,877.104166666667,512.416666666667,130951.0,131271.0,320.0,0.6936710839002641,,,,,,,,,,
131.161,3.849999904632568,5.0,873.0,512.0,873.0,512.0,23.88999938964844,14.260000228881836,269.260009765625,0.0,0.0,-0.009800000116229,0.1146999970078468,0.993399977684021,0.0,0.0,0.0,270.693603515625,0.0,873.0,512.0,873.0,511.666666666667,1000.0,11.1814616066516,11.1326399150249,226.0,226.0,877.104166666667,512.416666666667,130951.0,131271.0,320.0,0.6936710839002641,,,,,,,,,,
131.181,3.8599998950958248,5.0,872.0,515.0,872.0,515.0,24.040000915527344,13.609999656677244,269.3500061035156,0.0,0.0,-0.0093000000342726,0.1125999987125396,0.9936000108718872,0.0,0.0,0.0,270.762939453125,0.0,872.0,515.0,872.333333333333,515.333333333333,1000.0,10.236562622057,-47.244949229731,226.0,226.0,877.104166666667,512.416666666667,130951.0,131271.0,320.0,0.6936710839002641,,,,,,,,,,
131.201,3.8599998950958248,5.0,872.0,519.0,872.0,519.0,24.07999992370605,12.479999542236328,269.5,0.0,0.0,-0.0092000002041459,0.1089000031352043,0.9940000176429749,0.0,0.0,0.0,270.8612976074219,0.0,872.0,519.0,870.0,519.0,1000.0,12.476664116087,112.005074701502,226.0,226.0,877.104166666667,512.416666666667,130951.0,131271.0,320.0,0.6936710839002641,,,,,,,,,,
131.221,3.8599998950958248,5.0,866.0,523.0,866.0,523.0,25.46999931335449,11.699999809265137,269.64999389648443,0.0,0.0,-0.0046999999321997,0.1063999980688095,0.9943000078201294,0.0,0.0,0.0,271.1028137207032,0.0,866.0,523.0,865.666666666667,522.333333333333,1000.0,15.387111325648698,145.522360478085,226.0,226.0,877.104166666667,512.416666666667,130951.0,131271.0,320.0,0.6936710839002641,,,,,,,,,,
131.241,3.849999904632568,5.0,859.0,525.0,859.0,525.0,27.35000038146973,11.100000381469728,269.7799987792969,0.0,0.0,0.0015000000130385,0.1045000031590461,0.9944999814033508,0.0,0.0,0.0,271.389892578125,0.0,859.0,525.0,860.333333333333,526.0,1000.0,14.819666817047,-28.3722254300832,226.0,226.0,877.104166666667,512.416666666667,130951.0,131271.0,320.0,0.6936710839002641,,,,,,,,,,
131.261,3.849999904632568,5.0,856.0,530.0,856.0,530.0,27.8799991607666,9.899999618530272,269.95001220703125,0.0,0.0,0.0031999999191612,0.1005999967455864,0.9948999881744384,0.0,0.0,0.0,271.56640625,0.0,856.0,530.0,855.0,526.666666666667,1000.0,17.562493150388402,137.14131666706498,226.0,226.0,877.104166666667,512.416666666667,130951.0,131271.0,320.0,0.6936710839002641,,,,,,,,,,
131.281,3.8599998950958248,5.0,850.0,525.0,850.0,525.0,29.489999771118164,11.210000038146973,269.79998779296875,0.0,0.0,0.0085000004619359,0.1049999967217445,0.9944000244140624,0.0,0.0,0.0,271.6383056640625,0.0,850.0,525.0,867.333333333333,514.333333333333,1000.0,49.3051818509848,1587.13443502982,,,,,,,,,486.0,486.0,131271.0,131331.0,60.0,2.2584992682195697,56.26449875828,1587.13443502982,-1021.38609878656,324.972057687331
131.301,3.849999904632568,3.920000076293945,896.0,488.0,896.0,488.0,29.959999084472656,32.27000045776367,433.80999755859375,0.0,0.0,0.0089999996125698,0.1010999977588653,0.9947999715805051,0.123999997973442,0.1246000006794929,0.984399974346161,436.0390625,0.0,896.0,488.0,883.0,500.666666666667,1000.0,56.26449875828,347.965845364761,,,,,,,,,486.0,486.0,131271.0,131331.0,60.0,2.2584992682195697,56.26449875828,1587.13443502982,-1021.38609878656,324.972057687331
131.321,3.8599998950958248,3.950000047683716,903.0,489.0,903.0,489.0,27.70000076293945,32.330001831054695,441.0,0.0,0.0,0.0046999999321997,0.0984999984502792,0.9951000213623048,0.1172000020742416,0.1242000013589859,0.9853000044822692,443.05023193359375,0.0,903.0,489.0,903.0,489.333333333333,1000.0,35.8367767825488,-1021.38609878656,,,,,,,,,486.0,486.0,131271.0,131331.0,60.0,2.2584992682195697,56.26449875828,1587.13443502982,-1021.38609878656,324.972057687331
131.341,3.880000114440918,3.9600000381469727,910.0,491.0,910.0,491.0,23.90999984741211,30.290000915527344,421.23001098632807,0.0,0.0,-0.0038000000640749,0.0992999970912933,0.9951000213623048,0.1146999970078468,0.1242000013589859,0.9855999946594238,422.9939575195313,0.0,910.0,491.0,907.666666666667,488.0,1000.0,10.243154830255598,-1279.68109761466,227.0,227.0,913.0,490.444444444445,131331.0,131391.0,60.0,0.353235474510316,,,,,,,,,,
131.361,3.900000095367432,3.9600000381469727,910.0,484.0,910.0,484.0,25.520000457763672,34.84000015258789,447.9700012207031,0.0,0.0,-0.0019000000320374,0.1077999994158744,0.9941999912261964,0.1133000031113624,0.1220000013709068,0.9860000014305114,450.04690551757807,0.0,910.0,484.0,910.666666666667,487.333333333333,1000.0,19.7209248515071,473.888501062578,227.0,227.0,913.0,490.444444444445,131331.0,131391.0,60.0,0.353235474510316,,,,,,,,,,
131.381,3.900000095367432,3.9600000381469727,912.0,487.0,912.0,487.0,23.88999938964844,32.650001525878906,434.51998901367193,0.0,0.0,-0.0049999998882412,0.1049000024795532,0.9944999814033508,0.1128000020980835,0.12219999730587,0.9861000180244444,436.39935302734375,0.0,912.0,487.0,920.666666666667,496.0,1000.0,20.731398129884,50.5236639188416,227.0,227.0,913.0,490.444444444445,131331.0,131391.0,60.0,0.353235474510316,,,,,,,,,,
131.401,3.990000009536743,4.039999961853027,940.0,517.0,940.0,517.0,7.460000038146973,12.510000228881836,252.5,0.0,0.0,-0.0674000009894371,0.1165999993681907,0.9908999800682068,0.1289999932050705,0.1137000024318695,0.9850999712944032,252.9197540283203,0.0,940.0,517.0,909.666666666667,503.333333333333,1000.0,42.4725766356358,1087.05892528759,,,,,,,,,487.0,487.0,131391.0,131451.0,60.0,2.4817836111566,61.74918207205479,1087.05892528759,-340.013091837671,174.805571092265
131.421,3.950000047683716,4.050000190734863,877.0,506.0,877.0,506.0,27.38999938964844,18.75,321.54998779296875,0.0,0.0,0.0006000000284984,0.1120000034570694,0.9937000274658204,0.1579000055789947,0.1092000007629394,0.9814000129699708,323.2586975097656,0.0,877.0,506.0,892.0,512.0,1000.0,61.74918207205479,963.830271820952,,,,,,,,,487.0,487.0,131391.0,131451.0,60.0,2.4817836111566,61.74918207205479,1087.05892528759,-340.013091837671,174.805571092265
131.441,3.9600000381469727,4.039999961853027,859.0,513.0,859.0,513.0,33.16999816894532,16.969999313354492,328.6300048828125,0.0,0.0,0.0164000000804662,0.1089999973773956,0.9939000010490416,0.1695999950170517,0.0980999991297721,0.9805999994277954,330.73541259765625,0.0,859.0,513.0,862.0,507.666666666667,1000.0,54.9489202353014,-340.013091837671,,,,,,,,,487.0,487.0,131391.0,131451.0,60.0,2.4817836111566,61.74918207205479,1087.05892528759,-340.013091837671,174.805571092265
131.461,3.920000076293945,4.039999961853027,850.0,504.0,850.0,504.0,38.27999877929688,20.82999992370605,349.6199951171875,0.0,0.0,0.0293000005185604,0.1168000027537346,0.9926999807357788,0.1723999977111816,0.0988000035285949,0.9800999760627744,352.32568359375,0.0,850.0,504.0,850.0,504.333333333333,1000.0,27.1811641959986,-1388.3878019651402,228.0,228.0,868.111111111111,501.656565656566,131451.0,132110.0,659.0,1.12239426781049,,,,,,,,,,
131.481,3.940000057220459,4.050000190734863,841.0,496.0,841.0,496.0,45.36000061035156,25.70000076293945,386.9700012207031,0.0,0.0,0.0456999987363815,0.1243999972939491,0.9911999702453612,0.1711000055074691,0.0948000028729438,0.9807000160217284,390.4661254882813,0.0,841.0,496.0,842.666666666667,499.0,1000.0,16.238753547154502,-547.120532442205,228.0,228.0,868.111111111111,501.656565656566,131451.0,132110.0,659.0,1.12239426781049,,,,,,,,,,
131.501,3.9300000667572017,4.070000171661377,837.0,497.0,837.0,497.0,47.11000061035156,25.61000061035157,390.4299926757813,0.0,0.0,0.0537000000476837,0.1298000067472458,0.9901000261306762,0.1694999933242798,0.0872000008821487,0.9817000031471252,394.0949096679688,0.0,837.0,497.0,839.666666666667,497.0,1000.0,1.3548059777873105,-744.197378468359,228.0,228.0,868.111111111111,501.656565656566,131451.0,132110.0,659.0,1.12239426781049,,,,,,,,,,
131.521,3.950000047683716,4.070000171661377,841.0,498.0,841.0,498.0,45.13999938964844,25.09000015258789,386.3299865722656,0.0,0.0,0.047699999064207,0.1273999959230423,0.9907000064849852,0.1684000045061111,0.0891999974846839,0.9817000031471252,389.7666015625,0.0,841.0,498.0,842.333333333333,498.0,1000.0,10.6501641203096,464.76790712611296,228.0,228.0,868.111111111111,501.656565656566,131451.0,132110.0,659.0,1.12239426781049,,,,,,,,,,
131.541,3.9600000381469727,4.090000152587891,849.0,499.0,849.0,499.0,42.6599998474121,24.63999938964844,386.3999938964844,0.0,0.0,0.0414999984204769,0.125900000333786,0.9911999702453612,0.1632000058889389,0.0886000022292137,0.9825999736785888,389.52786254882807,0.0,849.0,499.0,846.0,491.666666666667,1000.0,17.5105677617851,343.020182073774,228.0,228.0,868.111111111111,501.656565656566,131451.0,132110.0,659.0,1.12239426781049,,,,,,,,,,
131.561,3.9600000381469727,5.0,848.0,478.0,848.0,478.0,42.900001525878906,31.61000061035157,385.5299987792969,0.0,0.0,0.0366000011563301,0.1238000020384788,0.9915999770164488,0.0,0.0,0.0,389.1953125,0.0,848.0,478.0,845.0,484.666666666667,1000.0,10.0192487078288,-374.565952697813,228.0,228.0,868.111111111111,501.656565656566,131451.0,132110.0,659.0,1.12239426781049,,,,,,,,,,
131.581,3.940000057220459,5.0,838.0,477.0,838.0,477.0,46.22000122070313,32.189998626708984,385.3999938964844,0.0,0.0,0.0445000007748603,0.1252000033855438,0.991100013256073,0.0,0.0,0.0,389.49407958984375,0.0,838.0,477.0,843.333333333333,484.333333333333,1000.0,6.017254816986481,-200.09969454211603,228.0,228.0,868.111111111111,501.656565656566,131451.0,132110.0,659.0,1.12239426781049,,,,,,,,,,
131.601,3.940000057220459,4.070000171661377,844.0,498.0,844.0,498.0,46.290000915527344,26.440000534057614,405.5299987792969,0.0,0.0,0.0480999983847141,0.1247000023722648,0.99099999666214,0.164000004529953,0.0885000005364417,0.9825000166893004,409.0188598632813,0.0,844.0,498.0,845.333333333333,489.333333333333,1000.0,16.0125880895156,499.766663626456,228.0,228.0,868.111111111111,501.656565656566,131451.0,132110.0,659.0,1.12239426781049,,,,,,,,,,
131.621,3.950000047683716,4.079999923706056,854.0,493.0,854.0,493.0,44.56999969482422,29.290000915527344,420.6199951171875,0.0,0.0,0.0403999984264373,0.1225000023841858,0.9915999770164488,0.1573999971151352,0.0957999974489212,0.9829000234603882,423.9877014160156,0.0,854.0,493.0,852.0,493.333333333333,1000.0,14.0273197256663,-99.2634181924624,228.0,228.0,868.111111111111,501.656565656566,131451.0,132110.0,659.0,1.12239426781049,,,,,,,,,,
131.64,3.9600000381469727,4.070000171661377,858.0,489.0,858.0,489.0,43.97000122070313,31.32999992370605,431.8299865722656,0.0,0.0,0.0370000004768371,0.1209999993443489,0.9919999837875366,0.1536000072956085,0.100500002503395,0.9829999804496764,435.1920166015625,0.0,858.0,489.0,855.666666666667,492.0,1000.0,7.945640538057241,-320.088378295216,228.0,228.0,868.111111111111,501.656565656566,131451.0,132110.0,659.0,1.12239426781049,,,,,,,,,,
131.66,3.9700000286102295,4.070000171661377,855.0,494.0,855.0,494.0,45.52000045776367,29.93000030517578,434.95999145507807,0.0,0.0,0.0417999997735023,0.1213999986648559,0.991699993610382,0.1541000008583068,0.0930999964475631,0.9836999773979188,438.3583984375,0.0,855.0,494.0,858.0,494.0,1000.0,6.96874958838107,-48.8445474838081,228.0,228.0,868.111111111111,501.656565656566,131451.0,132110.0,659.0,1.12239426781049,,,,,,,,,,
131.68,3.9800000190734863,4.070000171661377,861.0,499.0,861.0,499.0,40.61999893188477,26.270000457763672,408.0799865722656,0.0,0.0,0.0328000001609325,0.1194000020623207,0.9922999739646912,0.1532000005245208,0.0917000025510788,0.9839000105857848,410.9371948242188,0.0,861.0,499.0,859.333333333333,496.0,1000.0,9.1907436934887,111.099705255381,228.0,228.0,868.111111111111,501.656565656566,131451.0,132110.0,659.0,1.12239426781049,,,,,,,,,,
131.7,3.9700000286102295,4.059999942779541,862.0,495.0,862.0,495.0,42.22000122070313,28.920000076293945,428.98001098632807,0.0,0.0,0.0346999987959861,0.1196999996900558,0.9922000169754028,0.1498000025749206,0.0934000015258789,0.9843000173568724,432.0216979980469,0.0,862.0,495.0,864.333333333333,497.333333333333,1000.0,9.896569929131893,35.291311782159205,228.0,228.0,868.111111111111,501.656565656566,131451.0,132110.0,659.0,1.12239426781049,,,,,,,,,,
131.72,3.990000009536743,4.050000190734863,870.0,498.0,870.0,498.0,38.7599983215332,27.57999992370605,421.6700134277344,0.0,0.0,0.0274000000208616,0.1180000007152557,0.9926000237464906,0.1453000009059906,0.0929000005125999,0.9850000143051147,424.34487915039057,0.0,870.0,498.0,867.0,495.333333333333,1000.0,10.3048636915444,20.4146881206253,228.0,228.0,868.111111111111,501.656565656566,131451.0,132110.0,659.0,1.12239426781049,,,,,,,,,,
131.74,3.9800000190734863,4.039999961853027,869.0,493.0,869.0,493.0,43.18999862670898,32.34999847412109,466.9100036621094,0.0,0.0,0.0342999994754791,0.1180000007152557,0.9923999905586242,0.1404999941587448,0.0929000005125999,0.9857000112533568,470.0179138183594,0.0,869.0,493.0,872.0,499.666666666667,1000.0,13.810238155519,175.268723198731,228.0,228.0,868.111111111111,501.656565656566,131451.0,132110.0,659.0,1.12239426781049,,,,,,,,,,
131.76,5.0,4.03000020980835,877.0,508.0,877.0,508.0,40.02000045776367,26.36000061035157,468.0700073242188,0.0,0.0,0.0,0.0,0.0,0.1370999962091446,0.0935999974608421,0.9861000180244444,470.5167236328125,0.0,877.0,508.0,875.666666666667,501.666666666667,1000.0,11.7855327569279,-101.235269929555,228.0,228.0,868.111111111111,501.656565656566,131451.0,132110.0,659.0,1.12239426781049,,,,,,,,,,
131.78,5.0,4.0,881.0,504.0,881.0,504.0,38.5099983215332,28.18000030517578,468.3200073242188,0.0,0.0,0.0,0.0,0.0,0.134100005030632,0.09740000218153,0.9861999750137328,470.7449035644531,0.0,881.0,504.0,879.666666666667,504.666666666667,1000.0,9.44652573399182,-116.950351146805,228.0,228.0,868.111111111111,501.656565656566,131451.0,132110.0,659.0,1.12239426781049,,,,,,,,,,
131.8,5.0,4.0,881.0,502.0,881.0,502.0,38.290000915527344,29.03000068664551,468.2900085449218,0.0,0.0,0.0,0.0,0.0,0.1336999982595443,0.0991000011563301,0.9861000180244444,470.7487487792969,0.0,881.0,502.0,882.0,498.0,1000.0,20.5873887516315,557.043150881983,228.0,228.0,868.111111111111,501.656565656566,131451.0,132110.0,659.0,1.12239426781049,,,,,,,,,,
131.82,5.0,4.050000190734863,884.0,488.0,884.0,488.0,37.13999938964844,34.81999969482421,467.8900146484375,0.0,0.0,0.0,0.0,0.0,0.131400004029274,0.1105000004172325,0.9850999712944032,470.65151977539057,0.0,884.0,488.0,884.0,489.333333333333,1000.0,25.374988912460005,239.380008041428,228.0,228.0,868.111111111111,501.656565656566,131451.0,132110.0,659.0,1.12239426781049,,,,,,,,,,
131.84,5.0,4.079999923706056,887.0,478.0,887.0,478.0,36.04999923706055,38.77999877929688,467.6499938964844,0.0,0.0,0.0,0.0,0.0,0.1292999982833862,0.1182999983429908,0.9844999909400942,470.6378784179688,0.0,887.0,478.0,887.0,479.0,1000.0,14.3012971516517,-553.684588040416,228.0,228.0,868.111111111111,501.656565656566,131451.0,132110.0,659.0,1.12239426781049,,,,,,,,,,
131.86,5.0,4.090000152587891,890.0,471.0,890.0,471.0,34.959999084472656,41.59000015258789,467.510009765625,0.0,0.0,0.0,0.0,0.0,0.1272000074386596,0.1238999962806701,0.9840999841690063,470.656494140625,0.0,890.0,471.0,885.333333333333,478.333333333333,1000.0,10.4823915579994,-190.945279682618,228.0,228.0,868.111111111111,501.656565656566,131451.0,132110.0,659.0,1.12239426781049,,,,,,,,,,
131.88,4.03000020980835,4.050000190734863,879.0,486.0,879.0,486.0,40.08000183105469,36.18999862670898,476.23001098632807,0.0,0.0,0.0249000005424022,0.1140000000596046,0.9932000041007996,0.1347000002861022,0.1080999970436096,0.9850000143051147,479.2818908691406,0.0,879.0,486.0,884.333333333333,486.666666666667,1000.0,26.709470764720503,811.353960336059,228.0,228.0,868.111111111111,501.656565656566,131451.0,132110.0,659.0,1.12239426781049,,,,,,,,,,
131.9,4.099999904632568,4.059999942779541,884.0,503.0,884.0,503.0,32.779998779296875,25.09000015258789,415.6000061035156,0.0,0.0,0.0119000002741813,0.1037999987602234,0.9944999814033508,0.1369999945163726,0.099200002849102,0.9855999946594238,417.64505004882807,0.0,884.0,503.0,884.333333333333,499.0,1000.0,28.0965606806002,69.3544957939812,228.0,228.0,868.111111111111,501.656565656566,131451.0,132110.0,659.0,1.12239426781049,,,,,,,,,,
131.92,4.119999885559082,5.0,890.0,508.0,890.0,508.0,30.93000030517578,23.34000015258789,415.70999145507807,0.0,0.0,0.0076999999582767,0.0971999987959861,0.995199978351593,0.0,0.0,0.0,417.5119323730469,0.0,890.0,508.0,886.333333333333,508.333333333333,1000.0,17.4171761220649,-533.9692279267599,228.0,228.0,868.111111111111,501.656565656566,131451.0,132110.0,659.0,1.12239426781049,,,,,,,,,,
131.94,4.130000114440918,4.070000171661377,885.0,514.0,885.0,514.0,29.86000061035157,19.57999992370605,380.7799987792969,0.0,0.0,0.0059000002220273,0.0943000018596649,0.9955000281333924,0.1414999961853027,0.0991000011563301,0.9850000143051147,382.4505310058594,0.0,885.0,514.0,886.333333333333,512.333333333333,1000.0,6.27585475392226,-557.066068407134,228.0,228.0,868.111111111111,501.656565656566,131451.0,132110.0,659.0,1.12239426781049,,,,,,,,,,
131.96,4.139999866485596,4.070000171661377,884.0,515.0,884.0,515.0,29.20000076293945,18.36000061035157,368.1799926757813,0.0,0.0,0.0044999998062849,0.0934000015258789,0.9955999851226806,0.1441999971866607,0.1000000014901161,0.9844999909400942,369.7921752929688,0.0,884.0,515.0,885.0,513.0,1000.0,6.12181136072213,-7.702169660006679,228.0,228.0,868.111111111111,501.656565656566,131451.0,132110.0,659.0,1.12239426781049,,,,,,,,,,
131.98,4.139999866485596,4.099999904632568,886.0,510.0,886.0,510.0,28.59000015258789,20.01000022888184,367.3299865722656,0.0,0.0,0.0038000000640749,0.092799998819828,0.9957000017166135,0.1421999931335449,0.1090999990701675,0.9837999939918518,368.98388671875,0.0,886.0,510.0,882.666666666667,515.333333333333,1000.0,9.32231885885206,160.025374906497,228.0,228.0,868.111111111111,501.656565656566,131451.0,132110.0,659.0,1.12239426781049,,,,,,,,,,
132.0,4.139999866485596,4.090000152587891,878.0,521.0,878.0,521.0,28.68000030517578,15.409999847412108,340.67999267578125,0.0,0.0,0.0035000001080334,0.0922000035643577,0.9957000017166135,0.1533000022172928,0.0998999997973442,0.9830999970436096,342.232177734375,0.0,878.0,521.0,881.0,519.0,1000.0,11.770603543215302,122.41423421816098,228.0,228.0,868.111111111111,501.656565656566,131451.0,132110.0,659.0,1.12239426781049,,,,,,,,,,
132.02,4.139999866485596,5.0,879.0,526.0,879.0,526.0,28.440000534057614,13.699999809265137,340.8399963378906,0.0,0.0,0.002600000007078,0.090999998152256,0.9958000183105468,0.0,0.0,0.0,342.2987365722656,0.0,879.0,526.0,879.0,523.666666666667,1000.0,8.36826106073758,-170.117124123885,228.0,228.0,868.111111111111,501.656565656566,131451.0,132110.0,659.0,1.12239426781049,,,,,,,,,,
132.04,4.139999866485596,4.090000152587891,880.0,524.0,880.0,524.0,28.209999084472656,14.489999771118164,341.7099914550781,0.0,0.0,0.0020999999251216,0.0907000005245208,0.9958999752998352,0.1517000049352646,0.096000000834465,0.9836999773979188,343.1784973144532,0.0,880.0,524.0,879.666666666667,525.333333333333,1000.0,3.90248106062882,-223.289000005438,228.0,228.0,868.111111111111,501.656565656566,131451.0,132110.0,659.0,1.12239426781049,,,,,,,,,,
132.06,4.139999866485596,4.090000152587891,880.0,526.0,880.0,526.0,28.239999771118164,13.909999847412108,342.7799987792969,0.0,0.0,0.0020999999251216,0.0901999995112419,0.9958999752998352,0.1513999998569488,0.092799998819828,0.9840999841690063,344.22247314453125,0.0,880.0,526.0,878.666666666667,526.666666666667,1000.0,5.02397181998142,56.07453796763001,228.0,228.0,868.111111111111,501.656565656566,131451.0,132110.0,659.0,1.12239426781049,,,,,,,,,,
132.08,4.139999866485596,4.079999923706056,876.0,530.0,876.0,530.0,28.0,12.050000190734863,324.2200012207032,0.0,0.0,0.0015999999595806,0.0899000018835067,0.9959999918937684,0.158500000834465,0.0925000011920928,0.9829999804496764,325.6498413085937,0.0,876.0,530.0,877.666666666667,528.666666666667,1000.0,16.3586359975933,566.733208880595,228.0,228.0,868.111111111111,501.656565656566,131451.0,132110.0,659.0,1.12239426781049,,,,,,,,,,
132.1,4.130000114440918,4.079999923706056,877.0,530.0,877.0,530.0,27.979999542236328,12.25,328.8999938964844,0.0,0.0,0.0015000000130385,0.0891000032424926,0.9959999918937684,0.1563999950885772,0.091899998486042,0.983399987220764,330.31524658203125,0.0,877.0,530.0,866.333333333333,529.666666666667,1000.0,27.6251278841645,563.324594328559,228.0,228.0,868.111111111111,501.656565656566,131451.0,132110.0,659.0,1.12239426781049,,,,,,,,,,
132.12,4.119999885559082,5.0,846.0,529.0,846.0,529.0,36.97000122070313,12.380000114440918,329.1000061035156,0.0,0.0,0.0267999991774559,0.090999998152256,0.9955000281333924,0.0,0.0,0.0,331.4013366699219,0.0,846.0,529.0,898.0,535.333333333333,1000.0,104.076188514912,3822.5530315374,,,,,,,,,488.0,488.0,132110.0,132170.0,60.0,5.7898053609356,144.739159331903,3822.5530315374,-1581.26656461192,9.09702792580026
132.14,4.110000133514404,5.0,971.0,547.0,971.0,547.0,0.8899999856948851,7.619999885559082,328.7200012207032,0.0,0.0,-0.0705000013113021,0.0776999965310096,0.9944999814033508,0.0,0.0,0.0,328.8095092773437,0.0,971.0,547.0,945.666666666667,543.333333333333,1000.0,144.739159331903,2033.1485408495,,,,,,,,,488.0,488.0,132110.0,132170.0,60.0,5.7898053609356,144.739159331903,3822.5530315374,-1581.26656461192,9.09702792580026
132.16,4.110000133514404,5.0,1020.0,554.0,1020.0,554.0,-13.359999656677244,5.820000171661378,327.6099853515625,0.0,0.0,-0.1089000031352043,0.0727000012993812,0.9914000034332277,0.0,0.0,0.0,327.9339599609375,0.0,1020.0,554.0,1008.33333333333,553.0,1000.0,113.113828039664,-1581.26656461192,,,,,,,,,488.0,488.0,132110.0,132170.0,60.0,5.7898053609356,144.739159331903,3822.5530315374,-1581.26656461192,9.09702792580026
132.18,4.110000133514404,5.0,1034.0,558.0,1034.0,558.0,-17.389999389648438,4.489999771118164,327.2900085449219,0.0,0.0,-0.1196999996900558,0.0689999982714653,0.9904000163078308,0.0,0.0,0.0,327.78240966796875,0.0,1034.0,558.0,1032.0,556.666666666667,1000.0,14.2711225525069,-4942.13527435786,,,,,,,,,,,,,,,,,,
132.2,4.110000133514404,5.0,1042.0,558.0,1042.0,558.0,-19.559999465942383,4.690000057220459,327.010009765625,0.0,0.0,-0.1254999935626983,0.0694999992847442,0.9896000027656556,0.0,0.0,0.0,327.6280212402344,0.0,1042.0,558.0,1019.22222222222,551.222222222222,1000.0,69.61240939911879,2767.0643423306,,,,,,,,,489.0,489.0,132190.0,132250.0,60.0,5.368164355608481,134.193154599211,3229.03726000462,-1014.82734484337,199.09572566698895
132.22,5.0,5.0,-1.0,-1.0,-1.0,-1.0,0.0,0.0,0.0,5.0,5.0,0.0,0.0,0.0,0.0,0.0,0.0,0.0,1.0,,,981.666666666667,537.666666666667,1000.0,134.193154599211,3229.03726000462,,,,,,,,,489.0,489.0,132190.0,132250.0,60.0,5.368164355608481,134.193154599211,3229.03726000462,-1014.82734484337,199.09572566698895
132.24,5.0,5.0,-1.0,-1.0,-1.0,-1.0,0.0,0.0,0.0,5.0,5.0,0.0,0.0,0.0,0.0,0.0,0.0,0.0,1.0,,,921.333333333333,517.333333333333,1000.0,113.896607702344,-1014.82734484337,,,,,,,,,489.0,489.0,132190.0,132250.0,60.0,5.368164355608481,134.193154599211,3229.03726000462,-1014.82734484337,199.09572566698895
132.26,5.0,3.200000047683716,861.0,497.0,861.0,497.0,33.049999237060554,21.950000762939453,332.3099975585937,0.0,0.0,0.0,0.0,0.0,0.1717000007629394,0.1242000013589859,0.977299988269806,334.6700439453125,1.0,861.0,497.0,900.444444444445,503.944444444444,1000.0,25.8478685511799,-4402.4369575581895,,,,,,,,,,,,,,,,,,
132.28,5.0,5.0,-1.0,-1.0,-1.0,-1.0,0.0,0.0,0.0,5.0,5.0,0.0,0.0,0.0,0.0,0.0,0.0,0.0,1.0,,,919.0,497.5,1000.0,68.27124549976111,2121.16884742906,,,,,,,,,490.0,490.0,132270.0,132310.0,40.0,1.72445859316735,68.27124549976111,2121.16884742906,-364.368191130978,331.893730179198
132.3,4.079999923706056,3.660000085830689,977.0,498.0,977.0,498.0,-0.550000011920929,18.690000534057614,280.5299987792969,0.0,0.0,-0.0838000029325485,0.1316999942064285,0.9876999855041506,0.0948000028729438,0.1233000010251998,0.9878000020980836,281.15243530273443,1.0,977.0,498.0,948.333333333333,481.833333333333,1000.0,60.9838816771416,-364.368191130978,,,,,,,,,490.0,490.0,132270.0,132310.0,40.0,1.72445859316735,68.27124549976111,2121.16884742906,-364.368191130978,331.893730179198
132.32,4.090000152587891,5.0,949.0,450.0,949.0,450.0,6.389999866485596,30.170000076293945,279.42001342773443,0.0,0.0,-0.0621999986469745,0.1608999967575073,0.9850000143051147,0.0,0.0,0.0,281.11669921875,1.0,949.0,450.0,961.777777777778,477.777777777778,1000.0,14.942846599958198,-2302.05175385917,,,,,,,,,,,,,,,,,,
132.34,5.0,5.0,-1.0,-1.0,-1.0,-1.0,0.0,0.0,0.0,5.0,5.0,0.0,0.0,0.0,0.0,0.0,0.0,0.0,1.0,,,959.333333333333,485.333333333333,1000.0,56.45612184423371,2075.66376221378,,,,,,,,,491.0,491.0,132330.0,132410.0,80.0,4.68472418412402,96.2526660787697,2075.66376221378,-1914.0252539531305,75.9125080846377
132.36,5.0,5.0,-1.0,-1.0,-1.0,-1.0,0.0,0.0,0.0,5.0,5.0,0.0,0.0,0.0,0.0,0.0,0.0,0.0,1.0,,,969.666666666667,520.666666666667,1000.0,96.2526660787697,1989.8272117268,,,,,,,,,491.0,491.0,132330.0,132410.0,80.0,4.68472418412402,96.2526660787697,2075.66376221378,-1914.0252539531305,75.9125080846377
132.38,4.059999942779541,5.0,980.0,556.0,980.0,556.0,-1.559999942779541,4.360000133514404,282.0599975585937,0.0,0.0,-0.0876000002026557,0.0797000005841255,0.9929999709129332,0.0,0.0,0.0,282.0980224609375,0.0,980.0,556.0,981.555555555556,556.222222222222,1000.0,69.4906218824673,-1338.10220981512,,,,,,,,,491.0,491.0,132330.0,132410.0,80.0,4.68472418412402,96.2526660787697,2075.66376221378,-1914.0252539531305,75.9125080846377
132.4,4.070000171661377,5.0,995.0,592.0,995.0,592.0,-5.309999942779541,-4.650000095367432,282.3699951171875,0.0,0.0,-0.099600002169609,0.0513999983668327,0.9937000274658204,0.0,0.0,0.0,282.45819091796875,0.0,995.0,592.0,981.333333333333,573.0,1000.0,31.210116803404603,-1914.0252539531305,,,,,,,,,491.0,491.0,132330.0,132410.0,80.0,4.68472418412402,96.2526660787697,2075.66376221378,-1914.0252539531305,75.9125080846377
132.42,4.050000190734863,5.0,969.0,571.0,969.0,571.0,1.1200000047683716,0.5600000023841858,282.6400146484375,0.0,0.0,-0.0793000012636184,0.0680000036954879,0.9944999814033508,0.0,0.0,0.0,282.64276123046875,0.0,969.0,571.0,990.333333333333,578.666666666667,1000.0,8.74501362014288,-1123.25515916309,229.0,229.0,988.9629629629628,570.074074074074,132410.0,132470.0,60.0,0.356934134763823,,,,,,,,,,
132.44,4.070000171661377,5.0,1007.0,573.0,1007.0,573.0,-8.399999618530273,0.0599999986588954,281.4100036621094,0.0,0.0,-0.1093999966979026,0.0658999979496002,0.9918000102043154,0.0,0.0,0.0,281.53533935546875,0.0,1007.0,573.0,987.0,569.333333333333,1000.0,21.3187698769824,628.6878128419789,229.0,229.0,988.9629629629628,570.074074074074,132410.0,132470.0,60.0,0.356934134763823,,,,,,,,,,
132.46,4.039999961853027,5.0,985.0,564.0,985.0,564.0,-2.880000114440918,2.2699999809265137,281.94000244140625,0.0,0.0,-0.0921000018715858,0.0732000023126602,0.9930999875068665,0.0,0.0,0.0,281.9638366699219,0.0,985.0,564.0,989.555555555556,562.222222222222,1000.0,28.783074836551,373.215247978426,229.0,229.0,988.9629629629628,570.074074074074,132410.0,132470.0,60.0,0.356934134763823,,,,,,,,,,
132.48,5.0,5.0,-1.0,-1.0,-1.0,-1.0,0.0,0.0,0.0,5.0,5.0,0.0,0.0,0.0,0.0,0.0,0.0,0.0,1.0,,,976.666666666667,549.666666666667,1000.0,44.3933527339131,780.513894868107,,,,,,,,,492.0,492.0,132470.0,132610.0,140.0,8.123067402265718,110.281022077047,1941.08122317062,-2000.62540031294,188.92200080124297
132.5,5.0,5.0,-1.0,-1.0,-1.0,-1.0,0.0,0.0,0.0,5.0,5.0,0.0,0.0,0.0,0.0,0.0,0.0,0.0,1.0,,,968.333333333333,535.333333333333,1000.0,41.6436404278923,-137.48561530103902,,,,,,,,,492.0,492.0,132470.0,132610.0,140.0,8.123067402265718,110.281022077047,1941.08122317062,-2000.62540031294,188.92200080124297
132.52,4.070000171661377,3.849999904632568,960.0,521.0,960.0,521.0,4.9099998474121085,18.049999237060547,395.9100036621094,0.0,0.0,-0.049600001424551,0.09009999781847,0.994700014591217,0.0821999981999397,0.0929000005125999,0.9922999739646912,396.3516540527344,0.0,960.0,521.0,958.111111111111,523.444444444445,1000.0,45.8005198406334,207.843970637055,,,,,,,,,492.0,492.0,132470.0,132610.0,140.0,8.123067402265718,110.281022077047,1941.08122317062,-2000.62540031294,188.92200080124297
132.54,4.079999923706056,3.940000057220459,946.0,514.0,946.0,514.0,12.399999618530272,26.07999992370605,500.1099853515625,0.0,0.0,-0.0247000008821487,0.096500001847744,0.9950000047683716,0.0786999985575675,0.0803999975323677,0.9936000108718872,500.9430541992188,0.0,946.0,514.0,937.0,519.0,1000.0,84.6221443040458,1941.08122317062,,,,,,,,,492.0,492.0,132470.0,132610.0,140.0,8.123067402265718,110.281022077047,1941.08122317062,-2000.62540031294,188.92200080124297
132.56,4.239999771118164,4.079999923706056,905.0,522.0,905.0,522.0,37.59000015258789,27.770000457763672,622.6199951171875,0.0,0.0,0.0171000007539987,0.0802000015974044,0.9965999722480772,0.1018000021576881,0.0690999999642372,0.9923999905586242,624.37158203125,0.0,905.0,522.0,894.0,510.666666666667,1000.0,110.281022077047,1282.94388865006,,,,,,,,,492.0,492.0,132470.0,132610.0,140.0,8.123067402265718,110.281022077047,1941.08122317062,-2000.62540031294,188.92200080124297
132.58,4.050000190734863,4.110000133514404,831.0,496.0,831.0,496.0,88.23999786376955,46.77999877929688,700.280029296875,0.0,0.0,0.0825999975204467,0.0953999981284141,0.9919999837875366,0.1577000021934509,0.0885000005364417,0.9835000038146972,707.3660888671875,0.0,831.0,496.0,851.666666666667,522.666666666667,1000.0,94.873510640982,-770.375571803249,,,,,,,,,492.0,492.0,132470.0,132610.0,140.0,8.123067402265718,110.281022077047,1941.08122317062,-2000.62540031294,188.92200080124297
132.6,3.990000009536743,4.170000076293944,819.0,550.0,819.0,550.0,54.33000183105469,7.599999904632568,400.4200134277344,0.0,0.0,0.0641999989748001,0.0527999997138977,0.996500015258789,0.1860000044107436,0.0786999985575675,0.9793999791145324,404.1604614257813,0.0,819.0,550.0,821.666666666667,525.333333333333,1000.0,54.8610026347233,-2000.62540031294,,,,,,,,,492.0,492.0,132470.0,132610.0,140.0,8.123067402265718,110.281022077047,1941.08122317062,-2000.62540031294,188.92200080124297
132.62,5.0,4.110000133514404,815.0,530.0,815.0,530.0,55.84000015258789,14.68000030517578,399.7000122070313,0.0,0.0,0.0,0.0,0.0,0.192100003361702,0.0816999971866607,0.977999985218048,403.8486022949218,0.0,815.0,530.0,814.0,543.0,1000.0,24.5579178767812,-1515.1542378970998,230.0,230.0,808.083333333333,540.75,132610.0,132690.0,80.0,0.2315202169191619,,,,,,,,,,
132.64,3.940000057220459,4.090000152587891,808.0,549.0,808.0,549.0,59.59999847412109,8.090000152587889,409.9200134277344,0.0,0.0,0.0750999972224235,0.0516999997198581,0.9958000183105468,0.1926999986171722,0.0793000012636184,0.9781000018119812,414.30908203125,0.0,808.0,549.0,809.333333333333,540.0,1000.0,10.6859372692482,-693.5990303766521,230.0,230.0,808.083333333333,540.75,132610.0,132690.0,80.0,0.2315202169191619,,,,,,,,,,
132.66,3.920000076293945,4.090000152587891,805.0,541.0,805.0,541.0,67.51000213623047,12.300000190734863,455.05999755859375,0.0,0.0,0.0832000002264976,0.0575000010430812,0.9948999881744384,0.1916999965906143,0.0782999992370605,0.9782999753952026,460.204833984375,0.0,805.0,541.0,805.666666666667,542.0,1000.0,8.05157124047532,-131.718301438643,230.0,230.0,808.083333333333,540.75,132610.0,132690.0,80.0,0.2315202169191619,,,,,,,,,,
132.68,3.910000085830689,4.079999923706056,804.0,536.0,804.0,536.0,73.88999938964845,15.239999771118164,496.5299987792969,0.0,0.0,0.0872000008821487,0.0630000010132789,0.9941999912261964,0.1898999959230423,0.0732000023126602,0.979099988937378,502.2290649414063,0.0,804.0,536.0,803.333333333333,538.0,1000.0,10.1220141832144,103.522147136956,230.0,230.0,808.083333333333,540.75,132610.0,132690.0,80.0,0.2315202169191619,,,,,,,,,,
132.7,3.920000076293945,5.0,801.0,537.0,801.0,537.0,75.16999816894531,15.06999969482422,496.45999145507807,0.0,0.0,0.0890000015497207,0.0681999996304512,0.9937000274658204,0.0,0.0,0.0,502.34466552734375,0.0,801.0,537.0,802.0,535.0,1000.0,71.2102380002013,3054.41119084934,,,,,,,,,493.0,493.0,132690.0,132730.0,40.0,2.76196318187959,71.2102380002013,3054.41119084934,-378.077651788631,217.37185033141895
132.72,3.920000076293945,5.0,801.0,532.0,801.0,532.0,75.41999816894531,16.950000762939453,496.3200073242188,0.0,0.0,0.0895000025629997,0.0716999992728233,0.993399977684021,0.0,0.0,0.0,502.3037109375,0.0,801.0,532.0,759.666666666667,502.666666666667,1000.0,63.6486849644287,-378.077651788631,,,,,,,,,493.0,493.0,132690.0,132730.0,40.0,2.76196318187959,71.2102380002013,3054.41119084934,-378.077651788631,217.37185033141895
132.74,3.910000085830689,4.070000171661377,677.0,439.0,677.0,439.0,124.16999816894533,54.31999969482422,475.1900024414063,0.0,0.0,0.0846000015735626,0.0702999979257583,0.9939000010490416,0.3813000023365021,0.2116000056266784,0.8999000191688538,494.1400451660156,0.0,677.0,439.0,763.333333333333,503.0,1000.0,11.916523481794,-2586.60807413174,,,,,,,,,,,,,,,,,,
132.76,3.920000076293945,5.0,812.0,538.0,812.0,538.0,69.37000274658203,14.350000381469728,486.8500061035156,0.0,0.0,0.0795999988913536,0.0680000036954879,0.9944999814033508,0.0,0.0,0.0,491.9766540527344,0.0,812.0,538.0,768.666666666667,505.666666666667,1000.0,77.88802607981621,3298.5751299011104,,,,,,,,,494.0,494.0,132750.0,132790.0,40.0,2.87707524694517,77.88802607981621,3298.5751299011104,-473.594886587784,35.2175929681926
132.78,3.9300000667572017,5.0,817.0,540.0,817.0,540.0,67.05999755859375,13.399999618530272,487.05999755859375,0.0,0.0,0.0751999989151954,0.0662000030279159,0.9950000047683716,0.0,0.0,0.0,491.83743286132807,0.0,817.0,540.0,814.0,537.666666666667,1000.0,68.4161283480605,-473.594886587784,,,,,,,,,494.0,494.0,132750.0,132790.0,40.0,2.87707524694517,77.88802607981621,3298.5751299011104,-473.594886587784,35.2175929681926
132.8,3.9300000667572017,5.0,813.0,535.0,813.0,535.0,68.75,15.479999542236328,486.8299865722656,0.0,0.0,0.0785000026226043,0.070200003683567,0.9944000244140624,0.0,0.0,0.0,491.9040832519531,0.0,813.0,535.0,813.666666666667,535.333333333333,1000.0,8.1192999405851,-3014.8414203737702,231.0,231.0,808.5,530.5,132790.0,132870.0,80.0,0.4197092272833621,,,,,,,,,,
132.82,3.9300000667572017,5.0,811.0,531.0,811.0,531.0,69.51000213623047,17.110000610351566,486.6900024414063,0.0,0.0,0.0798999965190887,0.0732999965548515,0.9940999746322634,0.0,0.0,0.0,491.9263610839844,0.0,811.0,531.0,812.0,531.666666666667,1000.0,7.4762570085936,-32.1521465995748,231.0,231.0,808.5,530.5,132790.0,132870.0,80.0,0.4197092272833621,,,,,,,,,,
132.84,3.9300000667572017,5.0,812.0,529.0,812.0,529.0,69.18000030517578,18.059999465942383,486.6600036621094,0.0,0.0,0.0793000012636184,0.0750999972224235,0.9940000176429749,0.0,0.0,0.0,491.8841247558594,0.0,812.0,529.0,812.333333333333,529.666666666667,1000.0,21.8905940380895,720.716851474793,231.0,231.0,808.5,530.5,132790.0,132870.0,80.0,0.4197092272833621,,,,,,,,,,
132.86,3.9300000667572017,5.0,814.0,529.0,814.0,529.0,68.11000061035156,18.1299991607666,486.75,0.0,0.0,0.0772999972105026,0.0753000006079673,0.9941999912261964,0.0,0.0,0.0,491.826416015625,0.0,814.0,529.0,796.0,525.333333333333,1000.0,25.2159859601692,166.269596103988,231.0,231.0,808.5,530.5,132790.0,132870.0,80.0,0.4197092272833621,,,,,,,,,,
132.88,4.070000171661377,4.119999885559082,762.0,518.0,762.0,518.0,56.93999862670898,14.06999969482422,306.0799865722656,0.0,0.0,0.0865999981760978,0.1094999983906746,0.9901999831199646,0.2449000030755997,0.0938000008463859,0.9649999737739564,311.64898681640625,0.0,762.0,518.0,831.666666666667,525.666666666667,1000.0,109.708168959933,4224.60914998817,,,,,,,,,495.0,495.0,132870.0,133010.0,140.0,6.627240362741031,171.798412790882,4224.60914998817,-4647.12805137404,334.703529146166
132.9,4.039999961853027,3.940000057220459,919.0,530.0,919.0,530.0,17.639999389648438,13.770000457763672,367.4700012207031,0.0,0.0,-0.0178999993950128,0.1045999974012374,0.9944000244140624,0.1136000007390976,0.0694999992847442,0.991100013256073,368.1507568359375,0.0,919.0,530.0,881.666666666667,523.666666666667,1000.0,171.798412790882,3104.51219154747,,,,,,,,,495.0,495.0,132870.0,133010.0,140.0,6.627240362741031,171.798412790882,4224.60914998817,-4647.12805137404,334.703529146166
132.92,4.059999942779541,3.9300000667572017,964.0,523.0,964.0,523.0,3.2799999713897705,16.299999237060547,367.0499877929688,0.0,0.0,-0.0447000004351139,0.1204999983310699,0.991699993610382,0.0710999965667724,0.066600002348423,0.995199978351593,367.4263916015625,0.0,964.0,523.0,964.333333333333,515.0,1000.0,143.21736830581003,-1429.05222425359,,,,,,,,,495.0,495.0,132870.0,133010.0,140.0,6.627240362741031,171.798412790882,4224.60914998817,-4647.12805137404,334.703529146166
132.94,4.150000095367432,5.0,1010.0,492.0,1010.0,492.0,-11.529999732971191,26.15999984741211,364.8200073242188,0.0,0.0,-0.0940999984741211,0.1169999986886978,0.9886999726295472,0.0,0.0,0.0,365.93841552734375,0.0,1010.0,492.0,989.666666666667,499.666666666667,1000.0,50.2748072783294,-4647.12805137404,,,,,,,,,495.0,495.0,132870.0,133010.0,140.0,6.627240362741031,171.798412790882,4224.60914998817,-4647.12805137404,334.703529146166
132.96,4.099999904632568,5.0,995.0,484.0,995.0,484.0,-6.739999771118164,28.8700008392334,364.989990234375,0.0,0.0,-0.0820999965071678,0.123999997973442,0.9889000058174132,0.0,0.0,0.0,366.1920471191406,0.0,995.0,484.0,989.0,485.0,1000.0,40.60782103485629,-483.349312173657,,,,,,,,,495.0,495.0,132870.0,133010.0,140.0,6.627240362741031,171.798412790882,4224.60914998817,-4647.12805137404,334.703529146166
132.98,4.070000171661377,5.0,962.0,479.0,962.0,479.0,3.9300000667572017,30.1299991607666,365.48001098632807,0.0,0.0,-0.0553999990224838,0.1272000074386596,0.9902999997138976,0.0,0.0,0.0,366.7409057617188,0.0,962.0,479.0,968.333333333333,476.666666666667,1000.0,56.8864265804601,813.9302772801891,,,,,,,,,495.0,495.0,132870.0,133010.0,140.0,6.627240362741031,171.798412790882,4224.60914998817,-4647.12805137404,334.703529146166
133.0,4.059999942779541,5.0,948.0,467.0,948.0,467.0,8.40999984741211,33.959999084472656,365.1900024414063,0.0,0.0,-0.0443000011146068,0.1367000043392181,0.9896000027656556,0.0,0.0,0.0,366.8620300292969,0.0,948.0,467.0,947.333333333333,471.0,1000.0,30.0234082124905,-1343.15091839848,,,,,,,,,495.0,495.0,132870.0,133010.0,140.0,6.627240362741031,171.798412790882,4224.60914998817,-4647.12805137404,334.703529146166
133.02,4.070000171661377,5.0,932.0,467.0,932.0,467.0,13.659999847412108,34.0099983215332,365.26998901367193,0.0,0.0,-0.031199999153614,0.1367000043392181,0.9901000261306762,0.0,0.0,0.0,367.1041259765625,0.0,932.0,467.0,945.333333333333,479.666666666667,1000.0,25.5553324690226,-223.40378717339505,,,,,,,,,,,,,,,,,,
133.04,4.070000171661377,3.9300000667572017,956.0,505.0,956.0,505.0,7.789999961853027,29.8799991607666,497.6099853515625,0.0,0.0,-0.0190999992191791,0.1199000030755996,0.9926000237464906,0.0562999993562698,0.0720999985933303,0.9958000183105468,498.5671691894531,0.0,956.0,505.0,945.333333333333,490.666666666667,1000.0,15.4674287230265,-504.395187299803,,,,,,,,,,,,,,,,,,
133.06,4.059999942779541,3.9300000667572017,948.0,500.0,948.0,500.0,12.289999961853027,33.990001678466804,531.0700073242189,0.0,0.0,-0.0041000000201165,0.121799997985363,0.9925000071525572,0.0549999997019767,0.0732000023126602,0.9958000183105468,532.2985229492189,0.0,948.0,500.0,935.0,485.666666666667,1000.0,31.0152378963831,777.390458667831,,,,,,,,,496.0,496.0,133050.0,133130.0,80.0,3.87087059018228,71.784120531933,1022.8170775288,-1395.11125189725,89.488444133413
133.08,4.070000171661377,5.0,901.0,452.0,901.0,452.0,34.439998626708984,55.83000183105469,528.510009765625,0.0,0.0,0.0142999999225139,0.1351999938488006,0.9907000064849852,0.0,0.0,0.0,532.5654296875,0.0,901.0,452.0,926.666666666667,505.666666666667,1000.0,51.47157944695911,1022.8170775288,,,,,,,,,496.0,496.0,133050.0,133130.0,80.0,3.87087059018228,71.784120531933,1022.8170775288,-1395.11125189725,89.488444133413
133.1,4.070000171661377,4.03000020980835,931.0,565.0,931.0,565.0,7.530000209808349,1.2999999523162842,200.0599975585937,0.0,0.0,0.0209999997168779,0.1397999972105026,0.9900000095367432,0.0612999983131885,0.0507999993860721,0.9968000054359436,200.2058868408203,0.0,931.0,565.0,923.333333333333,523.666666666667,1000.0,71.784120531933,1015.6270542487,,,,,,,,,496.0,496.0,133050.0,133130.0,80.0,3.87087059018228,71.784120531933,1022.8170775288,-1395.11125189725,89.488444133413
133.12,4.070000171661377,4.03000020980835,938.0,554.0,938.0,554.0,6.489999771118164,3.380000114440918,206.8099975585937,0.0,0.0,0.0176999997347593,0.1428000032901764,0.9896000027656556,0.0535999983549118,0.0597000010311603,0.9968000054359436,206.9394073486328,0.0,938.0,554.0,935.666666666667,560.333333333333,1000.0,43.881895493988,-1395.11125189725,,,,,,,,,496.0,496.0,133050.0,133130.0,80.0,3.87087059018228,71.784120531933,1022.8170775288,-1395.11125189725,89.488444133413
133.14,4.070000171661377,4.050000190734863,938.0,562.0,938.0,562.0,6.53000020980835,1.940000057220459,208.1100006103516,0.0,0.0,0.0195000004023313,0.1444000005722046,0.9893000125885008,0.0518999993801116,0.0436999984085559,0.9976999759674072,208.22146606445315,0.0,938.0,562.0,935.333333333333,555.333333333333,1000.0,20.8654576107176,-1150.8218941635198,,,,,,,,,,,,,,,,,,
133.16,4.099999904632568,4.110000133514404,930.0,550.0,930.0,550.0,7.9699997901916495,4.090000152587891,209.0,0.0,0.0,0.0261000003665685,0.1563999950885772,0.9872999787330629,0.0566000007092952,0.0474999994039535,0.9973000288009644,209.19189453125,0.0,930.0,550.0,928.333333333333,546.0,1000.0,27.556500854061603,334.552162167198,,,,,,,,,,,,,,,,,,
133.18,4.130000114440918,4.099999904632568,917.0,526.0,917.0,526.0,10.460000038146973,8.550000190734863,209.8300018310547,0.0,0.0,0.0329000018537044,0.1712000072002411,0.9847000241279602,0.069300003349781,0.0683000013232231,0.995299994945526,210.26446533203125,0.0,917.0,526.0,917.333333333333,544.0,1000.0,147.853944874044,6014.87220099911,,,,,,,,,497.0,497.0,133170.0,133309.0,139.0,6.027839404146969,202.57289425965695,6014.87220099911,-5013.560106051121,170.267798584359
133.2,4.070000171661377,4.289999961853027,905.0,556.0,905.0,556.0,12.81999969482422,3.150000095367432,211.3800048828125,0.0,0.0,0.0379999987781047,0.1472000032663345,0.9883999824523924,0.0804999992251396,0.0472000017762184,0.9955999851226806,211.7918243408203,0.0,905.0,556.0,818.333333333333,513.0,1000.0,202.57289425965695,2735.94746928064,,,,,,,,,497.0,497.0,133170.0,133309.0,139.0,6.027839404146969,202.57289425965695,6014.87220099911,-5013.560106051121,170.267798584359
133.22,4.050000190734863,5.0,633.0,457.0,633.0,457.0,61.88999938964844,20.229999542236328,206.94999694824216,0.0,0.0,0.1400000005960464,0.1659000068902969,0.976199984550476,0.0,0.0,0.0,216.95144653320315,0.0,633.0,457.0,761.0,518.666666666667,1000.0,150.422072602398,-2607.54108286291,,,,,,,,,497.0,497.0,133170.0,133309.0,139.0,6.027839404146969,202.57289425965695,6014.87220099911,-5013.560106051121,170.267798584359
133.24,4.079999923706056,4.199999809265137,745.0,543.0,745.0,543.0,42.040000915527344,4.980000019073486,209.08999633789065,0.0,0.0,0.1785999983549118,0.1546999961137771,0.9717000126838684,0.165800005197525,0.0540999993681907,0.9847000241279602,213.33258056640625,0.0,745.0,543.0,698.333333333333,510.0,1000.0,50.1508704813759,-5013.560106051121,,,,,,,,,497.0,497.0,133170.0,133309.0,139.0,6.027839404146969,202.57289425965695,6014.87220099911,-5013.560106051121,170.267798584359
133.26,4.150000095367432,4.1599998474121085,717.0,530.0,717.0,530.0,47.16999816894531,7.349999904632568,209.22000122070315,0.0,0.0,0.1869000047445296,0.1623000055551528,0.9689000248908995,0.1949000060558319,0.0644000023603439,0.9786999821662902,214.597396850586,0.0,717.0,530.0,723.333333333333,532.333333333333,1000.0,89.6152571626766,1973.21933406504,,,,,,,,,497.0,497.0,133170.0,133309.0,139.0,6.027839404146969,202.57289425965695,6014.87220099911,-5013.560106051121,170.267798584359
133.279,4.139999866485596,4.130000114440918,708.0,524.0,708.0,524.0,49.04999923706055,8.390000343322756,210.0500030517578,0.0,0.0,0.1914999932050705,0.1626999974250793,0.967899978160858,0.2026000022888184,0.0710999965667724,0.9767000079154968,215.86407470703125,0.0,708.0,524.0,758.0,546.666666666667,1000.0,110.1605002816,1081.3285852064998,,,,,,,,,497.0,497.0,133170.0,133309.0,139.0,6.027839404146969,202.57289425965695,6014.87220099911,-5013.560106051121,170.267798584359
133.299,3.400000095367432,4.110000133514404,849.0,586.0,849.0,586.0,23.78000068664551,-2.809999942779541,217.77999877929688,0.0,0.0,-0.0229000002145767,-0.2843999862670898,0.958400011062622,0.2037000060081481,0.0707999989390373,0.9764999747276306,219.09246826171875,0.0,849.0,586.0,802.666666666667,563.666666666667,1000.0,120.650274975986,524.488734719286,,,,,,,,,497.0,497.0,133170.0,133309.0,139.0,6.027839404146969,202.57289425965695,6014.87220099911,-5013.560106051121,170.267798584359
133.319,3.130000114440918,4.119999885559082,851.0,581.0,851.0,581.0,23.3700008392334,-1.7699999809265137,217.7899932861328,0.0,0.0,-0.1111000031232834,-0.4255999922752381,0.8981000185012818,0.202000007033348,0.0747999995946884,0.9764999747276306,219.04742431640625,0.0,851.0,581.0,827.333333333333,611.0,1000.0,26.6796010659479,-4698.5336955019,,,,,,,,,,,,,,,,,,
133.339,3.9800000190734863,4.130000114440918,782.0,666.0,782.0,666.0,33.279998779296875,-16.6299991607666,199.509994506836,0.0,0.0,0.0790000036358833,-0.0405000001192092,0.9961000084877014,0.2003999948501586,0.0778999999165534,0.9765999913215636,202.9491424560547,0.0,782.0,666.0,787.666666666667,578.333333333333,1000.0,214.62742981548303,9397.39143747677,,,,,,,,,498.0,498.0,133329.0,133449.0,120.0,8.759636562130199,232.629509625447,9397.39143747677,-6001.35757289046,315.478783670295
133.359,4.389999866485596,4.070000171661377,730.0,488.0,730.0,488.0,70.29000091552734,23.709999084472656,328.19000244140625,0.0,0.0,0.1713999956846237,0.1536999940872192,0.973100006580353,0.2075999975204468,0.0886000022292137,0.9742000102996826,336.4692077636719,0.0,730.0,488.0,701.666666666667,497.0,1000.0,232.629509625447,900.1039904981681,,,,,,,,,498.0,498.0,133329.0,133449.0,120.0,8.759636562130199,232.629509625447,9397.39143747677,-6001.35757289046,315.478783670295
133.379,4.539999961853027,5.0,593.0,337.0,593.0,337.0,105.27999877929688,63.77999877929688,314.3099975585937,0.0,0.0,0.2102999985218048,0.2307000011205673,0.949999988079071,0.0,0.0,0.0,337.55377197265625,0.0,593.0,337.0,698.666666666667,416.333333333333,1000.0,127.077671380733,-5277.59191223566,,,,,,,,,498.0,498.0,133329.0,133449.0,120.0,8.759636562130199,232.629509625447,9397.39143747677,-6001.35757289046,315.478783670295
133.399,4.349999904632568,4.670000076293944,773.0,424.0,773.0,424.0,58.11000061035156,42.22999954223633,328.1199951171875,0.0,0.0,0.1763000041246414,0.1811999976634979,0.9674999713897704,0.1396999955177307,0.1579000055789947,0.977500021457672,335.89117431640625,0.0,773.0,424.0,746.0,406.666666666667,1000.0,199.809390631036,3636.58596251514,,,,,,,,,498.0,498.0,133329.0,133449.0,120.0,8.759636562130199,232.629509625447,9397.39143747677,-6001.35757289046,315.478783670295
133.419,4.139999866485596,4.309999942779541,872.0,459.0,872.0,459.0,29.959999084472656,33.06999969482421,333.1000061035156,0.0,0.0,0.0857999995350837,0.209999993443489,0.973900020122528,0.0822999998927116,0.0789000019431114,0.993499994277954,336.0756530761719,0.0,872.0,459.0,855.666666666667,445.666666666667,1000.0,216.18552494527,818.806715711685,,,,,,,,,498.0,498.0,133329.0,133449.0,120.0,8.759636562130199,232.629509625447,9397.39143747677,-6001.35757289046,315.478783670295
133.439,4.139999866485596,4.260000228881836,922.0,454.0,922.0,454.0,15.329999923706056,34.68000030517578,333.1199951171875,0.0,0.0,0.0281000006943941,0.2372000068426132,0.9710999727249144,0.063799999654293,0.0593000017106533,0.9962000250816344,335.27099609375,0.0,922.0,454.0,908.333333333333,459.666666666667,1000.0,96.1583734874606,-6001.35757289046,,,,,,,,,498.0,498.0,133329.0,133449.0,120.0,8.759636562130199,232.629509625447,9397.39143747677,-6001.35757289046,315.478783670295
133.459,4.110000133514404,4.239999771118164,931.0,466.0,931.0,466.0,12.670000076293944,31.309999465942383,333.17999267578125,0.0,0.0,0.0225000008940696,0.228300005197525,0.9732999801635742,0.0560999996960163,0.0502999983727932,0.9972000122070312,334.8876647949219,0.0,931.0,466.0,928.0,464.666666666667,1000.0,28.8425532505167,-3365.7910118472,232.0,232.0,924.583333333333,466.333333333333,133449.0,133529.0,80.0,0.260268491079578,,,,,,,,,,
133.479,4.110000133514404,4.230000019073486,931.0,474.0,931.0,474.0,12.619999885559082,28.979999542236328,333.0599975585937,0.0,0.0,0.0251000002026557,0.2206999957561492,0.975000023841858,0.0535999983549118,0.0456999987363815,0.9975000023841858,334.5565185546875,0.0,931.0,474.0,928.333333333333,469.666666666667,1000.0,7.01455850060085,-1091.39973749579,232.0,232.0,924.583333333333,466.333333333333,133449.0,133529.0,80.0,0.260268491079578,,,,,,,,,,
133.499,4.119999885559082,4.199999809265137,923.0,469.0,923.0,469.0,15.06999969482422,30.440000534057614,332.8500061035156,0.0,0.0,0.031199999153614,0.2117999941110611,0.97680002450943,0.0608000010251998,0.0630000010132789,0.9962000250816344,334.5785827636719,0.0,923.0,469.0,924.0,468.333333333333,1000.0,16.1025180236663,454.397976153273,232.0,232.0,924.583333333333,466.333333333333,133449.0,133529.0,80.0,0.260268491079578,,,,,,,,,,
133.519,4.139999866485596,4.1599998474121085,918.0,462.0,918.0,462.0,16.569999694824222,32.299999237060554,332.6199951171875,0.0,0.0,0.0333000011742115,0.2149000018835068,0.9761000275611876,0.0668999999761581,0.0701000019907951,0.995299994945526,334.5951538085937,0.0,918.0,462.0,918.0,462.666666666667,1000.0,20.1339772652301,201.57296207819095,232.0,232.0,924.583333333333,466.333333333333,133449.0,133529.0,80.0,0.260268491079578,,,,,,,,,,
133.539,4.130000114440918,4.119999885559082,913.0,457.0,913.0,457.0,17.920000076293945,33.77000045776367,332.5199890136719,0.0,0.0,0.034800000488758,0.2166000008583068,0.9756000041961668,0.0727000012993812,0.0764999985694885,0.9944000244140624,334.71044921875,0.0,913.0,457.0,912.0,458.333333333333,1000.0,68.50057035380729,2418.32965442886,,,,,,,,,499.0,499.0,133529.0,133569.0,40.0,2.39700379377611,68.50057035380729,2418.32965442886,-165.773588475926,231.146625659647
133.559,4.099999904632568,4.119999885559082,905.0,456.0,905.0,456.0,20.25,33.970001220703125,332.5400085449219,0.0,0.0,0.0381000004708766,0.2178999930620193,0.9751999974250792,0.0819000005722045,0.0766000002622604,0.9937000274658204,334.88336181640625,0.0,905.0,456.0,883.0,422.333333333333,1000.0,65.1850985842888,-165.773588475926,,,,,,,,,499.0,499.0,133529.0,133569.0,40.0,2.39700379377611,68.50057035380729,2418.32965442886,-165.773588475926,231.146625659647
133.579,4.099999904632568,5.0,831.0,354.0,831.0,354.0,41.58000183105469,62.4900016784668,326.9599914550781,0.0,0.0,0.0410000011324882,0.2238000035285949,0.9738000035285947,0.0,0.0,0.0,335.4649658203125,0.0,831.0,354.0,879.333333333334,419.333333333333,1000.0,9.39193813558196,-2789.65802243534,,,,,,,,,,,,,,,,,,
133.599,4.090000152587891,4.110000133514404,902.0,448.0,902.0,448.0,21.309999465942383,36.27000045776367,332.20001220703125,0.0,0.0,0.0406000018119812,0.227400004863739,0.9728999733924864,0.0848999992012977,0.0797000005841255,0.9932000041007996,334.8529052734375,0.0,902.0,448.0,878.5,416.5,1000.0,46.6661698778917,1863.71158711549,,,,,,,,,500.0,500.0,133589.0,133609.0,20.0,,46.6661698778917,1863.71158711549,,
133.619,5.0,5.0,-1.0,-1.0,-1.0,-1.0,0.0,0.0,0.0,5.0,5.0,0.0,0.0,0.0,0.0,0.0,0.0,0.0,1.0,,,902.5,447.5,1000.0,6.62092306957708,-2002.26234041573,,,,,,,,,,,,,,,,,,
133.639,4.099999904632568,4.139999866485596,903.0,447.0,903.0,447.0,20.88999938964844,36.7400016784668,332.1700134277344,0.0,0.0,0.0406999997794628,0.2293000072240829,0.9725000262260436,0.0825999975204467,0.0807000026106834,0.9933000206947326,334.8479309082032,0.0,903.0,447.0,879.833333333333,411.5,1000.0,126.350392012708,5986.47344715657,,,,,,,,,501.0,501.0,133629.0,133809.0,180.0,5.42174146999385,126.350392012708,5986.47344715657,-3061.53433064135,138.61659278568
133.659,4.119999885559082,4.119999885559082,834.0,340.0,834.0,340.0,40.54999923706055,66.19000244140625,326.17999267578125,0.0,0.0,0.0381000004708766,0.2342000007629394,0.9714000225067138,-0.2374999970197677,0.2061000019311904,0.9492999911308287,335.2891540527344,0.0,834.0,340.0,831.333333333333,378.0,1000.0,98.6004760720068,-1387.49579703508,,,,,,,,,501.0,501.0,133629.0,133809.0,180.0,5.42174146999385,126.350392012708,5986.47344715657,-3061.53433064135,138.61659278568
133.679,4.1599998474121085,4.7199997901916495,757.0,347.0,757.0,347.0,62.38000106811523,63.7599983215332,325.19000244140625,0.0,0.0,0.0958999991416931,0.2278999984264373,0.9689000248908995,-0.0837000012397766,0.2148000001907348,0.973100006580353,337.2019348144532,0.0,757.0,347.0,810.666666666667,375.333333333333,1000.0,68.5557414415359,-1502.23673152354,,,,,,,,,501.0,501.0,133629.0,133809.0,180.0,5.42174146999385,126.350392012708,5986.47344715657,-3061.53433064135,138.61659278568
133.699,4.019999980926514,4.380000114440918,841.0,439.0,841.0,439.0,39.08000183105469,38.58000183105469,331.1400146484375,0.0,0.0,0.1368999928236007,0.1933999955654144,0.9714999794960022,0.0793000012636184,0.1269000023603439,0.9886999726295472,335.6625671386719,0.0,841.0,439.0,797.333333333333,419.666666666667,1000.0,104.688111751888,1806.61851551762,,,,,,,,,501.0,501.0,133629.0,133809.0,180.0,5.42174146999385,126.350392012708,5986.47344715657,-3061.53433064135,138.61659278568
133.719,3.9700000286102295,4.28000020980835,794.0,473.0,794.0,473.0,52.47000122070313,28.559999465942383,331.4100036621094,0.0,0.0,0.1515000015497207,0.1752000004053115,0.9728000164031982,0.1351999938488006,0.090499997138977,0.9866999983787536,336.7511901855469,0.0,794.0,473.0,774.666666666667,449.333333333333,1000.0,98.3578601227446,-316.512581457177,,,,,,,,,501.0,501.0,133629.0,133809.0,180.0,5.42174146999385,126.350392012708,5986.47344715657,-3061.53433064135,138.61659278568
133.739,3.990000009536743,3.7200000286102295,689.0,436.0,689.0,436.0,81.73999786376955,38.209999084472656,326.75,0.0,0.0,0.1468999981880188,0.1597999930381774,0.976199984550476,-0.093199998140335,0.1176000013947486,0.9886999726295472,338.9793395996094,0.0,689.0,436.0,724.666666666667,448.333333333333,1000.0,50.8303735505942,-2376.37432860752,,,,,,,,,501.0,501.0,133629.0,133809.0,180.0,5.42174146999385,126.350392012708,5986.47344715657,-3061.53433064135,138.61659278568
133.759,4.019999980926514,3.8599998950958248,691.0,436.0,691.0,436.0,81.4000015258789,38.34999847412109,326.760009765625,0.0,0.0,0.1459999978542328,0.1600999981164932,0.976199984550476,-0.0062000001780688,0.1107999980449676,0.9937999844551086,338.9229736328125,0.0,691.0,436.0,734.0,450.333333333333,1000.0,59.80071399064239,448.51702200240896,,,,,,,,,501.0,501.0,133629.0,133809.0,180.0,5.42174146999385,126.350392012708,5986.47344715657,-3061.53433064135,138.61659278568
133.779,4.03000020980835,4.039999961853027,822.0,479.0,822.0,479.0,44.84999847412109,27.1200008392334,333.7900085449219,0.0,0.0,0.1456000059843063,0.1624000072479248,0.9758999943733216,0.0992999970912933,0.096000000834465,0.9904000163078308,337.8798217773437,0.0,822.0,479.0,769.666666666667,465.333333333333,1000.0,92.4977197689066,1634.85028891321,,,,,,,,,501.0,501.0,133629.0,133809.0,180.0,5.42174146999385,126.350392012708,5986.47344715657,-3061.53433064135,138.61659278568
133.799,4.03000020980835,4.110000133514404,796.0,481.0,796.0,481.0,52.27999877929688,26.3799991607666,333.42999267578125,0.0,0.0,0.1451999992132186,0.1643999963998794,0.9756000041961668,0.1392000019550323,0.0888999998569488,0.986299991607666,338.5331115722656,0.0,796.0,481.0,801.333333333333,480.666666666667,1000.0,31.2670331560796,-3061.53433064135,,,,,,,,,501.0,501.0,133629.0,133809.0,180.0,5.42174146999385,126.350392012708,5986.47344715657,-3061.53433064135,138.61659278568
133.819,4.039999961853027,4.139999866485596,786.0,482.0,786.0,482.0,55.06000137329102,26.04999923706055,333.75,0.0,0.0,0.1450999975204467,0.1644999980926513,0.9757000207901,0.1536000072956085,0.0863000005483627,0.984399974346161,339.2628173828125,0.0,786.0,482.0,788.333333333333,481.666666666667,1000.0,22.8967907524386,-418.512120182045,233.0,233.0,784.3913043478259,491.333333333333,133809.0,134269.0,460.0,0.4187299692339779,,,,,,,,,,
133.839,4.039999961853027,4.150000095367432,783.0,482.0,783.0,482.0,56.20000076293945,26.13999938964844,334.2900085449219,0.0,0.0,0.1448000073432922,0.1650999933481216,0.9756000041961668,0.1596000045537948,0.0855000019073486,0.9835000038146972,339.987548828125,0.0,783.0,482.0,783.333333333333,482.333333333333,1000.0,8.19293200197994,-735.192937522935,233.0,233.0,784.3913043478259,491.333333333333,133809.0,134269.0,460.0,0.4187299692339779,,,,,,,,,,
133.859,4.039999961853027,4.170000076293944,781.0,483.0,781.0,483.0,56.81999969482422,25.95000076293945,334.92999267578125,0.0,0.0,0.1448000073432922,0.1659999936819076,0.9753999710083008,0.1622000038623809,0.0829999968409538,0.983299970626831,340.7051696777344,0.0,781.0,483.0,782.0,483.0,1000.0,2.7170983316710298,-273.79168351544604,233.0,233.0,784.3913043478259,491.333333333333,133809.0,134269.0,460.0,0.4187299692339779,,,,,,,,,,
133.879,4.039999961853027,4.199999809265137,782.0,484.0,782.0,484.0,56.81000137329102,25.70000076293945,335.6300048828125,0.0,0.0,0.1433999985456466,0.1670999974012375,0.975499987602234,0.163100004196167,0.0799999982118606,0.983399987220764,341.3727722167969,0.0,782.0,484.0,781.666666666667,483.666666666667,1000.0,2.68236703681,-1.7365647430516202,233.0,233.0,784.3913043478259,491.333333333333,133809.0,134269.0,460.0,0.4187299692339779,,,,,,,,,,
133.899,4.039999961853027,4.2199997901916495,782.0,484.0,782.0,484.0,56.79999923706055,25.81999969482421,336.29998779296875,0.0,0.0,0.1415999978780746,0.1671999990940094,0.9757000207901,0.1643999963998794,0.0799999982118606,0.9830999970436096,342.03887939453125,0.0,782.0,484.0,782.666666666667,485.0,1000.0,3.2960023827621,30.6817672976053,233.0,233.0,784.3913043478259,491.333333333333,133809.0,134269.0,460.0,0.4187299692339779,,,,,,,,,,
133.919,4.039999961853027,4.2199997901916495,784.0,487.0,784.0,487.0,56.31000137329102,24.82999992370605,337.1099853515625,0.0,0.0,0.1393000036478042,0.1673000007867813,0.9760000109672546,0.1634999960660934,0.0741999968886375,0.9836999773979188,342.68133544921875,0.0,784.0,487.0,783.333333333333,485.666666666667,1000.0,3.29737159453432,0.0684605886105638,233.0,233.0,784.3913043478259,491.333333333333,133809.0,134269.0,460.0,0.4187299692339779,,,,,,,,,,
133.939,4.03000020980835,4.210000038146973,784.0,486.0,784.0,486.0,56.47999954223633,25.04999923706055,337.6400146484375,0.0,0.0,0.1402000039815902,0.1697999984025955,0.975499987602234,0.163100004196167,0.0724999979138374,0.9839000105857848,343.24664306640625,0.0,784.0,486.0,784.333333333333,487.0,1000.0,1.52440702056979,-88.6482286982265,233.0,233.0,784.3913043478259,491.333333333333,133809.0,134269.0,460.0,0.4187299692339779,,,,,,,,,,
133.959,4.019999980926514,4.190000057220459,785.0,488.0,785.0,488.0,56.4099998474121,24.68000030517578,338.2699890136719,0.0,0.0,0.1402000039815902,0.1692000031471252,0.9756000041961668,0.1623000055551528,0.0706999972462654,0.9842000007629396,343.828125,0.0,785.0,488.0,784.0,486.666666666667,1000.0,1.1931081198333702,-16.564945036821,233.0,233.0,784.3913043478259,491.333333333333,133809.0,134269.0,460.0,0.4187299692339779,,,,,,,,,,
133.979,4.050000190734863,4.190000057220459,783.0,486.0,783.0,486.0,56.84000015258789,25.209999084472656,338.67999267578125,0.0,0.0,0.1419000029563903,0.1720000058412552,0.9747999906539916,0.1624000072479248,0.0703999996185302,0.9842000007629396,344.34063720703125,0.0,783.0,486.0,783.666666666667,486.333333333333,1000.0,1.89401350613395,35.0452693150289,233.0,233.0,784.3913043478259,491.333333333333,133809.0,134269.0,460.0,0.4187299692339779,,,,,,,,,,
133.999,4.059999942779541,4.190000057220459,783.0,485.0,783.0,485.0,56.88000106811523,25.520000457763672,339.1700134277344,0.0,0.0,0.1422999948263168,0.1731999963521957,0.9746000170707702,0.1617999970912933,0.0703999996185302,0.9843000173568724,344.8519897460937,0.0,783.0,485.0,783.333333333333,485.333333333333,1000.0,0.946898366735014,-47.35575696994661,233.0,233.0,784.3913043478259,491.333333333333,133809.0,134269.0,460.0,0.4187299692339779,,,,,,,,,,
134.019,4.059999942779541,4.190000057220459,784.0,485.0,784.0,485.0,56.9099998474121,25.559999465942383,339.67999267578125,0.0,0.0,0.1419000029563903,0.1733999997377395,0.9746000170707702,0.1620000004768371,0.0701000019907951,0.9843000173568724,345.36151123046875,0.0,784.0,485.0,783.333333333333,485.666666666667,1000.0,2.58593858229477,81.9520107779878,233.0,233.0,784.3913043478259,491.333333333333,133809.0,134269.0,460.0,0.4187299692339779,,,,,,,,,,
134.039,4.079999923706056,4.190000057220459,783.0,487.0,783.0,487.0,57.04999923706055,25.06999969482421,340.25,0.0,0.0,0.1418000012636184,0.1718000024557113,0.9749000072479248,0.1624000072479248,0.068800002336502,0.9843000173568724,345.9093322753906,0.0,783.0,487.0,783.666666666667,487.333333333333,1000.0,5.5486049732624005,148.133319548382,233.0,233.0,784.3913043478259,491.333333333333,133809.0,134269.0,460.0,0.4187299692339779,,,,,,,,,,
134.059,4.090000152587891,4.190000057220459,784.0,490.0,784.0,490.0,57.0099983215332,24.3700008392334,340.8699951171875,0.0,0.0,0.1412999927997589,0.1694999933242798,0.9753000140190125,0.1623000055551528,0.0671000033617019,0.9844999909400942,346.4626770019532,0.0,784.0,490.0,783.666666666667,490.0,1000.0,5.5139594263227805,-1.7322773469810502,233.0,233.0,784.3913043478259,491.333333333333,133809.0,134269.0,460.0,0.4187299692339779,,,,,,,,,,
134.079,4.090000152587891,4.179999828338623,784.0,493.0,784.0,493.0,56.93999862670898,23.40999984741211,341.5199890136719,0.0,0.0,0.1410000026226043,0.1670999974012375,0.9757999777793884,0.1618999987840652,0.064300000667572,0.9847000241279602,347.0246276855469,0.0,784.0,493.0,785.333333333333,491.333333333333,1000.0,4.82064287568777,-34.6658275317503,233.0,233.0,784.3913043478259,491.333333333333,133809.0,134269.0,460.0,0.4187299692339779,,,,,,,,,,
134.099,4.070000171661377,4.170000076293944,788.0,491.0,788.0,491.0,55.83000183105469,24.01000022888184,342.0400085449219,0.0,0.0,0.1354999989271164,0.1736000031232834,0.9753999710083008,0.161200001835823,0.0606999993324279,0.9850999712944032,347.397216796875,0.0,788.0,491.0,786.0,493.0,1000.0,3.09410532150607,-86.32687770908491,233.0,233.0,784.3913043478259,491.333333333333,133809.0,134269.0,460.0,0.4187299692339779,,,,,,,,,,
134.119,4.090000152587891,4.1599998474121085,786.0,495.0,786.0,495.0,56.70000076293945,22.95000076293945,342.4800109863281,0.0,0.0,0.1400000005960464,0.1683000028133392,0.9757000207901,0.1609999984502792,0.0603000000119209,0.9850999712944032,347.8996276855469,0.0,786.0,495.0,786.0,493.666666666667,1000.0,3.07134297352227,-1.13811739919001,233.0,233.0,784.3913043478259,491.333333333333,133809.0,134269.0,460.0,0.4187299692339779,,,,,,,,,,
134.139,4.099999904632568,4.170000076293944,784.0,495.0,784.0,495.0,57.22000122070313,22.959999084472656,342.8800048828125,0.0,0.0,0.1419000029563903,0.1669999957084655,0.9757000207901,0.1614000052213668,0.0612999983131885,0.9850000143051147,348.37908935546875,0.0,784.0,495.0,784.666666666667,495.0,1000.0,4.19923885222874,56.39479393532311,233.0,233.0,784.3913043478259,491.333333333333,133809.0,134269.0,460.0,0.4187299692339779,,,,,,,,,,
134.159,4.099999904632568,4.170000076293944,784.0,495.0,784.0,495.0,57.27000045776367,22.86000061035157,343.4100036621094,0.0,0.0,0.1413999944925308,0.1648000031709671,0.9761000275611876,0.1617999970912933,0.0627000033855438,0.9847999811172484,348.9023742675781,0.0,784.0,495.0,784.666666666667,496.666666666667,1000.0,6.02124295445639,91.1002051113828,233.0,233.0,784.3913043478259,491.333333333333,133809.0,134269.0,460.0,0.4187299692339779,,,,,,,,,,
134.179,4.070000171661377,4.170000076293944,786.0,500.0,786.0,500.0,56.91999816894531,21.540000915527344,344.1600036621094,0.0,0.0,0.1393000036478042,0.1591999977827072,0.977400004863739,0.1616999953985214,0.0612000003457069,0.9848999977111816,349.4996032714844,0.0,786.0,500.0,785.333333333333,499.666666666667,1000.0,8.26404632671054,112.140168612707,233.0,233.0,784.3913043478259,491.333333333333,133809.0,134269.0,460.0,0.4187299692339779,,,,,,,,,,
134.199,4.070000171661377,4.170000076293944,786.0,504.0,786.0,504.0,56.86999893188477,20.3799991607666,344.8699951171875,0.0,0.0,0.1381999999284744,0.1548999994993209,0.9782000184059144,0.1622000038623809,0.0592000000178813,0.9850000143051147,350.1212158203125,0.0,786.0,504.0,786.0,503.0,1000.0,8.56546831114338,15.071099221642,233.0,233.0,784.3913043478259,491.333333333333,133809.0,134269.0,460.0,0.4187299692339779,,,,,,,,,,
134.219,4.059999942779541,4.170000076293944,786.0,505.0,786.0,505.0,57.0,19.989999771118164,345.4700012207032,0.0,0.0,0.138600006699562,0.1533000022172928,0.9783999919891356,0.1618999987840652,0.0584999993443489,0.9850999712944032,350.7108764648437,0.0,786.0,505.0,786.0,506.333333333333,1000.0,5.190609939889559,-168.742918562691,233.0,233.0,784.3913043478259,491.333333333333,133809.0,134269.0,460.0,0.4187299692339779,,,,,,,,,,
134.239,4.039999961853027,4.170000076293944,786.0,510.0,786.0,510.0,57.22999954223633,18.700000762939453,346.1700134277344,0.0,0.0,0.1396999955177307,0.1464000046253204,0.979300022125244,0.1615999937057495,0.0582999996840953,0.9850999712944032,351.3667907714844,0.0,786.0,510.0,785.333333333333,507.0,1000.0,2.45980160597431,-136.540416695763,233.0,233.0,784.3913043478259,491.333333333333,133809.0,134269.0,460.0,0.4187299692339779,,,,,,,,,,
134.259,4.03000020980835,4.1599998474121085,784.0,506.0,784.0,506.0,57.81999969482422,19.790000915527344,346.57000732421875,0.0,0.0,0.1419000029563903,0.1506000012159347,0.9783999919891356,0.1620000004768371,0.0593999996781349,0.9850000143051147,351.9169921875,0.0,784.0,506.0,784.333333333333,505.333333333333,1000.0,15.7056163552853,662.29073746555,233.0,233.0,784.3913043478259,491.333333333333,133809.0,134269.0,460.0,0.4187299692339779,,,,,,,,,,
134.279,4.050000190734863,4.170000076293944,783.0,500.0,783.0,500.0,58.11999893188477,21.46999931335449,346.95001220703125,0.0,0.0,0.1428000032901764,0.1552000045776367,0.977500021457672,0.1622000038623809,0.0631000027060508,0.9847000241279602,352.4389343261719,0.0,783.0,500.0,797.666666666667,508.333333333333,1000.0,78.8213096352395,3155.78466399771,,,,,,,,,502.0,502.0,134269.0,134409.0,140.0,14.372708748037,148.59883279208,3155.78466399771,-1678.21125274046,13.4210773676097
134.299,4.039999961853027,4.239999771118164,826.0,519.0,826.0,519.0,45.41999816894531,16.239999771118164,349.7300109863281,0.0,0.0,0.1097000017762184,0.1410000026226043,0.9839000105857848,0.1310999989509582,0.0500999987125396,0.9901000261306762,353.040771484375,0.0,826.0,519.0,846.0,510.666666666667,1000.0,141.388150536384,3128.3420450572103,,,,,,,,,502.0,502.0,134269.0,134409.0,140.0,14.372708748037,148.59883279208,3155.78466399771,-1678.21125274046,13.4210773676097
134.319,4.170000076293944,4.039999961853027,929.0,513.0,929.0,513.0,14.670000076293944,19.559999465942383,370.5,0.0,0.0,0.0148999998345971,0.133200004696846,0.99099999666214,0.0674000009894371,0.0663999989628791,0.9955000281333924,371.3058776855469,0.0,929.0,513.0,907.0,522.333333333333,1000.0,148.59883279208,360.534112784841,,,,,,,,,502.0,502.0,134269.0,134409.0,140.0,14.372708748037,148.59883279208,3155.78466399771,-1678.21125274046,13.4210773676097
134.339,4.210000038146973,4.0,966.0,535.0,966.0,535.0,1.950000047683716,9.579999923706056,283.2799987792969,0.0,0.0,-0.0184000004082918,0.1383000016212463,0.9901999831199646,0.045899998396635,0.0540000014007091,0.9975000023841858,283.4486389160156,0.0,966.0,535.0,959.0,532.333333333333,1000.0,143.225119994114,-268.68563989832,,,,,,,,,502.0,502.0,134269.0,134409.0,140.0,14.372708748037,148.59883279208,3155.78466399771,-1678.21125274046,13.4210773676097
134.359,4.199999809265137,3.9800000190734863,982.0,549.0,982.0,549.0,-1.7200000286102295,5.119999885559082,242.3000030517578,0.0,0.0,-0.0275999996811151,0.1404999941587448,0.9897000193595886,0.033900000154972,0.0483000017702579,0.998300015926361,242.36019897460935,0.0,982.0,549.0,1009.0,565.0,1000.0,111.157182386304,-1603.3968803904902,,,,,,,,,502.0,502.0,134269.0,134409.0,140.0,14.372708748037,148.59883279208,3155.78466399771,-1678.21125274046,13.4210773676097
134.379,5.0,3.9800000190734863,1079.0,611.0,1079.0,611.0,-22.729999542236328,-7.920000076293945,244.69999694824216,0.0,0.0,0.0,0.0,0.0,0.0298999994993209,0.0485000014305114,0.9983999729156494,245.88101196289065,0.0,1079.0,611.0,1036.66666666667,569.0,1000.0,77.592957331495,-1678.21125274046,,,,,,,,,502.0,502.0,134269.0,134409.0,140.0,14.372708748037,148.59883279208,3155.78466399771,-1678.21125274046,13.4210773676097
134.399,4.28000020980835,4.0,1049.0,547.0,1049.0,547.0,-16.719999313354492,5.949999809265137,251.32000732421875,0.0,0.0,-0.1251000016927719,0.1333999931812286,0.9830999970436096,0.0278999991714954,0.0535000003874301,0.9981999993324282,251.94583129882807,0.0,1049.0,547.0,1068.66666666667,573.0,1000.0,49.6551597150387,-1396.8898808228198,,,,,,,,,502.0,502.0,134269.0,134409.0,140.0,14.372708748037,148.59883279208,3155.78466399771,-1678.21125274046,13.4210773676097
134.419,4.269999980926514,3.990000009536743,1078.0,561.0,1078.0,561.0,-20.239999771118164,2.7100000381469727,221.47000122070315,0.0,0.0,-0.1606999933719635,0.1289999932050705,0.9785000085830688,0.0258000008761882,0.0537000000476837,0.9981999993324282,222.40945434570315,0.0,1078.0,561.0,1075.0,573.666666666667,1000.0,6.6882914113366105,-2148.3434151851,,,,,,,,,,,,,,,,,,
134.439,5.0,4.0,1098.0,613.0,1098.0,613.0,-24.35000038146973,-7.380000114440918,222.3699951171875,0.0,0.0,0.0,0.0,0.0,0.0263999998569488,0.0546999983489513,0.9981999993324282,223.8209228515625,0.0,1098.0,613.0,1064.66666666667,569.666666666667,1000.0,51.2373580183144,2227.4533303488897,,,,,,,,,503.0,503.0,134429.0,134549.0,120.0,1.56182783779667,93.8918691333673,2444.3420768258,-1590.8784587032098,152.300527191945
134.459,4.199999809265137,4.0,1018.0,535.0,1018.0,535.0,-11.1899995803833,9.760000228881838,289.1300048828125,0.0,0.0,-0.0812000036239624,0.1360000073909759,0.9873999953269958,0.0289999991655349,0.0533000007271766,0.9981999993324282,289.5110168457032,0.0,1018.0,535.0,1037.33333333333,560.666666666667,1000.0,93.8918691333673,2132.72555575265,,,,,,,,,503.0,503.0,134429.0,134549.0,120.0,1.56182783779667,93.8918691333673,2444.3420768258,-1590.8784587032098,152.300527191945
134.479,4.170000076293944,4.0,996.0,534.0,996.0,534.0,-5.4699997901916495,10.010000228881836,286.67999267578125,0.0,0.0,-0.0483999997377395,0.139500007033348,0.9890000224113464,0.0310999993234872,0.0531999990344047,0.9980999827384948,286.9068603515625,0.0,996.0,534.0,1000.0,536.333333333333,1000.0,69.2885004173565,-1230.16843580054,,,,,,,,,503.0,503.0,134429.0,134549.0,120.0,1.56182783779667,93.8918691333673,2444.3420768258,-1590.8784587032098,152.300527191945
134.499,4.150000095367432,4.0,986.0,540.0,986.0,540.0,-2.900000095367432,7.75,262.8500061035156,0.0,0.0,-0.0351000018417835,0.1416999995708465,0.9893000125885008,0.033500000834465,0.0516000017523765,0.9980999827384948,262.980224609375,0.0,986.0,540.0,988.333333333333,539.0,1000.0,37.470931243292206,-1590.8784587032098,,,,,,,,,503.0,503.0,134429.0,134549.0,120.0,1.56182783779667,93.8918691333673,2444.3420768258,-1590.8784587032098,152.300527191945
134.519,4.150000095367432,4.0,983.0,543.0,983.0,543.0,-2.0999999046325684,6.639999866485596,246.6499938964844,0.0,0.0,-0.0313000008463859,0.1448000073432922,0.9890000224113464,0.0355000011622905,0.0516000017523765,0.9980000257492064,246.748291015625,0.0,983.0,543.0,1012.0,562.666666666667,1000.0,86.35777277980829,2444.3420768258,,,,,,,,,503.0,503.0,134429.0,134549.0,120.0,1.56182783779667,93.8918691333673,2444.3420768258,-1590.8784587032098,152.300527191945
134.539,5.0,4.0,1067.0,605.0,1067.0,605.0,-20.5,-6.7199997901916495,248.97999572753903,0.0,0.0,0.0,0.0,0.0,0.0375000014901161,0.05180000141263,0.9980000257492064,249.91288757324216,0.0,1067.0,605.0,1038.0,583.666666666667,1000.0,65.1516228025902,-1060.30749886091,,,,,,,,,503.0,503.0,134429.0,134549.0,120.0,1.56182783779667,93.8918691333673,2444.3420768258,-1590.8784587032098,152.300527191945
134.559,5.0,4.010000228881836,1064.0,603.0,1064.0,603.0,-19.81999969482421,-6.28000020980835,248.94000244140625,0.0,0.0,0.0,0.0,0.0,0.0399999991059303,0.0533000007271766,0.9977999925613404,249.80671691894528,0.0,1064.0,603.0,1057.0,585.666666666667,1000.0,20.7313486438771,-2221.01370793566,,,,,,,,,,,,,,,,,,
134.579,4.199999809265137,4.010000228881836,1040.0,549.0,1040.0,549.0,-13.970000267028809,5.349999904632568,240.3099975585937,0.0,0.0,-0.1225000023841858,0.135000005364418,0.9832000136375428,0.0414000004529953,0.0548000000417232,0.9976000189781188,240.7751617431641,0.0,1040.0,549.0,1050.0,573.0,1000.0,64.48461593659529,2187.66336463591,,,,,,,,,504.0,504.0,134569.0,134749.0,180.0,12.9483758685167,205.15553264146095,3488.88380318685,-4831.71186175664,206.02004236447
134.599,4.1599998474121085,4.010000228881836,1046.0,567.0,1046.0,567.0,-17.780000686645508,1.7300000190734863,277.739990234375,0.0,0.0,-0.1348000019788742,0.0905999988317489,0.9866999983787536,0.0386000014841556,0.0546000003814697,0.9977999925613404,278.3139038085937,0.0,1046.0,567.0,1023.0,549.0,1000.0,128.576561019876,3204.59725416404,,,,,,,,,504.0,504.0,134569.0,134749.0,180.0,12.9483758685167,205.15553264146095,3488.88380318685,-4831.71186175664,206.02004236447
134.619,4.119999885559082,4.150000095367432,983.0,531.0,983.0,531.0,-2.8399999141693115,13.600000381469728,363.260009765625,0.0,0.0,-0.0630000010132789,0.1115000024437904,0.9918000102043154,0.0595000013709068,0.061999998986721,0.9962999820709229,363.5255737304688,0.0,983.0,531.0,958.0,535.333333333333,1000.0,198.354237083613,3488.88380318685,,,,,,,,,504.0,504.0,134569.0,134749.0,180.0,12.9483758685167,205.15553264146095,3488.88380318685,-4831.71186175664,206.02004236447
134.639,4.079999923706056,4.230000019073486,845.0,508.0,845.0,508.0,39.400001525878906,19.5,346.07000732421875,0.0,0.0,0.0716999992728233,0.1421000063419342,0.9872999787330629,0.1400000005960464,0.0685999989509582,0.9878000020980836,348.8510437011719,0.0,845.0,508.0,881.666666666667,489.666666666667,1000.0,205.15553264146095,340.0647778924,,,,,,,,,504.0,504.0,134569.0,134749.0,180.0,12.9483758685167,205.15553264146095,3488.88380318685,-4831.71186175664,206.02004236447
134.659,4.019999980926514,4.489999771118164,817.0,430.0,817.0,430.0,91.4499969482422,82.05000305175781,659.010009765625,0.0,0.0,0.1059999987483024,0.1652999967336654,0.9804999828338624,0.155799999833107,0.1262000054121017,0.9797000288963316,670.3651733398438,0.0,817.0,430.0,827.333333333333,444.0,1000.0,128.587392660495,-3828.40699904829,,,,,,,,,504.0,504.0,134569.0,134749.0,180.0,12.9483758685167,205.15553264146095,3488.88380318685,-4831.71186175664,206.02004236447
134.679,4.0,4.639999866485596,820.0,394.0,820.0,394.0,150.10000610351562,171.25999450683594,1099.6700439453125,0.0,0.0,0.1094999983906746,0.1745000034570694,0.9785000085830688,0.1510999947786331,0.1569000035524368,0.9760000109672546,1123.0023193359375,0.0,820.0,394.0,817.333333333333,412.0,1000.0,31.9531554253625,-4831.71186175664,,,,,,,,,504.0,504.0,134569.0,134749.0,180.0,12.9483758685167,205.15553264146095,3488.88380318685,-4831.71186175664,206.02004236447
134.699,3.990000009536743,4.489999771118164,815.0,412.0,815.0,412.0,89.0199966430664,88.69999694824219,633.239990234375,0.0,0.0,0.1059999987483024,0.1812999993562698,0.9776999950408936,0.157600000500679,0.1404999941587448,0.977400004863739,645.5889892578125,0.0,815.0,412.0,821.0,419.666666666667,1000.0,38.6336762006165,334.026038762703,,,,,,,,,504.0,504.0,134569.0,134749.0,180.0,12.9483758685167,205.15553264146095,3488.88380318685,-4831.71186175664,206.02004236447
134.719,5.0,4.389999866485596,828.0,453.0,828.0,453.0,82.22000122070312,66.33999633789064,637.7100219726562,0.0,0.0,0.0,0.0,0.0,0.1626999974250793,0.1270000040531158,0.9785000085830688,646.4017333984375,0.0,828.0,453.0,822.333333333333,442.0,1000.0,55.45733560979961,841.182970459154,,,,,,,,,504.0,504.0,134569.0,134749.0,180.0,12.9483758685167,205.15553264146095,3488.88380318685,-4831.71186175664,206.02004236447
134.739,5.0,4.340000152587891,824.0,461.0,824.0,461.0,84.23000335693358,61.6599998474121,637.9600219726562,0.0,0.0,0.0,0.0,0.0,0.1656000018119812,0.1202000007033348,0.9787999987602234,646.44384765625,0.0,824.0,461.0,824.666666666667,463.0,1000.0,36.6980111530703,-937.966222836464,,,,,,,,,504.0,504.0,134569.0,134749.0,180.0,12.9483758685167,205.15553264146095,3488.88380318685,-4831.71186175664,206.02004236447
134.759,5.0,4.260000228881836,822.0,475.0,822.0,475.0,85.48999786376955,53.9099998474121,638.6500244140625,0.0,0.0,0.0,0.0,0.0,0.1675000041723251,0.1089000031352043,0.97979998588562,646.5977783203125,0.0,822.0,475.0,823.666666666667,470.666666666667,1000.0,19.1500087556204,-877.4001198724969,,,,,,,,,,,,,,,,,,
134.779,5.0,4.25,825.0,476.0,825.0,476.0,83.7699966430664,53.38999938964844,639.0,0.0,0.0,0.0,0.0,0.0,0.1650000065565109,0.1081999987363815,0.9803000092506408,646.67529296875,0.0,825.0,476.0,829.0,477.333333333333,1000.0,27.9790510669244,441.45211556520303,,,,,,,,,,,,,,,,,,
134.799,4.059999942779541,4.210000038146973,840.0,481.0,840.0,481.0,51.77999877929688,34.700000762939446,437.9400024414063,0.0,0.0,0.0546000003814697,0.1307999938726425,0.98989999294281,0.1651999950408935,0.1014999970793724,0.981000006198883,442.3536071777344,0.0,840.0,481.0,839.333333333333,486.0,1000.0,35.4832414418919,375.209518748376,,,,,,,,,505.0,505.0,134789.0,134829.0,40.0,0.7398867568878341,35.4832414418919,375.209518748376,-96.3797270485824,37.40535663140879
134.819,4.090000152587891,4.190000057220459,853.0,501.0,853.0,501.0,41.68999862670898,24.239999771118164,391.4200134277344,0.0,0.0,0.033500000834465,0.1101000010967254,0.993399977684021,0.1638000011444091,0.0989999994635582,0.9815000295639038,394.3795776367188,0.0,853.0,501.0,850.666666666667,494.666666666667,1000.0,33.5556469009203,-96.3797270485824,,,,,,,,,505.0,505.0,134789.0,134829.0,40.0,0.7398867568878341,35.4832414418919,375.209518748376,-96.3797270485824,37.40535663140879
134.839,5.0,4.199999809265137,859.0,502.0,859.0,502.0,39.72000122070313,24.04999923706055,391.75,0.0,0.0,0.0,0.0,0.0,0.1597000062465667,0.1035000011324882,0.9817000031471252,394.49224853515625,0.0,859.0,502.0,857.666666666667,504.666666666667,1000.0,21.6813228642666,-593.716201832683,234.0,234.0,856.8,506.0,134829.0,134929.0,100.0,0.236667746133118,,,,,,,,,,
134.859,5.0,4.190000057220459,861.0,511.0,861.0,511.0,38.86999893188477,21.170000076293945,392.1799926757813,0.0,0.0,0.0,0.0,0.0,0.1578000038862228,0.096900001168251,0.982699990272522,394.6697387695313,0.0,861.0,511.0,861.0,508.0,1000.0,6.14582843125512,-776.774721650576,234.0,234.0,856.8,506.0,134829.0,134929.0,100.0,0.236667746133118,,,,,,,,,,
134.879,4.090000152587891,4.150000095367432,863.0,511.0,863.0,511.0,38.040000915527344,20.799999237060547,388.6199951171875,0.0,0.0,0.025000000372529,0.1017000004649162,0.9944999814033508,0.1570000052452087,0.0926999971270561,0.9832000136375428,391.0309143066406,0.0,863.0,511.0,859.666666666667,509.0,1000.0,7.087856430726879,47.1013999735882,234.0,234.0,856.8,506.0,134829.0,134929.0,100.0,0.236667746133118,,,,,,,,,,
134.899,4.019999980926514,4.150000095367432,855.0,505.0,855.0,505.0,46.11999893188477,25.989999771118164,439.45999145507807,0.0,0.0,0.0401000007987022,0.1057000011205673,0.9936000108718872,0.1562999933958053,0.0899000018835067,0.9836000204086304,442.6371154785156,0.0,855.0,505.0,856.0,505.666666666667,1000.0,15.198310066354498,405.522681781379,234.0,234.0,856.8,506.0,134829.0,134929.0,100.0,0.236667746133118,,,,,,,,,,
134.919,3.990000009536743,4.150000095367432,850.0,501.0,850.0,501.0,50.33000183105469,28.71999931335449,460.9100036621094,0.0,0.0,0.0478000007569789,0.1096000000834465,0.992799997329712,0.1569000035524368,0.0885000005364417,0.9836000204086304,464.5384521484375,0.0,850.0,501.0,849.666666666667,502.666666666667,1000.0,26.124630204929105,546.316006928731,234.0,234.0,856.8,506.0,134829.0,134929.0,100.0,0.236667746133118,,,,,,,,,,
134.939,4.070000171661377,4.170000076293944,844.0,502.0,844.0,502.0,45.22999954223633,24.209999084472656,395.6799926757813,0.0,0.0,0.0414000004529953,0.1096000000834465,0.9930999875068665,0.1699000000953674,0.0971999987959861,0.9807000160217284,398.9919128417969,0.0,844.0,502.0,844.333333333333,489.0,1000.0,38.6346399293719,625.50048622214,,,,,,,,,506.0,506.0,134929.0,134968.0,39.0,0.7607938334752901,38.6346399293719,625.50048622214,-179.62832862785098,248.682087724538
134.958,4.059999942779541,4.349999904632568,839.0,464.0,839.0,464.0,60.4000015258789,47.97000122070313,505.73001098632807,0.0,0.0,0.0604000017046928,0.1230000033974647,0.9905999898910522,0.1627999991178512,0.127700001001358,0.9783999919891356,511.57806396484375,0.0,839.0,464.0,839.0,475.333333333333,1000.0,35.2217016854427,-179.62832862785098,,,,,,,,,506.0,506.0,134929.0,134968.0,39.0,0.7607938334752901,38.6346399293719,625.50048622214,-179.62832862785098,248.682087724538
134.978,5.0,4.340000152587891,834.0,460.0,834.0,460.0,62.290000915527344,49.61999893188477,505.2799987792969,0.0,0.0,0.0,0.0,0.0,0.1664000004529953,0.127700001001358,0.9778000116348264,511.5174255371094,0.0,834.0,460.0,834.666666666667,464.0,1000.0,17.4876684639319,-886.7016610755409,235.0,235.0,838.4629629629629,478.833333333333,134968.0,135328.0,360.0,0.9490680977428873,,,,,,,,,,
134.998,5.0,4.289999961853027,831.0,468.0,831.0,468.0,63.61000061035156,45.93999862670898,505.5400085449218,0.0,0.0,0.0,0.0,0.0,0.1687999963760376,0.1209999993443489,0.9782000184059144,511.593017578125,0.0,831.0,468.0,830.0,465.0,1000.0,11.8349932113012,-282.633762631535,235.0,235.0,838.4629629629629,478.833333333333,134968.0,135328.0,360.0,0.9490680977428873,,,,,,,,,,
135.018,4.039999961853027,4.260000228881836,825.0,467.0,825.0,467.0,66.80999755859375,47.02000045776367,510.0299987792969,0.0,0.0,0.0715000033378601,0.1262000054121017,0.989400029182434,0.1728000044822693,0.1191999986767768,0.9776999950408936,516.53173828125,0.0,825.0,467.0,827.666666666667,470.0,1000.0,11.7575227499856,-3.87352306578004,235.0,235.0,838.4629629629629,478.833333333333,134968.0,135328.0,360.0,0.9490680977428873,,,,,,,,,,
135.038,4.039999961853027,4.210000038146973,827.0,475.0,827.0,475.0,61.06999969482422,39.86000061035156,469.7900085449218,0.0,0.0,0.0662000030279159,0.1238000020384788,0.9901000261306762,0.1753000020980835,0.1133999973535537,0.977999985218048,475.4166564941406,0.0,827.0,475.0,825.0,472.666666666667,1000.0,9.85672548583806,-95.03986320737673,235.0,235.0,838.4629629629629,478.833333333333,134968.0,135328.0,360.0,0.9490680977428873,,,,,,,,,,
135.058,4.0,4.190000057220459,823.0,476.0,823.0,476.0,63.290000915527344,39.83000183105469,476.1499938964844,0.0,0.0,0.0703999996185302,0.1254999935626983,0.9896000027656556,0.1765999943017959,0.1086999997496604,0.9782999753952026,481.98638916015625,0.0,823.0,476.0,823.333333333333,476.333333333333,1000.0,9.42356168714243,-21.6581899347814,235.0,235.0,838.4629629629629,478.833333333333,134968.0,135328.0,360.0,0.9490680977428873,,,,,,,,,,
135.078,3.9800000190734863,4.170000076293944,820.0,478.0,820.0,478.0,64.51000213623047,38.810001373291016,475.1099853515625,0.0,0.0,0.0737000033259391,0.1260000020265579,0.9893000125885008,0.1784999966621398,0.1049000024795532,0.9782999753952026,481.0376892089844,0.0,820.0,478.0,820.333333333333,478.333333333333,1000.0,8.48358566576329,-46.9988010689574,235.0,235.0,838.4629629629629,478.833333333333,134968.0,135328.0,360.0,0.9490680977428873,,,,,,,,,,
135.098,3.9700000286102295,4.150000095367432,818.0,481.0,818.0,481.0,65.18000030517578,37.7599983215332,475.23001098632807,0.0,0.0,0.0753000006079673,0.1246000006794929,0.9893000125885008,0.1794999986886978,0.1022000014781952,0.9783999919891356,481.1629638671875,0.0,818.0,481.0,818.333333333333,480.666666666667,1000.0,7.88572865010226,-29.8928507830516,235.0,235.0,838.4629629629629,478.833333333333,134968.0,135328.0,360.0,0.9490680977428873,,,,,,,,,,
135.118,3.9700000286102295,4.139999866485596,817.0,483.0,817.0,483.0,65.01000213623047,36.56999969482422,469.05999755859375,0.0,0.0,0.0759000033140182,0.123999997973442,0.989400029182434,0.1811999976634979,0.1009000018239021,0.9782999753952026,474.95361328125,0.0,817.0,483.0,816.333333333333,483.0,1000.0,8.43765469936059,27.5963024629169,235.0,235.0,838.4629629629629,478.833333333333,134968.0,135328.0,360.0,0.9490680977428873,,,,,,,,,,
135.138,3.940000057220459,4.119999885559082,814.0,485.0,814.0,485.0,66.87999725341797,36.0,475.3999938964844,0.0,0.0,0.0793000012636184,0.122699998319149,0.9893000125885008,0.181999996304512,0.09740000218153,0.9785000085830688,481.42922973632807,0.0,814.0,485.0,822.666666666667,485.666666666667,1000.0,19.779880979038698,567.111313983904,235.0,235.0,838.4629629629629,478.833333333333,134968.0,135328.0,360.0,0.9490680977428873,,,,,,,,,,
135.158,3.950000047683716,4.070000171661377,837.0,489.0,837.0,489.0,60.58000183105469,36.459999084472656,501.6400146484375,0.0,0.0,0.0626000016927719,0.1143999993801116,0.9915000200271606,0.1635999977588653,0.096900001168251,0.9818000197410583,506.5984191894531,0.0,837.0,489.0,831.333333333333,487.0,1000.0,23.4538486180933,183.698381952734,235.0,235.0,838.4629629629629,478.833333333333,134968.0,135328.0,360.0,0.9490680977428873,,,,,,,,,,
135.178,3.920000076293945,4.050000190734863,843.0,487.0,843.0,487.0,63.02000045776367,40.84000015258789,547.5900268554689,0.0,0.0,0.062899999320507,0.1152999997138977,0.9912999868392944,0.1542000025510788,0.0944000035524368,0.9835000038146972,552.71533203125,0.0,843.0,487.0,841.0,486.666666666667,1000.0,17.539638245457002,-295.710518631818,235.0,235.0,838.4629629629629,478.833333333333,134968.0,135328.0,360.0,0.9490680977428873,,,,,,,,,,
135.198,3.900000095367432,4.050000190734863,843.0,484.0,843.0,484.0,64.48999786376953,43.29999923706055,560.6099853515625,0.0,0.0,0.0640999972820282,0.1172000020742416,0.99099999666214,0.1532000005245208,0.0961000025272369,0.9835000038146972,565.9659423828125,0.0,843.0,484.0,845.0,486.0,1000.0,10.2490421522572,-364.529804659988,235.0,235.0,838.4629629629629,478.833333333333,134968.0,135328.0,360.0,0.9490680977428873,,,,,,,,,,
135.218,3.920000076293945,4.039999961853027,849.0,487.0,849.0,487.0,57.02999877929688,38.52999877929688,517.4000244140625,0.0,0.0,0.0553999990224838,0.1169999986886978,0.9915999770164488,0.1523000001907348,0.0958999991416931,0.9836999773979188,521.9575805664064,0.0,849.0,487.0,849.0,486.666666666667,1000.0,13.709047910008,173.00028788753897,235.0,235.0,838.4629629629629,478.833333333333,134968.0,135328.0,360.0,0.9490680977428873,,,,,,,,,,
135.238,3.9300000667572017,4.03000020980835,855.0,489.0,855.0,489.0,52.1599998474121,36.11000061035156,498.25,0.0,0.0,0.0478000007569789,0.1155000030994415,0.9922000169754028,0.1492999941110611,0.096000000834465,0.9840999841690063,502.27249145507807,0.0,855.0,489.0,855.666666666667,485.333333333333,1000.0,14.0952989985657,19.3125544278852,235.0,235.0,838.4629629629629,478.833333333333,134968.0,135328.0,360.0,0.9490680977428873,,,,,,,,,,
135.258,3.940000057220459,4.119999885559082,863.0,480.0,863.0,480.0,50.81000137329102,41.930000305175774,520.010009765625,0.0,0.0,0.0419000014662742,0.1141000017523765,0.9926000237464906,0.1427000015974044,0.1097000017762184,0.9836999773979188,524.1661987304689,0.0,863.0,480.0,859.333333333333,483.0,1000.0,8.44951295477339,-282.289302189615,235.0,235.0,838.4629629629629,478.833333333333,134968.0,135328.0,360.0,0.9490680977428873,,,,,,,,,,
135.278,3.940000057220459,4.099999904632568,860.0,480.0,860.0,480.0,55.27000045776367,44.560001373291016,549.9099731445312,0.0,0.0,0.0476000010967254,0.1142000034451484,0.9922999739646912,0.1428000032901764,0.1070000007748603,0.9839000105857848,554.4739379882812,0.0,860.0,480.0,861.666666666667,482.666666666667,1000.0,11.5730875407268,156.17872929767,235.0,235.0,838.4629629629629,478.833333333333,134968.0,135328.0,360.0,0.9490680977428873,,,,,,,,,,
135.298,3.950000047683716,4.099999904632568,862.0,488.0,862.0,488.0,49.38999938964844,36.900001525878906,501.510009765625,0.0,0.0,0.0412999987602233,0.1124999970197677,0.992799997329712,0.1446000039577484,0.100500002503395,0.984399974346161,505.2853393554688,0.0,862.0,488.0,864.0,475.333333333333,1000.0,16.9315467369733,267.922959812326,235.0,235.0,838.4629629629629,478.833333333333,134968.0,135328.0,360.0,0.9490680977428873,,,,,,,,,,
135.318,3.940000057220459,4.349999904632568,870.0,458.0,870.0,458.0,56.93000030517578,62.02000045776367,619.3099975585938,0.0,0.0,0.0478000007569789,0.1146000027656555,0.9922999739646912,0.1274999976158142,0.1353999972343444,0.9825999736785888,625.0059204101562,0.0,870.0,458.0,867.0,470.666666666667,1000.0,14.8951654097875,-101.819066359291,235.0,235.0,838.4629629629629,478.833333333333,134968.0,135328.0,360.0,0.9490680977428873,,,,,,,,,,
135.338,3.9600000381469727,4.329999923706056,869.0,466.0,869.0,466.0,49.0099983215332,49.25,529.5,0.0,0.0,0.0403999984264373,0.1124999970197677,0.992799997329712,0.135000005364418,0.1324999928474426,0.9818999767303466,534.0391235351562,0.0,869.0,466.0,872.0,467.0,1000.0,70.76879279807629,2793.68136941444,,,,,,,,,507.0,507.0,135328.0,135428.0,100.0,11.945489687632302,193.260129139057,4389.730321906311,-4375.20421305038,12.1524567347606
135.358,3.9800000190734863,4.099999904632568,877.0,477.0,877.0,477.0,51.77000045776367,50.459999084472656,604.25,0.0,0.0,0.0439000017940998,0.1253000050783157,0.991100013256073,0.120899997651577,0.096000000834465,0.9879999756813048,608.5592651367188,0.0,877.0,477.0,920.666666666667,482.333333333333,1000.0,158.563399236203,4389.730321906311,,,,,,,,,507.0,507.0,135328.0,135428.0,100.0,11.945489687632302,193.260129139057,4389.730321906311,-4375.20421305038,12.1524567347606
135.378,4.170000076293944,3.920000076293945,1016.0,504.0,1016.0,504.0,-14.619999885559082,24.56999969482421,399.3500061035156,0.0,0.0,-0.0822999998927116,0.1283999979496002,0.9883000254631042,0.0262000001966953,0.0804999992251396,0.996399998664856,400.37213134765625,0.0,1016.0,504.0,991.0,497.0,1000.0,193.260129139057,1734.8364951427302,,,,,,,,,507.0,507.0,135328.0,135428.0,100.0,11.945489687632302,193.260129139057,4389.730321906311,-4375.20421305038,12.1524567347606
135.398,4.199999809265137,3.8900001049041752,1080.0,510.0,1080.0,510.0,-35.81999969482422,21.739999771118164,384.6199951171875,0.0,0.0,-0.1336999982595443,0.1254999935626983,0.9829999804496764,-0.0219999998807907,0.0772000029683113,0.9968000054359436,386.89566040039057,0.0,1080.0,510.0,1067.66666666667,509.666666666667,1000.0,139.892316279872,-2668.3906429592803,,,,,,,,,507.0,507.0,135328.0,135428.0,100.0,11.945489687632302,193.260129139057,4389.730321906311,-4375.20421305038,12.1524567347606
135.418,4.199999809265137,3.880000114440918,1107.0,515.0,1107.0,515.0,-45.52000045776367,20.489999771118164,390.3900146484375,0.0,0.0,-0.1574999988079071,0.1165999993681907,0.9805999994277954,-0.0403000004589557,0.0772999972105026,0.9962000250816344,393.5686340332031,0.0,1107.0,515.0,1098.0,515.666666666667,1000.0,52.388232018864,-4375.20421305038,,,,,,,,,507.0,507.0,135328.0,135428.0,100.0,11.945489687632302,193.260129139057,4389.730321906311,-4375.20421305038,12.1524567347606
135.438,4.190000057220459,3.8599998950958248,1107.0,522.0,1107.0,522.0,-41.59000015258789,16.3799991607666,354.6400146484375,0.0,0.0,-0.1668000072240829,0.1086999997496604,0.9800000190734864,-0.0288999993354082,0.0820000022649765,0.9962000250816344,357.4458923339844,0.0,1107.0,522.0,1106.66666666667,522.0,1000.0,12.4918992738308,-1994.8166372516605,,,,,,,,,,,,,,,,,,
135.458,4.170000076293944,3.8599998950958248,1106.0,529.0,1106.0,529.0,-38.290000915527344,13.329999923706056,331.2099914550781,0.0,0.0,-0.1702000051736831,0.1030000001192092,0.9800000190734864,-0.0200999993830919,0.0834000036120414,0.9962999820709229,333.68231201171875,0.0,1106.0,529.0,1101.66666666667,524.666666666667,1000.0,18.7900604585446,314.908059235689,,,,,,,,,,,,,,,,,,
135.478,4.139999866485596,3.8599998950958248,1092.0,523.0,1092.0,523.0,-35.189998626708984,15.43000030517578,340.19000244140625,0.0,0.0,-0.1550000011920929,0.1142999976873397,0.9812999963760376,-0.0148999998345971,0.0789000019431114,0.9968000054359436,342.3531188964844,0.0,1092.0,523.0,1092.0,523.333333333333,1000.0,33.305545440071,725.7742490763201,,,,,,,,,508.0,508.0,135468.0,135508.0,40.0,0.8441991087634451,37.8127692378294,725.7742490763201,,190.61965527615504
135.498,4.190000057220459,3.8599998950958248,1078.0,518.0,1078.0,518.0,-32.2599983215332,17.649999618530273,353.8699951171875,0.0,0.0,-0.13680000603199,0.1237000003457069,0.9829000234603882,-0.012699999846518,0.0742999985814094,0.9972000122070312,355.7755126953125,0.0,1078.0,518.0,1076.0,520.333333333333,1000.0,37.8127692378294,225.361189887921,,,,,,,,,508.0,508.0,135468.0,135508.0,40.0,0.8441991087634451,37.8127692378294,725.7742490763201,,190.61965527615504
135.518,4.170000076293944,3.869999885559082,1058.0,520.0,1058.0,520.0,-30.60000038146973,19.71999931335449,413.7000122070313,0.0,0.0,-0.1096000000834465,0.1168999969959259,0.9871000051498412,-0.0132999997586011,0.064300000667572,0.9977999925613404,415.2986145019531,0.0,1058.0,520.0,1063.0,518.0,1000.0,22.690604776686506,-756.108223057146,236.0,236.0,1049.66666666667,526.487179487179,135508.0,135768.0,260.0,0.459693782380302,,,,,,,,,,
135.538,4.170000076293944,3.8599998950958248,1053.0,516.0,1053.0,516.0,-29.270000457763672,21.600000381469727,421.489990234375,0.0,0.0,-0.1026000007987022,0.120399996638298,0.9873999953269958,-0.0126000000163912,0.0659999996423721,0.9976999759674072,423.0568542480469,0.0,1053.0,516.0,1058.33333333333,520.666666666667,1000.0,10.1843361870351,-625.3134294825701,236.0,236.0,1049.66666666667,526.487179487179,135508.0,135768.0,260.0,0.459693782380302,,,,,,,,,,
135.558,4.199999809265137,3.869999885559082,1064.0,526.0,1064.0,526.0,-30.36000061035157,16.219999313354492,384.8500061035156,0.0,0.0,-0.1221000030636787,0.1121999993920326,0.9861000180244444,-0.0082999998703598,0.0645999982953071,0.9979000091552734,386.38626098632807,0.0,1064.0,526.0,1059.33333333333,525.0,1000.0,11.1977626884423,50.6713250703601,236.0,236.0,1049.66666666667,526.487179487179,135508.0,135768.0,260.0,0.459693782380302,,,,,,,,,,
135.578,4.179999828338623,3.880000114440918,1061.0,533.0,1061.0,533.0,-27.79999923706055,13.260000228881836,363.1600036621094,0.0,0.0,-0.12219999730587,0.1115000024437904,0.9861999750137328,-0.0027000000700354,0.0606000013649463,0.9981999993324282,364.4637756347656,0.0,1061.0,533.0,1058.0,529.333333333333,1000.0,9.88071788209334,-65.8522403174462,236.0,236.0,1049.66666666667,526.487179487179,135508.0,135768.0,260.0,0.459693782380302,,,,,,,,,,
135.598,4.170000076293944,3.950000047683716,1049.0,529.0,1049.0,529.0,-22.82999992370605,13.670000076293944,347.1099853515625,0.0,0.0,-0.119499996304512,0.1118000000715255,0.9865000247955322,0.0148999998345971,0.0694999992847442,0.9975000023841858,348.12847900390625,0.0,1049.0,529.0,1053.0,529.333333333333,1000.0,13.477306269914,179.829419391032,236.0,236.0,1049.66666666667,526.487179487179,135508.0,135768.0,260.0,0.459693782380302,,,,,,,,,,
135.618,4.170000076293944,3.9300000667572017,1049.0,526.0,1049.0,526.0,-24.15999984741211,15.619999885559082,367.2200012207031,0.0,0.0,-0.1146000027656555,0.1137999966740608,0.9868999719619752,0.0086000002920627,0.0683000013232231,0.9976000189781188,368.34524536132807,0.0,1049.0,526.0,1047.66666666667,527.666666666667,1000.0,12.097419405390902,-68.99434322615271,236.0,236.0,1049.66666666667,526.487179487179,135508.0,135768.0,260.0,0.459693782380302,,,,,,,,,,
135.638,4.1599998474121085,3.940000057220459,1045.0,528.0,1045.0,528.0,-22.959999084472656,14.729999542236328,365.0499877929688,0.0,0.0,-0.1115999966859817,0.1130999997258186,0.9872999787330629,0.0109000001102685,0.065600000321865,0.9977999925613404,366.06781005859375,0.0,1045.0,528.0,1044.0,526.666666666667,1000.0,11.050911426754,-52.3253989318488,236.0,236.0,1049.66666666667,526.487179487179,135508.0,135768.0,260.0,0.459693782380302,,,,,,,,,,
135.658,4.1599998474121085,3.990000009536743,1038.0,526.0,1038.0,526.0,-20.420000076293945,15.329999923706056,362.6300048828125,0.0,0.0,-0.1089999973773956,0.1116999983787536,0.9876999855041506,0.0201999992132186,0.0710000023245811,0.9973000288009644,363.52786254882807,0.0,1038.0,526.0,1039.33333333333,525.666666666667,1000.0,4.74652612389712,-315.219265142842,236.0,236.0,1049.66666666667,526.487179487179,135508.0,135768.0,260.0,0.459693782380302,,,,,,,,,,
135.678,4.150000095367432,4.019999980926514,1035.0,523.0,1035.0,523.0,-19.96999931335449,16.840000152587894,373.48001098632807,0.0,0.0,-0.1067999973893165,0.1097000017762184,0.9882000088691713,0.0225000008940696,0.0753000006079673,0.9969000220298768,374.3924255371094,0.0,1035.0,523.0,1040.33333333333,527.0,1000.0,12.9085488393353,408.1011357719101,236.0,236.0,1049.66666666667,526.487179487179,135508.0,135768.0,260.0,0.459693782380302,,,,,,,,,,
135.698,4.170000076293944,4.019999980926514,1048.0,532.0,1048.0,532.0,-22.479999542236328,12.840000152587892,343.0,0.0,0.0,-0.123599998652935,0.1045000031590461,0.9868000149726868,0.0195000004023313,0.0741999968886375,0.997099995613098,343.9756164550781,0.0,1048.0,532.0,1047.33333333333,531.666666666667,1000.0,16.7021337459235,189.67924532941,236.0,236.0,1049.66666666667,526.487179487179,135508.0,135768.0,260.0,0.459693782380302,,,,,,,,,,
135.718,4.199999809265137,3.990000009536743,1059.0,540.0,1059.0,540.0,-25.10000038146973,9.989999771118164,333.1700134277344,0.0,0.0,-0.1333999931812286,0.1002999991178512,0.9860000014305114,0.0125000001862645,0.0675999969244003,0.9976000189781188,334.2634582519532,0.0,1059.0,540.0,1051.0,534.333333333333,1000.0,7.321407640308981,-469.036305280727,236.0,236.0,1049.66666666667,526.487179487179,135508.0,135768.0,260.0,0.459693782380302,,,,,,,,,,
135.738,4.179999828338623,3.9800000190734863,1046.0,531.0,1046.0,531.0,-24.68000030517578,14.829999923706056,390.2900085449218,0.0,0.0,-0.1140000000596046,0.1000000014901161,0.9883999824523924,0.0109000001102685,0.068400003015995,0.9976000189781188,391.35061645507807,0.0,1046.0,531.0,1044.66666666667,526.666666666667,1000.0,21.312811465198106,699.570191244454,236.0,236.0,1049.66666666667,526.487179487179,135508.0,135768.0,260.0,0.459693782380302,,,,,,,,,,
135.758,4.1599998474121085,5.0,1029.0,509.0,1029.0,509.0,-18.950000762939453,22.209999084472656,390.30999755859375,0.0,0.0,-0.1048000007867813,0.1006999984383583,0.989400029182434,0.0,0.0,0.0,391.40042114257807,0.0,1029.0,509.0,1039.66666666667,522.333333333333,1000.0,9.25918072836349,-602.681536841728,236.0,236.0,1049.66666666667,526.487179487179,135508.0,135768.0,260.0,0.459693782380302,,,,,,,,,,
135.778,4.179999828338623,3.9800000190734863,1044.0,527.0,1044.0,527.0,-23.6299991607666,16.110000610351566,386.4400024414063,0.0,0.0,-0.1128000020980835,0.1032999977469444,0.9882000088691713,0.0137999998405575,0.0725999996066093,0.9973000288009644,387.496826171875,0.0,1044.0,527.0,1038.0,529.333333333333,1000.0,62.9145804730511,2682.76998723438,,,,,,,,,509.0,509.0,135768.0,135908.0,140.0,17.697868984426602,256.529066414941,5924.31158554949,-5219.70219094375,179.72240634105802
135.798,4.150000095367432,3.9600000381469727,1041.0,552.0,1041.0,552.0,-24.03000068664551,7.980000019073486,405.76998901367193,0.0,0.0,-0.1121999993920326,0.0750999972224235,0.9908000230789183,0.0142999999225139,0.0571999996900558,0.998300015926361,406.5592346191406,0.0,1041.0,552.0,991.333333333333,528.0,1000.0,181.40081218404097,5924.31158554949,,,,,,,,,509.0,509.0,135768.0,135908.0,140.0,17.697868984426602,256.529066414941,5924.31158554949,-5219.70219094375,179.72240634105802
135.818,4.340000152587891,4.150000095367432,889.0,505.0,889.0,505.0,36.75,28.90999984741211,491.3800048828125,0.0,0.0,0.0221999995410442,0.1092000007629394,0.9937999844551086,0.1215000003576278,0.0806000009179115,0.9893000125885008,493.5997009277344,0.0,889.0,505.0,898.333333333333,518.0,1000.0,256.529066414941,3756.4127115449896,,,,,,,,,509.0,509.0,135768.0,135908.0,140.0,17.697868984426602,256.529066414941,5924.31158554949,-5219.70219094375,179.72240634105802
135.838,5.0,4.139999866485596,765.0,497.0,765.0,497.0,88.62999725341797,31.04999923706055,481.75,0.0,0.0,0.0,0.0,0.0,0.221000000834465,0.0986000001430511,0.970300018787384,490.8181457519531,0.0,765.0,497.0,792.666666666667,513.666666666667,1000.0,211.60204291461105,-2246.3511750165,,,,,,,,,509.0,509.0,135768.0,135908.0,140.0,17.697868984426602,256.529066414941,5924.31158554949,-5219.70219094375,179.72240634105802
135.858,4.289999961853027,4.090000152587891,724.0,539.0,724.0,539.0,59.459999084472656,7.389999866485595,271.5599975585937,0.0,0.0,0.1044000014662742,0.0753000006079673,0.991699993610382,0.2721000015735627,0.1064999997615814,0.9563999772071838,278.09161376953125,0.0,724.0,539.0,732.0,516.333333333333,1000.0,107.207999095736,-5219.70219094375,,,,,,,,,509.0,509.0,135768.0,135908.0,140.0,17.697868984426602,256.529066414941,5924.31158554949,-5219.70219094375,179.72240634105802
135.878,5.0,4.059999942779541,707.0,513.0,707.0,513.0,63.31999969482422,13.449999809265137,269.95001220703125,0.0,0.0,0.0,0.0,0.0,0.2867999970912933,0.1097000017762184,0.95169997215271,277.6028137207032,0.0,707.0,513.0,709.0,531.666666666667,1000.0,50.5031212670478,-2835.24389143441,,,,,,,,,509.0,509.0,135768.0,135908.0,140.0,17.697868984426602,256.529066414941,5924.31158554949,-5219.70219094375,179.72240634105802
135.898,4.28000020980835,4.050000190734863,696.0,543.0,696.0,543.0,63.709999084472656,6.130000114440918,261.7099914550781,0.0,0.0,0.1243000030517578,0.0653999969363212,0.9901000261306762,0.2888000011444092,0.1128999963402748,0.9506999850273132,269.4228515625,0.0,696.0,543.0,694.0,531.0,1000.0,30.2763279374702,-1011.33966647888,,,,,,,,,509.0,509.0,135768.0,135908.0,140.0,17.697868984426602,256.529066414941,5924.31158554949,-5219.70219094375,179.72240634105802
135.918,4.170000076293944,4.019999980926514,679.0,537.0,679.0,537.0,78.98999786376955,8.869999885559082,305.760009765625,0.0,0.0,0.1554999947547912,0.0603000000119209,0.9860000014305114,0.2906000018119812,0.1105000004172325,0.9503999948501588,315.9228820800781,0.0,679.0,537.0,686.0,540.333333333333,1000.0,19.8047300839525,-523.579892675886,237.0,237.0,694.7435897435901,536.1282051282051,135908.0,136168.0,260.0,0.5524459342916179,,,,,,,,,,
135.938,4.179999828338623,3.990000009536743,683.0,541.0,683.0,541.0,76.33999633789062,7.570000171661378,299.2699890136719,0.0,0.0,0.1492000073194503,0.0593000017106533,0.9869999885559082,0.2903000116348266,0.1074000000953674,0.9509000182151794,308.9460144042969,0.0,683.0,541.0,679.666666666667,538.333333333333,1000.0,6.22863197058034,-678.8049056686081,237.0,237.0,694.7435897435901,536.1282051282051,135908.0,136168.0,260.0,0.5524459342916179,,,,,,,,,,
135.958,4.119999885559082,4.019999980926514,677.0,537.0,677.0,537.0,87.29000091552734,9.770000457763674,335.8299865722656,0.0,0.0,0.163900002837181,0.0586999990046024,0.9847000241279602,0.2896000146865845,0.1032000035047531,0.9516000151634216,347.12646484375,0.0,677.0,537.0,681.0,539.333333333333,1000.0,3.8664581782651903,-118.108689615758,237.0,237.0,694.7435897435901,536.1282051282051,135908.0,136168.0,260.0,0.5524459342916179,,,,,,,,,,
135.978,4.139999866485596,4.010000228881836,683.0,540.0,683.0,540.0,82.29000091552734,8.449999809265137,322.7099914550781,0.0,0.0,0.154799997806549,0.0592000000178813,0.9861999750137328,0.2885000109672546,0.1015999987721443,0.9520999789237976,333.143798828125,0.0,683.0,540.0,682.333333333333,540.0,1000.0,8.60192048878577,236.77311552602904,237.0,237.0,694.7435897435901,536.1282051282051,135908.0,136168.0,260.0,0.5524459342916179,,,,,,,,,,
135.998,4.150000095367432,4.0,687.0,543.0,687.0,543.0,78.18000030517578,7.360000133514403,311.3099975585937,0.0,0.0,0.147499993443489,0.0590000003576278,0.9872999787330629,0.2876000106334686,0.101000003516674,0.9524000287055968,321.0610656738281,0.0,687.0,543.0,687.333333333333,542.333333333333,1000.0,16.3540573072067,387.606840921048,237.0,237.0,694.7435897435901,536.1282051282051,135908.0,136168.0,260.0,0.5524459342916179,,,,,,,,,,
136.018,4.150000095367432,4.0,692.0,544.0,692.0,544.0,75.08000183105469,6.849999904632568,304.1199951171875,0.0,0.0,0.1421000063419342,0.0581000000238418,0.988099992275238,0.2849000096321106,0.1023000031709671,0.9531000256538392,313.3255615234375,0.0,692.0,544.0,695.666666666667,539.0,1000.0,17.6685572182938,65.724995554355,237.0,237.0,694.7435897435901,536.1282051282051,135908.0,136168.0,260.0,0.5524459342916179,,,,,,,,,,
136.038,4.099999904632568,3.9700000286102295,708.0,530.0,708.0,530.0,89.01000213623048,13.600000381469728,382.51998901367193,0.0,0.0,0.154799997806549,0.0564000010490417,0.986299991607666,0.2587999999523163,0.1062000021338462,0.960099995136261,392.9749145507813,0.0,708.0,530.0,700.666666666667,537.0,1000.0,15.2394567835946,-121.455021734962,237.0,237.0,694.7435897435901,536.1282051282051,135908.0,136168.0,260.0,0.5524459342916179,,,,,,,,,,
136.058,4.110000133514404,3.9800000190734863,702.0,537.0,702.0,537.0,79.20999908447266,9.739999771118164,332.95001220703125,0.0,0.0,0.1448000073432922,0.0579999983310699,0.9878000020980836,0.271699994802475,0.1055999994277954,0.95660001039505,342.3810729980469,0.0,702.0,537.0,706.0,532.333333333333,1000.0,9.33951420021554,-294.997129168951,237.0,237.0,694.7435897435901,536.1282051282051,135908.0,136168.0,260.0,0.5524459342916179,,,,,,,,,,
136.078,4.079999923706056,3.9600000381469727,708.0,530.0,708.0,530.0,88.20999908447266,13.399999618530272,379.0,0.0,0.0,0.1533000022172928,0.0571999996900558,0.9865000247955322,0.2599999904632568,0.1058000028133392,0.9598000049591064,389.3604431152344,0.0,708.0,530.0,701.666666666667,529.666666666667,1000.0,8.224350950709761,-55.7581624752894,237.0,237.0,694.7435897435901,536.1282051282051,135908.0,136168.0,260.0,0.5524459342916179,,,,,,,,,,
136.098,4.070000171661377,3.9800000190734863,695.0,522.0,695.0,522.0,97.11000061035156,16.6200008392334,397.33999633789057,0.0,0.0,0.1648000031709671,0.064300000667572,0.9842000007629396,0.2702000141143799,0.1061000004410743,0.9570000171661376,409.3722534179688,0.0,695.0,522.0,701.0,528.0,1000.0,2.8668656737829,-267.874263846343,237.0,237.0,694.7435897435901,536.1282051282051,135908.0,136168.0,260.0,0.5524459342916179,,,,,,,,,,
136.118,4.090000152587891,3.990000009536743,700.0,532.0,700.0,532.0,83.77999877929686,11.729999542236328,349.260009765625,0.0,0.0,0.1492999941110611,0.0621000006794929,0.9868000149726868,0.2727000117301941,0.1046999990940094,0.9563999772071838,359.3594665527344,0.0,700.0,532.0,699.333333333333,529.666666666667,1000.0,9.816740225171571,347.493727569434,237.0,237.0,694.7435897435901,536.1282051282051,135908.0,136168.0,260.0,0.5524459342916179,,,,,,,,,,
136.138,4.099999904632568,3.9800000190734863,703.0,535.0,703.0,535.0,78.98999786376955,10.220000267028809,332.8699951171875,0.0,0.0,0.1424999982118606,0.0617999993264675,0.9879000186920166,0.2732000052928925,0.1045000031590461,0.9563000202178956,342.26641845703125,0.0,703.0,535.0,703.666666666667,535.333333333333,1000.0,14.7089357720081,244.609777341826,237.0,237.0,694.7435897435901,536.1282051282051,135908.0,136168.0,260.0,0.5524459342916179,,,,,,,,,,
136.158,4.119999885559082,3.990000009536743,708.0,539.0,708.0,539.0,73.4000015258789,8.649999618530273,314.6499938964844,0.0,0.0,0.1333999931812286,0.0617999993264675,0.9890999794006348,0.2730999886989593,0.1045000031590461,0.9563000202178956,323.21356201171875,0.0,708.0,539.0,707.333333333333,538.333333333333,1000.0,9.70015339544369,-250.43911882822,237.0,237.0,694.7435897435901,536.1282051282051,135908.0,136168.0,260.0,0.5524459342916179,,,,,,,,,,
136.178,4.119999885559082,3.990000009536743,711.0,541.0,711.0,541.0,70.91999816894531,7.869999885559082,307.6400146484375,0.0,0.0,0.1289000064134597,0.0610000006854534,0.9897999763488768,0.2720000147819519,0.1044000014662742,0.95660001039505,315.80682373046875,0.0,711.0,541.0,709.333333333333,540.666666666667,1000.0,38.4253846009079,1436.26156027321,,,,,,,,,510.0,510.0,136168.0,136288.0,120.0,13.3013181176209,193.388888231943,3957.78925220948,-4202.17542830809,2.8179841628995
136.198,4.079999923706056,3.990000009536743,709.0,542.0,709.0,542.0,74.76000213623048,7.949999809265136,322.44000244140625,0.0,0.0,0.1365000009536743,0.0557999983429908,0.9890999794006348,0.2693000137805939,0.1032000035047531,0.9574999809265136,331.0888366699219,0.0,709.0,542.0,737.333333333333,546.0,1000.0,117.581169645098,3957.78925220948,,,,,,,,,510.0,510.0,136168.0,136288.0,120.0,13.3013181176209,193.388888231943,3957.78925220948,-4202.17542830809,2.8179841628995
136.218,5.0,4.199999809265137,792.0,555.0,792.0,555.0,52.290000915527344,4.539999961853027,327.7300109863281,0.0,0.0,0.0,0.0,0.0,0.219099998474121,0.069700002670288,0.973200023174286,331.90631103515625,0.0,792.0,555.0,803.0,546.0,1000.0,193.388888231943,3790.38592934229,,,,,,,,,510.0,510.0,136168.0,136288.0,120.0,13.3013181176209,193.388888231943,3957.78925220948,-4202.17542830809,2.8179841628995
136.238,4.150000095367432,4.090000152587891,908.0,541.0,908.0,541.0,26.46999931335449,12.760000228881836,460.1199951171875,0.0,0.0,-0.0015999999595806,0.0687000006437301,0.9976000189781188,0.1133000031113624,0.0684999972581863,0.9911999702453612,461.057373046875,0.0,908.0,541.0,889.333333333333,544.0,1000.0,184.90706017265097,-424.091402964625,,,,,,,,,510.0,510.0,136168.0,136288.0,120.0,13.3013181176209,193.388888231943,3957.78925220948,-4202.17542830809,2.8179841628995
136.258,4.1599998474121085,5.0,968.0,536.0,968.0,536.0,2.4600000381469727,15.100000381469728,459.6400146484375,0.0,0.0,-0.0489999987185001,0.0733999982476234,0.9961000084877014,0.0,0.0,0.0,459.89453125,0.0,968.0,536.0,946.666666666667,546.0,1000.0,100.863551606489,-4202.17542830809,,,,,,,,,510.0,510.0,136168.0,136288.0,120.0,13.3013181176209,193.388888231943,3957.78925220948,-4202.17542830809,2.8179841628995
136.278,4.119999885559082,4.070000171661377,964.0,561.0,964.0,561.0,2.8199999332427974,3.6400001049041752,337.7799987792969,0.0,0.0,-0.0626000016927719,0.0753000006079673,0.995199978351593,0.0878000035881996,0.0584999993443489,0.9944000244140624,337.8113708496094,0.0,964.0,561.0,966.666666666667,553.333333333333,1000.0,34.0260278364564,-3341.87618850163,,,,,,,,,510.0,510.0,136168.0,136288.0,120.0,13.3013181176209,193.388888231943,3957.78925220948,-4202.17542830809,2.8179841628995
136.298,4.099999904632568,4.059999942779541,968.0,563.0,968.0,563.0,1.4700000286102295,2.940000057220459,341.3299865722656,0.0,0.0,-0.0640999972820282,0.0772999972105026,0.9948999881744384,0.0825000032782554,0.0515000000596046,0.995299994945526,341.3458251953125,0.0,968.0,563.0,966.666666666667,563.0,1000.0,13.3929908661856,-1031.65184851354,238.0,238.0,959.133333333333,566.0,136288.0,136488.0,200.0,0.284488073864347,,,,,,,,,,
136.318,4.090000152587891,4.070000171661377,968.0,565.0,968.0,565.0,1.559999942779541,2.309999942779541,340.57000732421875,0.0,0.0,-0.0635000020265579,0.0769999995827674,0.9950000047683716,0.0825999975204467,0.048700001090765,0.9954000115394592,340.5814208984375,0.0,968.0,565.0,966.666666666667,563.666666666667,1000.0,3.05513382574432,-516.892852022065,238.0,238.0,959.133333333333,566.0,136288.0,136488.0,200.0,0.284488073864347,,,,,,,,,,
136.338,4.079999923706056,4.079999923706056,964.0,563.0,964.0,563.0,2.8199999332427974,2.9800000190734863,347.1499938964844,0.0,0.0,-0.0582999996840953,0.0794999971985817,0.9951000213623048,0.0835999995470047,0.0474000014364719,0.9954000115394592,347.1742553710937,0.0,964.0,563.0,964.333333333333,563.333333333333,1000.0,6.91293899113845,192.890258269706,238.0,238.0,959.133333333333,566.0,136288.0,136488.0,200.0,0.284488073864347,,,,,,,,,,
136.358,4.059999942779541,4.090000152587891,961.0,562.0,961.0,562.0,3.940000057220459,3.450000047683716,355.4200134277344,0.0,0.0,-0.0538999997079372,0.0798999965190887,0.995299994945526,0.0842999964952468,0.046799998730421,0.995299994945526,355.4585876464844,0.0,961.0,562.0,961.333333333333,563.666666666667,1000.0,7.78889088274338,43.7975945802463,238.0,238.0,959.133333333333,566.0,136288.0,136488.0,200.0,0.284488073864347,,,,,,,,,,
136.378,4.059999942779541,4.079999923706056,959.0,566.0,959.0,566.0,4.480000019073486,2.140000104904175,350.4599914550781,0.0,0.0,-0.0524000003933906,0.0790000036358833,0.9955000281333924,0.0860000029206276,0.0425999984145164,0.9954000115394592,350.49517822265625,0.0,959.0,566.0,958.666666666667,565.333333333333,1000.0,7.7881532666224,-0.0368808060489556,238.0,238.0,959.133333333333,566.0,136288.0,136488.0,200.0,0.284488073864347,,,,,,,,,,
136.398,4.079999923706056,4.090000152587891,956.0,568.0,956.0,568.0,5.519999980926514,1.7200000286102295,361.2799987792969,0.0,0.0,-0.0491999983787536,0.0745000019669532,0.9959999918937684,0.0869999974966049,0.0417000018060207,0.995299994945526,361.3262634277344,0.0,956.0,568.0,956.333333333333,567.0,1000.0,5.875511010044909,-95.6321128288744,238.0,238.0,959.133333333333,566.0,136288.0,136488.0,200.0,0.284488073864347,,,,,,,,,,
136.418,4.079999923706056,4.090000152587891,954.0,567.0,954.0,567.0,6.150000095367432,2.0,368.6300048828125,0.0,0.0,-0.0474999994039535,0.0723000019788742,0.9962999820709229,0.0877000018954277,0.0432999990880489,0.995199978351593,368.6867370605469,0.0,954.0,567.0,955.0,568.0,1000.0,2.8978304828709103,-148.8840263587,238.0,238.0,959.133333333333,566.0,136288.0,136488.0,200.0,0.284488073864347,,,,,,,,,,
136.438,4.090000152587891,4.090000152587891,955.0,569.0,955.0,569.0,6.119999885559082,1.3700000047683716,370.9500122070313,0.0,0.0,-0.0487999990582466,0.0666999965906143,0.9965999722480772,0.0885000005364417,0.0452000014483928,0.9950000047683716,371.0030212402344,0.0,955.0,569.0,954.333333333333,568.0,1000.0,1.55716507771218,-67.0332702579366,238.0,238.0,959.133333333333,566.0,136288.0,136488.0,200.0,0.284488073864347,,,,,,,,,,
136.458,4.099999904632568,4.090000152587891,954.0,568.0,954.0,568.0,6.199999809265137,1.7699999809265137,370.51998901367193,0.0,0.0,-0.0483999997377395,0.0685999989509582,0.996500015258789,0.0886000022292137,0.0454000011086463,0.9950000047683716,370.57611083984375,0.0,954.0,568.0,954.333333333333,569.0,1000.0,1.55716507771218,0.0,238.0,238.0,959.133333333333,566.0,136288.0,136488.0,200.0,0.284488073864347,,,,,,,,,,
136.478,4.099999904632568,4.090000152587891,954.0,570.0,954.0,570.0,6.420000076293944,0.9900000095367432,370.51998901367193,0.0,0.0,-0.0483000017702579,0.0653000026941299,0.9966999888420104,0.089599996805191,0.0450000017881393,0.9950000047683716,370.5769348144531,0.0,954.0,570.0,953.666666666667,569.0,1000.0,10.0748771405562,425.885603142202,238.0,238.0,959.133333333333,566.0,136288.0,136488.0,200.0,0.284488073864347,,,,,,,,,,
136.498,4.099999904632568,4.090000152587891,953.0,569.0,953.0,569.0,6.699999809265137,1.190000057220459,369.739990234375,0.0,0.0,-0.0478000007569789,0.0653999969363212,0.9966999888420104,0.090499997138977,0.0461000017821788,0.9947999715805051,369.8026123046875,0.0,953.0,569.0,961.0,573.0,1000.0,58.2233927137364,2407.42577865901,,,,,,,,,511.0,511.0,136488.0,136588.0,100.0,8.07689230808908,126.522619430018,2752.02809490328,-2478.63322406395,6.50242570454211
136.518,4.170000076293944,4.03000020980835,976.0,580.0,976.0,580.0,-0.800000011920929,-2.180000066757202,380.2000122070313,0.0,0.0,-0.062899999320507,0.0590000003576278,0.9962999820709229,0.069700002670288,0.0340000018477439,0.996999979019165,380.20709228515625,0.0,976.0,580.0,997.333333333333,579.666666666667,1000.0,113.263954611802,2752.02809490328,,,,,,,,,511.0,511.0,136488.0,136588.0,100.0,8.07689230808908,126.522619430018,2752.02809490328,-2478.63322406395,6.50242570454211
136.538,4.28000020980835,4.039999961853027,1063.0,590.0,1063.0,590.0,-23.520000457763672,-4.050000190734863,298.6000061035156,0.0,0.0,-0.1431999951601028,0.0681999996304512,0.9872999787330629,0.0193000007420778,0.034800000488758,0.9991999864578248,299.55224609375,0.0,1063.0,590.0,1047.33333333333,588.0,1000.0,126.522619430018,662.933240910822,,,,,,,,,511.0,511.0,136488.0,136588.0,100.0,8.07689230808908,126.522619430018,2752.02809490328,-2478.63322406395,6.50242570454211
136.558,4.289999961853027,4.070000171661377,1103.0,594.0,1103.0,594.0,-30.6299991607666,-4.630000114440918,269.5199890136719,0.0,0.0,-0.178299993276596,0.0722000002861022,0.9812999963760376,-0.001700000022538,0.0359000004827976,0.9994000196456908,271.29443359375,0.0,1103.0,594.0,1095.0,591.333333333333,1000.0,87.8972377036718,-1931.26908631734,,,,,,,,,511.0,511.0,136488.0,136588.0,100.0,8.07689230808908,126.522619430018,2752.02809490328,-2478.63322406395,6.50242570454211
136.578,4.300000190734863,4.099999904632568,1119.0,590.0,1119.0,590.0,-33.830001831054695,-3.539999961853028,264.5899963378906,0.0,0.0,-0.19200000166893,0.0744000002741813,0.978600025177002,-0.0111999996006488,0.0421999990940094,0.9990000128746032,266.7674560546875,0.0,1119.0,590.0,1116.0,590.666666666667,1000.0,38.3245732223927,-2478.63322406395,,,,,,,,,511.0,511.0,136488.0,136588.0,100.0,8.07689230808908,126.522619430018,2752.02809490328,-2478.63322406395,6.50242570454211
136.598,4.300000190734863,4.110000133514404,1126.0,588.0,1126.0,588.0,-35.529998779296875,-3.059999942779541,264.45001220703125,0.0,0.0,-0.197500005364418,0.0753000006079673,0.977400004863739,-0.0164000000804662,0.0445000007748603,0.99889999628067,266.8436889648437,0.0,1126.0,588.0,1125.0,588.666666666667,1000.0,17.4891295158262,-1041.77218532832,239.0,239.0,1129.83333333333,585.333333333333,136588.0,136707.0,119.0,0.196780790709833,,,,,,,,,,
136.617,4.300000190734863,4.110000133514404,1130.0,588.0,1130.0,588.0,-36.180000305175774,-2.900000095367432,263.6000061035156,0.0,0.0,-0.1999000012874603,0.0763999968767166,0.97680002450943,-0.0187999997287988,0.0447999984025955,0.998799979686737,266.0871276855469,0.0,1130.0,588.0,1129.0,587.333333333333,1000.0,8.389665949602929,-478.919135064384,239.0,239.0,1129.83333333333,585.333333333333,136588.0,136707.0,119.0,0.196780790709833,,,,,,,,,,
136.637,4.309999942779541,4.099999904632568,1131.0,586.0,1131.0,586.0,-36.68999862670898,-2.619999885559082,264.89999389648443,0.0,0.0,-0.2006999999284744,0.0768000036478042,0.9765999913215636,-0.0203000009059906,0.0458000004291534,0.9987000226974488,267.441650390625,0.0,1131.0,586.0,1131.0,586.333333333333,1000.0,4.59095478765142,-189.935558097576,239.0,239.0,1129.83333333333,585.333333333333,136588.0,136707.0,119.0,0.196780790709833,,,,,,,,,,
136.657,4.309999942779541,4.090000152587891,1132.0,585.0,1132.0,585.0,-37.34000015258789,-2.2699999809265137,267.57000732421875,0.0,0.0,-0.2012999951839447,0.0766000002622604,0.9764999747276306,-0.0219000000506639,0.0474000014364719,0.9986000061035156,270.17242431640625,0.0,1132.0,585.0,1132.0,585.333333333333,1000.0,3.60878234728509,-49.1086220183164,239.0,239.0,1129.83333333333,585.333333333333,136588.0,136707.0,119.0,0.196780790709833,,,,,,,,,,
136.677,4.300000190734863,4.079999923706056,1133.0,585.0,1133.0,585.0,-38.22999954223633,-2.259999990463257,272.2900085449219,0.0,0.0,-0.201100006699562,0.0754999965429305,0.9767000079154968,-0.0243999995291233,0.046799998730421,0.9986000061035156,274.969970703125,0.0,1133.0,585.0,1133.0,584.333333333333,1000.0,7.789154300136009,209.018597642546,239.0,239.0,1129.83333333333,585.333333333333,136588.0,136707.0,119.0,0.196780790709833,,,,,,,,,,
136.697,4.300000190734863,4.070000171661377,1134.0,583.0,1134.0,583.0,-38.97000122070313,-1.9800000190734863,275.739990234375,0.0,0.0,-0.2013999968767166,0.0746999979019165,0.9765999913215636,-0.0262000001966953,0.0480000004172325,0.9984999895095824,278.4872131347656,0.0,1134.0,583.0,1129.0,580.0,1000.0,13.7056650296187,295.825536474134,239.0,239.0,1129.83333333333,585.333333333333,136588.0,136707.0,119.0,0.196780790709833,,,,,,,,,,
136.717,4.239999771118164,4.059999942779541,1120.0,572.0,1120.0,572.0,-39.86000061035156,0.7300000190734862,309.2699890136719,0.0,0.0,-0.1844000071287155,0.0772999972105026,0.97979998588562,-0.0267999991774559,0.0496999993920326,0.9983999729156494,311.8289489746094,0.0,1120.0,572.0,1124.0,578.333333333333,1000.0,35.6328538101922,1096.35943902868,,,,,,,,,512.0,512.0,136707.0,136747.0,40.0,1.18582066199366,41.7474495012001,1096.35943902868,,210.677280021797
136.737,4.25,4.079999923706056,1118.0,580.0,1118.0,580.0,-35.34000015258789,-1.3200000524520874,278.7699890136719,0.0,0.0,-0.188400000333786,0.0773999989032745,0.9789999723434448,-0.0152000002562999,0.0485000014305114,0.9987000226974488,281.00421142578125,0.0,1118.0,580.0,1104.33333333333,566.666666666667,1000.0,41.7474495012001,305.72978455039504,,,,,,,,,512.0,512.0,136707.0,136747.0,40.0,1.18582066199366,41.7474495012001,1096.35943902868,,210.677280021797
136.757,4.199999809265137,5.0,1075.0,548.0,1075.0,548.0,-24.8700008392334,6.610000133514404,280.239990234375,0.0,0.0,-0.1587000042200088,0.0864999964833259,0.9835000038146972,0.0,0.0,0.0,281.41903686523443,0.0,1075.0,548.0,1094.66666666667,563.666666666667,1000.0,24.9898910277424,-837.8779236728869,240.0,240.0,1103.2,567.033333333333,136747.0,136947.0,200.0,0.555626099161051,,,,,,,,,,
136.777,4.210000038146973,4.079999923706056,1091.0,563.0,1091.0,563.0,-33.139999389648445,3.3399999141693115,321.5400085449219,0.0,0.0,-0.1592999994754791,0.0851999968290329,0.9836000204086304,-0.0089999996125698,0.0520000010728836,0.9986000061035156,323.26055908203125,0.0,1091.0,563.0,1086.33333333333,559.0,1000.0,3.66374018351667,-1066.30754221129,240.0,240.0,1103.2,567.033333333333,136747.0,136947.0,200.0,0.555626099161051,,,,,,,,,,
136.797,4.230000019073486,4.079999923706056,1093.0,566.0,1093.0,566.0,-32.290000915527344,2.3299999237060547,306.44000244140625,0.0,0.0,-0.164000004529953,0.0854000002145767,0.982800006866455,-0.0065999999642372,0.0518999993801116,0.9986000061035156,308.14532470703125,0.0,1093.0,566.0,1093.66666666667,566.333333333333,1000.0,18.7220169094864,752.9138362984841,240.0,240.0,1103.2,567.033333333333,136747.0,136947.0,200.0,0.555626099161051,,,,,,,,,,
136.817,4.230000019073486,4.070000171661377,1097.0,570.0,1097.0,570.0,-32.490001678466804,1.350000023841858,299.4800109863281,0.0,0.0,-0.1679999977350235,0.0838999971747398,0.982200026512146,-0.0073000001721084,0.0502999983727932,0.9987000226974488,301.2402648925781,0.0,1097.0,570.0,1097.0,569.0,1000.0,10.112604351671902,-430.470627890725,240.0,240.0,1103.2,567.033333333333,136747.0,136947.0,200.0,0.555626099161051,,,,,,,,,,
136.837,4.230000019073486,4.059999942779541,1101.0,571.0,1101.0,571.0,-33.049999237060554,0.8700000047683715,295.4599914550781,0.0,0.0,-0.1715999990701675,0.0833000019192695,0.981599986553192,-0.008899999782443,0.049600001424551,0.9987000226974488,297.30401611328125,0.0,1101.0,571.0,1101.0,569.333333333333,1000.0,9.78837877193514,-16.211278986835598,240.0,240.0,1103.2,567.033333333333,136747.0,136947.0,200.0,0.555626099161051,,,,,,,,,,
136.857,4.230000019073486,4.079999923706056,1105.0,567.0,1105.0,567.0,-34.81999969482421,2.039999961853028,301.3299865722656,0.0,0.0,-0.1749999970197677,0.0820000022649765,0.9811999797821044,-0.0126000000163912,0.0553999990224838,0.9983999729156494,303.34197998046875,0.0,1105.0,567.0,1104.66666666667,568.666666666667,1000.0,8.619100927557799,-58.46389221886721,240.0,240.0,1103.2,567.033333333333,136747.0,136947.0,200.0,0.555626099161051,,,,,,,,,,
136.877,4.239999771118164,4.059999942779541,1108.0,568.0,1108.0,568.0,-35.36000061035156,1.7400000095367432,300.0899963378906,0.0,0.0,-0.1767999976873397,0.0821999981999397,0.9807999730110168,-0.0144999995827674,0.0538999997079372,0.9983999729156494,302.17108154296875,0.0,1108.0,568.0,1107.33333333333,567.0,1000.0,8.35031885903231,-13.4391034262748,240.0,240.0,1103.2,567.033333333333,136747.0,136947.0,200.0,0.555626099161051,,,,,,,,,,
136.897,4.239999771118164,4.059999942779541,1109.0,566.0,1109.0,566.0,-36.310001373291016,2.450000047683716,304.8299865722656,0.0,0.0,-0.1773000061511993,0.0825999975204467,0.9807000160217284,-0.0167999994009733,0.0557000003755092,0.998300015926361,306.99468994140625,0.0,1109.0,566.0,1111.0,567.0,1000.0,10.3930492114691,102.13651762184,240.0,240.0,1103.2,567.033333333333,136747.0,136947.0,200.0,0.555626099161051,,,,,,,,,,
136.917,4.25,4.059999942779541,1116.0,567.0,1116.0,567.0,-37.9099998474121,2.049999952316284,301.9200134277344,0.0,0.0,-0.1834000051021576,0.0815000012516975,0.9797000288963316,-0.0214000009000301,0.0555000007152557,0.9981999993324282,304.2976379394532,0.0,1116.0,567.0,1115.33333333333,568.666666666667,1000.0,14.0266140480004,181.678241826564,240.0,240.0,1103.2,567.033333333333,136747.0,136947.0,200.0,0.555626099161051,,,,,,,,,,
136.937,4.269999980926514,4.050000190734863,1121.0,573.0,1121.0,573.0,-37.2400016784668,0.4900000095367432,287.1400146484375,0.0,0.0,-0.1897000074386596,0.0798999965190887,0.978600025177002,-0.0201999992132186,0.0535999983549118,0.9983999729156494,289.54522705078125,0.0,1121.0,573.0,1121.0,571.666666666667,1000.0,8.13739851694542,-294.460776552749,240.0,240.0,1103.2,567.033333333333,136747.0,136947.0,200.0,0.555626099161051,,,,,,,,,,
136.957,4.28000020980835,4.039999961853027,1126.0,575.0,1126.0,575.0,-38.540000915527344,0.0700000002980232,287.6300048828125,0.0,0.0,-0.193000003695488,0.0790000036358833,0.977999985218048,-0.0242999996989965,0.0516999997198581,0.9983999729156494,290.2005310058594,0.0,1126.0,575.0,1115.0,575.0,1000.0,111.156012806863,5150.9307144959,,,,,,,,,513.0,513.0,136947.0,137107.0,160.0,33.7973427616732,419.951565537939,9045.27965217979,-7674.950652957671,191.979505959244
136.977,4.099999904632568,3.5,1098.0,577.0,1098.0,577.0,-31.729999542236328,-0.5899999737739563,288.9200134277344,0.0,0.0,-0.1764000058174133,0.0617999993264675,0.9824000000953674,0.1850000023841857,0.1392000019550323,0.9728000164031982,290.65771484375,0.0,1098.0,577.0,1034.33333333333,567.0,1000.0,292.061605850459,9045.27965217979,,,,,,,,,513.0,513.0,136947.0,137107.0,160.0,33.7973427616732,419.951565537939,9045.27965217979,-7674.950652957671,191.979505959244
136.997,4.239999771118164,4.010000228881836,879.0,549.0,879.0,549.0,26.35000038146973,6.349999904632568,316.94000244140625,0.0,0.0,-0.002199999988079,0.0737000033259391,0.9973000288009644,0.1586000025272369,0.0830999985337257,0.9837999939918518,318.09686279296875,0.0,879.0,549.0,890.333333333333,546.666666666667,1000.0,419.422828908992,6368.061152926651,,,,,,,,,513.0,513.0,136947.0,137107.0,160.0,33.7973427616732,419.951565537939,9045.27965217979,-7674.950652957671,191.979505959244
137.017,4.179999828338623,3.839999914169312,694.0,514.0,694.0,514.0,71.12000274658203,14.149999618530272,289.1300048828125,0.0,0.0,0.1376000046730041,0.0865999981760978,0.9866999983787536,0.2910999953746796,0.1292999982833862,0.9478999972343444,298.0845947265625,0.0,694.0,514.0,712.666666666667,504.0,1000.0,419.951565537939,26.4368314473217,,,,,,,,,513.0,513.0,136947.0,137107.0,160.0,33.7973427616732,419.951565537939,9045.27965217979,-7674.950652957671,191.979505959244
137.037,4.050000190734863,3.690000057220459,565.0,449.0,565.0,449.0,100.16000366210938,29.04999923706055,279.4599914550781,0.0,0.0,0.2416999936103821,0.0778999999165534,0.967199981212616,0.3592999875545501,0.2314999997615814,0.9041000008583068,298.2847900390625,0.0,565.0,449.0,576.666666666667,414.333333333333,1000.0,283.563613636454,-6819.397595074261,,,,,,,,,513.0,513.0,136947.0,137107.0,160.0,33.7973427616732,419.951565537939,9045.27965217979,-7674.950652957671,191.979505959244
137.057,5.0,3.7300000190734863,471.0,280.0,471.0,280.0,116.58999633789064,66.27999877929689,263.17001342773443,0.0,0.0,0.0,0.0,0.0,0.4264999926090241,0.2642000019550323,0.865000009536743,295.3721618652344,0.0,471.0,280.0,499.666666666667,388.0,1000.0,130.06460057729998,-7674.950652957671,,,,,,,,,513.0,513.0,136947.0,137107.0,160.0,33.7973427616732,419.951565537939,9045.27965217979,-7674.950652957671,191.979505959244
137.077,4.039999961853027,3.7200000286102295,463.0,435.0,463.0,435.0,120.48999786376952,31.0,269.0799865722656,0.0,0.0,0.2754000127315521,0.0529000014066696,0.9599000215530396,0.4462999999523162,0.2687999904155731,0.853600025177002,296.4504699707032,0.0,463.0,435.0,463.0,383.0,1000.0,73.3433194871702,-2836.0640545065003,,,,,,,,,513.0,513.0,136947.0,137107.0,160.0,33.7973427616732,419.951565537939,9045.27965217979,-7674.950652957671,191.979505959244
137.097,4.059999942779541,3.690000057220459,455.0,434.0,455.0,434.0,121.25,30.979999542236328,266.3699951171875,0.0,0.0,0.2856000065803528,0.0568000003695488,0.9567000269889832,0.4456999897956848,0.2671999931335449,0.8543999791145325,294.3030700683594,0.0,455.0,434.0,458.333333333333,435.666666666667,1000.0,79.5497820385029,310.323127566637,,,,,,,,,513.0,513.0,136947.0,137107.0,160.0,33.7973427616732,419.951565537939,9045.27965217979,-7674.950652957671,191.979505959244
137.117,4.059999942779541,3.690000057220459,457.0,438.0,457.0,438.0,120.04000091552734,29.899999618530277,265.04998779296875,0.0,0.0,0.2856000065803528,0.063799999654293,0.9562000036239624,0.4431000053882599,0.2556000053882599,0.8593000173568724,292.498046875,0.0,457.0,438.0,463.333333333333,451.0,1000.0,27.1697478719916,-2619.0017083255702,241.0,241.0,477.6,456.866666666667,137107.0,137207.0,100.0,0.499575401345522,,,,,,,,,,
137.137,4.039999961853027,3.7699999809265137,478.0,481.0,478.0,481.0,115.91000366210938,20.049999237060547,266.9599914550781,0.0,0.0,0.2800999879837036,0.0564999990165233,0.9582999944686889,0.4268999993801117,0.202900007367134,0.8812000155448914,291.72723388671875,0.0,478.0,481.0,472.333333333333,455.333333333333,1000.0,22.713751286673304,-222.79982926591305,241.0,241.0,477.6,456.866666666667,137107.0,137207.0,100.0,0.499575401345522,,,,,,,,,,
137.157,4.019999980926514,3.690000057220459,482.0,447.0,482.0,447.0,114.31999969482422,28.0,265.25,0.0,0.0,0.2793999910354614,0.0595999993383884,0.9582999944686889,0.4199999868869781,0.2509999871253967,0.8720999956130981,290.190673828125,0.0,482.0,447.0,480.666666666667,462.333333333333,1000.0,12.683229363359,-501.5260961657151,241.0,241.0,477.6,456.866666666667,137107.0,137207.0,100.0,0.499575401345522,,,,,,,,,,
137.177,3.990000009536743,3.700000047683716,482.0,459.0,482.0,459.0,113.87000274658205,25.06999969482421,264.2200012207032,0.0,0.0,0.2750000059604645,0.0511000007390976,0.960099995136261,0.4250000119209289,0.2427999973297119,0.871999979019165,288.8028564453125,0.0,482.0,459.0,484.0,455.333333333333,1000.0,8.06496404806604,-230.913265764649,241.0,241.0,477.6,456.866666666667,137107.0,137207.0,100.0,0.499575401345522,,,,,,,,,,
137.197,3.9800000190734863,3.740000009536743,488.0,460.0,488.0,460.0,112.12000274658205,24.690000534057614,263.4599914550781,0.0,0.0,0.2745000123977661,0.0540999993681907,0.960099995136261,0.4180999994277953,0.2386000007390976,0.8765000104904176,287.3876647949219,0.0,488.0,460.0,487.666666666667,460.333333333333,1000.0,12.2188406031196,207.693827752677,241.0,241.0,477.6,456.866666666667,137107.0,137207.0,100.0,0.499575401345522,,,,,,,,,,
137.217,3.990000009536743,3.7699999809265137,493.0,462.0,493.0,462.0,110.65000152587892,24.1299991607666,262.89999389648443,0.0,0.0,0.2755999863147736,0.0573000013828277,0.9595999717712402,0.4108000099658966,0.2327000051736832,0.8815000057220459,286.2552795410156,0.0,493.0,462.0,493.0,461.666666666667,1000.0,47.1858993428755,1748.3529369878,,,,,,,,,514.0,514.0,137207.0,137347.0,140.0,17.6309118996775,296.63493916191004,5276.548838946021,-7683.10284164185,16.4430084115985
137.237,3.9800000190734863,3.7899999618530273,498.0,463.0,498.0,463.0,109.44000244140624,23.920000076293945,262.39999389648443,0.0,0.0,0.2750999927520752,0.0604999996721744,0.959500014781952,0.4059000015258789,0.2289000004529953,0.8848000168800354,285.31219482421875,0.0,498.0,463.0,489.666666666667,500.0,1000.0,100.195651119993,2650.4875888558604,,,,,,,,,514.0,514.0,137207.0,137347.0,140.0,17.6309118996775,296.63493916191004,5276.548838946021,-7683.10284164185,16.4430084115985
137.257,3.990000009536743,3.4800000190734863,478.0,575.0,478.0,575.0,114.36000061035156,-1.7100000381469729,263.8699951171875,0.0,0.0,0.2741999924182892,0.0639000013470649,0.959500014781952,0.74099999666214,-0.0258000008761882,0.6710000038146973,287.59088134765625,0.0,478.0,575.0,459.666666666667,540.0,1000.0,87.1967298528437,-649.946063357443,,,,,,,,,514.0,514.0,137207.0,137347.0,140.0,17.6309118996775,296.63493916191004,5276.548838946021,-7683.10284164185,16.4430084115985
137.277,3.940000057220459,3.7799999713897705,403.0,582.0,403.0,582.0,127.7300033569336,-3.559999942779541,256.1000061035156,0.0,0.0,0.2849000096321106,0.0604000017046928,0.9567000269889832,0.5142999887466431,0.0544000007212162,0.85589998960495,286.2076721191406,0.0,403.0,582.0,519.666666666667,567.333333333333,1000.0,191.103962382989,5195.36162650728,,,,,,,,,514.0,514.0,137207.0,137347.0,140.0,17.6309118996775,296.63493916191004,5276.548838946021,-7683.10284164185,16.4430084115985
137.297,3.9700000286102295,3.950000047683716,678.0,545.0,678.0,545.0,91.63999938964844,7.760000228881837,353.54998779296875,0.0,0.0,0.1623000055551528,0.0838999971747398,0.9832000136375428,0.2958000004291534,0.062899999320507,0.9531999826431274,365.31591796875,0.0,678.0,545.0,626.0,565.0,1000.0,296.63493916191004,5276.548838946021,,,,,,,,,514.0,514.0,137207.0,137347.0,140.0,17.6309118996775,296.63493916191004,5276.548838946021,-7683.10284164185,16.4430084115985
137.317,4.110000133514404,4.110000133514404,797.0,568.0,797.0,568.0,54.75,1.0900000333786013,354.1499938964844,0.0,0.0,0.069300003349781,0.0604000017046928,0.9958000183105468,0.2115000039339065,0.0535999983549118,0.9758999943733216,358.3587341308594,0.0,797.0,568.0,767.666666666667,555.0,1000.0,242.152734411218,-2724.11023753458,,,,,,,,,514.0,514.0,137207.0,137347.0,140.0,17.6309118996775,296.63493916191004,5276.548838946021,-7683.10284164185,16.4430084115985
137.337,4.139999866485596,4.059999942779541,828.0,552.0,828.0,552.0,49.93999862670898,6.579999923706056,390.6799926757813,0.0,0.0,0.0526000000536441,0.0619000010192394,0.9966999888420104,0.1834000051021576,0.0684999972581863,0.9807000160217284,393.9139099121094,0.0,828.0,552.0,821.666666666667,558.666666666667,1000.0,88.4906775783811,-7683.10284164185,,,,,,,,,514.0,514.0,137207.0,137347.0,140.0,17.6309118996775,296.63493916191004,5276.548838946021,-7683.10284164185,16.4430084115985
137.357,4.179999828338623,4.070000171661377,840.0,556.0,840.0,556.0,43.13999938964844,4.960000038146973,367.58999633789057,0.0,0.0,0.0399000011384487,0.0559000000357627,0.9976000189781188,0.1765999943017959,0.0740000009536743,0.9815000295639038,370.14599609375,0.0,840.0,556.0,837.333333333333,555.333333333333,1000.0,22.5422720876429,-3297.4202745369103,242.0,242.0,830.555555555556,547.5,137347.0,137467.0,120.0,0.552482428460683,,,,,,,,,,
137.377,4.190000057220459,4.059999942779541,844.0,558.0,844.0,558.0,40.59000015258789,4.25,357.4700012207032,0.0,0.0,0.0350000001490116,0.0537000000476837,0.9979000091552734,0.1744000017642974,0.0758000016212463,0.9818000197410583,359.79217529296875,0.0,844.0,558.0,838.666666666667,554.0,1000.0,5.002731289140081,-876.9770399251421,242.0,242.0,830.555555555556,547.5,137347.0,137467.0,120.0,0.552482428460683,,,,,,,,,,
137.397,4.1599998474121085,4.099999904632568,832.0,548.0,832.0,548.0,49.63999938964844,8.100000381469727,397.73001098632807,0.0,0.0,0.0522000007331371,0.0588999986648559,0.9969000220298768,0.1789000034332275,0.0763000026345253,0.98089998960495,400.89761352539057,0.0,832.0,548.0,835.333333333333,552.0,1000.0,14.3744226942376,468.584570254876,242.0,242.0,830.555555555556,547.5,137347.0,137467.0,120.0,0.552482428460683,,,,,,,,,,
137.417,4.1599998474121085,4.119999885559082,830.0,550.0,830.0,550.0,47.1500015258789,7.260000228881837,373.8200073242188,0.0,0.0,0.049499999731779,0.0592000000178813,0.996999979019165,0.1829999983310699,0.0794999971985817,0.9799000024795532,376.85171508789057,0.0,830.0,550.0,829.666666666667,547.333333333333,1000.0,17.881540509793002,175.355890777768,242.0,242.0,830.555555555556,547.5,137347.0,137467.0,120.0,0.552482428460683,,,,,,,,,,
137.437,4.150000095367432,4.1599998474121085,827.0,544.0,827.0,544.0,58.58000183105469,11.010000228881836,453.1000061035156,0.0,0.0,0.063400000333786,0.0668999999761581,0.9957000017166135,0.1776999980211258,0.0644000023603439,0.9819999933242798,457.0037841796875,0.0,827.0,544.0,826.0,541.666666666667,1000.0,23.568740437028605,284.359996361782,242.0,242.0,830.555555555556,547.5,137347.0,137467.0,120.0,0.552482428460683,,,,,,,,,,
137.457,4.110000133514404,4.170000076293944,821.0,531.0,821.0,531.0,69.77999877929689,18.459999084472656,518.0900268554689,0.0,0.0,0.0762000009417533,0.0751999989151954,0.9943000078201294,0.1763000041246414,0.0672999992966651,0.9819999933242798,523.0939331054689,0.0,821.0,531.0,816.333333333333,534.666666666667,1000.0,23.718863938588,7.50617507797173,242.0,242.0,830.555555555556,547.5,137347.0,137467.0,120.0,0.552482428460683,,,,,,,,,,
137.477,5.0,4.179999828338623,801.0,529.0,801.0,529.0,78.30999755859375,18.950000762939453,516.5499877929689,0.0,0.0,0.0,0.0,0.0,0.1918999999761581,0.0719999969005584,0.9787999987602234,522.7958374023438,0.0,801.0,529.0,844.333333333333,539.0,1000.0,118.759182974916,4752.01595181641,,,,,,,,,515.0,515.0,137467.0,137547.0,80.0,10.3097579314257,193.120189506358,4752.01595181641,-4473.93980397636,5.75826016436676
137.497,4.130000114440918,4.179999828338623,911.0,557.0,911.0,557.0,18.8799991607666,4.590000152587891,345.1199951171875,0.0,0.0,-0.0144999995827674,0.0886000022292137,0.9959999918937684,0.1224000006914138,0.0485000014305114,0.9912999868392944,345.66650390625,0.0,911.0,557.0,908.0,546.0,1000.0,193.120189506358,3718.05032657209,,,,,,,,,515.0,515.0,137467.0,137547.0,80.0,10.3097579314257,193.120189506358,4752.01595181641,-4473.93980397636,5.75826016436676
137.517,4.239999771118164,4.150000095367432,1012.0,552.0,1012.0,552.0,-11.270000457763672,6.480000019073486,335.9100036621094,0.0,0.0,-0.0658000037074089,0.1132000014185905,0.9914000034332277,0.0188999995589256,0.0379999987781047,0.9991000294685364,336.1614685058594,0.0,1012.0,552.0,992.333333333333,559.333333333333,1000.0,175.139918745122,-899.0135380618041,,,,,,,,,515.0,515.0,137467.0,137547.0,80.0,10.3097579314257,193.120189506358,4752.01595181641,-4473.93980397636,5.75826016436676
137.537,4.25,4.090000152587891,1054.0,569.0,1054.0,569.0,-18.170000076293945,1.1599999666213987,258.2099914550781,0.0,0.0,-0.0828000009059905,0.1218999996781349,0.9890999794006348,-0.0216000005602836,0.0331999994814395,0.9991999864578248,258.8511047363281,0.0,1054.0,569.0,1042.66666666667,559.0,1000.0,85.6611226655947,-4473.93980397636,,,,,,,,,515.0,515.0,137467.0,137547.0,80.0,10.3097579314257,193.120189506358,4752.01595181641,-4473.93980397636,5.75826016436676
137.557,4.2199997901916495,4.070000171661377,1062.0,556.0,1062.0,556.0,-28.520000457763672,5.9699997901916495,368.489990234375,0.0,0.0,-0.0966000035405159,0.1028999984264373,0.9900000095367432,-0.0302000008523464,0.0337000004947185,0.9990000128746032,369.6402587890625,0.0,1062.0,556.0,1058.66666666667,559.333333333333,1000.0,21.190086650421897,-3223.55180075864,243.0,243.0,1046.57142857143,559.0,137547.0,137687.0,140.0,0.595796489300577,,,,,,,,,,
137.577,4.199999809265137,4.070000171661377,1060.0,553.0,1060.0,553.0,-32.490001678466804,8.0600004196167,426.6099853515625,0.0,0.0,-0.1001999974250793,0.0940999984741211,0.9904999732971193,-0.0276999995112419,0.034400001168251,0.9990000128746032,427.92132568359375,0.0,1060.0,553.0,1058.33333333333,554.0,1000.0,9.1306511791094,-602.9717735656241,243.0,243.0,1046.57142857143,559.0,137547.0,137687.0,140.0,0.595796489300577,,,,,,,,,,
137.597,4.170000076293944,4.070000171661377,1053.0,553.0,1053.0,553.0,-35.70000076293945,9.520000457763674,510.4700012207031,0.0,0.0,-0.1018999963998794,0.0776000022888183,0.9918000102043154,-0.018300000578165,0.0366999991238117,0.9991999864578248,511.8053894042969,0.0,1053.0,553.0,1054.0,554.0,1000.0,13.476697296413,217.302305865181,243.0,243.0,1046.57142857143,559.0,137547.0,137687.0,140.0,0.595796489300577,,,,,,,,,,
137.617,4.170000076293944,4.070000171661377,1049.0,556.0,1049.0,556.0,-32.689998626708984,8.0,496.3800048828125,0.0,0.0,-0.101400002837181,0.0750000029802322,0.9919999837875366,-0.0109999999403953,0.0366999991238117,0.9993000030517578,497.51959228515625,0.0,1049.0,556.0,1048.0,555.666666666667,1000.0,16.72480812389,162.405541373849,243.0,243.0,1046.57142857143,559.0,137547.0,137687.0,140.0,0.595796489300577,,,,,,,,,,
137.637,4.170000076293944,4.070000171661377,1042.0,558.0,1042.0,558.0,-28.1200008392334,6.550000190734863,464.2900085449218,0.0,0.0,-0.1001999974250793,0.0756999999284744,0.9921000003814696,-0.001300000003539,0.0375000014901161,0.9993000030517578,465.1868896484375,0.0,1042.0,558.0,1042.33333333333,559.666666666667,1000.0,19.481799990852803,137.849593348141,243.0,243.0,1046.57142857143,559.0,137547.0,137687.0,140.0,0.595796489300577,,,,,,,,,,
137.657,4.190000057220459,4.079999923706056,1036.0,565.0,1036.0,565.0,-23.56999969482421,3.369999885559082,431.4200134277344,0.0,0.0,-0.0996999964118003,0.0722000002861022,0.9923999905586242,0.0100999996066093,0.0355999991297721,0.9993000030517578,432.0765075683594,0.0,1036.0,565.0,1035.0,563.333333333333,1000.0,18.904097985149104,-28.8851002851837,243.0,243.0,1046.57142857143,559.0,137547.0,137687.0,140.0,0.595796489300577,,,,,,,,,,
137.677,4.199999809265137,4.090000152587891,1027.0,567.0,1027.0,567.0,-20.899999618530277,2.650000095367432,440.3200073242188,0.0,0.0,-0.0938000008463859,0.0674000009894371,0.9933000206947326,0.0167999994009733,0.0353999994695186,0.9991999864578248,440.82369995117193,0.0,1027.0,567.0,1029.66666666667,567.0,1000.0,21.213042211737303,115.447211329409,243.0,243.0,1046.57142857143,559.0,137547.0,137687.0,140.0,0.595796489300577,,,,,,,,,,
137.697,4.190000057220459,4.139999866485596,1026.0,569.0,1026.0,569.0,-20.459999084472656,2.1099998950958248,440.4400024414063,0.0,0.0,-0.0942000001668929,0.0640000030398368,0.993499994277954,0.0188999995589256,0.0364000014960765,0.9991999864578248,440.9200134277344,0.0,1026.0,569.0,1020.0,570.0,1000.0,31.6444455897056,521.570168898412,,,,,,,,,516.0,516.0,137687.0,137747.0,60.0,1.70879636298202,42.6346343191707,549.509436473256,-74.0665251874312,187.55634405644
137.717,4.230000019073486,4.230000019073486,1007.0,574.0,1007.0,574.0,-13.369999885559082,-0.25,453.2000122070313,0.0,0.0,-0.0788000002503395,0.0553999990224838,0.9954000115394592,0.0335999988019466,0.0328000001609325,0.99889999628067,453.3972473144531,0.0,1007.0,574.0,1005.33333333333,569.666666666667,1000.0,42.6346343191707,549.509436473256,,,,,,,,,516.0,516.0,137687.0,137747.0,60.0,1.70879636298202,42.6346343191707,549.509436473256,-74.0665251874312,187.55634405644
137.737,4.269999980926514,4.2199997901916495,983.0,566.0,983.0,566.0,-3.5699999332427974,2.930000066757202,439.8200073242188,0.0,0.0,-0.0627999976277351,0.0557999983429908,0.996500015258789,0.0568999983370304,0.0480999983847141,0.9972000122070312,439.84423828125,0.0,983.0,566.0,987.333333333333,565.666666666667,1000.0,41.1533038154221,-74.0665251874312,,,,,,,,,516.0,516.0,137687.0,137747.0,60.0,1.70879636298202,42.6346343191707,549.509436473256,-74.0665251874312,187.55634405644
137.757,4.28000020980835,4.230000019073486,972.0,557.0,972.0,557.0,0.5,6.389999866485596,443.4299926757813,0.0,0.0,-0.0537000000476837,0.0641999989748001,0.996500015258789,0.0644999966025352,0.0531000010669231,0.996500015258789,443.476318359375,0.0,972.0,557.0,974.333333333333,562.666666666667,1000.0,24.5695121087461,-829.189585333801,244.0,244.0,959.738095238095,562.047619047619,137747.0,138027.0,280.0,0.4350678996865499,,,,,,,,,,
137.777,5.0,4.230000019073486,968.0,565.0,968.0,565.0,1.9600000381469729,3.0199999809265137,443.51998901367193,0.0,0.0,0.0,0.0,0.0,0.0680000036954879,0.0518999993801116,0.9962999820709229,443.53460693359375,0.0,968.0,565.0,968.666666666667,562.333333333333,1000.0,13.3440464875633,-561.2732810591369,244.0,244.0,959.738095238095,562.047619047619,137747.0,138027.0,280.0,0.4350678996865499,,,,,,,,,,
137.797,4.179999828338623,4.210000038146973,966.0,565.0,966.0,565.0,3.0,3.190000057220459,442.7999877929688,0.0,0.0,-0.0491999983787536,0.0542000010609626,0.9973000288009644,0.070200003683567,0.0502000004053115,0.9962999820709229,442.8216552734375,0.0,966.0,565.0,965.333333333333,567.666666666667,1000.0,14.97583306895,81.5893290693354,244.0,244.0,959.738095238095,562.047619047619,137747.0,138027.0,280.0,0.4350678996865499,,,,,,,,,,
137.817,5.0,4.199999809265137,962.0,573.0,962.0,573.0,4.579999923706056,0.0399999991059303,442.8900146484375,0.0,0.0,0.0,0.0,0.0,0.0734999999403953,0.0458000004291534,0.9962000250816344,442.9136962890625,0.0,962.0,573.0,962.333333333333,572.0,1000.0,10.2381058597423,-236.886360460387,244.0,244.0,959.738095238095,562.047619047619,137747.0,138027.0,280.0,0.4350678996865499,,,,,,,,,,
137.837,5.0,4.179999828338623,959.0,578.0,959.0,578.0,5.619999885559082,-1.75,442.9200134277344,0.0,0.0,0.0,0.0,0.0,0.0756999999284744,0.0421000011265277,0.9962000250816344,442.9591064453125,0.0,959.0,578.0,961.666666666667,574.666666666667,1000.0,9.472142115324882,-38.2981872208704,244.0,244.0,959.738095238095,562.047619047619,137747.0,138027.0,280.0,0.4350678996865499,,,,,,,,,,
137.857,5.0,4.210000038146973,964.0,573.0,964.0,573.0,3.5299999713897705,-0.0799999982118606,442.9400024414063,0.0,0.0,0.0,0.0,0.0,0.0714000016450882,0.045499999076128,0.996399998664856,442.9540710449218,0.0,964.0,573.0,959.333333333333,565.333333333333,1000.0,18.5766245106511,455.2241197663111,244.0,244.0,959.738095238095,562.047619047619,137747.0,138027.0,280.0,0.4350678996865499,,,,,,,,,,
137.877,4.2199997901916495,5.0,955.0,545.0,955.0,545.0,7.360000133514403,10.93000030517578,442.5299987792969,0.0,0.0,-0.0403000004589557,0.0680999979376792,0.9969000220298768,0.0,0.0,0.0,442.7261352539063,0.0,955.0,545.0,957.333333333333,561.0,1000.0,14.1255150914999,-222.555470957562,244.0,244.0,959.738095238095,562.047619047619,137747.0,138027.0,280.0,0.4350678996865499,,,,,,,,,,
137.897,4.230000019073486,4.170000076293944,953.0,565.0,953.0,565.0,7.679999828338622,3.059999942779541,418.5700073242188,0.0,0.0,-0.0384000018239021,0.0687000006437301,0.9969000220298768,0.0807999968528747,0.0406000018119812,0.9958999752998352,418.6516418457031,0.0,953.0,565.0,955.0,555.333333333333,1000.0,4.3207549707474,-490.238006037623,244.0,244.0,959.738095238095,562.047619047619,137747.0,138027.0,280.0,0.4350678996865499,,,,,,,,,,
137.917,4.239999771118164,4.170000076293944,957.0,556.0,957.0,556.0,6.889999866485596,6.949999809265137,460.70999145507807,0.0,0.0,-0.0388999991118907,0.065200001001358,0.997099995613098,0.0744000002741813,0.0504000000655651,0.9959999918937684,460.81393432617193,0.0,957.0,556.0,954.666666666667,559.0,1000.0,0.8641981642635329,-172.827840324194,244.0,244.0,959.738095238095,562.047619047619,137747.0,138027.0,280.0,0.4350678996865499,,,,,,,,,,
137.937,4.239999771118164,4.099999904632568,954.0,556.0,954.0,556.0,8.0,6.78000020980835,463.1499938964844,0.0,0.0,-0.0368999987840652,0.0627999976277351,0.9973000288009644,0.0766000002622604,0.0515000000596046,0.9957000017166135,463.26870727539057,0.0,954.0,556.0,954.333333333333,555.333333333333,1000.0,3.98339738398336,155.959960985991,244.0,244.0,959.738095238095,562.047619047619,137747.0,138027.0,280.0,0.4350678996865499,,,,,,,,,,
137.957,4.239999771118164,4.079999923706056,952.0,554.0,952.0,554.0,8.720000267028809,7.75,466.9400024414063,0.0,0.0,-0.0353999994695186,0.062899999320507,0.9973999857902528,0.0776999965310096,0.0542999990284442,0.9955000281333924,467.0857238769531,0.0,952.0,554.0,954.0,556.0,1000.0,1.78147507648366,-110.096115374985,244.0,244.0,959.738095238095,562.047619047619,137747.0,138027.0,280.0,0.4350678996865499,,,,,,,,,,
137.977,4.25,4.079999923706056,956.0,558.0,956.0,558.0,6.880000114440918,5.699999809265137,441.08999633789057,0.0,0.0,-0.0414000004529953,0.0597000010311603,0.9973999857902528,0.0782999992370605,0.0553000010550022,0.9954000115394592,441.1804809570313,0.0,956.0,558.0,954.0,556.666666666667,1000.0,4.40614590220224,131.233541285929,244.0,244.0,959.738095238095,562.047619047619,137747.0,138027.0,280.0,0.4350678996865499,,,,,,,,,,
137.997,4.25,5.0,954.0,558.0,954.0,558.0,7.519999980926514,5.920000076293944,441.08999633789057,0.0,0.0,-0.0401999987661838,0.0577000007033348,0.9975000023841858,0.0,0.0,0.0,441.19381713867193,0.0,954.0,558.0,954.666666666667,559.333333333333,1000.0,10.548498175211,307.117613650436,244.0,244.0,959.738095238095,562.047619047619,137747.0,138027.0,280.0,0.4350678996865499,,,,,,,,,,
138.017,5.0,4.070000171661377,954.0,562.0,954.0,562.0,7.400000095367431,4.400000095367432,441.1499938964844,0.0,0.0,0.0,0.0,0.0,0.0794999971985817,0.0549999997019767,0.995299994945526,441.2340087890625,0.0,954.0,562.0,960.666666666667,561.333333333333,1000.0,26.29561323096989,787.355752787946,244.0,244.0,959.738095238095,562.047619047619,137747.0,138027.0,280.0,0.4350678996865499,,,,,,,,,,
138.037,4.260000228881836,5.0,974.0,564.0,974.0,564.0,-0.2300000041723251,3.509999990463257,440.6000061035156,0.0,0.0,-0.0564999990165233,0.0524999983608722,0.996999979019165,0.0,0.0,0.0,440.6140441894531,0.0,974.0,564.0,968.333333333333,574.333333333333,1000.0,34.221008948401106,396.269785871559,,,,,,,,,517.0,517.0,138027.0,138087.0,60.0,1.5090006634941202,37.64844943253711,396.269785871559,-230.192524291363,80.10607933026459
138.057,4.269999980926514,4.070000171661377,977.0,597.0,977.0,597.0,-1.0299999713897705,-6.630000114440918,321.760009765625,0.0,0.0,-0.0762000009417533,0.0313999988138675,0.9965999722480772,0.0812999978661537,0.0526000000536441,0.995299994945526,321.8299560546875,0.0,977.0,597.0,973.666666666667,584.333333333333,1000.0,37.64844943253711,171.372024206801,,,,,,,,,517.0,517.0,138027.0,138087.0,60.0,1.5090006634941202,37.64844943253711,396.269785871559,-230.192524291363,80.10607933026459
138.077,5.0,4.090000152587891,970.0,592.0,970.0,592.0,0.7799999713897706,-5.179999828338623,321.4100036621094,0.0,0.0,0.0,0.0,0.0,0.0878000035881996,0.0467000007629394,0.9950000047683716,321.45269775390625,0.0,970.0,592.0,973.333333333333,603.0,1000.0,33.0445989467098,-230.192524291363,,,,,,,,,517.0,517.0,138027.0,138087.0,60.0,1.5090006634941202,37.64844943253711,396.269785871559,-230.192524291363,80.10607933026459
138.097,4.190000057220459,4.110000133514404,973.0,620.0,973.0,620.0,0.0,-11.949999809265137,292.2699890136719,0.0,0.0,-0.0800999999046325,0.0178999993950128,0.9965999722480772,0.0916000008583068,0.0416000001132488,0.9948999881744384,292.5141906738281,0.0,973.0,620.0,967.0,609.0,1000.0,22.959210478037896,-504.26942343359497,245.0,245.0,957.166666666667,612.5,138087.0,138167.0,80.0,0.368125334088176,,,,,,,,,,
138.117,4.130000114440918,4.090000152587891,958.0,615.0,958.0,615.0,4.4699997901916495,-12.609999656677244,343.3399963378906,0.0,0.0,-0.0588999986648559,0.0212999992072582,0.9980000257492064,0.0922000035643577,0.0273000001907348,0.9954000115394592,343.6005554199219,0.0,958.0,615.0,959.666666666667,614.333333333333,1000.0,19.790282627571603,-158.44639252331498,245.0,245.0,957.166666666667,612.5,138087.0,138167.0,80.0,0.368125334088176,,,,,,,,,,
138.137,4.099999904632568,4.090000152587891,948.0,608.0,948.0,608.0,7.710000038146973,-10.979999542236328,358.2099914550781,0.0,0.0,-0.0483999997377395,0.0243999995291233,0.9984999895095824,0.096900001168251,0.0308999996632337,0.9947999715805051,358.461181640625,0.0,948.0,608.0,952.0,612.0,1000.0,12.511265625490598,-363.950850104052,245.0,245.0,957.166666666667,612.5,138087.0,138167.0,80.0,0.368125334088176,,,,,,,,,,
138.157,4.110000133514404,4.099999904632568,950.0,613.0,950.0,613.0,6.960000038146973,-12.050000190734863,340.3099975585937,0.0,0.0,-0.0524999983608722,0.0211999993771314,0.9983999729156494,0.0993999987840652,0.0309999994933605,0.994599997997284,340.5943908691406,0.0,950.0,613.0,950.0,614.666666666667,1000.0,12.1121152010296,-19.957521223049103,245.0,245.0,957.166666666667,612.5,138087.0,138167.0,80.0,0.368125334088176,,,,,,,,,,
138.177,4.119999885559082,4.079999923706056,952.0,623.0,952.0,623.0,5.929999828338622,-14.359999656677244,329.95001220703125,0.0,0.0,-0.0570000000298023,0.0175999999046325,0.9981999993324282,0.0996999964118003,0.0233999993652105,0.994700014591217,330.3155822753906,0.0,952.0,623.0,953.0,621.333333333333,1000.0,33.2763297131429,1058.21072560566,,,,,,,,,518.0,518.0,138167.0,138306.0,139.0,18.1007120958286,250.599406164104,5536.0901285941,-4644.11057939919,168.860336800412
138.197,4.139999866485596,5.0,957.0,628.0,957.0,628.0,4.559999942779541,-15.920000076293944,329.8399963378906,0.0,0.0,-0.0608000010251998,0.0161000005900859,0.9980000257492064,0.0,0.0,0.0,330.2554626464844,0.0,957.0,628.0,964.0,636.333333333333,1000.0,37.0857816645539,190.472597570554,,,,,,,,,518.0,518.0,138167.0,138306.0,139.0,18.1007120958286,250.599406164104,5536.0901285941,-4644.11057939919,168.860336800412
138.217,4.199999809265137,4.110000133514404,983.0,658.0,983.0,658.0,-2.2699999809265137,-18.200000762939453,245.91000366210935,0.0,0.0,-0.1028999984264373,0.0080000003799796,0.994700014591217,0.1001999974250793,0.0176999997347593,0.9947999715805051,246.5930328369141,0.0,983.0,658.0,929.333333333333,637.666666666667,1000.0,147.807584236436,5536.0901285941,,,,,,,,,518.0,518.0,138167.0,138306.0,139.0,18.1007120958286,250.599406164104,5536.0901285941,-4644.11057939919,168.860336800412
138.237,4.110000133514404,4.150000095367432,848.0,627.0,848.0,627.0,40.150001525878906,-17.84000015258789,366.6900024414063,0.0,0.0,0.0350000001490116,-0.0060999998822808,0.9994000196456908,0.1682000011205673,0.025399999693036,0.9854000210762026,369.31265258789057,0.0,848.0,627.0,850.0,651.0,1000.0,250.599406164104,5139.591096383379,,,,,,,,,518.0,518.0,138167.0,138306.0,139.0,18.1007120958286,250.599406164104,5536.0901285941,-4644.11057939919,168.860336800412
138.257,4.059999942779541,4.170000076293944,719.0,668.0,719.0,668.0,56.95000076293945,-21.989999771118164,256.75,0.0,0.0,0.1234999969601631,-0.0428999997675418,0.9914000034332277,0.2585000097751617,0.0412000007927417,0.9650999903678894,263.9079895019532,0.0,719.0,668.0,733.0,659.666666666667,1000.0,249.516164232538,-54.1620965783011,,,,,,,,,518.0,518.0,138167.0,138306.0,139.0,18.1007120958286,250.599406164104,5536.0901285941,-4644.11057939919,168.860336800412
138.277,4.090000152587891,4.150000095367432,632.0,684.0,632.0,684.0,66.48999786376953,-22.53000068664551,224.009994506836,0.0,0.0,0.1845999956130981,-0.0538000017404556,0.9812999963760376,0.3073999881744385,0.0476000010967254,0.9503999948501588,234.7530670166016,0.0,632.0,684.0,650.666666666667,681.333333333333,1000.0,158.207803525549,-4565.41803534941,,,,,,,,,518.0,518.0,138167.0,138306.0,139.0,18.1007120958286,250.599406164104,5536.0901285941,-4644.11057939919,168.860336800412
138.296,4.099999904632568,4.139999866485596,601.0,692.0,601.0,692.0,67.69999694824217,-22.520000457763672,208.8600006103516,0.0,0.0,0.2046999931335448,-0.0575999990105629,0.9771000146865844,0.3235999941825867,0.0509999990463256,0.9448000192642212,220.7100830078125,0.0,601.0,692.0,607.666666666667,689.333333333333,1000.0,69.9697025169649,-4644.11057939919,,,,,,,,,518.0,518.0,138167.0,138306.0,139.0,18.1007120958286,250.599406164104,5536.0901285941,-4644.11057939919,168.860336800412
138.316,4.079999923706056,4.119999885559082,590.0,692.0,590.0,692.0,69.43000030517578,-22.43000030517578,207.8600006103516,0.0,0.0,0.2117999941110611,-0.0573000013828277,0.9756000041961668,0.330700010061264,0.0515000000596046,0.9423000216484068,220.29391479492188,0.0,590.0,692.0,593.333333333333,692.0,1000.0,22.279425245563303,-2384.51386357008,246.0,246.0,594.190476190476,697.047619047619,138306.0,138446.0,140.0,0.292529291404721,,,,,,,,,,
138.336,4.079999923706056,4.099999904632568,589.0,692.0,589.0,692.0,69.12000274658203,-22.18000030517578,206.5200042724609,0.0,0.0,0.2133000046014785,-0.0568000003695488,0.9753000140190125,0.329800009727478,0.0529999993741512,0.9426000118255616,218.90646362304688,0.0,589.0,692.0,588.666666666667,692.666666666667,1000.0,4.99402901534913,-864.26981151071,246.0,246.0,594.190476190476,697.047619047619,138306.0,138446.0,140.0,0.292529291404721,,,,,,,,,,
138.356,4.079999923706056,4.090000152587891,587.0,694.0,587.0,694.0,69.05000305175781,-22.46999931335449,205.5599975585937,0.0,0.0,0.2125999927520752,-0.0579999983310699,0.9753999710083008,0.3319000005722045,0.0520000010728836,0.9419000148773192,218.008529663086,0.0,587.0,694.0,589.666666666667,694.333333333333,1000.0,6.969456168408691,98.77135765297793,246.0,246.0,594.190476190476,697.047619047619,138306.0,138446.0,140.0,0.292529291404721,,,,,,,,,,
138.376,4.070000171661377,4.099999904632568,593.0,697.0,593.0,697.0,67.91000366210939,-22.959999084472656,205.1499938964844,0.0,0.0,0.2104000002145767,-0.0604999996721744,0.9757000207901,0.3265999853610992,0.0504000000655651,0.9437999725341796,217.31417846679688,0.0,593.0,697.0,592.0,697.333333333333,1000.0,10.8241713361173,192.73575838543096,246.0,246.0,594.190476190476,697.047619047619,138306.0,138446.0,140.0,0.292529291404721,,,,,,,,,,
138.396,4.050000190734863,4.099999904632568,596.0,701.0,596.0,701.0,66.7699966430664,-23.479999542236328,203.33999633789065,0.0,0.0,0.2092999964952469,-0.0632999986410141,0.9757999777793884,0.3231000006198883,0.0489999987185001,0.9451000094413756,215.3060607910156,0.0,596.0,701.0,596.333333333333,700.333333333333,1000.0,9.29840820570386,-76.28815652067179,246.0,246.0,594.190476190476,697.047619047619,138306.0,138446.0,140.0,0.292529291404721,,,,,,,,,,
138.416,4.039999961853027,4.090000152587891,600.0,703.0,600.0,703.0,67.11000061035156,-24.309999465942383,206.8500061035156,0.0,0.0,0.2070000022649765,-0.065700002014637,0.9761000275611876,0.3208000063896179,0.0452000014483928,0.9460999965667723,218.8187561035156,0.0,600.0,703.0,598.666666666667,701.333333333333,1000.0,5.227595220819361,-203.540649244225,246.0,246.0,594.190476190476,697.047619047619,138306.0,138446.0,140.0,0.292529291404721,,,,,,,,,,
138.436,4.070000171661377,4.139999866485596,600.0,700.0,600.0,700.0,69.02999877929689,-24.440000534057614,212.3099975585937,0.0,0.0,0.2069000005722045,-0.064300000667572,0.976199984550476,0.3237999975681305,0.0434000007808208,0.9451000094413756,224.58404541015625,0.0,600.0,700.0,600.666666666667,701.333333333333,1000.0,24.6813144595368,972.68596193587,246.0,246.0,594.190476190476,697.047619047619,138306.0,138446.0,140.0,0.292529291404721,,,,,,,,,,
138.456,4.079999923706056,4.150000095367432,602.0,701.0,602.0,701.0,70.41000366210938,-25.1200008392334,217.66999816894528,0.0,0.0,0.2057999968528748,-0.065200001001358,0.9764000177383424,0.324099987745285,0.0397000014781951,0.9452000260353088,230.1495361328125,0.0,602.0,701.0,619.666666666667,698.0,1000.0,69.50110680124929,2240.98961708563,,,,,,,,,519.0,519.0,138446.0,138546.0,100.0,2.31337391479934,100.209282925446,2637.49285873689,-1921.66752207238,119.054604099077
138.476,4.079999923706056,4.119999885559082,657.0,693.0,657.0,693.0,60.9099998474121,-23.899999618530277,221.1199951171875,0.0,0.0,0.2021999955177307,-0.067900002002716,0.9769999980926511,0.2572999894618988,0.0553999990224838,0.9646999835968016,230.59768676757807,0.0,657.0,693.0,655.333333333333,678.0,1000.0,54.1363566352213,-768.2375083014031,,,,,,,,,519.0,519.0,138446.0,138546.0,100.0,2.31337391479934,100.209282925446,2637.49285873689,-1921.66752207238,119.054604099077
138.496,5.0,4.179999828338623,707.0,640.0,707.0,640.0,52.09999847412109,-13.600000381469728,223.6300048828125,0.0,0.0,0.0,0.0,0.0,0.2971999943256379,0.0324000008404254,0.9542999863624572,230.0211944580078,0.0,707.0,640.0,662.0,680.0,1000.0,47.4594257507081,-333.84654422565603,,,,,,,,,519.0,519.0,138446.0,138546.0,100.0,2.31337391479934,100.209282925446,2637.49285873689,-1921.66752207238,119.054604099077
138.516,4.099999904632568,4.179999828338623,622.0,707.0,622.0,707.0,71.94000244140625,-28.239999771118164,235.07000732421875,0.0,0.0,0.1968999952077865,-0.0719999969005584,0.9778000116348264,0.3116999864578247,0.0263999998569488,0.9498000144958496,247.44851684570315,0.0,622.0,707.0,632.0,710.333333333333,1000.0,100.209282925446,2637.49285873689,,,,,,,,,519.0,519.0,138446.0,138546.0,100.0,2.31337391479934,100.209282925446,2637.49285873689,-1921.66752207238,119.054604099077
138.536,4.130000114440918,5.0,567.0,784.0,567.0,784.0,81.87999725341797,-43.709999084472656,232.509994506836,0.0,0.0,0.1932999938726424,-0.0790999978780746,0.9779000282287597,0.0,0.0,0.0,250.35134887695315,0.0,567.0,784.0,598.0,737.0,1000.0,61.7759324839983,-1921.66752207238,,,,,,,,,519.0,519.0,138446.0,138546.0,100.0,2.31337391479934,100.209282925446,2637.49285873689,-1921.66752207238,119.054604099077
138.556,4.150000095367432,4.199999809265137,605.0,720.0,605.0,720.0,68.37999725341797,-28.28000068664551,213.8000030517578,0.0,0.0,0.1941999942064285,-0.0768999978899955,0.977999985218048,0.3278000056743621,0.0269000008702278,0.9444000124931335,226.2432861328125,0.0,605.0,720.0,589.666666666667,743.333333333333,1000.0,15.1817904229426,-2329.70710305278,247.0,247.0,594.666666666667,731.666666666667,138546.0,138606.0,60.0,0.476136589409234,,,,,,,,,,
138.576,4.139999866485596,4.2199997901916495,597.0,726.0,597.0,726.0,67.29000091552734,-28.229999542236328,205.6199951171875,0.0,0.0,0.1941000074148178,-0.0784000009298324,0.9778000116348264,0.3357000052928925,0.0272000003606081,0.941600024700165,218.18446350097656,0.0,597.0,726.0,599.0,724.333333333333,1000.0,19.8859226986664,235.20661378619,247.0,247.0,594.666666666667,731.666666666667,138546.0,138606.0,60.0,0.476136589409234,,,,,,,,,,
138.596,4.130000114440918,4.230000019073486,595.0,727.0,595.0,727.0,67.33000183105469,-28.34000015258789,204.69000244140625,0.0,0.0,0.1942999958992004,-0.0789000019431114,0.9778000116348264,0.3375999927520752,0.0266999993473291,0.9409000277519226,217.3349456787109,0.0,595.0,727.0,595.333333333333,727.333333333333,1000.0,5.615903431718731,-713.500963347385,247.0,247.0,594.666666666667,731.666666666667,138546.0,138606.0,60.0,0.476136589409234,,,,,,,,,,
138.616,4.130000114440918,4.25,594.0,729.0,594.0,729.0,67.88999938964844,-28.790000915527344,205.94999694824216,0.0,0.0,0.1941999942064285,-0.0798000022768974,0.9776999950408936,0.3391000032424927,0.0243999995291233,0.940400004386902,218.75401306152344,0.0,594.0,729.0,594.666666666667,726.666666666667,1000.0,34.3234680160553,1435.37822921683,,,,,,,,,520.0,520.0,138606.0,138726.0,120.0,10.294535377503,128.458875445112,1954.4677386634305,-2191.42011217292,346.243018883656
138.636,4.139999866485596,4.25,595.0,724.0,595.0,724.0,69.37000274658203,-28.60000038146973,210.72000122070315,0.0,0.0,0.1958000063896179,-0.0772000029683113,0.9775999784469604,0.3388000130653381,0.0243999995291233,0.9405000209808348,223.68074035644528,0.0,595.0,724.0,611.333333333333,702.666666666667,1000.0,73.4128227893238,1954.4677386634305,,,,,,,,,520.0,520.0,138606.0,138726.0,120.0,10.294535377503,128.458875445112,1954.4677386634305,-2191.42011217292,346.243018883656
138.656,5.0,4.260000228881836,645.0,655.0,645.0,655.0,61.20000076293945,-16.020000457763672,213.82000732421875,0.0,0.0,0.0,0.0,0.0,0.3388000130653381,0.0240000002086162,0.9405000209808348,222.98222351074216,0.0,645.0,655.0,631.333333333333,676.0,1000.0,99.6042890938684,1309.57331522723,,,,,,,,,520.0,520.0,138606.0,138726.0,120.0,10.294535377503,128.458875445112,1954.4677386634305,-2191.42011217292,346.243018883656
138.676,4.710000038146973,4.420000076293944,654.0,649.0,654.0,649.0,98.80999755859376,-24.51000022888184,354.2300109863281,0.0,0.0,0.1773000061511993,-0.0104000000283122,0.9840999841690063,0.3111000061035156,-0.0015999999595806,0.9503999948501588,368.5689086914063,0.0,654.0,649.0,687.333333333333,666.333333333333,1000.0,128.458875445112,1442.72931756218,,,,,,,,,520.0,520.0,138606.0,138726.0,120.0,10.294535377503,128.458875445112,1954.4677386634305,-2191.42011217292,346.243018883656
138.696,4.4699997901916495,4.309999942779541,763.0,695.0,763.0,695.0,53.66999816894531,-31.979999542236328,293.2099914550781,0.0,0.0,0.0824000015854835,-0.0502000004053115,0.995299994945526,0.2400999963283539,-0.0093000000342726,0.9707000255584716,299.7920837402344,0.0,763.0,695.0,737.333333333333,670.666666666667,1000.0,125.974022886987,-124.242627906268,,,,,,,,,520.0,520.0,138606.0,138726.0,120.0,10.294535377503,128.458875445112,1954.4677386634305,-2191.42011217292,346.243018883656
138.716,4.6599998474121085,4.28000020980835,795.0,668.0,795.0,668.0,50.77999877929688,-27.90999984741211,327.45001220703125,0.0,0.0,0.0630000010132789,-0.019200000911951,0.9977999925613404,0.2160000056028366,-0.0124000003561377,0.9763000011444092,332.5373229980469,0.0,795.0,668.0,788.0,679.333333333333,1000.0,82.1456206435283,-2191.42011217292,,,,,,,,,520.0,520.0,138606.0,138726.0,120.0,10.294535377503,128.458875445112,1954.4677386634305,-2191.42011217292,346.243018883656
138.736,4.639999866485596,4.289999961853027,806.0,675.0,806.0,675.0,45.84000015258789,-28.690000534057614,314.7200012207032,0.0,0.0,0.0518999993801116,-0.0260000005364418,0.998300015926361,0.209999993443489,-0.0113000003620982,0.9775999784469604,319.332275390625,0.0,806.0,675.0,802.666666666667,676.333333333333,1000.0,24.317490935574497,-2891.4064853976897,248.0,248.0,782.583333333333,698.166666666667,138726.0,139046.0,320.0,1.08068037525396,,,,,,,,,,
138.756,4.559999942779541,4.300000190734863,807.0,686.0,807.0,686.0,43.709999084472656,-30.43000030517578,302.8099975585937,0.0,0.0,0.0491999983787536,-0.0384999997913837,0.9980000257492064,0.2096000015735626,-0.0104000000283122,0.9776999950408936,307.4580383300781,0.0,807.0,686.0,806.0,686.0,1000.0,23.4450985469589,-43.61961943078239,248.0,248.0,782.583333333333,698.166666666667,138726.0,139046.0,320.0,1.08068037525396,,,,,,,,,,
138.776,4.510000228881836,4.320000171661377,805.0,697.0,805.0,697.0,42.63999938964844,-32.060001373291016,291.7900085449219,0.0,0.0,0.049499999731779,-0.0493000000715255,0.9976000189781188,0.2115000039339065,-0.0110999997705221,0.977299988269806,296.6267395019532,0.0,805.0,697.0,805.333333333334,694.666666666667,1000.0,22.911482508597697,-26.680801918061,248.0,248.0,782.583333333333,698.166666666667,138726.0,139046.0,320.0,1.08068037525396,,,,,,,,,,
138.796,4.510000228881836,4.340000152587891,804.0,701.0,804.0,701.0,41.97000122070313,-32.470001220703125,284.7900085449219,0.0,0.0,0.0491999983787536,-0.0531000010669231,0.9973999857902528,0.2132000029087066,-0.0111999996006488,0.9768999814987182,289.6914367675781,0.0,804.0,701.0,803.0,704.0,1000.0,21.2403300955478,-83.55762065249179,248.0,248.0,782.583333333333,698.166666666667,138726.0,139046.0,320.0,1.08068037525396,,,,,,,,,,
138.816,4.429999828338623,4.360000133514404,800.0,714.0,800.0,714.0,41.0099983215332,-34.16999816894532,272.3099975585937,0.0,0.0,0.0518999993801116,-0.0668999999761581,0.996399998664856,0.2146999984979629,-0.0109999999403953,0.9765999913215636,277.4926147460937,0.0,800.0,714.0,798.666666666667,710.333333333333,1000.0,17.279675028779398,-198.032753338423,248.0,248.0,782.583333333333,698.166666666667,138726.0,139046.0,320.0,1.08068037525396,,,,,,,,,,
138.836,4.420000076293944,4.380000114440918,792.0,716.0,792.0,716.0,43.59999847412109,-35.11000061035157,276.6199951171875,0.0,0.0,0.0614000000059604,-0.0715000033378601,0.9955999851226806,0.2175000011920929,-0.0111999996006488,0.9760000109672546,282.2273864746094,0.0,792.0,716.0,792.666666666667,713.333333333333,1000.0,14.999598597482,-114.003821564869,248.0,248.0,782.583333333333,698.166666666667,138726.0,139046.0,320.0,1.08068037525396,,,,,,,,,,
138.856,4.429999828338623,4.389999866485596,786.0,710.0,786.0,710.0,47.83000183105469,-35.880001068115234,294.5199890136719,0.0,0.0,0.0715000033378601,-0.0706999972462654,0.9948999881744384,0.217299997806549,-0.0119000002741813,0.9760000109672546,300.5280456542969,0.0,786.0,710.0,792.333333333333,700.333333333333,1000.0,22.526091703492604,376.324655300532,248.0,248.0,782.583333333333,698.166666666667,138726.0,139046.0,320.0,1.08068037525396,,,,,,,,,,
138.876,5.0,4.400000095367432,799.0,675.0,799.0,675.0,44.959999084472656,-26.8799991607666,295.4200134277344,0.0,0.0,0.0,0.0,0.0,0.2196999937295913,-0.0135000003501772,0.975499987602234,300.0281982421875,0.0,799.0,675.0,788.333333333333,696.0,1000.0,12.5597305608647,-498.318057131398,248.0,248.0,782.583333333333,698.166666666667,138726.0,139046.0,320.0,1.08068037525396,,,,,,,,,,
138.896,4.449999809265137,4.4099998474121085,780.0,703.0,780.0,703.0,53.29999923706055,-36.7400016784668,317.6000061035156,0.0,0.0,0.0803000032901763,-0.0663999989628791,0.994599997997284,0.2198999971151352,-0.0154999997466802,0.9753999710083008,324.1303405761719,0.0,780.0,703.0,785.333333333333,693.333333333333,1000.0,13.780283692190402,61.02765656628671,248.0,248.0,782.583333333333,698.166666666667,138726.0,139046.0,320.0,1.08068037525396,,,,,,,,,,
138.916,4.460000038146973,4.420000076293944,777.0,702.0,777.0,702.0,56.63999938964844,-38.040000915527344,331.8800048828125,0.0,0.0,0.0850000008940696,-0.065700002014637,0.9941999912261964,0.2212000042200088,-0.0196000002324581,0.975000023841858,338.8207092285156,0.0,777.0,702.0,777.333333333333,696.666666666667,1000.0,14.682100785783598,45.0908546796628,248.0,248.0,782.583333333333,698.166666666667,138726.0,139046.0,320.0,1.08068037525396,,,,,,,,,,
138.936,5.0,4.460000038146973,775.0,685.0,775.0,685.0,57.34999847412109,-33.130001068115234,331.8500061035156,0.0,0.0,0.0,0.0,0.0,0.2300000041723251,-0.0283000003546476,0.9728000164031982,338.3948059082032,0.0,775.0,685.0,773.666666666667,692.333333333333,1000.0,8.74219771084229,-296.995153747068,248.0,248.0,782.583333333333,698.166666666667,138726.0,139046.0,320.0,1.08068037525396,,,,,,,,,,
138.956,5.0,4.480000019073486,769.0,690.0,769.0,690.0,58.91999816894531,-34.59999847412109,331.4200134277344,0.0,0.0,0.0,0.0,0.0,0.2340999990701675,-0.0320999994874,0.9717000126838684,338.3902282714844,0.0,769.0,690.0,770.333333333333,696.666666666667,1000.0,20.8682796643211,606.3040976739401,248.0,248.0,782.583333333333,698.166666666667,138726.0,139046.0,320.0,1.08068037525396,,,,,,,,,,
138.976,4.449999809265137,4.429999828338623,767.0,715.0,767.0,715.0,59.79999923706055,-42.34999847412109,334.4700012207032,0.0,0.0,0.0892999991774559,-0.0709000006318092,0.993499994277954,0.2305999994277954,-0.0359000004827976,0.9724000096321106,342.40289306640625,0.0,767.0,715.0,766.0,707.333333333333,1000.0,18.7462214397653,-106.102911227791,248.0,248.0,782.583333333333,698.166666666667,138726.0,139046.0,320.0,1.08068037525396,,,,,,,,,,
138.996,4.440000057220459,4.4099998474121085,762.0,717.0,762.0,717.0,63.18000030517578,-44.04999923706055,344.260009765625,0.0,0.0,0.0976999998092651,-0.0768999978899955,0.9922000169754028,0.2311999946832657,-0.035700000822544,0.9722999930381776,352.7705383300781,0.0,762.0,717.0,761.0,708.666666666667,1000.0,18.9940357412883,12.3907150761486,248.0,248.0,782.583333333333,698.166666666667,138726.0,139046.0,320.0,1.08068037525396,,,,,,,,,,
139.016,4.579999923706056,4.4099998474121085,754.0,694.0,754.0,694.0,78.0999984741211,-44.209999084472656,408.73001098632807,0.0,0.0,0.1137000024318695,-0.0604000017046928,0.991699993610382,0.2330999970436096,-0.0362999998033046,0.9718000292778016,418.4666748046875,0.0,754.0,694.0,753.666666666667,698.666666666667,1000.0,25.6994578996941,335.27110792029,248.0,248.0,782.583333333333,698.166666666667,138726.0,139046.0,320.0,1.08068037525396,,,,,,,,,,
139.036,5.0,4.429999828338623,745.0,685.0,745.0,685.0,81.25,-41.02999877929688,407.8999938964844,0.0,0.0,0.0,0.0,0.0,0.2418999969959259,-0.0403000004589557,0.9695000052452089,417.9323425292969,0.0,745.0,685.0,745.0,696.0,1000.0,22.3670476761341,-166.620511177998,248.0,248.0,782.583333333333,698.166666666667,138726.0,139046.0,320.0,1.08068037525396,,,,,,,,,,
139.056,4.570000171661377,4.429999828338623,736.0,709.0,736.0,709.0,77.86000061035155,-45.79999923706055,376.48001098632807,0.0,0.0,0.1208000034093856,-0.0658000037074089,0.9904999732971193,0.2502000033855438,-0.0458000004291534,0.9671000242233276,387.1653442382813,0.0,736.0,709.0,736.0,703.0,1000.0,30.248440207685498,394.069626577572,,,,,,,,,521.0,521.0,139046.0,139206.0,160.0,10.828251645261,188.378979140774,3903.15012034101,-4053.07915627675,5.846708923984539
139.076,4.550000190734863,4.449999809265137,727.0,715.0,727.0,715.0,79.48999786376955,-47.04999923706055,371.8599853515625,0.0,0.0,0.1272999942302704,-0.0732999965548515,0.9891999959945678,0.2551000118255615,-0.045499999076128,0.9657999873161316,383.1608276367188,0.0,727.0,715.0,728.333333333333,714.333333333333,1000.0,42.3656470055988,605.860339895664,,,,,,,,,521.0,521.0,139046.0,139206.0,160.0,10.828251645261,188.378979140774,3903.15012034101,-4053.07915627675,5.846708923984539
139.096,4.53000020980835,4.460000038146973,722.0,719.0,722.0,719.0,80.30999755859375,-47.97000122070313,367.75,0.0,0.0,0.1317999958992004,-0.0790999978780746,0.988099992275238,0.2579999864101409,-0.0452999994158744,0.9650999903678894,379.4613037109375,0.0,722.0,719.0,738.666666666667,737.0,1000.0,83.48029349996841,2055.7323247184804,,,,,,,,,521.0,521.0,139046.0,139206.0,160.0,10.828251645261,188.378979140774,3903.15012034101,-4053.07915627675,5.846708923984539
139.116,4.610000133514404,5.0,767.0,777.0,767.0,777.0,65.55999755859375,-66.36000061035156,367.51998901367193,0.0,0.0,0.0923999994993209,-0.1084000021219253,0.9897999763488768,0.0,0.0,0.0,379.1737365722656,0.0,767.0,777.0,788.0,744.0,1000.0,161.54329590678898,3903.15012034101,,,,,,,,,521.0,521.0,139046.0,139206.0,160.0,10.828251645261,188.378979140774,3903.15012034101,-4053.07915627675,5.846708923984539
139.136,5.0,4.329999923706056,875.0,736.0,875.0,736.0,31.79999923706055,-54.34999847412109,377.489990234375,0.0,0.0,0.0,0.0,0.0,0.1476999968290329,-0.0755999982357025,0.9861000180244444,382.7059631347656,0.0,875.0,736.0,866.333333333333,755.0,1000.0,188.378979140774,1341.7841616992998,,,,,,,,,521.0,521.0,139046.0,139206.0,160.0,10.828251645261,188.378979140774,3903.15012034101,-4053.07915627675,5.846708923984539
139.156,5.0,4.380000114440918,957.0,752.0,957.0,752.0,4.809999942779541,-59.7400016784668,380.1799926757813,0.0,0.0,0.0,0.0,0.0,0.0842000022530555,-0.0883999988436698,0.9925000071525572,384.8750915527344,0.0,957.0,752.0,937.0,748.333333333333,1000.0,112.610526506991,-3788.4226316891695,,,,,,,,,521.0,521.0,139046.0,139206.0,160.0,10.828251645261,188.378979140774,3903.15012034101,-4053.07915627675,5.846708923984539
139.176,5.0,4.380000114440918,979.0,757.0,979.0,757.0,-2.5199999809265137,-61.209999084472656,380.6000061035156,0.0,0.0,0.0,0.0,0.0,0.06700000166893,-0.091899998486042,0.993499994277954,385.4988708496094,0.0,979.0,757.0,953.333333333333,737.333333333333,1000.0,31.5489433814562,-4053.07915627675,,,,,,,,,521.0,521.0,139046.0,139206.0,160.0,10.828251645261,188.378979140774,3903.15012034101,-4053.07915627675,5.846708923984539
139.196,4.480000019073486,4.380000114440918,924.0,703.0,924.0,703.0,45.09999847412109,-122.73999786376952,1072.8199462890625,0.0,0.0,0.0164000000804662,-0.0873000025749206,0.9959999918937684,0.0675999969244003,-0.0925000011920928,0.993399977684021,1080.7598876953125,0.0,924.0,703.0,944.333333333333,724.333333333333,1000.0,47.955337166571205,820.31968925575,,,,,,,,,521.0,521.0,139046.0,139206.0,160.0,10.828251645261,188.378979140774,3903.15012034101,-4053.07915627675,5.846708923984539
139.216,4.429999828338623,4.369999885559082,930.0,713.0,930.0,713.0,25.709999084472656,-85.87999725341797,698.47998046875,0.0,0.0,-0.0007999999797903,-0.0804999992251396,0.9968000054359436,0.0754999965429305,-0.090999998152256,0.9929999709129332,704.2092895507812,0.0,930.0,713.0,927.0,710.333333333333,1000.0,25.3456272653634,-1130.48549506039,249.0,249.0,924.555555555555,714.333333333333,139206.0,139266.0,60.0,0.214210529880636,,,,,,,,,,
139.236,4.4099998474121085,4.369999885559082,927.0,715.0,927.0,715.0,24.020000457763672,-76.83999633789062,615.75,0.0,0.0,-0.0031999999191612,-0.0763000026345253,0.997099995613098,0.0822999998927116,-0.0892999991774559,0.9926000237464906,620.9906616210938,0.0,927.0,715.0,926.333333333333,716.0,1000.0,11.6707515063873,-683.743787948804,249.0,249.0,924.555555555555,714.333333333333,139206.0,139266.0,60.0,0.214210529880636,,,,,,,,,,
139.256,5.0,4.380000114440918,922.0,720.0,922.0,720.0,26.78000068664551,-79.45999908447266,615.2899780273438,0.0,0.0,0.0,0.0,0.0,0.0874999985098838,-0.0865999981760978,0.9923999905586242,620.9773559570312,0.0,922.0,720.0,920.333333333333,716.666666666667,1000.0,25.1482427953972,673.874564450494,249.0,249.0,924.555555555555,714.333333333333,139206.0,139266.0,60.0,0.214210529880636,,,,,,,,,,
139.276,5.0,4.380000114440918,912.0,715.0,912.0,715.0,32.380001068115234,-77.01000213623048,614.969970703125,0.0,0.0,0.0,0.0,0.0,0.096000000834465,-0.0829000025987625,0.9919000267982484,620.6183471679688,0.0,912.0,715.0,906.666666666667,715.666666666667,1000.0,37.373667973132704,611.271258886772,,,,,,,,,522.0,522.0,139266.0,139306.0,40.0,0.814658357334652,40.307638213397205,611.271258886772,,197.281498371817
139.296,5.0,4.389999866485596,886.0,712.0,886.0,712.0,45.84999847412109,-75.30999755859375,613.5800170898438,0.0,0.0,0.0,0.0,0.0,0.1164000034332275,-0.0803999975323677,0.98989999294281,619.8824462890625,0.0,886.0,712.0,891.666666666667,711.0,1000.0,40.307638213397205,146.698512013227,,,,,,,,,522.0,522.0,139266.0,139306.0,40.0,0.814658357334652,40.307638213397205,611.271258886772,,197.281498371817
139.316,5.0,4.400000095367432,877.0,706.0,877.0,706.0,51.08000183105469,-71.79000091552734,613.2100219726562,0.0,0.0,0.0,0.0,0.0,0.1243000030517578,-0.0750999972224235,0.989400029182434,619.5074462890625,0.0,877.0,706.0,877.666666666667,703.333333333333,1000.0,19.4727825381854,-1041.74278376059,,,,,,,,,,,,,,,,,,
139.336,5.0,4.400000095367432,870.0,692.0,870.0,692.0,54.7599983215332,-64.73999786376953,613.22998046875,0.0,0.0,0.0,0.0,0.0,0.1298000067472458,-0.0644000023603439,0.989400029182434,619.0645751953125,0.0,870.0,692.0,882.666666666667,698.666666666667,1000.0,30.5116957427283,551.945660227148,,,,,,,,,523.0,523.0,139326.0,139386.0,60.0,2.09735989546559,51.7912057851014,1063.97550211865,-337.516272338086,8.53076560994813
139.356,5.0,5.0,-1.0,-1.0,-1.0,-1.0,0.0,0.0,0.0,5.0,5.0,0.0,0.0,0.0,0.0,0.0,0.0,0.0,1.0,,,901.0,698.0,1000.0,51.7912057851014,1063.97550211865,,,,,,,,,523.0,523.0,139326.0,139386.0,60.0,2.09735989546559,51.7912057851014,1063.97550211865,-337.516272338086,8.53076560994813
139.376,4.53000020980835,5.0,932.0,704.0,932.0,704.0,21.40999984741211,-71.04000091552734,615.4099731445312,0.0,0.0,-0.0087999999523162,-0.0747999995946884,0.9972000122070312,0.0,0.0,0.0,619.8665771484375,1.0,932.0,704.0,922.666666666667,704.666666666667,1000.0,45.040880338339605,-337.516272338086,,,,,,,,,523.0,523.0,139326.0,139386.0,60.0,2.09735989546559,51.7912057851014,1063.97550211865,-337.516272338086,8.53076560994813
139.396,4.570000171661377,5.0,935.0,712.0,935.0,712.0,19.709999084472656,-74.91000366210938,614.77001953125,0.0,0.0,-0.0116999996826052,-0.0810000002384185,0.9965999722480772,0.0,0.0,0.0,619.6306762695312,1.0,935.0,712.0,933.666666666667,711.0,1000.0,21.3583380683664,-1184.12711349866,,,,,,,,,,,,,,,,,,
139.416,5.0,5.0,-1.0,-1.0,-1.0,-1.0,0.0,0.0,0.0,5.0,5.0,0.0,0.0,0.0,0.0,0.0,0.0,0.0,1.0,,,934.0,717.0,1000.0,35.5265521405074,708.410703607049,,,,,,,,,524.0,524.0,139406.0,139846.0,440.0,31.359568105377,257.089422299876,4136.91277840625,-6413.688539176391,199.038654952633
139.436,4.550000190734863,5.0,933.0,722.0,933.0,722.0,20.989999771118164,-80.37999725341797,614.1799926757812,0.0,0.0,-0.0098999999463558,-0.0895000025629997,0.9958999752998352,0.0,0.0,0.0,619.7730102539064,0.0,933.0,722.0,914.333333333333,731.333333333333,1000.0,60.5435510527304,1250.84994561115,,,,,,,,,524.0,524.0,139406.0,139846.0,440.0,31.359568105377,257.089422299876,4136.91277840625,-6413.688539176391,199.038654952633
139.456,4.480000019073486,4.389999866485596,876.0,755.0,876.0,755.0,25.36000061035157,-48.56000137329102,303.2900085449219,0.0,0.0,-0.001300000003539,-0.0980999991297721,0.995199978351593,0.1561000049114227,-0.0560999996960163,0.9861000180244444,308.1980285644532,0.0,876.0,755.0,893.666666666667,742.666666666667,1000.0,62.8354250686479,114.593700795875,,,,,,,,,524.0,524.0,139406.0,139846.0,440.0,31.359568105377,257.089422299876,4136.91277840625,-6413.688539176391,199.038654952633
139.476,4.489999771118164,4.329999923706056,872.0,751.0,872.0,751.0,25.440000534057614,-45.81999969482422,292.0400085449219,0.0,0.0,-0.0005000000237487,-0.0945999994874,0.9955000281333924,0.160300001502037,-0.0485000014305114,0.9858999848365784,296.7052917480469,0.0,872.0,751.0,869.333333333333,752.666666666667,1000.0,108.210764046162,2268.76694887573,,,,,,,,,524.0,524.0,139406.0,139846.0,440.0,31.359568105377,257.089422299876,4136.91277840625,-6413.688539176391,199.038654952633
139.496,4.519999980926514,4.340000152587891,860.0,752.0,860.0,752.0,26.79999923706055,-43.459999084472656,275.9599914550781,0.0,0.0,0.0052000000141561,-0.0949999988079071,0.9955000281333924,0.1704999953508377,-0.0408000014722347,0.9844999909400942,280.6437683105469,0.0,860.0,752.0,808.0,748.0,1000.0,174.351166731751,3307.0201342794103,,,,,,,,,524.0,524.0,139406.0,139846.0,440.0,31.359568105377,257.089422299876,4136.91277840625,-6413.688539176391,199.038654952633
139.516,5.0,5.2199997901916495,692.0,741.0,692.0,741.0,65.12000274658203,-39.810001373291016,266.29998779296875,0.0,0.0,0.0,0.0,0.0,0.2976999878883361,-0.0553999990224838,0.953000009059906,277.0219116210937,0.0,692.0,741.0,729.333333333333,756.666666666667,1000.0,257.089422299876,4136.91277840625,,,,,,,,,524.0,524.0,139406.0,139846.0,440.0,31.359568105377,257.089422299876,4136.91277840625,-6413.688539176391,199.038654952633
139.536,4.289999961853027,4.579999923706056,636.0,777.0,636.0,777.0,77.44999694824219,-48.0,264.6600036621094,0.0,0.0,0.148399993777275,-0.1785999983549118,0.9726999998092652,0.3431999981403351,0.0138999996706843,0.9391000270843506,279.9060974121094,0.0,636.0,777.0,598.333333333333,799.666666666667,1000.0,185.385701329868,-3585.1860485004,,,,,,,,,524.0,524.0,139406.0,139846.0,440.0,31.359568105377,257.089422299876,4136.91277840625,-6413.688539176391,199.038654952633
139.556,3.9700000286102295,5.0,467.0,881.0,467.0,881.0,111.77999877929688,-69.77999877929689,254.63999938964844,0.0,0.0,0.2694999873638153,-0.1551000028848648,0.9503999948501588,0.0,0.0,0.0,286.715087890625,0.0,467.0,881.0,572.666666666667,754.0,1000.0,130.64479648090798,-2737.04524244799,,,,,,,,,524.0,524.0,139406.0,139846.0,440.0,31.359568105377,257.089422299876,4136.91277840625,-6413.688539176391,199.038654952633
139.576,5.0,4.099999904632568,615.0,604.0,615.0,604.0,82.81999969482422,-8.229999542236328,264.6400146484375,0.0,0.0,0.0,0.0,0.0,0.3452000021934509,0.0450000017881393,0.9375,277.4188537597656,0.0,615.0,604.0,515.333333333333,727.166666666667,1000.0,141.422537845309,538.88706822005,,,,,,,,,524.0,524.0,139406.0,139846.0,440.0,31.359568105377,257.089422299876,4136.91277840625,-6413.688539176391,199.038654952633
139.596,5.0,5.0,-1.0,-1.0,-1.0,-1.0,0.0,0.0,0.0,5.0,5.0,0.0,0.0,0.0,0.0,0.0,0.0,0.0,1.0,,,464.0,696.5,1000.0,169.194864510286,1388.61633324887,,,,,,,,,524.0,524.0,139406.0,139846.0,440.0,31.359568105377,257.089422299876,4136.91277840625,-6413.688539176391,199.038654952633
139.616,4.210000038146973,5.0,313.0,789.0,313.0,789.0,142.38999938964844,-48.5099983215332,246.8999938964844,0.0,0.0,0.3682000041007996,-0.0861999988555908,0.9258000254631042,0.0,0.0,0.0,289.1154479980469,1.0,313.0,789.0,353.666666666667,750.166666666667,1000.0,172.514573251465,165.985437058953,,,,,,,,,524.0,524.0,139406.0,139846.0,440.0,31.359568105377,257.089422299876,4136.91277840625,-6413.688539176391,199.038654952633
139.636,4.2199997901916495,5.0,284.0,765.0,284.0,765.0,147.77999877929688,-43.150001525878906,245.3999938964844,0.0,0.0,0.3855000138282776,-0.068800002336502,0.9200999736785888,0.0,0.0,0.0,289.6929626464844,1.0,284.0,765.0,303.888888888889,762.111111111111,1000.0,44.2408024679374,-6413.688539176391,,,,,,,,,524.0,524.0,139406.0,139846.0,440.0,31.359568105377,257.089422299876,4136.91277840625,-6413.688539176391,199.038654952633
139.656,5.0,5.0,-1.0,-1.0,-1.0,-1.0,0.0,0.0,0.0,5.0,5.0,0.0,0.0,0.0,0.0,0.0,0.0,0.0,1.0,,,314.66666666666697,732.333333333333,1000.0,76.4818941122233,1612.05458221429,,,,,,,,,524.0,524.0,139406.0,139846.0,440.0,31.359568105377,257.089422299876,4136.91277840625,-6413.688539176391,199.038654952633
139.676,5.0,5.0,-1.0,-1.0,-1.0,-1.0,0.0,0.0,0.0,5.0,5.0,0.0,0.0,0.0,0.0,0.0,0.0,0.0,1.0,,,345.333333333333,699.666666666667,1000.0,68.4903968945586,-399.574860883236,,,,,,,,,524.0,524.0,139406.0,139846.0,440.0,31.359568105377,257.089422299876,4136.91277840625,-6413.688539176391,199.038654952633
139.696,4.199999809265137,4.090000152587891,376.0,667.0,376.0,667.0,129.89999389648438,-22.059999465942383,248.9900054931641,0.0,0.0,0.38960000872612,-0.0582000017166137,0.919099986553192,0.4334999918937683,0.0582000017166137,0.8992999792098999,281.7031555175781,0.0,376.0,667.0,349.111111111111,676.222222222222,1000.0,77.7526239069535,463.111350619742,,,,,,,,,524.0,524.0,139406.0,139846.0,440.0,31.359568105377,257.089422299876,4136.91277840625,-6413.688539176391,199.038654952633
139.716,4.25,4.170000076293944,326.0,662.0,326.0,662.0,109.41999816894533,-16.399999618530273,193.27999877929688,0.0,0.0,0.3944000005722045,-0.0286999996751546,0.918500006198883,0.4553000032901764,0.0667999982833862,0.8877999782562256,222.7080078125,0.0,326.0,662.0,351.0,630.333333333333,1000.0,123.714595982325,2298.09860376859,,,,,,,,,524.0,524.0,139406.0,139846.0,440.0,31.359568105377,257.089422299876,4136.91277840625,-6413.688539176391,199.038654952633
139.736,4.5,4.190000057220459,351.0,562.0,351.0,562.0,212.6300048828125,1.1299999952316284,390.0,0.0,0.0,0.4244999885559082,0.0215000007301569,0.9052000045776368,0.4620000123977661,0.0729999989271164,0.883899986743927,444.1990356445313,0.0,351.0,562.0,352.333333333333,566.666666666667,1000.0,165.39118221408398,2083.82931158794,,,,,,,,,524.0,524.0,139406.0,139846.0,440.0,31.359568105377,257.089422299876,4136.91277840625,-6413.688539176391,199.038654952633
139.756,4.739999771118164,4.190000057220459,380.0,476.0,380.0,476.0,776.0700073242188,117.43000030517578,1491.2099609375,0.0,0.0,0.4377999901771545,0.0834999978542328,0.8952000141143798,0.4638000130653381,0.0782999992370605,0.8824999928474426,1685.1651611328125,0.0,380.0,476.0,356.333333333333,484.666666666667,1000.0,150.776805885012,-730.7188164536169,,,,,,,,,524.0,524.0,139406.0,139846.0,440.0,31.359568105377,257.089422299876,4136.91277840625,-6413.688539176391,199.038654952633
139.776,4.820000171661377,5.0,338.0,416.0,338.0,416.0,817.5999755859375,191.3300018310547,1461.780029296875,0.0,0.0,0.4618000090122223,0.1247999966144561,0.8781999945640564,0.0,0.0,0.0,1685.7869873046875,0.0,338.0,416.0,328.66666666666697,434.333333333333,1000.0,63.1917323764779,-4379.25367542669,,,,,,,,,524.0,524.0,139406.0,139846.0,440.0,31.359568105377,257.089422299876,4136.91277840625,-6413.688539176391,199.038654952633
139.796,4.769999980926514,5.0,268.0,411.0,268.0,411.0,885.1699829101561,191.759994506836,1423.550048828125,0.0,0.0,0.5013999938964844,0.125,0.8561999797821045,0.0,0.0,0.0,1687.2440185546875,0.0,268.0,411.0,312.66666666666697,442.0,1000.0,48.3635032970763,-741.411453970082,,,,,,,,,524.0,524.0,139406.0,139846.0,440.0,31.359568105377,257.089422299876,4136.91277840625,-6413.688539176391,199.038654952633
139.816,4.440000057220459,5.0,332.0,499.0,332.0,499.0,826.6699829101561,85.87000274658203,1467.9300537109375,0.0,0.0,0.4670000076293945,0.0630000010132789,0.8820000290870667,0.0,0.0,0.0,1686.88330078125,0.0,332.0,499.0,317.0,476.0,1000.0,87.638141507969,1963.73191054464,,,,,,,,,524.0,524.0,139406.0,139846.0,440.0,31.359568105377,257.089422299876,4136.91277840625,-6413.688539176391,199.038654952633
139.836,4.360000133514404,5.0,351.0,518.0,351.0,518.0,807.02001953125,61.18000030517578,1479.7099609375,0.0,0.0,0.4555000066757202,0.0485000014305114,0.8888999819755554,0.0,0.0,0.0,1686.5841064453125,0.0,351.0,518.0,347.666666666667,514.666666666667,1000.0,67.4522268019627,-1009.29573530031,,,,,,,,,524.0,524.0,139406.0,139846.0,440.0,31.359568105377,257.089422299876,4136.91277840625,-6413.688539176391,199.038654952633
139.856,4.320000171661377,5.0,360.0,527.0,360.0,527.0,797.9299926757811,50.6500015258789,1484.8499755859375,0.0,0.0,0.4501000046730041,0.0423000007867813,0.8920000195503235,0.0,0.0,0.0,1686.4273681640625,0.0,360.0,527.0,359.333333333333,523.666666666667,1000.0,23.622420193590106,-2191.49033041863,,,,,,,,,,,,,,,,,,
139.876,4.309999942779541,5.0,367.0,526.0,367.0,526.0,790.5900268554686,52.33000183105469,1488.469970703125,0.0,0.0,0.4458999931812286,0.0432000011205673,0.8941000103950499,0.0,0.0,0.0,1686.212890625,0.0,367.0,526.0,367.333333333333,526.333333333333,1000.0,50.47966960304029,1342.8624704725098,,,,,,,,,525.0,525.0,139866.0,140185.0,319.0,18.2748729580569,236.12836076959,4727.93717740726,-4999.97035434691,358.817703343899
139.896,4.320000171661377,5.0,375.0,526.0,375.0,526.0,782.969970703125,52.70000076293945,1492.219970703125,0.0,0.0,0.4413999915122985,0.0434000007808208,0.8963000178337098,0.0,0.0,0.0,1685.9833984375,0.0,375.0,526.0,349.0,480.0,1000.0,145.038413151185,4727.93717740726,,,,,,,,,525.0,525.0,139866.0,140185.0,319.0,18.2748729580569,236.12836076959,4727.93717740726,-4999.97035434691,358.817703343899
139.916,4.449999809265137,4.099999904632568,305.0,388.0,305.0,388.0,845.469970703125,222.4900054931641,1435.0400390625,0.0,0.0,0.451200008392334,0.0832000002264976,0.8884999752044677,0.5314000248908997,0.2011999934911728,0.8228999972343443,1680.375244140625,0.0,305.0,388.0,312.0,405.333333333333,1000.0,166.397142402968,1067.93646258911,,,,,,,,,525.0,525.0,139866.0,140185.0,319.0,18.2748729580569,236.12836076959,4727.93717740726,-4999.97035434691,358.817703343899
139.936,5.0,4.090000152587891,256.0,302.0,256.0,302.0,883.1099853515625,321.3699951171875,1391.47998046875,0.0,0.0,0.0,0.0,0.0,0.5273000001907349,0.1988999992609024,0.826099991798401,1679.1004638671875,0.0,256.0,302.0,282.0,338.0,1000.0,87.4438632305835,-3947.66395861921,,,,,,,,,525.0,525.0,139866.0,140185.0,319.0,18.2748729580569,236.12836076959,4727.93717740726,-4999.97035434691,358.817703343899
139.956,5.0,4.079999923706056,285.0,324.0,285.0,324.0,858.5800170898436,298.5799865722656,1411.68994140625,0.0,0.0,0.0,0.0,0.0,0.5130000114440918,0.1854999959468841,0.8381000161170958,1679.0408935546875,0.0,285.0,324.0,283.5,327.16666666666697,1000.0,31.6108222456823,-2791.6520492450604,,,,,,,,,525.0,525.0,139866.0,140185.0,319.0,18.2748729580569,236.12836076959,4727.93717740726,-4999.97035434691,358.817703343899
139.975,5.0,5.0,-1.0,-1.0,-1.0,-1.0,0.0,0.0,0.0,5.0,5.0,0.0,0.0,0.0,0.0,0.0,0.0,0.0,1.0,,,309.5,355.5,1000.0,91.6967569897907,3162.4176181109697,,,,,,,,,525.0,525.0,139866.0,140185.0,319.0,18.2748729580569,236.12836076959,4727.93717740726,-4999.97035434691,358.817703343899
139.995,5.0,4.170000076293944,334.0,387.0,334.0,387.0,816.3800048828125,227.0200042724609,1450.06005859375,0.0,0.0,0.0,0.0,0.0,0.4885999858379364,0.1439999938011169,0.8605999946594238,1679.490478515625,1.0,334.0,387.0,331.83333333333303,400.5,1000.0,109.304166738165,880.370487418697,,,,,,,,,525.0,525.0,139866.0,140185.0,319.0,18.2748729580569,236.12836076959,4727.93717740726,-4999.97035434691,358.817703343899
140.015,4.360000133514404,4.199999809265137,352.0,459.0,352.0,459.0,248.3800048828125,42.63999938964844,455.2799987792969,0.0,0.0,0.4212999939918518,0.0939999967813491,0.9020000100135804,0.4691999852657318,0.1361999958753585,0.8725000023841859,520.37548828125,1.0,352.0,459.0,337.66666666666697,452.333333333333,1000.0,122.022517419591,635.917534071326,,,,,,,,,525.0,525.0,139866.0,140185.0,319.0,18.2748729580569,236.12836076959,4727.93717740726,-4999.97035434691,358.817703343899
140.035,4.300000190734863,4.320000171661377,327.0,511.0,327.0,511.0,126.72000122070312,10.600000381469728,223.2899932861328,0.0,0.0,0.3917999863624573,0.066600002348423,0.9175999760627744,0.4683000147342682,0.1491000056266784,0.8708999752998352,256.9605712890625,1.0,327.0,511.0,392.833333333333,495.833333333333,1000.0,183.63178030763697,3080.4631444023103,,,,,,,,,525.0,525.0,139866.0,140185.0,319.0,18.2748729580569,236.12836076959,4727.93717740726,-4999.97035434691,358.817703343899
140.055,5.0,5.0,-1.0,-1.0,-1.0,-1.0,0.0,0.0,0.0,5.0,5.0,0.0,0.0,0.0,0.0,0.0,0.0,0.0,1.0,,,499.5,517.5,1000.0,236.12836076959,2624.8290230976104,,,,,,,,,525.0,525.0,139866.0,140185.0,319.0,18.2748729580569,236.12836076959,4727.93717740726,-4999.97035434691,358.817703343899
140.075,5.0,4.340000152587891,672.0,524.0,672.0,524.0,66.2699966430664,10.0,250.6499938964844,0.0,0.0,0.0,0.0,0.0,0.3111000061035156,0.1014999970793724,0.9448999762535096,259.4554443359375,0.0,672.0,524.0,605.833333333333,518.166666666667,1000.0,203.7294882475,-1619.94362610445,,,,,,,,,525.0,525.0,139866.0,140185.0,319.0,18.2748729580569,236.12836076959,4727.93717740726,-4999.97035434691,358.817703343899
140.095,4.380000114440918,4.320000171661377,646.0,513.0,646.0,513.0,105.01000213623048,17.899999618530273,366.0,0.0,0.0,0.2489999979734421,0.0802000015974044,0.9652000069618224,0.2542000114917755,0.1058000028133392,0.961399972438812,381.18698120117193,0.0,646.0,513.0,674.333333333333,506.666666666667,1000.0,103.730081160562,-4999.97035434691,,,,,,,,,525.0,525.0,139866.0,140185.0,319.0,18.2748729580569,236.12836076959,4727.93717740726,-4999.97035434691,358.817703343899
140.115,4.360000133514404,4.28000020980835,705.0,483.0,705.0,483.0,153.50999450683594,49.6599998474121,649.260009765625,0.0,0.0,0.1968999952077865,0.0807999968528747,0.9771000146865844,0.2384999990463257,0.1190000027418136,0.963800013065338,669.0067138671875,0.0,705.0,483.0,689.0,496.0,1000.0,52.5937778263685,-2556.81516670969,,,,,,,,,525.0,525.0,139866.0,140185.0,319.0,18.2748729580569,236.12836076959,4727.93717740726,-4999.97035434691,358.817703343899
140.135,4.320000171661377,4.25,716.0,492.0,716.0,492.0,106.12000274658205,32.09999847412109,468.83999633789057,0.0,0.0,0.1812999993562698,0.0759000033140182,0.9804999828338624,0.2289000004529953,0.1281999945640564,0.9649999737739564,481.7705078125,0.0,716.0,492.0,714.666666666667,492.666666666667,1000.0,40.7697189361193,-591.202944512461,,,,,,,,,525.0,525.0,139866.0,140185.0,319.0,18.2748729580569,236.12836076959,4727.93717740726,-4999.97035434691,358.817703343899
140.155,4.309999942779541,4.25,723.0,503.0,723.0,503.0,81.94000244140625,22.06999969482421,372.1799926757813,0.0,0.0,0.1754000037908554,0.0718000009655952,0.9818999767303466,0.2178999930620193,0.1333000063896179,0.9667999744415284,381.7318420410156,0.0,723.0,503.0,721.0,504.666666666667,1000.0,34.697907692109,-303.590562200514,,,,,,,,,525.0,525.0,139866.0,140185.0,319.0,18.2748729580569,236.12836076959,4727.93717740726,-4999.97035434691,358.817703343899
140.175,4.309999942779541,4.25,724.0,519.0,724.0,519.0,62.59000015258789,12.8100004196167,285.20001220703125,0.0,0.0,0.1715999990701675,0.0667999982833862,0.9829000234603882,0.2115000039339065,0.1380999982357025,0.9675999879837036,292.2680969238281,0.0,724.0,519.0,722.666666666667,519.0,1000.0,30.9902861955647,-185.381074827216,,,,,,,,,525.0,525.0,139866.0,140185.0,319.0,18.2748729580569,236.12836076959,4727.93717740726,-4999.97035434691,358.817703343899
140.195,4.329999923706056,4.25,721.0,535.0,721.0,535.0,52.43000030517578,7.34000015258789,236.1499938964844,0.0,0.0,0.1715999990701675,0.0630000010132789,0.9830999970436096,0.2081000059843063,0.1398999989032745,0.9679999947547911,242.01158142089844,0.0,721.0,535.0,723.666666666667,529.0,1000.0,17.9013573679108,-654.446441382694,250.0,250.0,733.4,524.333333333333,140185.0,140285.0,100.0,0.553748693922038,,,,,,,,,,
140.215,4.320000171661377,4.25,726.0,533.0,726.0,533.0,52.88000106811523,7.869999885559082,243.2400054931641,0.0,0.0,0.1668999940156936,0.0617999993264675,0.984000027179718,0.2065999954938888,0.1400000005960464,0.9684000015258788,249.0460357666016,0.0,726.0,533.0,726.333333333333,532.666666666667,1000.0,11.37852671105,-326.14153284303904,250.0,250.0,733.4,524.333333333333,140185.0,140285.0,100.0,0.553748693922038,,,,,,,,,,
140.235,4.260000228881836,4.239999771118164,732.0,530.0,732.0,530.0,55.33000183105469,9.3100004196167,260.42999267578125,0.0,0.0,0.162100002169609,0.061099998652935,0.9848999977111816,0.2060000002384185,0.1388999968767166,0.9685999751091005,266.40545654296875,0.0,732.0,530.0,732.666666666667,527.333333333333,1000.0,22.8343082406857,572.789076481786,250.0,250.0,733.4,524.333333333333,140185.0,140285.0,100.0,0.553748693922038,,,,,,,,,,
140.255,4.230000019073486,4.239999771118164,740.0,519.0,740.0,519.0,61.43999862670898,13.56999969482422,298.8500061035156,0.0,0.0,0.1563999950885772,0.064300000667572,0.9855999946594238,0.2052000015974044,0.1380999982357025,0.9689000248908995,305.4019470214844,0.0,740.0,519.0,739.333333333333,520.0,1000.0,24.2017531737231,68.3722466518674,250.0,250.0,733.4,524.333333333333,140185.0,140285.0,100.0,0.553748693922038,,,,,,,,,,
140.275,4.230000019073486,4.239999771118164,746.0,511.0,746.0,511.0,67.02999877929689,17.489999771118164,334.3500061035156,0.0,0.0,0.1510999947786331,0.0671000033617019,0.9861999750137328,0.2055000066757202,0.1370999962091446,0.9689999818801882,341.4510803222656,0.0,746.0,511.0,745.0,512.666666666667,1000.0,20.092039044548603,-205.485706458723,250.0,250.0,733.4,524.333333333333,140185.0,140285.0,100.0,0.553748693922038,,,,,,,,,,
140.295,4.210000038146973,4.239999771118164,749.0,508.0,749.0,508.0,69.30999755859375,19.38999938964844,350.69000244140625,0.0,0.0,0.1476999968290329,0.0685999989509582,0.9865999817848204,0.2053000032901764,0.13680000603199,0.9690999984741212,357.9990539550781,0.0,749.0,508.0,749.333333333333,507.666666666667,1000.0,40.0619610273677,998.496099140956,,,,,,,,,526.0,526.0,140285.0,140325.0,40.0,1.3013820248340602,57.3911217482306,998.496099140956,,320.389311759973
140.315,4.199999809265137,4.239999771118164,753.0,504.0,753.0,504.0,71.36000061035156,21.56999969482421,368.0,0.0,0.0,0.1446000039577484,0.0707999989390373,0.9869999885559082,0.2034000009298325,0.1366000026464462,0.9695000052452089,375.47503662109375,0.0,753.0,504.0,768.666666666667,491.666666666667,1000.0,57.3911217482306,866.4580360431411,,,,,,,,,526.0,526.0,140285.0,140325.0,40.0,1.3013820248340602,57.3911217482306,998.496099140956,,320.389311759973
140.335,5.0,4.239999771118164,804.0,463.0,804.0,463.0,55.34000015258789,35.27000045776367,370.0299987792969,0.0,0.0,0.0,0.0,0.0,0.202000007033348,0.1351999938488006,0.9700000286102296,375.8040466308594,0.0,804.0,463.0,784.333333333333,479.0,1000.0,21.3335576390759,-1802.87820545773,,,,,,,,,,,,,,,,,,
140.355,5.0,4.239999771118164,796.0,470.0,796.0,470.0,58.06000137329102,32.86000061035157,369.8500061035156,0.0,0.0,0.0,0.0,0.0,0.2085999995470047,0.12950000166893,0.9693999886512756,375.81878662109375,0.0,796.0,470.0,781.333333333333,480.666666666667,1000.0,12.4725522035435,-443.050271776622,,,,,,,,,,,,,,,,,,
140.375,4.239999771118164,4.239999771118164,744.0,509.0,744.0,509.0,82.51000213623048,21.950000762939453,409.0,0.0,0.0,0.1536000072956085,0.0645999982953071,0.9860000014305114,0.2115000039339065,0.125,0.9693999886512756,417.8165893554688,0.0,744.0,509.0,783.0,488.666666666667,1000.0,35.6805149479227,1160.39813721896,,,,,,,,,527.0,527.0,140365.0,140445.0,80.0,3.86783432976653,70.7387584301109,1595.0109770873,-1499.59433308321,44.0044389496918
140.395,5.0,4.25,809.0,487.0,809.0,487.0,59.84999847412109,30.5,412.8999938964844,0.0,0.0,0.0,0.0,0.0,0.193800002336502,0.1123000010848045,0.9746000170707702,418.3284301757813,0.0,809.0,487.0,793.333333333333,506.0,1000.0,67.5807344896688,1595.0109770873,,,,,,,,,527.0,527.0,140365.0,140445.0,80.0,3.86783432976653,70.7387584301109,1595.0109770873,-1499.59433308321,44.0044389496918
140.415,5.0,4.289999961853027,827.0,522.0,827.0,522.0,53.61000061035156,18.030000686645508,415.010009765625,0.0,0.0,0.0,0.0,0.0,0.1802999973297119,0.0847000032663345,0.9800000190734864,418.8465270996094,0.0,827.0,522.0,825.666666666667,520.333333333333,1000.0,70.7387584301109,157.901197022103,,,,,,,,,527.0,527.0,140365.0,140445.0,80.0,3.86783432976653,70.7387584301109,1595.0109770873,-1499.59433308321,44.0044389496918
140.435,5.0,4.329999923706056,841.0,552.0,841.0,552.0,48.459999084472656,7.34000015258789,416.4299926757813,0.0,0.0,0.0,0.0,0.0,0.1692000031471252,0.0610000006854534,0.9836999773979188,419.3044128417969,0.0,841.0,552.0,836.666666666667,540.5,1000.0,40.7468717684467,-1499.59433308321,,,,,,,,,527.0,527.0,140365.0,140445.0,80.0,3.86783432976653,70.7387584301109,1595.0109770873,-1499.59433308321,44.0044389496918
140.455,5.0,5.0,-1.0,-1.0,-1.0,-1.0,0.0,0.0,0.0,5.0,5.0,0.0,0.0,0.0,0.0,0.0,0.0,0.0,1.0,,,842.0,547.5,1000.0,7.303478249408621,-1672.1696759519,251.0,251.0,841.6,535.4,140445.0,140545.0,100.0,0.464623374864296,,,,,,,,,,
140.475,5.0,4.320000171661377,843.0,543.0,843.0,543.0,47.6500015258789,10.5,416.3999938964844,0.0,0.0,0.0,0.0,0.0,0.1675000041723251,0.0680000036954879,0.9835000038146972,419.2490234375,0.0,843.0,543.0,842.0,542.5,1000.0,15.278438156767098,398.747995367926,251.0,251.0,841.6,535.4,140445.0,140545.0,100.0,0.464623374864296,,,,,,,,,,
140.495,5.0,4.300000190734863,841.0,537.0,841.0,537.0,48.43999862670898,12.600000381469728,416.3200073242188,0.0,0.0,0.0,0.0,0.0,0.1693000048398971,0.0728000029921531,0.9829000234603882,419.3179321289063,0.0,841.0,537.0,841.333333333333,535.666666666667,1000.0,18.3060252602818,151.379355175733,251.0,251.0,841.6,535.4,140445.0,140545.0,100.0,0.464623374864296,,,,,,,,,,
140.515,5.0,4.289999961853027,840.0,527.0,840.0,527.0,49.08000183105469,16.190000534057614,415.989990234375,0.0,0.0,0.0,0.0,0.0,0.1706999987363815,0.0807000026106834,0.9819999933242798,419.1880798339844,0.0,840.0,527.0,841.0,528.333333333333,1000.0,16.3329285505151,-98.6548354883341,251.0,251.0,841.6,535.4,140445.0,140545.0,100.0,0.464623374864296,,,,,,,,,,
140.535,5.0,4.269999980926514,842.0,521.0,842.0,521.0,48.2599983215332,18.38999938964844,416.0400085449218,0.0,0.0,0.0,0.0,0.0,0.1688999980688095,0.0856000036001205,0.9818999767303466,419.2332153320313,0.0,842.0,521.0,841.666666666667,523.0,1000.0,11.0363456430186,-264.829145374828,251.0,251.0,841.6,535.4,140445.0,140545.0,100.0,0.464623374864296,,,,,,,,,,
140.555,5.0,4.260000228881836,843.0,521.0,843.0,521.0,48.0,18.459999084472656,416.1000061035156,0.0,0.0,0.0,0.0,0.0,0.1684000045061111,0.0857999995350837,0.9819999933242798,419.2659912109375,0.0,843.0,521.0,839.0,520.0,1000.0,75.42229768073759,3219.29760188595,,,,,,,,,528.0,528.0,140545.0,140645.0,100.0,6.77927258795033,348.587891863291,9726.45210903713,-1672.90864033454,46.7544572981147
140.575,5.0,4.230000019073486,832.0,518.0,832.0,518.0,51.83000183105469,19.670000076293945,415.3699951171875,0.0,0.0,0.0,0.0,0.0,0.1768999993801116,0.0885000005364417,0.9801999926567077,419.0531005859375,0.0,832.0,518.0,788.0,498.0,1000.0,94.1056740533613,934.168818631186,,,,,,,,,528.0,528.0,140545.0,140645.0,100.0,6.77927258795033,348.587891863291,9726.45210903713,-1672.90864033454,46.7544572981147
140.595,4.199999809265137,4.179999828338623,689.0,455.0,689.0,455.0,99.76000213623048,39.93999862670898,398.1700134277344,0.0,0.0,0.0995000004768371,0.0649000033736229,0.992900013923645,0.3456999957561493,0.2029999941587448,0.916100025177002,412.4155883789063,0.0,689.0,455.0,768.333333333333,497.666666666667,1000.0,60.6475012466706,-1672.90864033454,,,,,,,,,528.0,528.0,140545.0,140645.0,100.0,6.77927258795033,348.587891863291,9726.45210903713,-1672.90864033454,46.7544572981147
140.615,4.070000171661377,3.7799999713897705,784.0,520.0,784.0,520.0,67.62000274658203,18.100000381469727,404.8900146484375,0.0,0.0,0.0241999998688697,0.0795999988913536,0.996500015258789,0.2838999927043915,0.0956000015139579,0.9541000127792358,410.8965759277344,0.0,784.0,520.0,811.333333333333,539.333333333333,1000.0,255.17654342741295,9726.45210903713,,,,,,,,,528.0,528.0,140545.0,140645.0,100.0,6.77927258795033,348.587891863291,9726.45210903713,-1672.90864033454,46.7544572981147
140.635,3.900000095367432,5.0,961.0,643.0,961.0,643.0,4.269999980926514,-24.96999931335449,407.7900085449218,0.0,0.0,-0.0504000000655651,-0.0092000002041459,0.9987000226974488,0.0,0.0,0.0,408.5760803222656,0.0,961.0,643.0,928.666666666667,615.333333333333,1000.0,348.587891863291,4670.5674217938895,,,,,,,,,528.0,528.0,140545.0,140645.0,100.0,6.77927258795033,348.587891863291,9726.45210903713,-1672.90864033454,46.7544572981147
140.655,3.470000028610229,5.0,1041.0,683.0,1041.0,683.0,-24.59000015258789,-38.63000106811523,405.51998901367193,0.0,0.0,-0.1149000003933906,-0.0392000004649162,0.9926000237464906,0.0,0.0,0.0,408.0973205566406,0.0,1041.0,683.0,1041.0,683.0,1000.0,,,,,,,,,,,,,,,,,,,,
140.675,5.0,5.0,-1.0,-1.0,-1.0,-1.0,0.0,0.0,0.0,5.0,5.0,0.0,0.0,0.0,0.0,0.0,0.0,0.0,0.0,,,,,1000.0,,,,,,,,,,,,,,,,,,,,
140.695,5.0,5.0,-1.0,-1.0,-1.0,-1.0,0.0,0.0,0.0,5.0,5.0,0.0,0.0,0.0,0.0,0.0,0.0,0.0,0.0,,,,,1000.0,,,,,,,,,,,,,,,,,,,,
140.715,5.0,5.0,-1.0,-1.0,-1.0,-1.0,0.0,0.0,0.0,5.0,5.0,0.0,0.0,0.0,0.0,0.0,0.0,0.0,0.0,,,,,1000.0,,,,,,,,,,,,,,,,,,,,
140.735,5.0,5.0,-1.0,-1.0,-1.0,-1.0,0.0,0.0,0.0,5.0,5.0,0.0,0.0,0.0,0.0,0.0,0.0,0.0,0.0,,,,,1000.0,,,,,,,,,,,,,,,,,,,,
140.755,5.0,5.0,-1.0,-1.0,-1.0,-1.0,0.0,0.0,0.0,5.0,5.0,0.0,0.0,0.0,0.0,0.0,0.0,0.0,0.0,,,,,1000.0,,,,,,,,,,,,,,,,,,,,
140.775,5.0,5.0,-1.0,-1.0,-1.0,-1.0,0.0,0.0,0.0,5.0,5.0,0.0,0.0,0.0,0.0,0.0,0.0,0.0,0.0,,,,,1000.0,,,,,,,,,,,,,,,,,,,,
140.795,5.0,5.0,-1.0,-1.0,-1.0,-1.0,0.0,0.0,0.0,5.0,5.0,0.0,0.0,0.0,0.0,0.0,0.0,0.0,0.0,,,,,1000.0,,,,,,,,,,,,,,,,,,,,
140.815,5.0,5.0,-1.0,-1.0,-1.0,-1.0,0.0,0.0,0.0,5.0,5.0,0.0,0.0,0.0,0.0,0.0,0.0,0.0,0.0,,,,,1000.0,,,,,,,,,,,,,,,,,,,,
140.835,5.0,5.0,-1.0,-1.0,-1.0,-1.0,0.0,0.0,0.0,5.0,5.0,0.0,0.0,0.0,0.0,0.0,0.0,0.0,0.0,,,,,1000.0,,,,,,,,,,,,,,,,,,,,
140.855,5.0,5.0,-1.0,-1.0,-1.0,-1.0,0.0,0.0,0.0,5.0,5.0,0.0,0.0,0.0,0.0,0.0,0.0,0.0,0.0,,,,,1000.0,,,,,,,,,,,,,,,,,,,,
140.875,5.0,5.0,-1.0,-1.0,-1.0,-1.0,0.0,0.0,0.0,5.0,5.0,0.0,0.0,0.0,0.0,0.0,0.0,0.0,0.0,,,,,1000.0,,,,,,,,,,,,,,,,,,,,
140.895,5.0,5.0,-1.0,-1.0,-1.0,-1.0,0.0,0.0,0.0,5.0,5.0,0.0,0.0,0.0,0.0,0.0,0.0,0.0,0.0,,,,,1000.0,,,,,,,,,,,,,,,,,,,,
140.915,5.0,5.0,-1.0,-1.0,-1.0,-1.0,0.0,0.0,0.0,5.0,5.0,0.0,0.0,0.0,0.0,0.0,0.0,0.0,0.0,,,,,1000.0,,,,,,,,,,,,,,,,,,,,
140.935,5.0,5.0,-1.0,-1.0,-1.0,-1.0,0.0,0.0,0.0,5.0,5.0,0.0,0.0,0.0,0.0,0.0,0.0,0.0,0.0,,,,,1000.0,,,,,,,,,,,,,,,,,,,,
140.955,5.0,5.0,-1.0,-1.0,-1.0,-1.0,0.0,0.0,0.0,5.0,5.0,0.0,0.0,0.0,0.0,0.0,0.0,0.0,0.0,,,,,1000.0,,,,,,,,,,,,,,,,,,,,
140.975,5.0,5.0,-1.0,-1.0,-1.0,-1.0,0.0,0.0,0.0,5.0,5.0,0.0,0.0,0.0,0.0,0.0,0.0,0.0,0.0,,,,,1000.0,,,,,,,,,,,,,,,,,,,,
140.995,5.0,5.0,-1.0,-1.0,-1.0,-1.0,0.0,0.0,0.0,5.0,5.0,0.0,0.0,0.0,0.0,0.0,0.0,0.0,0.0,,,,,1000.0,,,,,,,,,,,,,,,,,,,,
141.015,5.0,5.0,-1.0,-1.0,-1.0,-1.0,0.0,0.0,0.0,5.0,5.0,0.0,0.0,0.0,0.0,0.0,0.0,0.0,0.0,,,,,1000.0,,,,,,,,,,,,,,,,,,,,
141.035,5.0,5.0,-1.0,-1.0,-1.0,-1.0,0.0,0.0,0.0,5.0,5.0,0.0,0.0,0.0,0.0,0.0,0.0,0.0,0.0,,,,,1000.0,,,,,,,,,,,,,,,,,,,,
141.055,5.0,5.0,-1.0,-1.0,-1.0,-1.0,0.0,0.0,0.0,5.0,5.0,0.0,0.0,0.0,0.0,0.0,0.0,0.0,0.0,,,,,1000.0,,,,,,,,,,,,,,,,,,,,
141.075,5.0,5.0,-1.0,-1.0,-1.0,-1.0,0.0,0.0,0.0,5.0,5.0,0.0,0.0,0.0,0.0,0.0,0.0,0.0,0.0,,,,,1000.0,,,,,,,,,,,,,,,,,,,,
141.095,5.0,5.0,-1.0,-1.0,-1.0,-1.0,0.0,0.0,0.0,5.0,5.0,0.0,0.0,0.0,0.0,0.0,0.0,0.0,0.0,,,,,1000.0,,,,,,,,,,,,,,,,,,,,
141.115,5.0,5.0,-1.0,-1.0,-1.0,-1.0,0.0,0.0,0.0,5.0,5.0,0.0,0.0,0.0,0.0,0.0,0.0,0.0,0.0,,,,,1000.0,,,,,,,,,,,,,,,,,,,,
141.135,5.0,5.0,-1.0,-1.0,-1.0,-1.0,0.0,0.0,0.0,5.0,5.0,0.0,0.0,0.0,0.0,0.0,0.0,0.0,0.0,,,,,1000.0,,,,,,,,,,,,,,,,,,,,
141.155,5.0,5.0,-1.0,-1.0,-1.0,-1.0,0.0,0.0,0.0,5.0,5.0,0.0,0.0,0.0,0.0,0.0,0.0,0.0,0.0,,,,,1000.0,,,,,,,,,,,,,,,,,,,,
141.175,5.0,5.0,-1.0,-1.0,-1.0,-1.0,0.0,0.0,0.0,5.0,5.0,0.0,0.0,0.0,0.0,0.0,0.0,0.0,0.0,,,,,1000.0,,,,,,,,,,,,,,,,,,,,
141.195,5.0,5.0,-1.0,-1.0,-1.0,-1.0,0.0,0.0,0.0,5.0,5.0,0.0,0.0,0.0,0.0,0.0,0.0,0.0,0.0,,,,,1000.0,,,,,,,,,,,,,,,,,,,,
141.215,5.0,5.0,-1.0,-1.0,-1.0,-1.0,0.0,0.0,0.0,5.0,5.0,0.0,0.0,0.0,0.0,0.0,0.0,0.0,0.0,,,,,1000.0,,,,,,,,,,,,,,,,,,,,
141.235,5.0,5.0,-1.0,-1.0,-1.0,-1.0,0.0,0.0,0.0,5.0,5.0,0.0,0.0,0.0,0.0,0.0,0.0,0.0,0.0,,,,,1000.0,,,,,,,,,,,,,,,,,,,,
141.255,5.0,5.0,-1.0,-1.0,-1.0,-1.0,0.0,0.0,0.0,5.0,5.0,0.0,0.0,0.0,0.0,0.0,0.0,0.0,0.0,,,,,1000.0,,,,,,,,,,,,,,,,,,,,
141.275,5.0,5.0,-1.0,-1.0,-1.0,-1.0,0.0,0.0,0.0,5.0,5.0,0.0,0.0,0.0,0.0,0.0,0.0,0.0,0.0,,,,,1000.0,,,,,,,,,,,,,,,,,,,,
141.295,5.0,5.0,-1.0,-1.0,-1.0,-1.0,0.0,0.0,0.0,5.0,5.0,0.0,0.0,0.0,0.0,0.0,0.0,0.0,0.0,,,,,1000.0,,,,,,,,,,,,,,,,,,,,
141.315,5.0,5.0,-1.0,-1.0,-1.0,-1.0,0.0,0.0,0.0,5.0,5.0,0.0,0.0,0.0,0.0,0.0,0.0,0.0,0.0,,,,,1000.0,,,,,,,,,,,,,,,,,,,,
141.335,5.0,5.0,-1.0,-1.0,-1.0,-1.0,0.0,0.0,0.0,5.0,5.0,0.0,0.0,0.0,0.0,0.0,0.0,0.0,0.0,,,,,1000.0,,,,,,,,,,,,,,,,,,,,
141.355,5.0,5.0,-1.0,-1.0,-1.0,-1.0,0.0,0.0,0.0,5.0,5.0,0.0,0.0,0.0,0.0,0.0,0.0,0.0,0.0,,,,,1000.0,,,,,,,,,,,,,,,,,,,,
141.375,5.0,5.0,-1.0,-1.0,-1.0,-1.0,0.0,0.0,0.0,5.0,5.0,0.0,0.0,0.0,0.0,0.0,0.0,0.0,0.0,,,,,1000.0,,,,,,,,,,,,,,,,,,,,
141.395,5.0,5.0,-1.0,-1.0,-1.0,-1.0,0.0,0.0,0.0,5.0,5.0,0.0,0.0,0.0,0.0,0.0,0.0,0.0,0.0,,,,,1000.0,,,,,,,,,,,,,,,,,,,,
141.415,5.0,5.0,-1.0,-1.0,-1.0,-1.0,0.0,0.0,0.0,5.0,5.0,0.0,0.0,0.0,0.0,0.0,0.0,0.0,0.0,,,,,1000.0,,,,,,,,,,,,,,,,,,,,
141.435,5.0,5.0,-1.0,-1.0,-1.0,-1.0,0.0,0.0,0.0,5.0,5.0,0.0,0.0,0.0,0.0,0.0,0.0,0.0,0.0,,,,,1000.0,,,,,,,,,,,,,,,,,,,,
141.455,5.0,5.0,-1.0,-1.0,-1.0,-1.0,0.0,0.0,0.0,5.0,5.0,0.0,0.0,0.0,0.0,0.0,0.0,0.0,0.0,,,,,1000.0,,,,,,,,,,,,,,,,,,,,
141.475,5.0,5.0,-1.0,-1.0,-1.0,-1.0,0.0,0.0,0.0,5.0,5.0,0.0,0.0,0.0,0.0,0.0,0.0,0.0,0.0,,,,,1000.0,,,,,,,,,,,,,,,,,,,,
141.495,5.0,5.0,-1.0,-1.0,-1.0,-1.0,0.0,0.0,0.0,5.0,5.0,0.0,0.0,0.0,0.0,0.0,0.0,0.0,0.0,,,,,1000.0,,,,,,,,,,,,,,,,,,,,
141.515,5.0,5.0,-1.0,-1.0,-1.0,-1.0,0.0,0.0,0.0,5.0,5.0,0.0,0.0,0.0,0.0,0.0,0.0,0.0,0.0,,,,,1000.0,,,,,,,,,,,,,,,,,,,,
141.535,5.0,5.0,-1.0,-1.0,-1.0,-1.0,0.0,0.0,0.0,5.0,5.0,0.0,0.0,0.0,0.0,0.0,0.0,0.0,0.0,,,,,1000.0,,,,,,,,,,,,,,,,,,,,
141.555,5.0,5.0,-1.0,-1.0,-1.0,-1.0,0.0,0.0,0.0,5.0,5.0,0.0,0.0,0.0,0.0,0.0,0.0,0.0,0.0,,,,,1000.0,,,,,,,,,,,,,,,,,,,,
141.575,5.0,5.0,-1.0,-1.0,-1.0,-1.0,0.0,0.0,0.0,5.0,5.0,0.0,0.0,0.0,0.0,0.0,0.0,0.0,0.0,,,,,1000.0,,,,,,,,,,,,,,,,,,,,
141.595,5.0,5.0,-1.0,-1.0,-1.0,-1.0,0.0,0.0,0.0,5.0,5.0,0.0,0.0,0.0,0.0,0.0,0.0,0.0,0.0,,,,,1000.0,,,,,,,,,,,,,,,,,,,,
141.614,5.0,5.0,-1.0,-1.0,-1.0,-1.0,0.0,0.0,0.0,5.0,5.0,0.0,0.0,0.0,0.0,0.0,0.0,0.0,0.0,,,,,1000.0,,,,,,,,,,,,,,,,,,,,
141.634,5.0,5.0,-1.0,-1.0,-1.0,-1.0,0.0,0.0,0.0,5.0,5.0,0.0,0.0,0.0,0.0,0.0,0.0,0.0,0.0,,,,,1000.0,,,,,,,,,,,,,,,,,,,,
141.654,5.0,5.0,-1.0,-1.0,-1.0,-1.0,0.0,0.0,0.0,5.0,5.0,0.0,0.0,0.0,0.0,0.0,0.0,0.0,0.0,,,,,1000.0,,,,,,,,,,,,,,,,,,,,
141.674,5.0,3.5999999046325684,1811.0,160.0,1811.0,160.0,-245.8999938964844,124.66999816894533,338.260009765625,0.0,0.0,0.0,0.0,0.0,-0.4693000018596649,0.328900009393692,0.8195000290870667,436.38198852539057,0.0,1811.0,160.0,1811.0,160.0,1000.0,,,,,,,,,,,,,,,,,,,,
141.694,5.0,5.0,-1.0,-1.0,-1.0,-1.0,0.0,0.0,0.0,5.0,5.0,0.0,0.0,0.0,0.0,0.0,0.0,0.0,0.0,,,1821.5,254.5,1000.0,190.52762646669,,,,,,,,,,529.0,529.0,141684.0,141944.0,260.0,15.5664054312034,585.4378119659191,13975.2566898957,-16383.7557647779,139.162074822348
141.714,5.0,3.7200000286102295,1832.0,349.0,1832.0,349.0,-259.32000732421875,70.69999694824219,346.510009765625,0.0,0.0,0.0,0.0,0.0,-0.496399998664856,0.2079000025987624,0.8428000211715698,438.5368041992188,0.0,1832.0,349.0,1802.0,354.0,1000.0,210.023883128516,974.812833091325,,,,,,,,,529.0,529.0,141684.0,141944.0,260.0,15.5664054312034,585.4378119659191,13975.2566898957,-16383.7557647779,139.162074822348
141.734,5.0,5.0,-1.0,-1.0,-1.0,-1.0,0.0,0.0,0.0,5.0,5.0,0.0,0.0,0.0,0.0,0.0,0.0,0.0,0.0,,,1752.5,458.5,1000.0,249.598252862732,1978.7184867107696,,,,,,,,,529.0,529.0,141684.0,141944.0,260.0,15.5664054312034,585.4378119659191,13975.2566898957,-16383.7557647779,139.162074822348
141.754,3.7300000190734863,4.090000152587891,1673.0,568.0,1673.0,568.0,-217.5200042724609,4.03000020980835,356.3599853515625,0.0,0.0,-0.4102999866008759,0.0227000005543232,0.9117000102996826,-0.5351999998092651,0.0917999967932701,0.8396999835968018,417.5208129882813,0.0,1673.0,568.0,1579.0,502.833333333333,1000.0,449.630083746034,10001.5915441651,,,,,,,,,529.0,529.0,141684.0,141944.0,260.0,15.5664054312034,585.4378119659191,13975.2566898957,-16383.7557647779,139.162074822348
141.774,5.0,3.869999885559082,-1.0,-1.0,-1.0,-1.0,0.0,0.0,0.0,5.0,5.0,0.0,0.0,0.0,-0.6201000213623047,0.1532000005245208,0.7694000005722046,0.0,0.0,,,1311.5,482.0,1000.0,585.4378119659191,6790.38641099428,,,,,,,,,529.0,529.0,141684.0,141944.0,260.0,15.5664054312034,585.4378119659191,13975.2566898957,-16383.7557647779,139.162074822348
141.794,3.039999961853028,5.0,950.0,396.0,950.0,396.0,9.279999732971191,66.02999877929689,423.6300048828125,0.0,0.0,-0.0313999988138675,0.1968999952077865,0.9799000024795532,0.0,0.0,0.0,428.8454895019531,0.0,950.0,396.0,1079.72222222222,423.444444444444,1000.0,433.014617408042,-7621.15972789386,,,,,,,,,529.0,529.0,141684.0,141944.0,260.0,15.5664054312034,585.4378119659191,13975.2566898957,-16383.7557647779,139.162074822348
141.814,5.0,4.1599998474121085,-1.0,-1.0,-1.0,-1.0,0.0,0.0,0.0,5.0,5.0,0.0,0.0,0.0,-0.5787000060081482,0.1914999932050705,0.7928000092506408,0.0,0.0,,,977.666666666667,392.333333333333,1000.0,105.339502112484,-16383.7557647779,,,,,,,,,529.0,529.0,141684.0,141944.0,260.0,15.5664054312034,585.4378119659191,13975.2566898957,-16383.7557647779,139.162074822348
141.834,5.0,5.0,-1.0,-1.0,-1.0,-1.0,0.0,0.0,0.0,5.0,5.0,0.0,0.0,0.0,0.0,0.0,0.0,0.0,0.0,,,1005.33333333333,388.666666666667,1000.0,384.844635910397,13975.2566898957,,,,,,,,,529.0,529.0,141684.0,141944.0,260.0,15.5664054312034,585.4378119659191,13975.2566898957,-16383.7557647779,139.162074822348
141.854,3.0999999046325684,5.0,1033.0,385.0,1033.0,385.0,-21.32999992370605,69.66000366210939,420.7900085449218,0.0,0.0,-0.0982000008225441,0.2045000046491622,0.973900020122528,0.0,0.0,0.0,427.0500183105469,0.0,1033.0,385.0,1285.44444444444,402.222222222222,1000.0,544.355459133415,7975.54116115088,,,,,,,,,529.0,529.0,141684.0,141944.0,260.0,15.5664054312034,585.4378119659191,13975.2566898957,-16383.7557647779,139.162074822348
141.874,5.0,4.300000190734863,1818.0,433.0,1818.0,433.0,-247.94999694824216,43.900001525878906,336.010009765625,0.0,0.0,0.0,0.0,0.0,-0.4914000034332275,0.1510999947786331,0.857800006866455,419.8918151855469,0.0,1818.0,433.0,1455.66666666667,421.666666666667,1000.0,378.43122977776494,-8296.21146778251,,,,,,,,,529.0,529.0,141684.0,141944.0,260.0,15.5664054312034,585.4378119659191,13975.2566898957,-16383.7557647779,139.162074822348
141.894,3.619999885559082,4.360000133514404,1516.0,447.0,1516.0,447.0,-175.69000244140625,43.060001373291016,372.8699951171875,0.0,0.0,-0.3068000078201293,0.1552000045776367,0.9390000104904176,-0.4537000060081482,0.1358000040054321,0.8808000087738037,414.43115234375,0.0,1516.0,447.0,1633.66666666667,447.333333333333,1000.0,127.550586421842,-12544.032167796102,,,,,,,,,529.0,529.0,141684.0,141944.0,260.0,15.5664054312034,585.4378119659191,13975.2566898957,-16383.7557647779,139.162074822348
141.914,3.809999942779541,4.369999885559082,1567.0,462.0,1567.0,462.0,-189.63999938964844,37.93999862670898,367.3699951171875,0.0,0.0,-0.3709000051021576,0.124099999666214,0.9204000234603882,-0.4528999924659729,0.1428000032901764,0.8799999952316285,415.1668090820313,0.0,1567.0,462.0,1573.66666666667,450.333333333333,1000.0,39.130238755835705,-4421.01738330033,,,,,,,,,529.0,529.0,141684.0,141944.0,260.0,15.5664054312034,585.4378119659191,13975.2566898957,-16383.7557647779,139.162074822348
141.934,3.9800000190734863,4.389999866485596,1638.0,442.0,1638.0,442.0,-207.4900054931641,43.34999847412109,358.25,0.0,0.0,-0.4395999908447265,0.1333999931812286,0.8883000016212462,-0.4636000096797943,0.1564999967813491,0.8720999956130981,416.2623901367188,0.0,1638.0,442.0,1593.0,452.0,1000.0,30.6935424425462,-421.8348156644741,,,,,,,,,529.0,529.0,141684.0,141944.0,260.0,15.5664054312034,585.4378119659191,13975.2566898957,-16383.7557647779,139.162074822348
141.954,4.059999942779541,5.0,1574.0,452.0,1574.0,452.0,-191.69999694824216,40.91999816894531,367.01998901367193,0.0,0.0,-0.4672000110149384,0.1349000036716461,0.873799979686737,0.0,0.0,0.0,416.0853576660156,0.0,1574.0,452.0,1605.0,447.0,1000.0,6.95241940557266,-1187.0561518486802,252.0,252.0,1606.55555555556,446.111111111111,141944.0,142004.0,60.0,0.395873628207998,,,,,,,,,,
141.974,4.139999866485596,5.0,1603.0,447.0,1603.0,447.0,-198.8600006103516,42.16999816894531,362.6799926757813,0.0,0.0,-0.4828000068664551,0.1374000012874603,0.86489999294281,0.0,0.0,0.0,415.7648315429688,0.0,1603.0,447.0,1598.33333333333,447.666666666667,1000.0,11.349891934620302,219.87362645238,252.0,252.0,1606.55555555556,446.111111111111,141944.0,142004.0,60.0,0.395873628207998,,,,,,,,,,
141.994,4.190000057220459,5.0,1618.0,444.0,1618.0,444.0,-202.3500061035156,42.97999954223633,360.4700012207031,0.0,0.0,-0.4902999997138977,0.1389999985694885,0.8604000210762024,0.0,0.0,0.0,415.6097106933594,0.0,1618.0,444.0,1616.33333333333,443.666666666667,1000.0,22.4476474658416,554.887776561069,252.0,252.0,1606.55555555556,446.111111111111,141944.0,142004.0,60.0,0.395873628207998,,,,,,,,,,
142.014,4.2199997901916495,5.0,1628.0,440.0,1628.0,440.0,-204.63999938964844,44.209999084472656,358.8900146484375,0.0,0.0,-0.4952999949455261,0.1415999978780746,0.857100009918213,0.0,0.0,0.0,415.4925842285156,0.0,1628.0,440.0,1606.0,428.333333333333,1000.0,32.4572489803683,500.4800757263311,,,,,,,,,530.0,530.0,142004.0,142064.0,60.0,2.21786541562768,41.802092402704,500.4800757263311,,175.97800982298
142.034,4.119999885559082,4.400000095367432,1572.0,401.0,1572.0,401.0,-2366.72998046875,711.0999755859375,4545.18994140625,0.0,0.0,-0.456499993801117,0.1380999982357025,0.8788999915122986,-0.4505999982357025,0.1432999968528747,0.8810999989509583,5173.56982421875,0.0,1572.0,401.0,1589.66666666667,427.0,1000.0,41.7807919375425,466.177147858713,,,,,,,,,530.0,530.0,142004.0,142064.0,60.0,2.21786541562768,41.802092402704,500.4800757263311,,175.97800982298
142.054,4.099999904632568,4.460000038146973,1569.0,440.0,1569.0,440.0,-2365.1298828125,557.3800048828125,4567.169921875,0.0,0.0,-0.450300008058548,0.1224000006914138,0.8844000101089478,-0.4562000036239624,0.0997999981045722,0.8842999935150146,5173.3505859375,0.0,1569.0,440.0,1563.33333333333,431.333333333333,1000.0,41.802092402704,1.06502325807618,,,,,,,,,530.0,530.0,142004.0,142064.0,60.0,2.21786541562768,41.802092402704,500.4800757263311,,175.97800982298
142.074,5.0,4.380000114440918,1549.0,453.0,1549.0,453.0,-2305.179931640625,508.76998901367193,4603.31005859375,0.0,0.0,0.0,0.0,0.0,-0.4372000098228455,0.1019999980926513,0.8935999870300293,5173.3125,0.0,1549.0,453.0,1555.33333333333,450.0,1000.0,22.235775229824,-978.315858644003,,,,,,,,,,,,,,,,,,
142.094,5.0,4.340000152587891,1548.0,457.0,1548.0,457.0,-2302.919921875,495.20999145507807,4605.919921875,0.0,0.0,0.0,0.0,0.0,-0.4368000030517577,0.0993999987840652,0.8941000103950499,5173.3134765625,0.0,1548.0,457.0,1554.44444444444,449.666666666667,1000.0,16.2652405823669,-298.526732372855,,,,,,,,,,,,,,,,,,
142.114,5.0,5.0,-1.0,-1.0,-1.0,-1.0,0.0,0.0,0.0,5.0,5.0,0.0,0.0,0.0,0.0,0.0,0.0,0.0,1.0,,,1566.33333333333,439.0,1000.0,43.0606863087156,1339.77228631744,,,,,,,,,531.0,531.0,142104.0,142504.0,400.0,21.745832019960105,460.069375170308,11255.9949285138,-11828.732140523502,316.591140271195
142.134,5.0,5.0,-1.0,-1.0,-1.0,-1.0,0.0,0.0,0.0,5.0,5.0,0.0,0.0,0.0,0.0,0.0,0.0,0.0,1.0,,,1584.66666666667,421.0,1000.0,156.599648848024,5676.948126965401,,,,,,,,,531.0,531.0,142104.0,142504.0,400.0,21.745832019960105,460.069375170308,11255.9949285138,-11828.732140523502,316.591140271195
142.154,3.690000057220459,4.320000171661377,1603.0,403.0,1603.0,403.0,-297.3699951171875,84.23999786376955,542.9600219726562,0.0,0.0,-0.4611999988555908,0.1809999942779541,0.8686000108718872,-0.4287000000476837,0.1416999995708465,0.8923000097274781,624.7646484375,0.0,1603.0,403.0,1440.55555555556,369.666666666667,1000.0,381.71954741829904,11255.9949285138,,,,,,,,,531.0,531.0,142104.0,142504.0,400.0,21.745832019960105,460.069375170308,11255.9949285138,-11828.732140523502,316.591140271195
142.174,5.0,3.849999904632568,1134.0,285.0,1134.0,285.0,-80.98999786376955,149.00999450683594,587.5399780273438,0.0,0.0,0.0,0.0,0.0,-0.0723000019788742,0.2666999995708465,0.9610999822616576,611.528076171875,0.0,1134.0,285.0,1258.33333333333,319.33333333333303,1000.0,460.069375170308,3917.49138760044,,,,,,,,,531.0,531.0,142104.0,142504.0,400.0,21.745832019960105,460.069375170308,11255.9949285138,-11828.732140523502,316.591140271195
142.194,5.0,3.7799999713897705,1038.0,270.0,1038.0,270.0,-31.34000015258789,156.75999450683594,587.8400268554688,0.0,0.0,0.0,0.0,0.0,0.0043999999761581,0.2793000042438507,0.960200011730194,609.189453125,0.0,1038.0,270.0,1067.0,279.0,1000.0,275.955208118322,-9205.7083525993,,,,,,,,,531.0,531.0,142104.0,142504.0,400.0,21.745832019960105,460.069375170308,11255.9949285138,-11828.732140523502,316.591140271195
142.214,5.0,3.7899999618530273,1029.0,282.0,1029.0,282.0,-26.899999618530277,150.99000549316406,589.47998046875,0.0,0.0,0.0,0.0,0.0,0.0111999996006488,0.2703000009059906,0.9627000093460084,609.1044921875,0.0,1029.0,282.0,1037.66666666667,285.33333333333303,1000.0,39.380565307851,-11828.732140523502,,,,,,,,,531.0,531.0,142104.0,142504.0,400.0,21.745832019960105,460.069375170308,11255.9949285138,-11828.732140523502,316.591140271195
142.234,5.0,3.829999923706055,1046.0,304.0,1046.0,304.0,-36.09999847412109,140.19000244140622,592.239990234375,0.0,0.0,0.0,0.0,0.0,-0.0031000000890344,0.2533000111579895,0.967400014400482,609.6758422851562,0.0,1046.0,304.0,1047.33333333333,304.33333333333303,1000.0,54.9002411160705,775.983790410977,,,,,,,,,531.0,531.0,142104.0,142504.0,400.0,21.745832019960105,460.069375170308,11255.9949285138,-11828.732140523502,316.591140271195
142.254,5.0,3.8599998950958248,1067.0,327.0,1067.0,327.0,-47.09000015258789,129.1300048828125,594.6599731445312,0.0,0.0,0.0,0.0,0.0,-0.0201999992132186,0.2358999997377396,0.9715999960899352,610.3380737304688,0.0,1067.0,327.0,1061.66666666667,322.0,1000.0,57.011040931187296,105.539990755836,,,,,,,,,531.0,531.0,142104.0,142504.0,400.0,21.745832019960105,460.069375170308,11255.9949285138,-11828.732140523502,316.591140271195
142.274,5.0,3.869999885559082,1072.0,335.0,1072.0,335.0,-49.81999969482422,124.87000274658205,595.5499877929688,0.0,0.0,0.0,0.0,0.0,-0.02449999935925,0.229200005531311,0.973100006580353,610.5361328125,0.0,1072.0,335.0,1076.33333333333,339.0,1000.0,49.00648758734391,-400.22766719216696,,,,,,,,,531.0,531.0,142104.0,142504.0,400.0,21.745832019960105,460.069375170308,11255.9949285138,-11828.732140523502,316.591140271195
142.294,5.0,3.900000095367432,1090.0,355.0,1090.0,355.0,-59.70000076293945,115.1999969482422,597.2100219726562,0.0,0.0,0.0,0.0,0.0,-0.0397999994456768,0.2140000015497208,0.9760000109672546,611.1422729492188,0.0,1090.0,355.0,1087.33333333333,351.0,1000.0,127.704612691482,3934.9062552069104,,,,,,,,,531.0,531.0,142104.0,142504.0,400.0,21.745832019960105,460.069375170308,11255.9949285138,-11828.732140523502,316.591140271195
142.314,5.0,3.910000085830689,1100.0,363.0,1100.0,363.0,-65.02999877929689,110.95999908447266,597.780029296875,0.0,0.0,0.0,0.0,0.0,-0.0480999983847141,0.2073000073432922,0.9771000146865844,611.4588623046875,0.0,1100.0,363.0,1174.0,366.666666666667,1000.0,163.479656705925,1788.75220072213,,,,,,,,,531.0,531.0,142104.0,142504.0,400.0,21.745832019960105,460.069375170308,11255.9949285138,-11828.732140523502,316.591140271195
142.334,5.0,4.28000020980835,1332.0,382.0,1332.0,382.0,-180.8099975585937,99.09999847412108,581.7899780273438,0.0,0.0,0.0,0.0,0.0,-0.2275000065565109,0.1872999966144561,0.9556000232696532,617.2460327148438,0.0,1332.0,382.0,1215.66666666667,376.666666666667,1000.0,87.2215918811885,-3812.90324123682,,,,,,,,,531.0,531.0,142104.0,142504.0,400.0,21.745832019960105,460.069375170308,11255.9949285138,-11828.732140523502,316.591140271195
142.354,5.0,4.099999904632568,1215.0,385.0,1215.0,385.0,-124.19000244140624,99.08999633789062,593.469970703125,0.0,0.0,0.0,0.0,0.0,-0.1397999972105026,0.1880999952554702,0.9721999764442444,614.3684692382812,0.0,1215.0,385.0,1242.33333333333,385.0,1000.0,36.2069553697226,-2550.73182557329,,,,,,,,,531.0,531.0,142104.0,142504.0,400.0,21.745832019960105,460.069375170308,11255.9949285138,-11828.732140523502,316.591140271195
142.374,5.0,4.039999961853027,1180.0,388.0,1180.0,388.0,-106.63999938964844,97.88999938964844,596.260009765625,0.0,0.0,0.0,0.0,0.0,-0.1125999987125396,0.1863999962806701,0.9760000109672546,613.580078125,0.0,1180.0,388.0,1245.5,373.5,1000.0,123.331130149271,4356.208738977411,,,,,,,,,531.0,531.0,142104.0,142504.0,400.0,21.745832019960105,460.069375170308,11255.9949285138,-11828.732140523502,316.591140271195
142.394,5.0,5.0,-1.0,-1.0,-1.0,-1.0,0.0,0.0,0.0,5.0,5.0,0.0,0.0,0.0,0.0,0.0,0.0,0.0,1.0,,,1341.5,347.5,1000.0,312.958550336186,9481.37100934574,,,,,,,,,531.0,531.0,142104.0,142504.0,400.0,21.745832019960105,460.069375170308,11255.9949285138,-11828.732140523502,316.591140271195
142.414,5.0,4.289999961853027,1503.0,307.0,1503.0,307.0,-253.4600067138672,131.22000122070312,552.1199951171875,0.0,0.0,0.0,0.0,0.0,-0.3398999869823456,0.2369000017642975,0.910099983215332,621.528076171875,0.0,1503.0,307.0,1519.16666666667,294.5,1000.0,348.663398575765,1785.24241197897,,,,,,,,,531.0,531.0,142104.0,142504.0,400.0,21.745832019960105,460.069375170308,11255.9949285138,-11828.732140523502,316.591140271195
142.434,5.0,4.269999980926514,1713.0,229.0,1713.0,229.0,-328.92999267578125,157.4600067138672,509.73001098632807,0.0,0.0,0.0,0.0,0.0,-0.4569000005722046,0.2772000133991241,0.8452000021934509,626.7481689453125,0.0,1713.0,229.0,1672.66666666667,241.333333333333,1000.0,254.160218672308,-4725.15899517284,,,,,,,,,531.0,531.0,142104.0,142504.0,400.0,21.745832019960105,460.069375170308,11255.9949285138,-11828.732140523502,316.591140271195
142.454,5.0,4.239999771118164,1802.0,188.0,1802.0,188.0,-353.7699890136719,169.5,491.1499938964844,0.0,0.0,0.0,0.0,0.0,-0.4954000115394592,0.2955999970436096,0.8167999982833862,628.5791625976562,0.0,1802.0,188.0,1787.66666666667,193.333333333333,1000.0,148.82641214049602,-5266.690326590589,,,,,,,,,531.0,531.0,142104.0,142504.0,400.0,21.745832019960105,460.069375170308,11255.9949285138,-11828.732140523502,316.591140271195
142.474,5.0,4.150000095367432,1848.0,163.0,1848.0,163.0,-364.8599853515625,176.08999633789062,481.7900085449218,0.0,0.0,0.0,0.0,0.0,-0.5127000212669373,0.3057999908924103,0.802299976348877,629.485595703125,0.0,1848.0,163.0,1841.66666666667,166.0,1000.0,73.80812618351979,-3750.91429784883,,,,,,,,,531.0,531.0,142104.0,142504.0,400.0,21.745832019960105,460.069375170308,11255.9949285138,-11828.732140523502,316.591140271195
142.494,5.0,4.070000171661377,1875.0,147.0,1875.0,147.0,-370.489990234375,180.08999633789062,476.6400146484375,0.0,0.0,0.0,0.0,0.0,-0.5214999914169312,0.3120999932289123,0.7940999865531922,629.98486328125,0.0,1875.0,147.0,1874.66666666667,147.333333333333,1000.0,49.36799459274879,-1222.00657953855,,,,,,,,,531.0,531.0,142104.0,142504.0,400.0,21.745832019960105,460.069375170308,11255.9949285138,-11828.732140523502,316.591140271195
142.514,5.0,4.03000020980835,1901.0,132.0,1901.0,132.0,-375.3599853515625,183.69999694824216,472.0299987792969,0.0,0.0,0.0,0.0,0.0,-0.5291000008583069,0.3176999986171722,0.786899983882904,630.4388427734375,0.0,1901.0,132.0,1901.0,132.0,1000.0,,,,,,,,,,,,,,,,,,,,
142.534,5.0,4.010000228881836,-1.0,-1.0,-1.0,-1.0,0.0,0.0,0.0,5.0,5.0,0.0,0.0,0.0,-0.5350000262260437,0.3206999897956848,0.7815999984741211,0.0,1.0,,,,,1000.0,,,,,,,,,,,,,,,,,,,,
142.554,5.0,4.0,-1.0,-1.0,-1.0,-1.0,0.0,0.0,0.0,5.0,5.0,0.0,0.0,0.0,-0.5361999869346618,0.3203000128269196,0.7809000015258789,0.0,1.0,,,,,1000.0,,,,,,,,,,,,,,,,,,,,
142.574,5.0,5.0,-1.0,-1.0,-1.0,-1.0,0.0,0.0,0.0,5.0,5.0,0.0,0.0,0.0,0.0,0.0,0.0,0.0,1.0,,,,,1000.0,,,,,,,,,,,,,,,,,,,,
142.594,5.0,4.360000133514404,1690.0,215.0,1690.0,215.0,-319.5,164.22000122070312,511.4700012207031,0.0,0.0,0.0,0.0,0.0,-0.441100001335144,0.2860000133514404,0.8507000207901001,625.02001953125,0.0,1690.0,215.0,1690.0,215.0,1000.0,,,,,,,,,,,,,,,,,,,,
142.614,5.0,4.139999866485596,1812.0,172.0,1812.0,172.0,-355.4200134277344,175.02999877929688,487.9500122070313,0.0,0.0,0.0,0.0,0.0,-0.4975999891757965,0.3037000000476837,0.8125,628.5332641601562,0.0,1812.0,172.0,1785.0,177.333333333333,1000.0,89.2452026422111,,,,,,,,,,532.0,532.0,142604.0,142724.0,120.0,10.6542030151581,119.141628526682,3840.3503456158,-2373.41317020007,144.94722883201402
142.634,2.930000066757202,4.170000076293944,1853.0,145.0,1853.0,145.0,-364.6000061035156,182.2899932861328,479.5499877929688,0.0,0.0,-0.4921999871730805,0.5938000082969666,0.6366000175476074,-0.5120999813079834,0.3151000142097473,0.7990000247955322,629.389404296875,0.0,1853.0,145.0,1793.33333333333,178.0,1000.0,42.3346216143657,-2345.52905139227,,,,,,,,,532.0,532.0,142604.0,142724.0,120.0,10.6542030151581,119.141628526682,3840.3503456158,-2373.41317020007,144.94722883201402
142.654,5.0,4.28000020980835,1715.0,217.0,1715.0,217.0,-328.6000061035156,162.22000122070312,507.8599853515625,0.0,0.0,0.0,0.0,0.0,-0.4560999870300293,0.2833999991416931,0.8435999751091003,626.270751953125,0.0,1715.0,217.0,1741.33333333333,206.666666666667,1000.0,119.141628526682,3840.3503456158,,,,,,,,,532.0,532.0,142604.0,142724.0,120.0,10.6542030151581,119.141628526682,3840.3503456158,-2373.41317020007,144.94722883201402
142.674,5.0,4.309999942779541,1656.0,258.0,1656.0,258.0,-310.4599914550781,147.3699951171875,521.8300170898438,0.0,0.0,0.0,0.0,0.0,-0.4278999865055084,0.2601000070571899,0.8655999898910522,624.827880859375,0.0,1656.0,258.0,1668.66666666667,250.0,1000.0,111.54939823601102,-379.611514533554,,,,,,,,,532.0,532.0,142604.0,142724.0,120.0,10.6542030151581,119.141628526682,3840.3503456158,-2373.41317020007,144.94722883201402
142.694,5.0,4.320000171661377,1635.0,275.0,1635.0,275.0,-303.4800109863281,140.7899932861328,527.1099853515625,0.0,0.0,0.0,0.0,0.0,-0.4169999957084656,0.2498999983072281,0.87389999628067,624.3131103515625,0.0,1635.0,275.0,1634.66666666667,278.0,1000.0,64.0811348320092,-2373.41317020007,,,,,,,,,532.0,532.0,142604.0,142724.0,120.0,10.6542030151581,119.141628526682,3840.3503456158,-2373.41317020007,144.94722883201402
142.714,5.0,4.289999961853027,1613.0,301.0,1613.0,301.0,-296.5599975585937,130.21000671386722,533.219970703125,0.0,0.0,0.0,0.0,0.0,-0.4063000082969665,0.2334000021219253,0.8834999799728394,623.8798217773438,0.0,1613.0,301.0,1616.33333333333,295.66666666666697,1000.0,42.734121024921606,-1067.35069035438,,,,,,,,,532.0,532.0,142604.0,142724.0,120.0,10.6542030151581,119.141628526682,3840.3503456158,-2373.41317020007,144.94722883201402
142.734,5.0,4.28000020980835,1601.0,311.0,1601.0,311.0,-292.8299865722656,125.94000244140624,536.02001953125,0.0,0.0,0.0,0.0,0.0,-0.4004000127315521,0.2266999930143356,0.8877999782562256,623.6406860351562,0.0,1601.0,311.0,1603.0,309.66666666666697,1000.0,24.1190945729525,-930.751322598454,253.0,253.0,1584.7956989247302,330.182795698925,142724.0,143343.0,619.0,0.7389679472533821,,,,,,,,,,
142.754,5.0,4.289999961853027,1595.0,317.0,1595.0,317.0,-290.7099914550781,123.56999969482422,537.5599975585938,0.0,0.0,0.0,0.0,0.0,-0.3971000015735625,0.2230000048875808,0.8902000188827514,623.5003051757812,0.0,1595.0,317.0,1598.66666666667,313.33333333333303,1000.0,4.09068532051796,-1001.42046262173,253.0,253.0,1584.7956989247302,330.182795698925,142724.0,143343.0,619.0,0.7389679472533821,,,,,,,,,,
142.774,5.0,4.300000190734863,1600.0,312.0,1600.0,312.0,-292.1700134277344,125.9499969482422,536.3200073242189,0.0,0.0,0.0,0.0,0.0,-0.3993999958038329,0.2266999930143356,0.8883000016212462,623.5911254882812,0.0,1600.0,312.0,1599.66666666667,312.33333333333303,1000.0,1.59504707898696,-124.78191207655,253.0,253.0,1584.7956989247302,330.182795698925,142724.0,143343.0,619.0,0.7389679472533821,,,,,,,,,,
142.794,5.0,4.300000190734863,1604.0,308.0,1604.0,308.0,-293.4599914550781,127.58999633789064,535.3300170898438,0.0,0.0,0.0,0.0,0.0,-0.4013999998569489,0.2293000072240829,0.8866999745368958,623.6795654296875,0.0,1604.0,308.0,1600.0,312.33333333333303,1000.0,3.77179796499481,108.837544300393,253.0,253.0,1584.7956989247302,330.182795698925,142724.0,143343.0,619.0,0.7389679472533821,,,,,,,,,,
142.814,5.0,4.289999961853027,1596.0,317.0,1596.0,317.0,-291.1400146484375,123.56999969482422,537.3800048828125,0.0,0.0,0.0,0.0,0.0,-0.3977999985218048,0.2230000048875808,0.889900028705597,623.5457763671875,0.0,1596.0,317.0,1597.33333333333,315.33333333333303,1000.0,12.327338517404002,427.77702762045897,253.0,253.0,1584.7956989247302,330.182795698925,142724.0,143343.0,619.0,0.7389679472533821,,,,,,,,,,
142.834,5.0,4.300000190734863,1592.0,321.0,1592.0,321.0,-289.489990234375,121.97000122070312,538.5,0.0,0.0,0.0,0.0,0.0,-0.3953000009059906,0.2205999940633773,0.891700029373169,623.4287109375,0.0,1592.0,321.0,1591.66666666667,321.66666666666697,1000.0,14.0318352052531,85.2248343924567,253.0,253.0,1584.7956989247302,330.182795698925,142724.0,143343.0,619.0,0.7389679472533821,,,,,,,,,,
142.854,2.7300000190734863,4.289999961853027,1587.0,327.0,1587.0,327.0,-287.8699951171875,119.20999908447266,539.8800048828125,0.0,0.0,-0.4532000124454498,0.6481999754905701,0.6118999719619751,-0.3926999866962433,0.2162999957799911,0.8938999772071838,623.3382568359375,0.0,1587.0,327.0,1588.0,326.0,1000.0,8.37443742404541,-282.869889060386,253.0,253.0,1584.7956989247302,330.182795698925,142724.0,143343.0,619.0,0.7389679472533821,,,,,,,,,,
142.874,5.0,4.289999961853027,1585.0,330.0,1585.0,330.0,-287.4700012207032,118.16000366210938,540.3099975585938,0.0,0.0,0.0,0.0,0.0,-0.3921000063419342,0.214599996805191,0.8945000171661377,623.3262939453125,0.0,1585.0,330.0,1586.66666666667,328.33333333333303,1000.0,1.4616040563779,-345.641668383376,253.0,253.0,1584.7956989247302,330.182795698925,142724.0,143343.0,619.0,0.7389679472533821,,,,,,,,,,
142.894,5.0,4.300000190734863,1588.0,328.0,1588.0,328.0,-288.2799987792969,119.11000061035156,539.72998046875,0.0,0.0,0.0,0.0,0.0,-0.3932999968528748,0.2161000072956084,0.8935999870300293,623.3787231445312,0.0,1588.0,328.0,1588.0,327.33333333333303,1000.0,2.53950285763561,53.8949400628858,253.0,253.0,1584.7956989247302,330.182795698925,142724.0,143343.0,619.0,0.7389679472533821,,,,,,,,,,
142.914,5.0,4.309999942779541,1591.0,324.0,1591.0,324.0,-289.489990234375,120.61000061035156,538.8400268554689,0.0,0.0,0.0,0.0,0.0,-0.3952000141143799,0.2185000032186508,0.892199993133545,623.4579467773438,0.0,1591.0,324.0,1588.66666666667,326.66666666666697,1000.0,3.71457308078928,58.75351115768311,253.0,253.0,1584.7956989247302,330.182795698925,142724.0,143343.0,619.0,0.7389679472533821,,,,,,,,,,
142.934,5.0,4.320000171661377,1587.0,328.0,1587.0,328.0,-288.25,118.91000366210938,539.7899780273438,0.0,0.0,0.0,0.0,0.0,-0.3932999968528748,0.2158000022172928,0.8937000036239624,623.3786010742188,0.0,1587.0,328.0,1590.66666666667,324.66666666666697,1000.0,5.06424140156405,67.4834160387385,253.0,253.0,1584.7956989247302,330.182795698925,142724.0,143343.0,619.0,0.7389679472533821,,,,,,,,,,
142.954,5.0,4.329999923706056,1594.0,322.0,1594.0,322.0,-290.5,121.41999816894533,538.1900024414064,0.0,0.0,0.0,0.0,0.0,-0.3968000113964081,0.2196999937295913,0.8912000060081483,623.5234985351562,0.0,1594.0,322.0,1592.66666666667,323.33333333333303,1000.0,3.71915478660301,-67.254330748052,253.0,253.0,1584.7956989247302,330.182795698925,142724.0,143343.0,619.0,0.7389679472533821,,,,,,,,,,
142.974,5.0,4.329999923706056,1597.0,320.0,1597.0,320.0,-291.5799865722656,122.16999816894533,537.530029296875,0.0,0.0,0.0,0.0,0.0,-0.398499995470047,0.2208999991416931,0.8902000188827514,623.6047973632812,0.0,1597.0,320.0,1594.0,322.66666666666697,1000.0,1.87485076773765,-92.2152009432679,253.0,253.0,1584.7956989247302,330.182795698925,142724.0,143343.0,619.0,0.7389679472533821,,,,,,,,,,
142.994,5.0,4.329999923706056,1591.0,326.0,1591.0,326.0,-289.6499938964844,119.66000366210938,538.97998046875,0.0,0.0,0.0,0.0,0.0,-0.3955000042915344,0.2169999927282333,0.8924999833106994,623.47021484375,0.0,1591.0,326.0,1592.0,325.0,1000.0,8.15070064535438,313.79249388083696,253.0,253.0,1584.7956989247302,330.182795698925,142724.0,143343.0,619.0,0.7389679472533821,,,,,,,,,,
143.014,2.7699999809265137,4.340000152587891,1588.0,329.0,1588.0,329.0,-288.54998779296875,118.51000213623048,539.739990234375,0.0,0.0,-0.4490999877452849,0.6625000238418579,0.5995000004768372,-0.3937000036239624,0.2152000069618224,0.8937000036239624,623.39794921875,0.0,1588.0,329.0,1588.33333333333,328.66666666666697,1000.0,7.70243011423366,-22.4135265560364,253.0,253.0,1584.7956989247302,330.182795698925,142724.0,143343.0,619.0,0.7389679472533821,,,,,,,,,,
143.034,5.0,4.340000152587891,1586.0,331.0,1586.0,331.0,-287.70001220703125,117.4499969482422,540.3499755859375,0.0,0.0,0.0,0.0,0.0,-0.3923999965190888,0.2135999947786331,0.894699990749359,623.3328857421875,0.0,1586.0,331.0,1586.66666666667,330.66666666666697,1000.0,3.99815276710026,-185.21386735667,253.0,253.0,1584.7956989247302,330.182795698925,142724.0,143343.0,619.0,0.7389679472533821,,,,,,,,,,
143.054,2.789999961853028,4.349999904632568,1586.0,332.0,1586.0,332.0,-287.6199951171875,117.33999633789064,540.4099731445312,0.0,0.0,-0.4460999965667725,0.6646000146865845,0.599399983882904,-0.392300009727478,0.2134000062942505,0.8948000073432922,623.3272705078125,0.0,1586.0,332.0,1585.66666666667,331.66666666666697,1000.0,2.5467638984889,-72.5694434305679,253.0,253.0,1584.7956989247302,330.182795698925,142724.0,143343.0,619.0,0.7389679472533821,,,,,,,,,,
143.074,5.0,4.349999904632568,1585.0,332.0,1585.0,332.0,-287.45001220703125,117.0500030517578,540.5499877929689,0.0,0.0,0.0,0.0,0.0,-0.3919999897480011,0.2128999978303909,0.8949999809265136,623.3157348632812,0.0,1585.0,332.0,1584.66666666667,332.33333333333303,1000.0,3.3049542014434503,37.9095151477277,253.0,253.0,1584.7956989247302,330.182795698925,142724.0,143343.0,619.0,0.7389679472533821,,,,,,,,,,
143.094,2.799999952316284,4.360000133514404,1583.0,333.0,1583.0,333.0,-286.7099914550781,116.73999786376952,540.9400024414064,0.0,0.0,-0.4417000114917755,0.6514999866485596,0.6168000102043152,-0.3907999992370605,0.2124000042676925,0.8956000208854675,623.255126953125,0.0,1583.0,333.0,1582.66666666667,333.33333333333303,1000.0,5.59115135822277,114.309857838966,253.0,253.0,1584.7956989247302,330.182795698925,142724.0,143343.0,619.0,0.7389679472533821,,,,,,,,,,
143.114,5.0,4.360000133514404,1580.0,335.0,1580.0,335.0,-285.6700134277344,116.0,541.5599975585938,0.0,0.0,0.0,0.0,0.0,-0.3892000019550324,0.2113000005483627,0.8966000080108641,623.1777954101562,0.0,1580.0,335.0,1579.33333333333,334.66666666666697,1000.0,7.330929662321,86.9889152049112,253.0,253.0,1584.7956989247302,330.182795698925,142724.0,143343.0,619.0,0.7389679472533821,,,,,,,,,,
143.134,2.8299999237060547,4.349999904632568,1575.0,336.0,1575.0,336.0,-283.7799987792969,115.72000122070312,542.469970703125,0.0,0.0,-0.4402999877929688,0.6403999924659729,0.6294000148773194,-0.3862999975681305,0.2108000069856644,0.8980000019073486,623.0537109375,0.0,1575.0,336.0,1575.66666666667,336.33333333333303,1000.0,7.82678413899145,24.7927238335227,253.0,253.0,1584.7956989247302,330.182795698925,142724.0,143343.0,619.0,0.7389679472533821,,,,,,,,,,
143.154,2.8299999237060547,4.340000152587891,1572.0,338.0,1572.0,338.0,-282.5799865722656,114.65000152587892,543.239990234375,0.0,0.0,-0.4411999881267548,0.6413999795913696,0.6276999711990356,-0.3844000101089477,0.2091999948024749,0.8991000056266784,622.9813842773438,0.0,1572.0,338.0,1572.33333333333,338.66666666666697,1000.0,6.085641753000179,-87.0571192995637,253.0,253.0,1584.7956989247302,330.182795698925,142724.0,143343.0,619.0,0.7389679472533821,,,,,,,,,,
143.174,5.0,4.340000152587891,1570.0,342.0,1570.0,342.0,-281.8800048828125,113.16999816894533,543.8900146484375,0.0,0.0,0.0,0.0,0.0,-0.3833000063896179,0.2069000005722045,0.9000999927520752,622.9607543945312,0.0,1570.0,342.0,1571.0,340.33333333333303,1000.0,2.79305950737328,-164.62911228134502,253.0,253.0,1584.7956989247302,330.182795698925,142724.0,143343.0,619.0,0.7389679472533821,,,,,,,,,,
143.194,5.0,4.349999904632568,1571.0,341.0,1571.0,341.0,-282.2099914550781,113.36000061035156,543.7100219726562,0.0,0.0,0.0,0.0,0.0,-0.3837999999523162,0.2072000056505203,0.8999000191688538,622.9876098632812,0.0,1571.0,341.0,1571.0,341.0,1000.0,0.656092973786546,-106.848326679337,253.0,253.0,1584.7956989247302,330.182795698925,142724.0,143343.0,619.0,0.7389679472533821,,,,,,,,,,
143.214,2.539999961853028,4.360000133514404,1572.0,340.0,1572.0,340.0,-282.6300048828125,113.91999816894533,543.4000244140625,0.0,0.0,-0.4584999978542328,0.7391999959945678,0.4932999908924103,-0.3844999969005585,0.2081000059843063,0.899399995803833,623.0096435546875,0.0,1572.0,340.0,1571.66666666667,340.33333333333303,1000.0,1.02072557993062,18.231630307203694,253.0,253.0,1584.7956989247302,330.182795698925,142724.0,143343.0,619.0,0.7389679472533821,,,,,,,,,,
143.234,2.440000057220459,4.369999885559082,1572.0,340.0,1572.0,340.0,-282.7799987792969,113.75,543.3800048828125,0.0,0.0,-0.469099998474121,0.7810999751091003,0.4120999872684479,-0.3847000002861023,0.2078000009059906,0.899399995803833,623.0292358398438,0.0,1572.0,340.0,1572.0,340.66666666666697,1000.0,1.1810090715648702,8.01417458171235,253.0,253.0,1584.7956989247302,330.182795698925,142724.0,143343.0,619.0,0.7389679472533821,,,,,,,,,,
143.254,5.0,4.369999885559082,1572.0,342.0,1572.0,342.0,-282.7300109863281,113.08000183105467,543.5499877929689,0.0,0.0,0.0,0.0,0.0,-0.3846000134944916,0.2067999988794326,0.8996000289916992,623.0328369140625,0.0,1572.0,342.0,1572.0,341.33333333333303,1000.0,2.42222652332972,62.0608725882426,253.0,253.0,1584.7956989247302,330.182795698925,142724.0,143343.0,619.0,0.7389679472533821,,,,,,,,,,
143.273,2.440000057220459,4.369999885559082,1572.0,342.0,1572.0,342.0,-282.8699951171875,112.86000061035156,543.5399780273438,0.0,0.0,-0.4740999937057495,0.7822999954223632,0.4041000008583069,-0.3847999870777129,0.2064000070095062,0.8996000289916992,623.0477905273438,0.0,1572.0,342.0,1572.66666666667,342.66666666666697,1000.0,3.98855396433896,82.4382863689072,253.0,253.0,1584.7956989247302,330.182795698925,142724.0,143343.0,619.0,0.7389679472533821,,,,,,,,,,
143.293,2.440000057220459,4.369999885559082,1574.0,344.0,1574.0,344.0,-283.7300109863281,111.94000244140624,543.3900146484375,0.0,0.0,-0.4742000102996826,0.7825000286102296,0.4034000039100647,-0.3860999941825866,0.2049999982118606,0.899399995803833,623.1420288085938,0.0,1574.0,344.0,1574.33333333333,344.0,1000.0,5.44596636935022,72.8706202505632,253.0,253.0,1584.7956989247302,330.182795698925,142724.0,143343.0,619.0,0.7389679472533821,,,,,,,,,,
143.313,2.430000066757202,4.360000133514404,1577.0,346.0,1577.0,346.0,-285.17999267578125,111.15000152587892,542.9600219726562,0.0,0.0,-0.4754000008106232,0.7825000286102296,0.402099996805191,-0.388399988412857,0.2037999927997588,0.8986999988555907,623.2876586914064,0.0,1577.0,346.0,1577.33333333333,345.0,1000.0,6.182110549982231,36.8072090316004,253.0,253.0,1584.7956989247302,330.182795698925,142724.0,143343.0,619.0,0.7389679472533821,,,,,,,,,,
143.333,5.0,4.369999885559082,1581.0,345.0,1581.0,345.0,-286.3500061035156,111.26000213623048,542.4199829101562,0.0,0.0,0.0,0.0,0.0,-0.3901999890804291,0.2038999944925308,0.8978999853134155,623.37353515625,0.0,1581.0,345.0,1580.33333333333,345.333333333333,1000.0,11.4694772576631,264.36833538404204,253.0,253.0,1584.7956989247302,330.182795698925,142724.0,143343.0,619.0,0.7389679472533821,,,,,,,,,,
143.353,2.4200000762939453,4.369999885559082,1583.0,345.0,1583.0,345.0,-287.44000244140625,111.18000030517578,541.9600219726562,0.0,0.0,-0.4749999940395355,0.7888000011444093,0.3901999890804291,-0.3917999863624573,0.2037999927997588,0.8971999883651733,623.4608154296875,0.0,1583.0,345.0,1581.66666666667,335.0,1000.0,49.90007929582711,1921.5301019082,,,,,,,,,533.0,533.0,143343.0,143463.0,120.0,14.8687141759421,178.324761873373,3776.78310131786,-3370.35434042784,174.49372776849302
143.373,5.0,4.360000133514404,1581.0,315.0,1581.0,315.0,-284.79998779296875,124.72000122070312,539.5999755859375,0.0,0.0,0.0,0.0,0.0,-0.3880000114440918,0.224600002169609,0.8938999772071838,622.763427734375,0.0,1581.0,315.0,1538.33333333333,323.66666666666697,1000.0,125.435741322184,3776.78310131786,,,,,,,,,533.0,533.0,143343.0,143463.0,120.0,14.8687141759421,178.324761873373,3776.78310131786,-3370.35434042784,174.49372776849302
143.393,2.950000047683716,4.400000095367432,1451.0,311.0,1451.0,311.0,-231.16000366210935,130.61000061035156,558.6500244140625,0.0,0.0,-0.6251999735832214,0.2460000067949295,0.7407000064849854,-0.3059999942779541,0.2333000004291534,0.9229999780654908,618.5335693359375,0.0,1451.0,311.0,1460.33333333333,323.66666666666697,1000.0,178.324761873373,2644.4510275594503,,,,,,,,,533.0,533.0,143343.0,143463.0,120.0,14.8687141759421,178.324761873373,3776.78310131786,-3370.35434042784,174.49372776849302
143.413,3.299999952316284,4.28000020980835,1349.0,345.0,1349.0,345.0,-186.8699951171875,116.80999755859376,574.8699951171875,0.0,0.0,-0.5778999924659729,-0.0130000002682209,0.8159999847412109,-0.2382999956607818,0.2117000073194504,0.9477999806404112,615.6626586914064,0.0,1349.0,345.0,1370.66666666667,333.66666666666697,1000.0,159.663916789977,-933.042254169825,,,,,,,,,533.0,533.0,143343.0,143463.0,120.0,14.8687141759421,178.324761873373,3776.78310131786,-3370.35434042784,174.49372776849302
143.433,5.0,4.230000019073486,1312.0,345.0,1312.0,345.0,-169.63999938964844,117.47000122070312,578.8599853515625,0.0,0.0,0.0,0.0,0.0,-0.2119999974966048,0.2126999944448471,0.9538999795913696,614.537109375,0.0,1312.0,345.0,1317.66666666667,350.0,1000.0,92.25682998142,-3370.35434042784,,,,,,,,,533.0,533.0,143343.0,143463.0,120.0,14.8687141759421,178.324761873373,3776.78310131786,-3370.35434042784,174.49372776849302
143.453,3.759999990463257,4.170000076293944,1292.0,360.0,1292.0,360.0,-160.7100067138672,110.5,582.2999877929688,0.0,0.0,-0.6929000020027161,-0.0930000022053718,0.7149999737739563,-0.1982000023126602,0.2018000036478042,0.9592000246047973,614.0938110351562,0.0,1292.0,360.0,1294.66666666667,362.666666666667,1000.0,47.4744534780541,-2239.1188251682897,,,,,,,,,533.0,533.0,143343.0,143463.0,120.0,14.8687141759421,178.324761873373,3776.78310131786,-3370.35434042784,174.49372776849302
143.473,3.839999914169312,4.170000076293944,1280.0,383.0,1280.0,383.0,-155.7100067138672,99.09999847412108,585.5999755859375,0.0,0.0,-0.7182000279426575,-0.1337999999523162,0.6829000115394592,-0.1904000043869018,0.1840000003576278,0.964299976825714,613.9981689453125,0.0,1280.0,383.0,1284.66666666667,374.333333333333,1000.0,25.100287095538803,-1118.70831912577,,,,,,,,,,,,,,,,,,
143.493,3.849999904632568,4.190000057220459,1282.0,380.0,1282.0,380.0,-156.47999572753906,100.58999633789064,585.1900024414064,0.0,0.0,-0.7214999794960022,-0.1582999974489212,0.6740999817848206,-0.1915999948978424,0.1862999945878982,0.963599979877472,614.0453491210938,0.0,1282.0,380.0,1282.33333333333,380.0,1000.0,4.09900289292588,-1050.06421013064,,,,,,,,,,,,,,,,,,
143.513,3.869999885559082,4.199999809265137,1285.0,377.0,1285.0,377.0,-157.88999938964844,102.0500030517578,584.6300048828125,0.0,0.0,-0.7235000133514403,-0.1691000014543533,0.6693000197410583,-0.193800002336502,0.1885000020265579,0.9628000259399414,614.11376953125,0.0,1285.0,377.0,1285.0,377.666666666667,1000.0,78.51303887245881,3720.7017989766496,,,,,,,,,534.0,534.0,143503.0,143543.0,40.0,3.34929524503486,79.7832979511003,3720.7017989766496,,323.603121778698
143.533,3.8900001049041752,4.199999809265137,1288.0,376.0,1288.0,376.0,-159.3800048828125,102.26000213623048,584.280029296875,0.0,0.0,-0.7249000072479248,-0.1723999977111816,0.6668999791145325,-0.1959999948740005,0.1888999938964844,0.9621999859809875,614.200439453125,0.0,1288.0,376.0,1337.0,339.33333333333303,1000.0,79.7832979511003,63.5129539320758,,,,,,,,,534.0,534.0,143503.0,143543.0,40.0,3.34929524503486,79.7832979511003,3720.7017989766496,,323.603121778698
143.553,3.619999885559082,4.210000038146973,1438.0,265.0,1438.0,265.0,-221.5800018310547,150.67999267578125,551.0599975585938,0.0,0.0,-0.467299997806549,0.330700010061264,0.8198999762535094,-0.1985000073909759,0.1922000050544738,0.9610999822616576,612.7554931640625,0.0,1438.0,265.0,1342.0,338.0,1000.0,14.371496250167,-3270.59008504667,,,,,,,,,,,,,,,,,,
143.573,3.5699999332427974,4.170000076293944,1300.0,373.0,1300.0,373.0,-163.72999572753906,102.76000213623048,578.1199951171875,0.0,0.0,-0.3276999890804291,0.5069000124931335,0.7972999811172485,-0.2043000012636184,0.1912000030279159,0.960099995136261,609.5817260742188,0.0,1300.0,373.0,1349.0,342.33333333333303,1000.0,69.1818277940144,2740.51657719237,,,,,,,,,535.0,535.0,143563.0,143603.0,40.0,3.1537045462847697,73.8971727199271,2740.51657719237,,133.66778014613
143.593,3.539999961853028,4.139999866485596,1309.0,389.0,1309.0,389.0,-168.6699981689453,95.25,578.489990234375,0.0,0.0,-0.3492000102996827,0.6100999712944031,0.7111999988555908,-0.211899995803833,0.1794999986886978,0.96069997549057,610.0596923828125,0.0,1309.0,389.0,1307.0,386.333333333333,1000.0,73.8971727199271,235.76724629563705,,,,,,,,,535.0,535.0,143563.0,143603.0,40.0,3.1537045462847697,73.8971727199271,2740.51657719237,,133.66778014613
143.613,3.4800000190734863,4.119999885559082,1312.0,397.0,1312.0,397.0,-170.11000061035156,91.08999633789062,578.9500122070312,0.0,0.0,-0.4189999997615815,0.6647999882698059,0.618399977684021,-0.2141000032424926,0.1729999929666519,0.961399972438812,610.260498046875,0.0,1312.0,397.0,1309.66666666667,392.666666666667,1000.0,6.020902191257121,-3393.8135264335,,,,,,,,,,,,,,,,,,
143.633,5.0,4.1599998474121085,1308.0,392.0,1308.0,392.0,-168.10000610351562,93.63999938964844,579.0,0.0,0.0,0.0,0.0,0.0,-0.210899993777275,0.1770000010728836,0.961300015449524,610.1369018554688,0.0,1308.0,392.0,1312.0,387.333333333333,1000.0,34.1159748119936,1404.75363103683,,,,,,,,,536.0,536.0,143623.0,143683.0,60.0,7.101305060849231,340.788092375971,9119.0594003354,,291.387541979309
143.653,3.4600000381469727,4.25,1316.0,373.0,1316.0,373.0,-171.42999267578125,102.91999816894533,576.530029296875,0.0,0.0,-0.4381999969482421,0.6766999959945679,0.5916000008583069,-0.2160000056028366,0.1915999948978424,0.9574000239372252,610.2192993164064,0.0,1316.0,373.0,1319.33333333333,365.666666666667,1000.0,158.406904369263,6214.54647786349,,,,,,,,,536.0,536.0,143623.0,143683.0,60.0,7.101305060849231,340.788092375971,9119.0594003354,,291.387541979309
143.673,3.5899999141693115,4.389999866485596,1334.0,332.0,1334.0,332.0,-178.1999969482422,122.2699966430664,570.719970703125,0.0,0.0,-0.4275999963283538,0.6366000175476074,0.6417999863624573,-0.226500004529953,0.2215999960899353,0.9484999775886536,610.267578125,0.0,1334.0,332.0,1362.0,259.66666666666697,1000.0,340.788092375971,9119.0594003354,,,,,,,,,536.0,536.0,143623.0,143683.0,60.0,7.101305060849231,340.788092375971,9119.0594003354,,291.387541979309
143.693,4.139999866485596,4.559999942779541,1436.0,74.0,1436.0,74.0,-206.8000030517578,228.259994506836,517.0999755859375,0.0,0.0,-0.3842000067234039,0.5078999996185303,0.7710000276565552,-0.2414000034332275,0.2585999965667725,0.9352999925613404,601.8814697265625,0.0,1436.0,74.0,1436.0,74.0,1000.0,,,,,,,,,,,,,,,,,,,,
143.713,4.349999904632568,5.0,-1.0,-1.0,-1.0,-1.0,0.0,0.0,0.0,5.0,5.0,-0.356000006198883,0.4510999917984009,0.8184000253677368,0.0,0.0,0.0,0.0,1.0,,,,,1000.0,,,,,,,,,,,,,,,,,,,,
143.733,5.0,5.0,-1.0,-1.0,-1.0,-1.0,0.0,0.0,0.0,5.0,5.0,0.0,0.0,0.0,0.0,0.0,0.0,0.0,1.0,,,,,1000.0,,,,,,,,,,,,,,,,,,,,
143.753,5.0,5.0,-1.0,-1.0,-1.0,-1.0,0.0,0.0,0.0,5.0,5.0,0.0,0.0,0.0,0.0,0.0,0.0,0.0,1.0,,,,,1000.0,,,,,,,,,,,,,,,,,,,,
143.773,5.0,5.0,-1.0,-1.0,-1.0,-1.0,0.0,0.0,0.0,5.0,5.0,0.0,0.0,0.0,0.0,0.0,0.0,0.0,1.0,,,,,1000.0,,,,,,,,,,,,,,,,,,,,
143.793,5.0,5.0,-1.0,-1.0,-1.0,-1.0,0.0,0.0,0.0,5.0,5.0,0.0,0.0,0.0,0.0,0.0,0.0,0.0,1.0,,,,,1000.0,,,,,,,,,,,,,,,,,,,,
143.813,5.0,5.0,-1.0,-1.0,-1.0,-1.0,0.0,0.0,0.0,5.0,5.0,0.0,0.0,0.0,0.0,0.0,0.0,0.0,1.0,,,,,1000.0,,,,,,,,,,,,,,,,,,,,
143.833,4.670000076293944,5.0,776.0,161.0,776.0,161.0,100.5199966430664,203.4600067138672,566.5900268554688,0.0,0.0,0.1136000007390976,0.3450999855995178,0.9316999912261964,0.0,0.0,0.0,610.3478393554688,0.0,776.0,161.0,776.0,161.0,1000.0,,,,,,,,,,,,,,,,,,,,
143.853,5.0,4.4699997901916495,883.0,307.0,883.0,307.0,46.95000076293945,132.74000549316406,571.1099853515625,0.0,0.0,0.0,0.0,0.0,0.1218999996781349,0.2427999973297119,0.9624000191688536,588.2098388671875,0.0,883.0,307.0,786.333333333333,263.66666666666697,1000.0,276.556921586838,,,,,,,,,,537.0,537.0,143843.0,143923.0,80.0,15.1830872481474,276.556921586838,,-6762.34132313574,160.14986864872
143.873,4.349999904632568,4.550000190734863,700.0,323.0,700.0,323.0,136.85000610351565,122.31999969482422,565.3400268554688,0.0,0.0,0.0799999982118606,0.261599987745285,0.961899995803833,0.3472000062465668,0.1876000016927719,0.9189000129699708,594.3899536132812,0.0,700.0,323.0,705.0,377.0,1000.0,274.491900695146,-103.25104458459,,,,,,,,,537.0,537.0,143843.0,143923.0,80.0,15.1830872481474,276.556921586838,,-6762.34132313574,160.14986864872
143.893,5.0,4.650000095367432,532.0,501.0,532.0,501.0,214.0200042724609,32.15999984741211,553.4000244140625,0.0,0.0,0.0,0.0,0.0,0.377700001001358,0.0825000032782554,0.9222999811172484,594.214111328125,0.0,532.0,501.0,579.666666666667,354.0,1000.0,227.51937379418095,-2348.6263450482697,,,,,,,,,537.0,537.0,143843.0,143923.0,80.0,15.1830872481474,276.556921586838,,-6762.34132313574,160.14986864872
143.913,4.4099998474121085,3.759999990463257,507.0,238.0,507.0,238.0,216.83999633789065,152.0800018310547,526.3200073242189,0.0,0.0,0.2576999962329864,0.1536000072956085,0.9538999795913696,0.4251999855041504,0.3977000117301941,0.8130000233650206,589.2034301757812,0.0,507.0,238.0,509.333333333333,363.666666666667,1000.0,92.2725473314661,-6762.34132313574,,,,,,,,,537.0,537.0,143843.0,143923.0,80.0,15.1830872481474,276.556921586838,,-6762.34132313574,160.14986864872
143.933,4.420000076293944,4.260000228881836,489.0,352.0,489.0,352.0,227.0200042724609,100.23999786376952,532.2000122070312,0.0,0.0,0.3025000095367432,0.1301999986171722,0.9441999793052672,0.4210000038146973,0.2596000134944916,0.869099974632263,587.21630859375,0.0,489.0,352.0,508.0,310.66666666666697,1000.0,18.4232037893522,-3692.4671771057,,,,,,,,,,,,,,,,,,
143.953,5.0,4.440000057220459,528.0,342.0,528.0,342.0,210.69999694824216,106.3000030517578,537.1099853515625,0.0,0.0,0.0,0.0,0.0,0.376800000667572,0.2018000036478042,0.9041000008583068,586.669677734375,0.0,528.0,342.0,526.0,364.666666666667,1000.0,98.3819966554217,3997.9396433034703,,,,,,,,,538.0,538.0,143943.0,144063.0,120.0,6.244879710009731,98.3819966554217,3997.9396433034703,-1189.43599126655,61.237797286883705
143.973,5.0,4.53000020980835,561.0,400.0,561.0,400.0,198.3300018310547,80.47000122070312,546.8599853515625,0.0,0.0,0.0,0.0,0.0,0.3571999967098236,0.1606999933719635,0.9200999736785888,587.2529907226562,0.0,561.0,400.0,552.222222222222,385.666666666667,1000.0,74.5932768300907,-1189.43599126655,,,,,,,,,538.0,538.0,143943.0,144063.0,120.0,6.244879710009731,98.3819966554217,3997.9396433034703,-1189.43599126655,61.237797286883705
143.993,5.0,5.0,-1.0,-1.0,-1.0,-1.0,0.0,0.0,0.0,5.0,5.0,0.0,0.0,0.0,0.0,0.0,0.0,0.0,1.0,,,567.666666666667,415.0,1000.0,58.157266746718,-821.8005041686349,,,,,,,,,538.0,538.0,143943.0,144063.0,120.0,6.244879710009731,98.3819966554217,3997.9396433034703,-1189.43599126655,61.237797286883705
144.013,5.0,5.0,-1.0,-1.0,-1.0,-1.0,0.0,0.0,0.0,5.0,5.0,0.0,0.0,0.0,0.0,0.0,0.0,0.0,1.0,,,574.333333333333,430.0,1000.0,45.61353337754871,-627.186668458466,,,,,,,,,538.0,538.0,143943.0,144063.0,120.0,6.244879710009731,98.3819966554217,3997.9396433034703,-1189.43599126655,61.237797286883705
144.033,4.420000076293944,4.539999961853027,581.0,445.0,581.0,445.0,327.489990234375,102.7699966430664,950.1900024414062,0.0,0.0,0.291700005531311,0.1097000017762184,0.9502000212669371,0.3328999876976013,0.1266999989748001,0.9344000220298768,1010.2833251953124,0.0,581.0,445.0,579.111111111111,451.333333333333,1000.0,50.1074601417538,224.69633821025505,,,,,,,,,538.0,538.0,143943.0,144063.0,120.0,6.244879710009731,98.3819966554217,3997.9396433034703,-1189.43599126655,61.237797286883705
144.053,4.380000114440918,5.0,582.0,479.0,582.0,479.0,327.5899963378906,74.55999755859375,953.22998046875,0.0,0.0,0.2879000008106232,0.0921000018715858,0.9531999826431274,0.0,0.0,0.0,1010.70361328125,0.0,582.0,479.0,584.0,470.333333333333,1000.0,39.4981833279682,-530.463840689282,,,,,,,,,538.0,538.0,143943.0,144063.0,120.0,6.244879710009731,98.3819966554217,3997.9396433034703,-1189.43599126655,61.237797286883705
144.073,4.380000114440918,5.0,589.0,487.0,589.0,487.0,321.8299865722656,67.87000274658203,955.5,0.0,0.0,0.2824000120162964,0.0856000036001205,0.9555000066757202,0.0,0.0,0.0,1010.5252075195312,0.0,589.0,487.0,586.666666666667,483.0,1000.0,11.2438785351487,-1412.71523964097,,,,,,,,,,,,,,,,,,
144.093,4.360000133514404,4.6599998474121085,589.0,483.0,589.0,483.0,252.4600067138672,56.13000106811523,748.489990234375,0.0,0.0,0.2777999937534332,0.0820000022649765,0.957099974155426,0.330700010061264,0.1036999970674514,0.9380000233650208,791.9115600585938,0.0,589.0,483.0,593.666666666667,470.333333333333,1000.0,14.384325358773598,157.022341181248,,,,,,,,,,,,,,,,,,
144.113,5.0,4.630000114440918,603.0,441.0,603.0,441.0,243.41000366210935,83.66000366210938,748.3499755859375,0.0,0.0,0.0,0.0,0.0,0.3246999979019165,0.1247000023722648,0.9376000165939332,791.37548828125,0.0,603.0,441.0,592.333333333333,472.666666666667,1000.0,38.4591519991719,1203.74133201991,,,,,,,,,539.0,539.0,144103.0,144303.0,200.0,7.367850206728099,157.583382774668,2858.12845919644,-4089.98558089252,142.80791767405898
144.133,4.340000152587891,4.630000114440918,585.0,494.0,585.0,494.0,137.8300018310547,26.45000076293945,404.20999145507807,0.0,0.0,0.2685999870300293,0.0729999989271164,0.9605000019073486,0.3233999907970428,0.1291999965906143,0.937399983406067,427.88134765625,0.0,585.0,494.0,562.333333333333,480.333333333333,1000.0,82.213999341316,2187.74236710721,,,,,,,,,539.0,539.0,144103.0,144303.0,200.0,7.367850206728099,157.583382774668,2858.12845919644,-4089.98558089252,142.80791767405898
144.153,4.340000152587891,4.630000114440918,499.0,506.0,499.0,506.0,83.08000183105469,10.789999961853027,200.0800018310547,0.0,0.0,0.2689000070095062,0.0736000016331672,0.9603999853134156,0.3828000128269196,0.1746000051498413,0.90719997882843,216.91177368164065,0.0,499.0,506.0,531.333333333333,435.333333333333,1000.0,92.8329153574951,530.945800808953,,,,,,,,,539.0,539.0,144103.0,144303.0,200.0,7.367850206728099,157.583382774668,2858.12845919644,-4089.98558089252,142.80791767405898
144.173,5.0,4.489999771118164,510.0,306.0,510.0,306.0,79.8499984741211,44.70000076293945,195.5399932861328,0.0,0.0,0.0,0.0,0.0,0.4124000072479248,0.253600001335144,0.875,215.8935089111328,0.0,510.0,306.0,480.666666666667,464.666666666667,1000.0,55.792955088744,-1851.99801343755,,,,,,,,,539.0,539.0,144103.0,144303.0,200.0,7.367850206728099,157.583382774668,2858.12845919644,-4089.98558089252,142.80791767405898
144.193,4.320000171661377,5.0,433.0,582.0,433.0,582.0,93.91000366210936,-2.720000028610229,198.7400054931641,0.0,0.0,0.2666999995708465,0.0741999968886375,0.9609000086784362,0.0,0.0,0.0,219.827377319336,0.0,433.0,582.0,485.0,452.333333333333,1000.0,34.739551134527,-1052.67019771085,,,,,,,,,539.0,539.0,144103.0,144303.0,200.0,7.367850206728099,157.583382774668,2858.12845919644,-4089.98558089252,142.80791767405898
144.213,5.0,5.0,-1.0,-1.0,-1.0,-1.0,0.0,0.0,0.0,5.0,5.0,0.0,0.0,0.0,0.0,0.0,0.0,0.0,1.0,,,512.0,469.0,1000.0,71.3985389329069,1832.94938991899,,,,,,,,,539.0,539.0,144103.0,144303.0,200.0,7.367850206728099,157.583382774668,2858.12845919644,-4089.98558089252,142.80791767405898
144.233,5.0,4.400000095367432,591.0,356.0,591.0,356.0,68.11000061035156,37.66999816894531,202.0599975585937,0.0,0.0,0.0,0.0,0.0,0.3679000139236449,0.2251999974250793,0.9021999835968016,216.5323181152344,0.0,591.0,356.0,547.333333333333,440.0,1000.0,58.0125390682456,-669.299993233063,,,,,,,,,539.0,539.0,144103.0,144303.0,200.0,7.367850206728099,157.583382774668,2858.12845919644,-4089.98558089252,142.80791767405898
144.253,4.289999961853027,4.4099998474121085,539.0,495.0,539.0,495.0,77.16000366210938,12.850000381469728,202.5500030517578,0.0,0.0,0.2626000046730041,0.0710000023245811,0.9623000025749208,0.3454999923706055,0.1961999982595444,0.9176999926567077,217.12966918945315,0.0,539.0,495.0,559.666666666667,452.0,1000.0,115.175108252175,2858.12845919644,,,,,,,,,539.0,539.0,144103.0,144303.0,200.0,7.367850206728099,157.583382774668,2858.12845919644,-4089.98558089252,142.80791767405898
144.273,4.269999980926514,4.400000095367432,549.0,505.0,549.0,505.0,75.80999755859375,11.25,204.0399932861328,0.0,0.0,0.2617000043392181,0.0706999972462654,0.9625999927520752,0.3341000080108642,0.1826999932527542,0.9247000217437744,217.95880126953125,0.0,549.0,505.0,510.666666666667,528.666666666667,1000.0,157.583382774668,2120.4137261246697,,,,,,,,,539.0,539.0,144103.0,144303.0,200.0,7.367850206728099,157.583382774668,2858.12845919644,-4089.98558089252,142.80791767405898
144.293,4.25,5.0,444.0,586.0,444.0,586.0,93.19000244140624,-3.3499999046325684,201.509994506836,0.0,0.0,0.2615000009536743,0.0707999989390373,0.9625999927520752,0.0,0.0,0.0,222.040267944336,0.0,444.0,586.0,479.0,558.666666666667,1000.0,75.7836711568176,-4089.98558089252,,,,,,,,,539.0,539.0,144103.0,144303.0,200.0,7.367850206728099,157.583382774668,2858.12845919644,-4089.98558089252,142.80791767405898
144.313,4.230000019073486,5.0,444.0,585.0,444.0,585.0,93.20999908447264,-3.2699999809265137,201.509994506836,0.0,0.0,0.2617000043392181,0.0710999965667724,0.9624999761581422,0.0,0.0,0.0,222.04747009277344,0.0,444.0,585.0,458.444444444444,570.666666666667,1000.0,22.8858195398152,-2644.89258085012,,,,,,,,,,,,,,,,,,
144.333,5.0,5.0,-1.0,-1.0,-1.0,-1.0,0.0,0.0,0.0,5.0,5.0,0.0,0.0,0.0,0.0,0.0,0.0,0.0,1.0,,,487.333333333333,541.0,1000.0,118.693036995063,4790.3608727624,,,,,,,,,540.0,540.0,144323.0,144443.0,120.0,24.816213083632498,367.01503850936206,6016.713678379289,-8020.53757323919,20.5100651479894
144.353,5.0,5.0,-1.0,-1.0,-1.0,-1.0,0.0,0.0,0.0,5.0,5.0,0.0,0.0,0.0,0.0,0.0,0.0,0.0,1.0,,,530.666666666667,497.0,1000.0,239.027310562649,6016.713678379289,,,,,,,,,540.0,540.0,144323.0,144443.0,120.0,24.816213083632498,367.01503850936206,6016.713678379289,-8020.53757323919,20.5100651479894
144.373,4.179999828338623,4.309999942779541,574.0,453.0,574.0,453.0,143.6699981689453,41.59999847412109,410.1700134277344,0.0,0.0,0.2633000016212463,0.1079000011086464,0.9587000012397766,0.3422999978065491,0.1554999947547912,0.9266999959945678,436.59027099609375,0.0,574.0,453.0,681.888888888889,478.333333333333,1000.0,325.68167554835,4332.71824928507,,,,,,,,,540.0,540.0,144323.0,144443.0,120.0,24.816213083632498,367.01503850936206,6016.713678379289,-8020.53757323919,20.5100651479894
144.393,4.210000038146973,5.0,941.0,485.0,941.0,485.0,12.510000228881836,32.799999237060554,426.2999877929688,0.0,0.0,-0.033500000834465,0.1173999980092048,0.9925000071525572,0.0,0.0,0.0,427.7429504394531,0.0,941.0,485.0,798.666666666667,531.333333333333,1000.0,367.01503850936206,2066.66814805057,,,,,,,,,540.0,540.0,144323.0,144443.0,120.0,24.816213083632498,367.01503850936206,6016.713678379289,-8020.53757323919,20.5100651479894
144.413,4.239999771118164,4.210000038146973,881.0,656.0,881.0,656.0,17.280000686645508,-15.909999847412108,215.82000732421875,0.0,0.0,-0.0386000014841556,0.0315000005066394,0.998799979686737,0.182899996638298,0.0137000000104308,0.9829999804496764,217.09445190429688,0.0,881.0,656.0,928.333333333333,629.666666666667,1000.0,296.021577726922,-3549.67303912201,,,,,,,,,540.0,540.0,144323.0,144443.0,120.0,24.816213083632498,367.01503850936206,6016.713678379289,-8020.53757323919,20.5100651479894
144.433,4.480000019073486,4.190000057220459,963.0,748.0,963.0,748.0,1.4800000190734863,-33.36000061035157,218.0399932861328,0.0,0.0,-0.2388000041246414,0.120399996638298,0.963599979877472,0.123599998652935,-0.0456000007688999,0.9912999868392944,220.5822296142578,0.0,963.0,748.0,942.666666666667,711.333333333333,1000.0,135.610826262138,-8020.53757323919,,,,,,,,,540.0,540.0,144323.0,144443.0,120.0,24.816213083632498,367.01503850936206,6016.713678379289,-8020.53757323919,20.5100651479894
144.453,4.320000171661377,4.179999828338623,984.0,730.0,984.0,730.0,-2.140000104904175,-26.35000038146973,192.0800018310547,0.0,0.0,-0.1076999977231025,0.0243999995291233,0.9939000010490416,0.1041999980807304,-0.0645999982953071,0.9925000071525572,193.8907623291016,0.0,984.0,730.0,965.0,729.333333333333,1000.0,16.4697000064095,-5957.056312786421,,,,,,,,,,,,,,,,,,
144.473,4.260000228881836,4.190000057220459,948.0,710.0,948.0,710.0,6.050000190734863,-34.279998779296875,285.6600036621094,0.0,0.0,-0.0549999997019767,-0.0120999999344348,0.9983999729156494,0.1035000011324882,-0.065600000321865,0.9925000071525572,287.7731018066406,0.0,948.0,710.0,955.0,715.0,1000.0,48.8960766611764,1621.3188327383402,,,,,,,,,541.0,541.0,144463.0,144503.0,40.0,1.14414416231017,48.8960766611764,1621.3188327383402,-393.91223813893896,206.95217893122896
144.493,4.199999809265137,4.190000057220459,933.0,705.0,933.0,705.0,12.380000114440918,-41.63999938964844,359.9100036621094,0.0,0.0,-0.0307000000029802,-0.0313000008463859,0.9990000128746032,0.1019999980926513,-0.0688999965786933,0.9923999905586242,362.522216796875,0.0,933.0,705.0,935.333333333333,705.0,1000.0,41.0178318983976,-393.91223813893896,,,,,,,,,541.0,541.0,144463.0,144503.0,40.0,1.14414416231017,48.8960766611764,1621.3188327383402,-393.91223813893896,206.95217893122896
144.513,4.1599998474121085,4.190000057220459,925.0,700.0,925.0,700.0,15.199999809265137,-41.11000061035156,369.2999877929688,0.0,0.0,-0.0218000002205371,-0.0274000000208616,0.9994000196456908,0.1052000001072883,-0.0678000003099441,0.9921000003814696,371.8918762207031,0.0,925.0,700.0,926.333333333333,700.666666666667,1000.0,19.6738204786354,-1067.2005709881098,,,,,,,,,,,,,,,,,,
144.533,4.139999866485596,4.179999828338623,921.0,697.0,921.0,697.0,16.409999847412106,-39.81999969482422,365.260009765625,0.0,0.0,-0.0173000004142522,-0.0220999997109174,0.9995999932289124,0.1075000017881393,-0.0675999969244003,0.9919000267982484,367.7904052734375,0.0,921.0,697.0,921.666666666667,698.0,1000.0,14.5733234976006,-255.024849051742,,,,,,,,,,,,,,,,,,
144.553,4.130000114440918,4.150000095367432,919.0,697.0,919.0,697.0,16.6299991607666,-38.93999862670898,355.7300109863281,0.0,0.0,-0.0149999996647238,-0.0179999992251396,0.9997000098228452,0.1084999963641166,-0.069300003349781,0.991699993610382,358.2411499023437,0.0,919.0,697.0,920.666666666667,710.666666666667,1000.0,33.4362401030994,943.14583027494,,,,,,,,,542.0,542.0,144543.0,144563.0,20.0,,33.4362401030994,943.14583027494,,
144.573,5.0,4.139999866485596,922.0,738.0,922.0,738.0,15.229999542236328,-51.36000061035156,355.2200012207032,0.0,0.0,0.0,0.0,0.0,0.1155999973416328,-0.0751999989151954,0.9904000163078308,359.2367553710937,0.0,922.0,738.0,919.333333333333,724.333333333333,1000.0,23.8605028674135,-478.786861784291,254.0,254.0,910.666666666667,719.4761904761909,144563.0,144703.0,140.0,0.379050063408962,,,,,,,,,,
144.593,5.0,4.130000114440918,917.0,738.0,917.0,738.0,17.020000457763672,-51.34000015258789,355.010009765625,0.0,0.0,0.0,0.0,0.0,0.1200999990105629,-0.0751999989151954,0.98989999294281,359.10662841796875,0.0,917.0,738.0,916.0,729.0,1000.0,10.855686330527,-650.240826844327,254.0,254.0,910.666666666667,719.4761904761909,144563.0,144703.0,140.0,0.379050063408962,,,,,,,,,,
144.613,4.119999885559082,4.130000114440918,909.0,711.0,909.0,711.0,18.559999465942383,-40.97000122070313,336.7300109863281,0.0,0.0,-0.0147000001743435,-0.0294000003486871,0.9994999766349792,0.1230000033974647,-0.0737000033259391,0.9897000193595886,339.7206420898437,0.0,909.0,711.0,911.666666666667,720.666666666667,1000.0,22.1156205381848,562.99671038289,254.0,254.0,910.666666666667,719.4761904761909,144563.0,144703.0,140.0,0.379050063408962,,,,,,,,,,
144.633,4.110000133514404,4.119999885559082,909.0,713.0,909.0,713.0,18.8799991607666,-42.52000045776367,345.739990234375,0.0,0.0,-0.0157999992370605,-0.0364000014960765,0.9991999864578248,0.123099997639656,-0.0727000012993812,0.9897000193595886,348.8560485839844,0.0,909.0,713.0,908.333333333333,713.333333333333,1000.0,9.67361372143916,-622.100340837283,254.0,254.0,910.666666666667,719.4761904761909,144563.0,144703.0,140.0,0.379050063408962,,,,,,,,,,
144.653,4.099999904632568,4.119999885559082,907.0,716.0,907.0,716.0,19.399999618530277,-42.680000305175774,339.94000244140625,0.0,0.0,-0.015599999576807,-0.0390999987721443,0.9991000294685364,0.1271000057458877,-0.0725999996066093,0.9891999959945678,343.1576232910156,0.0,907.0,716.0,907.0,714.666666666667,1000.0,4.33587656881589,-266.88685763116297,254.0,254.0,910.666666666667,719.4761904761909,144563.0,144703.0,140.0,0.379050063408962,,,,,,,,,,
144.673,4.079999923706056,4.110000133514404,905.0,715.0,905.0,715.0,18.96999931335449,-40.54999923706055,324.6099853515625,0.0,0.0,-0.0153000000864267,-0.0309999994933605,0.9994000196456908,0.1290999948978424,-0.0736000016331672,0.9889000058174132,327.6824951171875,0.0,905.0,715.0,905.0,714.0,1000.0,7.17002546267226,141.707444692818,254.0,254.0,910.666666666667,719.4761904761909,144563.0,144703.0,140.0,0.379050063408962,,,,,,,,,,
144.693,4.059999942779541,4.110000133514404,903.0,711.0,903.0,711.0,18.959999084472656,-38.430000305175774,315.70001220703125,0.0,0.0,-0.0140000004321336,-0.023199999704957,0.9995999932289124,0.1306000053882599,-0.0719999969005584,0.9887999892234802,318.5950927734375,0.0,903.0,711.0,907.333333333333,720.333333333333,1000.0,4.41284628318292,-137.858958974467,254.0,254.0,910.666666666667,719.4761904761909,144563.0,144703.0,140.0,0.379050063408962,,,,,,,,,,
144.713,5.0,4.110000133514404,914.0,735.0,914.0,735.0,15.770000457763672,-44.88999938964844,315.739990234375,0.0,0.0,0.0,0.0,0.0,0.1298000067472458,-0.0658000037074089,0.989400029182434,319.3048095703125,0.0,914.0,735.0,904.0,710.666666666667,1000.0,32.7204456696073,1415.3799693212195,,,,,,,,,543.0,543.0,144703.0,145042.0,339.0,10.6937203297515,179.904346475431,4518.49103013478,-3825.62009629248,35.3551735840835
144.733,4.050000190734863,4.099999904632568,895.0,686.0,895.0,686.0,24.459999084472656,-36.1599998474121,362.260009765625,0.0,0.0,0.0005000000237487,-0.0164000000804662,0.999899983406067,0.1298000067472458,-0.0570000000298023,0.98989999294281,364.88101196289057,0.0,895.0,686.0,901.0,695.333333333333,1000.0,40.5708040165715,392.517917348208,,,,,,,,,543.0,543.0,144703.0,145042.0,339.0,10.6937203297515,179.904346475431,4518.49103013478,-3825.62009629248,35.3551735840835
144.753,4.03000020980835,4.099999904632568,894.0,665.0,894.0,665.0,22.559999465942383,-26.540000915527344,326.3500061035156,0.0,0.0,-0.00089999998454,0.0137000000104308,0.999899983406067,0.1333000063896179,-0.0412000007927417,0.9901999831199646,328.20367431640625,0.0,894.0,665.0,900.0,679.0,1000.0,30.6421909252822,-496.430654564466,,,,,,,,,543.0,543.0,144703.0,145042.0,339.0,10.6937203297515,179.904346475431,4518.49103013478,-3825.62009629248,35.3551735840835
144.773,4.389999866485596,4.1599998474121085,911.0,686.0,911.0,686.0,16.340000152587894,-30.170000076293945,304.1199951171875,0.0,0.0,0.0055999998003244,0.0159000009298324,0.999899983406067,0.1018000021576881,-0.066100001335144,0.9926000237464906,306.0493469238281,0.0,911.0,686.0,924.666666666667,698.666666666667,1000.0,121.012011527978,4518.49103013478,,,,,,,,,543.0,543.0,144703.0,145042.0,339.0,10.6937203297515,179.904346475431,4518.49103013478,-3825.62009629248,35.3551735840835
144.793,4.260000228881836,5.0,969.0,745.0,969.0,745.0,0.6200000047683716,-45.47999954223633,302.8599853515625,0.0,0.0,-0.0744000002741813,-0.0688999965786933,0.9947999715805051,0.0,0.0,0.0,306.25640869140625,0.0,969.0,745.0,978.0,732.666666666667,1000.0,179.904346475431,2944.61674737269,,,,,,,,,543.0,543.0,144703.0,145042.0,339.0,10.6937203297515,179.904346475431,4518.49103013478,-3825.62009629248,35.3551735840835
144.813,4.829999923706056,4.369999885559082,1054.0,767.0,1054.0,767.0,-21.959999084472656,-50.68999862670898,300.8599853515625,0.0,0.0,-0.1689999997615814,-0.0377999991178512,0.9848999977111816,0.0579999983310699,-0.1289999932050705,0.98989999294281,305.8896179199219,0.0,1054.0,767.0,1043.66666666667,776.333333333333,1000.0,165.40520115208,-724.957266167596,,,,,,,,,543.0,543.0,144703.0,145042.0,339.0,10.6937203297515,179.904346475431,4518.49103013478,-3825.62009629248,35.3551735840835
144.833,4.110000133514404,5.0,1108.0,817.0,1108.0,817.0,-35.83000183105469,-62.9099998474121,297.4599914550781,0.0,0.0,-0.179299995303154,-0.1177999973297119,0.9767000079154968,0.0,0.0,0.0,306.14361572265625,0.0,1108.0,817.0,1093.0,798.0,1000.0,98.8282784950579,-3328.8461328510803,,,,,,,,,543.0,543.0,144703.0,145042.0,339.0,10.6937203297515,179.904346475431,4518.49103013478,-3825.62009629248,35.3551735840835
144.853,4.139999866485596,5.0,1117.0,810.0,1117.0,810.0,-38.1599998474121,-60.9900016784668,297.2799987792969,0.0,0.0,-0.1861000061035156,-0.1121999993920326,0.9761000275611876,0.0,0.0,0.0,305.8616638183594,0.0,1117.0,810.0,1107.33333333333,826.0,1000.0,54.0965112376542,-2236.58836287019,,,,,,,,,543.0,543.0,144703.0,145042.0,339.0,10.6937203297515,179.904346475431,4518.49103013478,-3825.62009629248,35.3551735840835
144.873,4.090000152587891,5.0,1097.0,851.0,1097.0,851.0,-32.950000762939446,-71.47000122070312,296.8599853515625,0.0,0.0,-0.1712000072002411,-0.1430999934673309,0.9747999906539916,0.0,0.0,0.0,307.1148376464844,0.0,1097.0,851.0,1065.0,831.333333333333,1000.0,80.54135649457591,1322.2422628460902,,,,,,,,,543.0,543.0,144703.0,145042.0,339.0,10.6937203297515,179.904346475431,4518.49103013478,-3825.62009629248,35.3551735840835
144.893,4.099999904632568,4.320000171661377,981.0,833.0,981.0,833.0,-2.869999885559082,-67.33999633789064,297.32000732421875,0.0,0.0,-0.152099996805191,-0.13680000603199,0.9789000153541566,0.1539999991655349,-0.1265999972820282,0.9799000024795532,304.86407470703125,0.0,981.0,833.0,1051.33333333333,858.666666666667,1000.0,60.78853858229029,-987.640895614281,,,,,,,,,543.0,543.0,144703.0,145042.0,339.0,10.6937203297515,179.904346475431,4518.49103013478,-3825.62009629248,35.3551735840835
144.913,4.150000095367432,4.260000228881836,1076.0,892.0,1076.0,892.0,-23.239999771118164,-69.44000244140625,251.0500030517578,0.0,0.0,-0.1645999997854232,-0.1491000056266784,0.975000023841858,0.0274999998509883,-0.1721999943256378,0.9847000241279602,261.5111999511719,0.0,1076.0,892.0,1058.66666666667,881.666666666667,1000.0,93.5137267399605,1636.2594078835098,,,,,,,,,543.0,543.0,144703.0,145042.0,339.0,10.6937203297515,179.904346475431,4518.49103013478,-3825.62009629248,35.3551735840835
144.933,4.119999885559082,4.400000095367432,1119.0,920.0,1119.0,920.0,-34.09000015258789,-78.4000015258789,260.75,0.0,0.0,-0.1571000069379806,-0.1388999968767166,0.9778000116348264,-0.0467000007629394,-0.2316000014543533,0.9717000126838684,274.4070739746094,0.0,1119.0,920.0,1110.0,911.666666666667,1000.0,47.6019295531066,-2295.5898593427,,,,,,,,,543.0,543.0,144703.0,145042.0,339.0,10.6937203297515,179.904346475431,4518.49103013478,-3825.62009629248,35.3551735840835
144.952,4.130000114440918,4.4699997901916495,1135.0,923.0,1135.0,923.0,-37.540000915527344,-78.8499984741211,260.7099914550781,0.0,0.0,-0.1457999944686889,-0.1272000074386596,0.981100022792816,-0.0813999995589256,-0.2465000003576279,0.9656999707221986,274.9477844238281,0.0,1135.0,923.0,1096.33333333333,887.333333333333,1000.0,84.7089743510323,1953.00235778556,,,,,,,,,543.0,543.0,144703.0,145042.0,339.0,10.6937203297515,179.904346475431,4518.49103013478,-3825.62009629248,35.3551735840835
144.972,4.110000133514404,5.0,1035.0,819.0,1035.0,819.0,-15.239999771118164,-57.43000030517578,267.8299865722656,0.0,0.0,-0.133200004696846,-0.1149000003933906,0.984399974346161,0.0,0.0,0.0,274.3417053222656,0.0,1035.0,819.0,1071.33333333333,852.666666666667,1000.0,123.28523738407,1928.81315165189,,,,,,,,,543.0,543.0,144703.0,145042.0,339.0,10.6937203297515,179.904346475431,4518.49103013478,-3825.62009629248,35.3551735840835
144.992,4.130000114440918,4.619999885559082,1044.0,816.0,1044.0,816.0,-18.790000915527344,-61.83000183105469,292.0799865722656,0.0,0.0,-0.1325999945402145,-0.1089999973773956,0.985199987888336,0.0373000018298626,-0.1333000063896179,0.9904000163078308,299.1433410644532,0.0,1044.0,816.0,1038.66666666667,802.0,1000.0,46.7728354582205,-3825.62009629248,,,,,,,,,543.0,543.0,144703.0,145042.0,339.0,10.6937203297515,179.904346475431,4518.49103013478,-3825.62009629248,35.3551735840835
145.012,4.150000095367432,5.0,1037.0,771.0,1037.0,771.0,-17.069999694824222,-50.72999954223633,293.7300109863281,0.0,0.0,-0.1290999948978424,-0.0868000015616417,0.9878000020980836,0.0,0.0,0.0,298.56695556640625,0.0,1037.0,771.0,1055.66666666667,817.0,1000.0,54.119909315009394,367.353692839441,,,,,,,,,543.0,543.0,144703.0,145042.0,339.0,10.6937203297515,179.904346475431,4518.49103013478,-3825.62009629248,35.3551735840835
145.032,4.170000076293944,4.550000190734863,1086.0,864.0,1086.0,864.0,-21.920000076293945,-54.5,216.13999938964844,0.0,0.0,-0.1254999935626983,-0.0732000023126602,0.989400029182434,-0.0240000002086162,-0.1858000010251998,0.9822999835014344,223.98043823242188,0.0,1086.0,864.0,1072.66666666667,830.333333333334,1000.0,44.2192192120681,-495.034505147063,,,,,,,,,543.0,543.0,144703.0,145042.0,339.0,10.6937203297515,179.904346475431,4518.49103013478,-3825.62009629248,35.3551735840835
145.052,4.199999809265137,4.4699997901916495,1095.0,856.0,1095.0,856.0,-23.61000061035157,-53.290000915527344,217.0200042724609,0.0,0.0,-0.1209999993443489,-0.0498000010848045,0.9914000034332277,-0.0421000011265277,-0.1990000009536743,0.979099988937378,224.71078491210935,0.0,1095.0,856.0,1081.66666666667,842.666666666667,1000.0,12.187618103719,-1601.58005541745,,,,,,,,,,,,,,,,,,
145.072,4.199999809265137,4.389999866485596,1064.0,808.0,1064.0,808.0,-20.65999984741211,-51.68999862670898,253.38999938964844,0.0,0.0,-0.12219999730587,-0.0553999990224838,0.99099999666214,-0.0010000000474974,-0.1510999947786331,0.9884999990463258,259.43243408203125,0.0,1064.0,808.0,1069.66666666667,820.666666666667,1000.0,49.32939966074329,1857.08907785122,,,,,,,,,544.0,544.0,145062.0,145082.0,20.0,,49.32939966074329,1857.08907785122,,
145.092,4.2199997901916495,4.429999828338623,1050.0,798.0,1050.0,798.0,-21.309999465942383,-59.84000015258789,305.7699890136719,0.0,0.0,-0.1216000020503997,-0.0782999992370605,0.9894999861717224,0.0132999997586011,-0.1428000032901764,0.9897000193595886,312.2983093261719,0.0,1050.0,798.0,1058.0,809.333333333333,1000.0,5.87303112893662,-2172.81842659034,255.0,255.0,1063.44444444444,818.222222222222,145082.0,145142.0,60.0,0.389276733287411,,,,,,,,,,
145.112,4.269999980926514,4.510000228881836,1060.0,822.0,1060.0,822.0,-23.43000030517578,-64.54000091552734,298.6700134277344,0.0,0.0,-0.1199000030755996,-0.0876000002026557,0.9889000058174132,-0.0031999999191612,-0.1657000035047531,0.9861999750137328,306.4606628417969,0.0,1060.0,822.0,1066.66666666667,824.333333333333,1000.0,16.936974828585,553.197184982421,255.0,255.0,1063.44444444444,818.222222222222,145082.0,145142.0,60.0,0.389276733287411,,,,,,,,,,
145.132,5.0,4.4699997901916495,1090.0,853.0,1090.0,853.0,-31.209999084472656,-72.45999908447266,298.04998779296875,0.0,0.0,0.0,0.0,0.0,-0.0006999999750405,-0.1501999944448471,0.988600015640259,308.3152770996094,0.0,1090.0,853.0,1065.66666666667,821.0,1000.0,2.05157715214902,-744.269883821801,255.0,255.0,1063.44444444444,818.222222222222,145082.0,145142.0,60.0,0.389276733287411,,,,,,,,,,
145.152,4.309999942779541,4.480000019073486,1047.0,788.0,1047.0,788.0,-22.309999465942383,-62.43000030517578,334.0199890136719,0.0,0.0,-0.1127000004053115,-0.0775000005960464,0.9905999898910522,0.0065999999642372,-0.1407999992370605,0.9900000095367432,340.5357666015625,0.0,1047.0,788.0,1066.33333333333,822.666666666667,1000.0,45.3282172813482,2163.83200645996,,,,,,,,,545.0,545.0,145142.0,145262.0,120.0,6.66073244623696,71.2306370605065,2163.83200645996,-1297.85741822232,245.494582274362
145.172,5.0,4.489999771118164,1062.0,827.0,1062.0,827.0,-26.70000076293945,-73.51000213623048,332.739990234375,0.0,0.0,0.0,0.0,0.0,0.0115000000223517,-0.1391000002622604,0.9901999831199646,341.8077087402344,0.0,1062.0,827.0,1044.66666666667,790.333333333333,1000.0,70.2590171895399,1246.53999540958,,,,,,,,,545.0,545.0,145142.0,145262.0,120.0,6.66073244623696,71.2306370605065,2163.83200645996,-1297.85741822232,245.494582274362
145.192,4.320000171661377,4.519999980926514,1025.0,756.0,1025.0,756.0,-15.199999809265137,-51.9099998474121,325.4200134277344,0.0,0.0,-0.1062999963760376,-0.0604999996721744,0.9925000071525572,0.036200001835823,-0.1062999963760376,0.9937000274658204,329.8846130371094,0.0,1025.0,756.0,1036.33333333333,773.666666666667,1000.0,71.2306370605065,48.5809935483296,,,,,,,,,545.0,545.0,145142.0,145262.0,120.0,6.66073244623696,71.2306370605065,2163.83200645996,-1297.85741822232,245.494582274362
145.212,4.340000152587891,4.510000228881836,1022.0,738.0,1022.0,738.0,-14.539999961853027,-46.709999084472656,325.6099853515625,0.0,0.0,-0.0956000015139579,-0.0373999997973442,0.994700014591217,0.0289999991655349,-0.1010999977588653,0.9944999814033508,329.2644958496094,0.0,1022.0,738.0,1021.0,738.0,1000.0,67.8931683468295,-166.873435683852,,,,,,,,,545.0,545.0,145142.0,145262.0,120.0,6.66073244623696,71.2306370605065,2163.83200645996,-1297.85741822232,245.494582274362
145.232,4.360000133514404,4.53000020980835,1016.0,720.0,1016.0,720.0,-13.039999961853027,-42.47999954223633,330.8599853515625,0.0,0.0,-0.0892999991774559,-0.0249000005424022,0.9957000017166135,0.031599998474121,-0.0890000015497207,0.9955000281333924,333.8306884765625,0.0,1016.0,720.0,1017.33333333333,722.666666666667,1000.0,41.9360199823831,-1297.85741822232,,,,,,,,,545.0,545.0,145142.0,145262.0,120.0,6.66073244623696,71.2306370605065,2163.83200645996,-1297.85741822232,245.494582274362
145.252,4.380000114440918,4.550000190734863,1014.0,710.0,1014.0,710.0,-10.100000381469728,-32.68000030517578,274.39999389648443,0.0,0.0,-0.0854000002145767,0.0074999998323619,0.9962999820709229,0.0355999991297721,-0.0794000029563903,0.9962000250816344,276.523681640625,0.0,1014.0,710.0,1013.0,705.666666666667,1000.0,40.6025905483749,-66.6714717004098,,,,,,,,,545.0,545.0,145142.0,145262.0,120.0,6.66073244623696,71.2306370605065,2163.83200645996,-1297.85741822232,245.494582274362
145.272,4.4099998474121085,4.53000020980835,1009.0,687.0,1009.0,687.0,-10.9399995803833,-33.09000015258789,333.32000732421875,0.0,0.0,-0.0873000025749206,-0.0027000000700354,0.9962000250816344,0.0405000001192092,-0.0604000017046928,0.9973999857902528,335.1370544433594,0.0,1009.0,687.0,1010.33333333333,691.333333333333,1000.0,20.9922992733833,-980.514563749579,,,,,,,,,,,,,,,,,,
145.292,4.429999828338623,4.539999961853027,1008.0,677.0,1008.0,677.0,-11.130000114440918,-32.439998626708984,356.0899963378906,0.0,0.0,-0.0882999971508979,-0.0071000000461936,0.9961000084877014,0.0430999994277954,-0.0493000000715255,0.9979000091552734,357.73779296875,0.0,1008.0,677.0,1006.0,690.666666666667,1000.0,21.3863328403158,19.701678346622103,,,,,,,,,,,,,,,,,,
145.312,4.449999809265137,4.619999885559082,1001.0,708.0,1001.0,708.0,-7.269999980926514,-33.639999389648445,284.739990234375,0.0,0.0,-0.0873000025749206,-0.0037000000011175,0.9962000250816344,0.0557999983429908,-0.0737000033259391,0.9957000017166135,286.8124389648437,0.0,1001.0,708.0,994.333333333333,696.0,1000.0,45.0610273127147,1183.73472361995,,,,,,,,,546.0,546.0,145302.0,145382.0,80.0,4.527545741840759,78.0298416911478,1221.97739484433,-769.828732921438,88.90670180600608
145.332,4.480000019073486,4.639999866485596,974.0,703.0,974.0,703.0,-0.6100000143051147,-31.729999542236328,279.1600036621094,0.0,0.0,-0.0758000016212463,-0.0052999998442828,0.997099995613098,0.0850000008940696,-0.061099998652935,0.9944999814033508,280.9581298828125,0.0,974.0,703.0,988.333333333333,721.333333333333,1000.0,69.50057520960121,1221.97739484433,,,,,,,,,546.0,546.0,145302.0,145382.0,80.0,4.527545741840759,78.0298416911478,1221.97739484433,-769.828732921438,88.90670180600608
145.352,4.480000019073486,4.769999980926514,990.0,753.0,990.0,753.0,-3.990000009536743,-37.75,240.1100006103516,0.0,0.0,-0.0639000013470649,-0.0089999996125698,0.9979000091552734,0.0491999983787536,-0.1114000007510185,0.9926000237464906,243.09214782714844,0.0,990.0,753.0,987.666666666667,750.666666666667,1000.0,78.0298416911478,426.46332407732905,,,,,,,,,546.0,546.0,145302.0,145382.0,80.0,4.527545741840759,78.0298416911478,1221.97739484433,-769.828732921438,88.90670180600608
145.372,4.5,4.829999923706056,999.0,796.0,999.0,796.0,-4.809999942779541,-37.22999954223633,191.3999938964844,0.0,0.0,-0.0584999993443489,-0.010700000450015,0.9981999993324282,0.0333000011742115,-0.131400004029274,0.9908000230789183,195.0465850830078,0.0,999.0,796.0,996.0,783.333333333333,1000.0,62.6332670327191,-769.828732921438,,,,,,,,,546.0,546.0,145302.0,145382.0,80.0,4.527545741840759,78.0298416911478,1221.97739484433,-769.828732921438,88.90670180600608
145.392,4.510000228881836,4.860000133514404,999.0,801.0,999.0,801.0,-4.820000171661377,-38.34000015258789,192.3500061035156,0.0,0.0,-0.0549000017344951,-0.012699999846518,0.9983999729156494,0.0297999996691942,-0.1389999985694885,0.9897999763488768,196.1930389404297,0.0,999.0,801.0,998.666666666667,800.0,1000.0,23.512346472336603,-1956.04602801912,,,,,,,,,,,,,,,,,,
145.412,4.519999980926514,4.869999885559082,998.0,803.0,998.0,803.0,-4.710000038146973,-38.79999923706055,193.38999938964844,0.0,0.0,-0.0524999983608722,-0.0137000000104308,0.9984999895095824,0.0284000001847744,-0.1413999944925308,0.9896000027656556,197.3000640869141,0.0,998.0,803.0,998.0,802.333333333333,1000.0,22.6421837977042,-43.5081337316221,,,,,,,,,,,,,,,,,,
145.432,4.53000020980835,4.900000095367432,997.0,803.0,997.0,803.0,-4.489999771118164,-38.9900016784668,194.47999572753903,0.0,0.0,-0.0509999990463256,-0.0149999996647238,0.9986000061035156,0.0288999993354082,-0.1411000043153762,0.9896000027656556,198.40072631835935,0.0,997.0,803.0,990.333333333333,783.666666666667,1000.0,61.60049461073179,1947.91554065138,,,,,,,,,547.0,547.0,145422.0,145542.0,120.0,6.073132857201211,79.5309186824829,1947.91554065138,-1054.1392234951,251.255904287701
145.452,4.539999961853027,4.829999923706056,976.0,745.0,976.0,745.0,-1.0199999809265137,-39.91999816894531,265.8900146484375,0.0,0.0,-0.0502000004053115,-0.015599999576807,0.9986000061035156,0.0559000000357627,-0.1089000031352043,0.9925000071525572,268.8719787597656,0.0,976.0,745.0,980.0,756.0,1000.0,79.5309186824829,896.5212035875529,,,,,,,,,547.0,547.0,145422.0,145542.0,120.0,6.073132857201211,79.5309186824829,1947.91554065138,-1054.1392234951,251.255904287701
145.472,4.550000190734863,4.809999942779541,967.0,720.0,967.0,720.0,1.3300000429153442,-39.70000076293945,308.2699890136719,0.0,0.0,-0.049499999731779,-0.0165999997407197,0.9986000061035156,0.0680999979376792,-0.0910999998450279,0.993499994277954,310.8186950683594,0.0,967.0,720.0,968.333333333333,724.0,1000.0,67.35846431048199,-608.622718600044,,,,,,,,,547.0,547.0,145422.0,145542.0,120.0,6.073132857201211,79.5309186824829,1947.91554065138,-1054.1392234951,251.255904287701
145.492,4.559999942779541,4.800000190734863,962.0,707.0,962.0,707.0,2.8499999046325684,-39.060001373291016,332.3399963378906,0.0,0.0,-0.0478999987244606,-0.0171000007539987,0.9987000226974488,0.0734999999403953,-0.0799999982118606,0.9940999746322634,334.6396179199219,0.0,962.0,707.0,962.0,705.666666666667,1000.0,46.27567984058,-1054.1392234951,,,,,,,,,547.0,547.0,145422.0,145542.0,120.0,6.073132857201211,79.5309186824829,1947.91554065138,-1054.1392234951,251.255904287701
145.512,4.559999942779541,4.809999942779541,957.0,690.0,957.0,690.0,4.650000095367432,-36.4900016784668,356.6000061035156,0.0,0.0,-0.0474000014364719,-0.0159000009298324,0.998799979686737,0.0804999992251396,-0.0621000006794929,0.9947999715805051,358.49224853515625,0.0,957.0,690.0,957.0,689.333333333333,1000.0,43.6963663648155,-128.965673788229,,,,,,,,,547.0,547.0,145422.0,145542.0,120.0,6.073132857201211,79.5309186824829,1947.91554065138,-1054.1392234951,251.255904287701
145.532,4.590000152587891,4.849999904632568,952.0,671.0,952.0,671.0,6.760000228881836,-33.049999237060554,385.5,0.0,0.0,-0.0434999987483024,-0.0131000000983476,0.9990000128746032,0.0842000022530555,-0.0430999994277954,0.9955000281333924,386.9732055664063,0.0,952.0,671.0,952.666666666667,672.666666666667,1000.0,37.1937187316613,-325.13238165770804,,,,,,,,,547.0,547.0,145422.0,145542.0,120.0,6.073132857201211,79.5309186824829,1947.91554065138,-1054.1392234951,251.255904287701
145.552,4.619999885559082,4.880000114440918,949.0,657.0,949.0,657.0,7.809999942779541,-27.95000076293945,378.1099853515625,0.0,0.0,-0.0421000011265277,-0.0013999999500811,0.9991000294685364,0.0885000005364417,-0.0309999994933605,0.9955999851226806,379.2220458984375,0.0,949.0,657.0,948.0,661.666666666667,1000.0,17.3116461193765,-994.103630614239,,,,,,,,,,,,,,,,,,
145.572,4.639999866485596,4.880000114440918,943.0,657.0,943.0,657.0,9.340000152587889,-26.709999084472656,362.23001098632807,0.0,0.0,-0.0405000001192092,0.0006000000284984,0.9991999864578248,0.0962999984622001,-0.0277999993413686,0.9950000047683716,363.33349609375,0.0,943.0,657.0,944.0,662.333333333333,1000.0,19.3928757461395,104.061481338152,,,,,,,,,,,,,,,,,,
145.592,4.650000095367432,4.840000152587891,940.0,673.0,940.0,673.0,9.6899995803833,-30.290000915527344,344.54998779296875,0.0,0.0,-0.0384999997913837,-0.0032999999821186,0.9993000030517578,0.098700001835823,-0.0436999984085559,0.9941999912261964,346.0145568847656,0.0,940.0,673.0,933.666666666667,666.333333333333,1000.0,46.5297686847903,1356.84464693254,,,,,,,,,548.0,548.0,145582.0,145682.0,100.0,4.499929895689269,82.2269003126421,1784.8565813925898,-1701.8964913328,114.498574191434
145.612,4.670000076293944,5.03000020980835,918.0,669.0,918.0,669.0,13.890000343322756,-24.520000457763672,289.8999938964844,0.0,0.0,-0.0381999984383583,-0.0007999999797903,0.9993000030517578,0.1334999948740005,-0.0189999993890523,0.9908999800682068,291.2665100097656,0.0,918.0,669.0,930.0,696.0,1000.0,82.2269003126421,1784.8565813925898,,,,,,,,,548.0,548.0,145582.0,145682.0,100.0,4.499929895689269,82.2269003126421,1784.8565813925898,-1701.8964913328,114.498574191434
145.632,5.0,4.9099998474121085,932.0,746.0,932.0,746.0,10.0600004196167,-43.91999816894531,290.04998779296875,0.0,0.0,0.0,0.0,0.0,0.12219999730587,-0.068400003015995,0.9901000261306762,293.5288391113281,0.0,932.0,746.0,926.0,730.666666666667,1000.0,74.4235159471873,-390.169218272738,,,,,,,,,548.0,548.0,145582.0,145682.0,100.0,4.499929895689269,82.2269003126421,1784.8565813925898,-1701.8964913328,114.498574191434
145.652,4.739999771118164,5.03000020980835,928.0,777.0,928.0,777.0,9.899999618530272,-47.0099983215332,262.5899963378906,0.0,0.0,-0.0116999996826052,-0.0383000001311302,0.9991999864578248,0.0874999985098838,-0.1319999992847442,0.9873999953269958,266.94842529296875,0.0,928.0,777.0,907.666666666667,750.666666666667,1000.0,40.3855861205312,-1701.8964913328,,,,,,,,,548.0,548.0,145582.0,145682.0,100.0,4.499929895689269,82.2269003126421,1784.8565813925898,-1701.8964913328,114.498574191434
145.672,4.75,5.0,863.0,729.0,863.0,729.0,25.170000076293945,-36.400001525878906,263.82000732421875,0.0,0.0,-0.0057999999262392,-0.0496999993920326,0.9987000226974488,0.0,0.0,0.0,267.50604248046875,0.0,863.0,729.0,897.666666666667,745.333333333333,1000.0,41.07278572132729,34.3599800398014,,,,,,,,,548.0,548.0,145582.0,145682.0,100.0,4.499929895689269,82.2269003126421,1784.8565813925898,-1701.8964913328,114.498574191434
145.692,4.760000228881836,4.949999809265137,902.0,730.0,902.0,730.0,22.350000381469727,-51.0099983215332,368.95999145507807,0.0,0.0,-0.0048000002279877,-0.0524000003933906,0.9986000061035156,0.1213999986648559,-0.0921000018715858,0.9883000254631042,373.139404296875,0.0,902.0,730.0,886.666666666667,726.0,1000.0,29.344281052761303,-586.4252334282991,256.0,256.0,892.722222222222,723.055555555556,145682.0,145802.0,120.0,0.405137794527913,,,,,,,,,,
145.712,4.760000228881836,4.929999828338623,895.0,719.0,895.0,719.0,24.53000068664551,-47.040000915527344,365.760009765625,0.0,0.0,-0.0046999999321997,-0.0538000017404556,0.9984999895095824,0.1328999996185302,-0.0719000026583671,0.9884999990463258,369.58743286132807,0.0,895.0,719.0,896.666666666667,722.0,1000.0,16.9091981124083,-621.754147017651,256.0,256.0,892.722222222222,723.055555555556,145682.0,145802.0,120.0,0.405137794527913,,,,,,,,,,
145.732,4.760000228881836,4.920000076293944,893.0,717.0,893.0,717.0,24.6299991607666,-45.31000137329102,356.9700012207032,0.0,0.0,-0.0054000001400709,-0.0544999986886978,0.9984999895095824,0.1369999945163726,-0.0650999993085861,0.9883999824523924,360.6760559082031,0.0,893.0,717.0,893.333333333333,714.333333333333,1000.0,9.51892285022482,-369.513763109173,256.0,256.0,892.722222222222,723.055555555556,145682.0,145802.0,120.0,0.405137794527913,,,,,,,,,,
145.752,4.760000228881836,4.960000038146973,892.0,707.0,892.0,707.0,24.6299991607666,-41.93999862670898,354.0799865722656,0.0,0.0,-0.0057999999262392,-0.0551000013947486,0.9984999895095824,0.1384000033140182,-0.0483000017702579,0.9891999959945678,357.4048767089844,0.0,892.0,707.0,892.666666666667,715.666666666667,1000.0,12.661906177112,157.149166344361,256.0,256.0,892.722222222222,723.055555555556,145682.0,145802.0,120.0,0.405137794527913,,,,,,,,,,
145.772,4.760000228881836,4.940000057220459,893.0,723.0,893.0,723.0,23.90999984741211,-45.93000030517578,347.5799865722656,0.0,0.0,-0.0077999997884035,-0.0610000006854534,0.9980999827384948,0.1388999968767166,-0.0644999966025352,0.9882000088691713,351.4158630371094,0.0,893.0,723.0,892.333333333333,724.333333333333,1000.0,25.7442335123077,654.116366759781,256.0,256.0,892.722222222222,723.055555555556,145682.0,145802.0,120.0,0.405137794527913,,,,,,,,,,
145.792,4.75,4.880000114440918,892.0,743.0,892.0,743.0,23.190000534057614,-49.83000183105469,332.2799987792969,0.0,0.0,-0.0082999998703598,-0.064300000667572,0.9979000091552734,0.1407999992370605,-0.0870999991893768,0.9861999750137328,336.7948913574219,0.0,892.0,743.0,894.666666666667,736.0,1000.0,15.7153069169278,-501.446329768995,256.0,256.0,892.722222222222,723.055555555556,145682.0,145802.0,120.0,0.405137794527913,,,,,,,,,,
145.812,4.78000020980835,4.889999866485596,899.0,742.0,899.0,742.0,21.739999771118164,-50.61000061035156,341.20001220703125,0.0,0.0,-0.0118000004440546,-0.065600000321865,0.9977999925613404,0.1342999935150146,-0.0864999964833259,0.9872000217437744,345.6174621582032,0.0,899.0,742.0,902.0,732.0,1000.0,30.324753432876506,730.4723257974381,,,,,,,,,549.0,549.0,145802.0,145862.0,60.0,1.7843947337364798,43.493805090904,730.4723257974381,-362.10724863831,308.313090673818
145.832,4.800000190734863,4.869999885559082,915.0,711.0,915.0,711.0,20.15999984741211,-49.4000015258789,407.70999145507807,0.0,0.0,-0.013600000180304,-0.0544000007212162,0.9983999729156494,0.1116999983787536,-0.0697999969124794,0.9912999868392944,411.1863708496094,0.0,915.0,711.0,913.666666666667,721.333333333333,1000.0,43.493805090904,658.452582901372,,,,,,,,,549.0,549.0,145802.0,145862.0,60.0,1.7843947337364798,43.493805090904,730.4723257974381,-362.10724863831,308.313090673818
145.852,5.0,4.849999904632568,927.0,711.0,927.0,711.0,16.020000457763672,-49.47000122070313,408.2799987792969,0.0,0.0,0.0,0.0,0.0,0.1035000011324882,-0.0615000016987323,0.9926999807357788,411.5780334472656,0.0,927.0,711.0,923.333333333333,705.0,1000.0,36.2516601181378,-362.10724863831,,,,,,,,,549.0,549.0,145802.0,145862.0,60.0,1.7843947337364798,43.493805090904,730.4723257974381,-362.10724863831,308.313090673818
145.872,5.0,4.900000095367432,928.0,693.0,928.0,693.0,15.779999732971191,-43.04999923706055,408.4500122070313,0.0,0.0,0.0,0.0,0.0,0.1031000018119812,-0.0472999997437,0.993499994277954,411.0154724121094,0.0,928.0,693.0,925.666666666667,695.333333333333,1000.0,13.1243599151289,-1156.36501015044,257.0,257.0,930.0,665.411764705882,145862.0,146202.0,340.0,1.23203007556696,,,,,,,,,,
145.892,4.800000190734863,4.929999828338623,922.0,682.0,922.0,682.0,19.090000152587887,-42.0,436.83999633789057,0.0,0.0,-0.0159000009298324,-0.0445000007748603,0.99889999628067,0.1039000004529953,-0.0412000007927417,0.9937000274658204,439.2694091796875,0.0,922.0,682.0,923.0,694.666666666667,1000.0,7.2773612909341505,-292.34993120973803,257.0,257.0,930.0,665.411764705882,145862.0,146202.0,340.0,1.23203007556696,,,,,,,,,,
145.912,4.809999942779541,4.889999866485596,919.0,709.0,919.0,709.0,16.670000076293945,-42.97000122070313,358.4800109863281,0.0,0.0,-0.0203000009059906,-0.0364000014960765,0.9991000294685364,0.1137000024318695,-0.0710999965667724,0.99099999666214,361.4307861328125,0.0,919.0,709.0,920.0,695.666666666667,1000.0,6.74176227125749,-26.7799509838332,257.0,257.0,930.0,665.411764705882,145862.0,146202.0,340.0,1.23203007556696,,,,,,,,,,
145.932,4.829999923706056,4.900000095367432,919.0,696.0,919.0,696.0,17.860000610351566,-41.7599983215332,386.510009765625,0.0,0.0,-0.0173000004142522,-0.033500000834465,0.9993000030517578,0.1101000010967254,-0.0614000000059604,0.9919999837875366,389.16943359375,0.0,919.0,696.0,918.0,696.333333333333,1000.0,15.7289054166473,449.357157269493,257.0,257.0,930.0,665.411764705882,145862.0,146202.0,340.0,1.23203007556696,,,,,,,,,,
145.952,5.0,5.0,-1.0,-1.0,-1.0,-1.0,0.0,0.0,0.0,5.0,5.0,0.0,0.0,0.0,0.0,0.0,0.0,0.0,1.0,,,916.0,684.0,1000.0,29.701141120576,698.6117851964349,257.0,257.0,930.0,665.411764705882,145862.0,146202.0,340.0,1.23203007556696,,,,,,,,,,
145.972,4.829999923706056,5.0,913.0,672.0,913.0,672.0,19.950000762939453,-33.84000015258789,386.8699951171875,0.0,0.0,-0.0154999997466802,-0.0294000003486871,0.9994000196456908,0.0,0.0,0.0,388.8592834472656,0.0,913.0,672.0,912.666666666667,673.666666666667,1000.0,25.2349139804264,-223.311357007481,257.0,257.0,930.0,665.411764705882,145862.0,146202.0,340.0,1.23203007556696,,,,,,,,,,
145.992,4.840000152587891,5.0,909.0,665.0,909.0,665.0,21.590000152587887,-31.57999992370605,386.9700012207031,0.0,0.0,-0.0115999998524785,-0.024100000038743,0.9995999932289124,0.0,0.0,0.0,388.8562927246094,0.0,909.0,665.0,910.666666666667,665.0,1000.0,18.3982397738727,-341.833710327686,257.0,257.0,930.0,665.411764705882,145862.0,146202.0,340.0,1.23203007556696,,,,,,,,,,
146.012,4.829999923706056,5.0,910.0,658.0,910.0,658.0,21.0,-29.04999923706055,387.0799865722656,0.0,0.0,-0.0129000004380941,-0.0182000007480382,0.9998000264167785,0.0,0.0,0.0,388.7362060546875,0.0,910.0,658.0,914.0,659.333333333333,1000.0,20.8587598513025,123.026003871492,257.0,257.0,930.0,665.411764705882,145862.0,146202.0,340.0,1.23203007556696,,,,,,,,,,
146.032,4.829999923706056,5.0,923.0,655.0,923.0,655.0,16.639999389648438,-27.88999938964844,387.0,0.0,0.0,-0.023199999704957,-0.0154999997466802,0.9995999932289124,0.0,0.0,0.0,388.3603210449218,0.0,923.0,655.0,922.666666666667,654.0,1000.0,27.0216029885342,308.142156861584,257.0,257.0,930.0,665.411764705882,145862.0,146202.0,340.0,1.23203007556696,,,,,,,,,,
146.052,4.860000133514404,5.0,935.0,649.0,935.0,649.0,12.609999656677244,-25.739999771118164,386.8299865722656,0.0,0.0,-0.0326999984681606,-0.0105999996885657,0.9994000196456908,0.0,0.0,0.0,387.8904724121094,0.0,935.0,649.0,933.0,650.333333333333,1000.0,23.3533675365036,-183.41177260153,257.0,257.0,930.0,665.411764705882,145862.0,146202.0,340.0,1.23203007556696,,,,,,,,,,
146.072,4.869999885559082,5.0,941.0,647.0,941.0,647.0,10.770000457763672,-25.229999542236328,386.73001098632807,0.0,0.0,-0.0370999984443187,-0.0093999998643994,0.9993000030517578,0.0,0.0,0.0,387.7017517089844,0.0,941.0,647.0,939.666666666667,647.666666666667,1000.0,12.9167479271962,-521.8309804653691,257.0,257.0,930.0,665.411764705882,145862.0,146202.0,340.0,1.23203007556696,,,,,,,,,,
146.092,4.869999885559082,5.0,943.0,647.0,943.0,647.0,10.119999885559082,-25.229999542236328,386.7000122070313,0.0,0.0,-0.0386000014841556,-0.0093999998643994,0.9991999864578248,0.0,0.0,0.0,387.654296875,0.0,943.0,647.0,942.333333333333,646.666666666667,1000.0,5.37925000164796,-376.874896277414,257.0,257.0,930.0,665.411764705882,145862.0,146202.0,340.0,1.23203007556696,,,,,,,,,,
146.112,4.880000114440918,5.0,943.0,646.0,943.0,646.0,9.979999542236328,-24.690000534057614,386.6900024414063,0.0,0.0,-0.0390000008046627,-0.0082000000402331,0.9991999864578248,0.0,0.0,0.0,387.60592651367193,0.0,943.0,646.0,943.333333333333,645.666666666667,1000.0,3.83127485236996,-77.3987574639,257.0,257.0,930.0,665.411764705882,145862.0,146202.0,340.0,1.23203007556696,,,,,,,,,,
146.132,4.889999866485596,5.0,944.0,644.0,944.0,644.0,9.75,-24.04999923706055,386.6900024414063,0.0,0.0,-0.0395000018179416,-0.0066999997943639,0.9991999864578248,0.0,0.0,0.0,387.559814453125,0.0,944.0,644.0,943.666666666667,644.0,1000.0,5.581712379650299,87.5218763640168,257.0,257.0,930.0,665.411764705882,145862.0,146202.0,340.0,1.23203007556696,,,,,,,,,,
146.152,4.889999866485596,5.0,944.0,642.0,944.0,642.0,9.770000457763674,-23.43000030517578,386.7000122070313,0.0,0.0,-0.0394000001251697,-0.0052000000141561,0.9991999864578248,0.0,0.0,0.0,387.5323181152344,0.0,944.0,642.0,943.666666666667,650.0,1000.0,12.8434227080073,363.085516417848,257.0,257.0,930.0,665.411764705882,145862.0,146202.0,340.0,1.23203007556696,,,,,,,,,,
146.172,4.889999866485596,4.880000114440918,943.0,664.0,943.0,664.0,9.340000152587889,-29.56999969482421,368.6900024414063,0.0,0.0,-0.0366999991238117,-0.001300000003539,0.9993000030517578,0.0923999994993209,-0.0384000018239021,0.9950000047683716,369.9918212890625,0.0,943.0,664.0,948.0,653.0,1000.0,15.4816425455966,131.910991879465,257.0,257.0,930.0,665.411764705882,145862.0,146202.0,340.0,1.23203007556696,,,,,,,,,,
146.192,4.820000171661377,4.900000095367432,957.0,653.0,957.0,653.0,4.03000020980835,-20.559999465942383,293.4100036621094,0.0,0.0,-0.0540999993681907,0.0353999994695186,0.9979000091552734,0.0900000035762786,-0.0285999998450279,0.9955000281333924,294.1570739746094,0.0,957.0,653.0,953.666666666667,656.666666666667,1000.0,17.469931106547197,99.41442804753108,257.0,257.0,930.0,665.411764705882,145862.0,146202.0,340.0,1.23203007556696,,,,,,,,,,
146.212,4.78000020980835,4.900000095367432,961.0,653.0,961.0,653.0,2.5299999713897705,-18.25,261.0,0.0,0.0,-0.0590999983251094,0.0522000007331371,0.9969000220298768,0.0886000022292137,-0.0286999996751546,0.9957000017166135,261.64950561523443,0.0,961.0,653.0,955.0,664.666666666667,1000.0,41.753032996036,1214.15509447444,,,,,,,,,550.0,550.0,146202.0,146302.0,100.0,2.9301849990821403,54.969760458101504,1214.15509447444,-376.196226148232,112.177937118609
146.232,4.829999923706056,4.949999809265137,947.0,688.0,947.0,688.0,5.210000038146973,-24.309999465942383,239.97999572753903,0.0,0.0,-0.0474999994039535,0.0368000008165836,0.9981999993324282,0.0988999977707862,-0.0568000003695488,0.993499994277954,241.2644195556641,0.0,947.0,688.0,954.333333333333,689.333333333333,1000.0,46.8245126121373,253.573980805065,,,,,,,,,550.0,550.0,146202.0,146302.0,100.0,2.9301849990821403,54.969760458101504,1214.15509447444,-376.196226148232,112.177937118609
146.252,4.840000152587891,5.039999961853027,955.0,727.0,955.0,727.0,2.950000047683716,-27.38999938964844,203.2700042724609,0.0,0.0,-0.0406000018119812,0.0346999987959861,0.9986000061035156,0.0812000036239624,-0.0846000015735626,0.9930999875068665,205.12826538085935,0.0,955.0,727.0,924.666666666667,685.0,1000.0,39.3005880891727,-376.196226148232,,,,,,,,,550.0,550.0,146202.0,146302.0,100.0,2.9301849990821403,54.969760458101504,1214.15509447444,-376.196226148232,112.177937118609
146.272,4.840000152587891,5.0,872.0,640.0,872.0,640.0,18.06999969482421,-12.159999847412108,204.2100067138672,0.0,0.0,-0.0351999998092651,0.0390000008046627,0.9986000061035156,0.0,0.0,0.0,205.36824035644528,0.0,872.0,640.0,927.333333333333,704.0,1000.0,42.258786799249,147.909935503817,,,,,,,,,550.0,550.0,146202.0,146302.0,100.0,2.9301849990821403,54.969760458101504,1214.15509447444,-376.196226148232,112.177937118609
146.292,4.889999866485596,5.079999923706056,955.0,745.0,955.0,745.0,2.9800000190734863,-30.86000061035157,205.0800018310547,0.0,0.0,-0.0324999988079071,0.0189999993890523,0.9993000030517578,0.0732999965548515,-0.0983999967575073,0.9925000071525572,207.4102783203125,0.0,955.0,745.0,933.666666666667,717.0,1000.0,54.969760458101504,635.548682942621,,,,,,,,,550.0,550.0,146202.0,146302.0,100.0,2.9301849990821403,54.969760458101504,1214.15509447444,-376.196226148232,112.177937118609
146.312,4.900000095367432,5.1599998474121085,974.0,766.0,974.0,766.0,-0.5099999904632568,-34.7599983215332,205.5599975585937,0.0,0.0,-0.0322999991476535,0.0093999998643994,0.9994000196456908,0.0447999984025955,-0.1225999966263771,0.9914000034332277,208.47885131835935,0.0,974.0,766.0,959.0,733.333333333333,1000.0,27.2290424088732,-1387.03590246141,,,,,,,,,,,,,,,,,,
146.332,4.880000114440918,5.03000020980835,948.0,689.0,948.0,689.0,5.590000152587891,-27.18000030517578,266.82000732421875,0.0,0.0,-0.0309999994933605,0.0270000007003545,0.9991999864578248,0.0807999968528747,-0.065200001001358,0.994599997997284,268.259033203125,0.0,948.0,689.0,953.0,708.0,1000.0,81.82961547805891,2730.02865345928,,,,,,,,,551.0,551.0,146322.0,146382.0,60.0,2.73774851229586,81.82961547805891,2730.02865345928,-1863.7182594677104,245.376435213836
146.352,4.849999904632568,4.980000019073486,937.0,669.0,937.0,669.0,8.069999694824217,-22.1200008392334,260.67999267578125,0.0,0.0,-0.0276999995112419,0.0439999997615814,0.9986000061035156,0.0949999988079071,-0.0480000004172325,0.9943000078201294,261.7412414550781,0.0,937.0,669.0,938.333333333333,672.333333333333,1000.0,67.4442112936608,-719.270209219906,,,,,,,,,551.0,551.0,146322.0,146382.0,60.0,2.73774851229586,81.82961547805891,2730.02865345928,-1863.7182594677104,245.376435213836
146.372,4.840000152587891,4.9699997901916495,930.0,659.0,930.0,659.0,9.449999809265137,-19.479999542236328,256.239990234375,0.0,0.0,-0.0256999991834163,0.0533000007271766,0.998300015926361,0.1033999994397163,-0.0388000011444091,0.9939000010490416,257.153076171875,0.0,930.0,659.0,931.0,660.0,1000.0,30.169846104306696,-1863.7182594677104,,,,,,,,,551.0,551.0,146322.0,146382.0,60.0,2.73774851229586,81.82961547805891,2730.02865345928,-1863.7182594677104,245.376435213836
146.392,4.860000133514404,4.9699997901916495,926.0,652.0,926.0,652.0,11.140000343322754,-18.920000076293945,272.0,0.0,0.0,-0.0240000002086162,0.050000000745058,0.9984999895095824,0.1086999997496604,-0.032999999821186,0.993499994277954,272.8847045898437,0.0,926.0,652.0,926.0,652.333333333333,1000.0,25.4684625436922,-235.069178030722,258.0,258.0,928.722222222222,621.75,146382.0,146621.5,239.5,0.8769800223886809,,,,,,,,,,
146.412,4.880000114440918,4.9699997901916495,922.0,646.0,922.0,646.0,12.510000228881836,-18.3700008392334,283.94000244140625,0.0,0.0,-0.0208000000566244,0.048700001090765,0.9986000061035156,0.1110000014305114,-0.0289999991655349,0.993399977684021,284.8085021972656,0.0,922.0,646.0,924.333333333333,641.333333333333,1000.0,23.6556729148594,-90.6394814416434,258.0,258.0,928.722222222222,621.75,146382.0,146621.5,239.5,0.8769800223886809,,,,,,,,,,
146.432,4.920000076293944,5.039999961853027,925.0,626.0,925.0,626.0,15.079999923706056,-16.659999847412106,359.17999267578125,0.0,0.0,-0.0252999998629093,0.0272000003606081,0.9993000030517578,0.1114000007510185,-0.0035000001080334,0.9937999844551086,359.8822631835937,0.0,925.0,626.0,924.333333333333,634.0,1000.0,15.09965489571,-427.80090095746806,258.0,258.0,928.722222222222,621.75,146382.0,146621.5,239.5,0.8769800223886809,,,,,,,,,,
146.452,4.940000057220459,5.039999961853027,926.0,630.0,926.0,630.0,14.9399995803833,-18.26000022888184,364.3999938964844,0.0,0.0,-0.0271000005304813,0.0181000009179115,0.9994999766349792,0.1114000007510185,-0.0028999999631196,0.9937999844551086,365.1629638671875,0.0,926.0,630.0,925.666666666667,629.666666666667,1000.0,5.59133483789423,-475.41600289079,258.0,258.0,928.722222222222,621.75,146382.0,146621.5,239.5,0.8769800223886809,,,,,,,,,,
146.472,4.949999809265137,5.03000020980835,926.0,633.0,926.0,633.0,14.8100004196167,-19.18000030517578,363.80999755859375,0.0,0.0,-0.0275999996811151,0.0151000004261732,0.9994999766349792,0.1115000024437904,-0.0046000001020729,0.9937999844551086,364.6161193847656,0.0,926.0,633.0,926.666666666667,630.333333333333,1000.0,3.0353928609224905,-127.797098848587,258.0,258.0,928.722222222222,621.75,146382.0,146621.5,239.5,0.8769800223886809,,,,,,,,,,
146.492,4.949999809265137,5.03000020980835,928.0,628.0,928.0,628.0,14.699999809265137,-17.989999771118164,370.4400024414063,0.0,0.0,-0.0281000006943941,0.0151000004261732,0.9994999766349792,0.1101000010967254,0.0010000000474974,0.9939000010490416,371.1677856445313,0.0,928.0,628.0,927.333333333333,628.0,1000.0,12.4803307988996,472.24689689885696,258.0,258.0,928.722222222222,621.75,146382.0,146621.5,239.5,0.8769800223886809,,,,,,,,,,
146.512,4.960000038146973,5.03000020980835,928.0,623.0,928.0,623.0,14.68000030517578,-16.690000534057614,376.4700012207031,0.0,0.0,-0.0276999995112419,0.0176999997347593,0.9994999766349792,0.1084999963641166,0.0043999999761581,0.9940999746322634,377.1256103515625,0.0,928.0,623.0,927.333333333333,620.666666666667,1000.0,26.3981099044826,695.888955279151,258.0,258.0,928.722222222222,621.75,146382.0,146621.5,239.5,0.8769800223886809,,,,,,,,,,
146.532,4.940000057220459,5.039999961853027,926.0,611.0,926.0,611.0,15.979999542236328,-13.090000152587892,386.3900146484375,0.0,0.0,-0.0220999997109174,0.0324000008404254,0.9991999864578248,0.1071000024676322,0.0065000001341104,0.9941999912261964,386.9417724609375,0.0,926.0,611.0,925.0,607.666666666667,1000.0,23.6590988202804,-136.950554210115,258.0,258.0,928.722222222222,621.75,146382.0,146621.5,239.5,0.8769800223886809,,,,,,,,,,
146.552,4.949999809265137,5.0,921.0,589.0,921.0,589.0,17.559999465942386,-5.630000114440918,386.239990234375,0.0,0.0,-0.0208999998867511,0.0370000004768371,0.9991000294685364,0.0,0.0,0.0,386.6799621582031,0.0,921.0,589.0,927.333333333333,602.333333333333,1000.0,12.1893014819095,-573.489866918543,258.0,258.0,928.722222222222,621.75,146382.0,146621.5,239.5,0.8769800223886809,,,,,,,,,,
146.572,4.949999809265137,4.980000019073486,935.0,607.0,935.0,607.0,13.8100004196167,-12.329999923706056,414.4400024414063,0.0,0.0,-0.0207000002264976,0.0401000007987022,0.9990000128746032,0.090999998152256,0.0,0.9958000183105468,414.8533020019531,0.0,935.0,607.0,931.333333333333,600.666666666667,1000.0,14.8968183035079,135.37584107991998,258.0,258.0,928.722222222222,621.75,146382.0,146621.5,239.5,0.8769800223886809,,,,,,,,,,
146.592,4.960000038146973,4.949999809265137,938.0,606.0,938.0,606.0,12.56999969482422,-12.199999809265137,415.3699951171875,0.0,0.0,-0.0194000005722045,0.0443000011146068,0.998799979686737,0.0842000022530555,-0.0035999999381601,0.996399998664856,415.73919677734375,0.0,938.0,606.0,938.0,606.666666666667,1000.0,15.5505245891165,32.685314280433104,258.0,258.0,928.722222222222,621.75,146382.0,146621.5,239.5,0.8769800223886809,,,,,,,,,,
146.612,4.960000038146973,4.940000057220459,941.0,607.0,941.0,607.0,11.619999885559082,-12.329999923706056,409.8599853515625,0.0,0.0,-0.0196000002324581,0.0463000014424324,0.9987000226974488,0.0810000002384185,-0.0055999998003244,0.9966999888420104,410.21002197265625,0.0,941.0,607.0,941.333333333333,607.333333333333,1000.0,8.26384810064915,-364.33382442337006,258.0,258.0,928.722222222222,621.75,146382.0,146621.5,239.5,0.8769800223886809,,,,,,,,,,
146.631,4.940000057220459,4.929999828338623,945.0,609.0,945.0,609.0,9.359999656677246,-12.289999961853027,384.5299987792969,0.0,0.0,-0.0239000003784894,0.0505999997258186,0.9983999729156494,0.0782999992370605,-0.0073000001721084,0.9969000220298768,384.8401794433594,0.0,945.0,609.0,944.0,608.333333333333,1000.0,44.903762114511096,1928.4165270453695,,,,,,,,,552.0,552.0,146621.5,146761.0,139.5,3.9228584279196697,77.34392433814129,1928.4165270453695,-1343.38970707215,139.645078425892
146.651,4.940000057220459,4.929999828338623,946.0,609.0,946.0,609.0,8.689999580383299,-11.720000267028809,365.7799987792969,0.0,0.0,-0.0233999993652105,0.0560000017285346,0.9981999993324282,0.0771000012755393,-0.0077999997884035,0.996999979019165,366.0708618164063,0.0,946.0,609.0,949.333333333333,640.333333333333,1000.0,77.34392433814129,1622.00811118151,,,,,,,,,552.0,552.0,146621.5,146761.0,139.5,3.9228584279196697,77.34392433814129,1928.4165270453695,-1343.38970707215,139.645078425892
146.671,4.960000038146973,5.050000190734863,957.0,703.0,957.0,703.0,3.299999952316284,-28.540000915527344,249.97000122070315,0.0,0.0,-0.0274999998509883,0.024100000038743,0.9993000030517578,0.0640999972820282,-0.0750000029802322,0.9951000213623048,251.6156311035156,0.0,957.0,703.0,939.666666666667,668.333333333333,1000.0,74.0481133593817,-164.790548937979,,,,,,,,,552.0,552.0,146621.5,146761.0,139.5,3.9228584279196697,77.34392433814129,1928.4165270453695,-1343.38970707215,139.645078425892
146.691,4.920000076293944,4.989999771118164,916.0,693.0,916.0,693.0,13.199999809265137,-28.440000534057614,269.4800109863281,0.0,0.0,-0.0115000000223517,0.0212999992072582,0.9997000098228452,0.1090999990701675,-0.0667999982833862,0.9918000102043154,271.2978820800781,0.0,916.0,693.0,925.333333333333,693.0,1000.0,47.1803192179388,-1343.38970707215,,,,,,,,,552.0,552.0,146621.5,146761.0,139.5,3.9228584279196697,77.34392433814129,1928.4165270453695,-1343.38970707215,139.645078425892
146.711,4.900000095367432,5.010000228881836,903.0,683.0,903.0,683.0,16.8799991607666,-27.020000457763672,277.2699890136719,0.0,0.0,-0.0006999999750405,0.0252000000327825,0.9997000098228452,0.1187999993562698,-0.0599999986588954,0.991100013256073,279.0943603515625,0.0,903.0,683.0,906.666666666667,684.666666666667,1000.0,35.2937733392826,-594.327293932807,,,,,,,,,552.0,552.0,146621.5,146761.0,139.5,3.9228584279196697,77.34392433814129,1928.4165270453695,-1343.38970707215,139.645078425892
146.731,4.889999866485596,4.989999771118164,901.0,678.0,901.0,678.0,17.430000305175778,-26.01000022888184,280.89999389648443,0.0,0.0,0.0054000001400709,0.0295000001788139,0.9995999932289124,0.1146999970078468,-0.0573999993503093,0.991699993610382,282.6395874023437,0.0,901.0,678.0,901.666666666667,679.0,1000.0,43.7059314938352,420.607907727628,,,,,,,,,552.0,552.0,146621.5,146761.0,139.5,3.9228584279196697,77.34392433814129,1928.4165270453695,-1343.38970707215,139.645078425892
146.751,4.880000114440918,4.989999771118164,901.0,676.0,901.0,676.0,17.319999694824222,-25.270000457763672,277.3500061035156,0.0,0.0,0.0089999996125698,0.032999999821186,0.9994000196456908,0.1118000000715255,-0.0564000010490417,0.9921000003814696,279.036865234375,0.0,901.0,676.0,886.333333333333,657.333333333333,1000.0,51.0373212993542,366.569490275951,,,,,,,,,552.0,552.0,146621.5,146761.0,139.5,3.9228584279196697,77.34392433814129,1928.4165270453695,-1343.38970707215,139.645078425892
146.771,4.900000095367432,5.0,857.0,618.0,857.0,618.0,28.13999938964844,-11.119999885559082,277.2699890136719,0.0,0.0,0.0046999999321997,0.0331000015139579,0.9994000196456908,0.0,0.0,0.0,278.9160461425781,0.0,857.0,618.0,876.0,648.666666666667,1000.0,16.5431134835244,-1724.7103907914902,,,,,,,,,,,,,,,,,,
146.791,4.929999828338623,5.0,870.0,652.0,870.0,652.0,24.95000076293945,-19.51000022888184,277.2300109863281,0.0,0.0,-0.0054999999701976,0.0057000000961124,1.0,0.0,0.0,0.0,279.0333557128906,0.0,870.0,652.0,878.666666666667,647.0,1000.0,31.2174794009197,733.718295869765,,,,,,,,,553.0,553.0,146781.0,146821.0,40.0,1.21013761605017,48.4634877907223,862.3004194901289,,44.4212744343922
146.811,4.940000057220459,5.010000228881836,909.0,671.0,909.0,671.0,19.76000022888184,-30.739999771118164,356.54998779296875,0.0,0.0,-0.0105999996885657,-0.002600000007078,0.999899983406067,0.1193000003695488,-0.0449000000953674,0.9918000102043154,358.41778564453125,0.0,909.0,671.0,895.333333333333,663.333333333333,1000.0,48.4634877907223,862.3004194901289,,,,,,,,,553.0,553.0,146781.0,146821.0,40.0,1.21013761605017,48.4634877907223,862.3004194901289,,44.4212744343922
146.831,4.920000076293944,5.019999980926514,907.0,667.0,907.0,667.0,21.71999931335449,-31.229999542236328,377.1199951171875,0.0,0.0,-0.0073000001721084,-0.0065000001341104,1.0,0.119999997317791,-0.0408999994397163,0.9919000267982484,379.03372192382807,0.0,907.0,667.0,909.0,669.333333333333,1000.0,18.0060636461689,-1522.87120722767,259.0,259.0,910.111111111111,663.0,146821.0,146881.0,60.0,0.270515583353778,,,,,,,,,,
146.851,4.900000095367432,5.019999980926514,911.0,670.0,911.0,670.0,20.1299991607666,-31.78000068664551,372.7900085449218,0.0,0.0,-0.0130000002682209,-0.0113000003620982,0.999899983406067,0.1191999986767768,-0.0394000001251697,0.9921000003814696,374.6832885742188,0.0,911.0,670.0,909.333333333333,662.666666666667,1000.0,16.224368325695,-89.08476602369491,259.0,259.0,910.111111111111,663.0,146821.0,146881.0,60.0,0.270515583353778,,,,,,,,,,
146.871,4.889999866485596,5.0,910.0,651.0,910.0,651.0,20.340000152587887,-25.82999992370605,372.9299926757813,0.0,0.0,-0.015599999576807,-0.0113000003620982,0.9998000264167785,0.0,0.0,0.0,374.37640380859375,0.0,910.0,651.0,912.0,657.0,1000.0,16.7302297041716,25.2930689238287,259.0,259.0,910.111111111111,663.0,146821.0,146881.0,60.0,0.270515583353778,,,,,,,,,,
146.891,4.880000114440918,5.0,915.0,650.0,915.0,650.0,18.88999938964844,-25.479999542236328,372.9100036621094,0.0,0.0,-0.019200000911951,-0.0104999998584389,0.9998000264167785,0.0,0.0,0.0,374.2565002441406,0.0,915.0,650.0,913.666666666667,650.333333333333,1000.0,45.792342153158,1453.10562244932,,,,,,,,,554.0,554.0,146881.0,147001.0,120.0,1.1616375559428402,84.0816063009772,1914.46320739096,-2017.93910498767,53.4711446330148
146.911,4.880000114440918,5.0,916.0,650.0,916.0,650.0,18.3799991607666,-25.32999992370605,372.9100036621094,0.0,0.0,-0.0204000007361173,-0.0100999996066093,0.9997000098228452,0.0,0.0,0.0,374.2209167480469,0.0,916.0,650.0,925.0,690.333333333333,1000.0,84.0816063009772,1914.46320739096,,,,,,,,,554.0,554.0,146881.0,147001.0,120.0,1.1616375559428402,84.0816063009772,1914.46320739096,-2017.93910498767,53.4711446330148
146.931,4.869999885559082,5.130000114440918,944.0,771.0,944.0,771.0,5.119999885559082,-37.72999954223633,217.67999267578125,0.0,0.0,-0.0228000003844499,-0.0094999996945261,0.9997000098228452,0.0763999968767166,-0.1202000007033348,0.9897999763488768,220.9849548339844,0.0,944.0,771.0,929.333333333333,714.333333333333,1000.0,43.9462091075313,-2006.7698596723,,,,,,,,,554.0,554.0,146881.0,147001.0,120.0,1.1616375559428402,84.0816063009772,1914.46320739096,-2017.93910498767,53.4711446330148
146.951,4.980000019073486,5.010000228881836,928.0,722.0,928.0,722.0,9.140000343322754,-30.84000015258789,236.3800048828125,0.0,0.0,-0.0261000003665685,0.0148999998345971,0.9994999766349792,0.1054999977350235,-0.0847999975085258,0.9908000230789183,238.55848693847656,0.0,928.0,722.0,931.666666666667,724.333333333333,1000.0,34.4478001714544,-474.920446803843,,,,,,,,,554.0,554.0,146881.0,147001.0,120.0,1.1616375559428402,84.0816063009772,1914.46320739096,-2017.93910498767,53.4711446330148
146.971,4.989999771118164,5.0,923.0,680.0,923.0,680.0,12.25,-26.86000061035157,285.67999267578125,0.0,0.0,-0.0285000000149011,0.0166999995708465,0.9994999766349792,0.1151999980211258,-0.0513000003993511,0.9919999837875366,287.2012939453125,0.0,923.0,680.0,926.666666666667,687.333333333333,1000.0,71.4126588213306,1848.24293249381,,,,,,,,,554.0,554.0,146881.0,147001.0,120.0,1.1616375559428402,84.0816063009772,1914.46320739096,-2017.93910498767,53.4711446330148
146.991,5.019999980926514,4.949999809265137,929.0,660.0,929.0,660.0,11.279999732971191,-23.0,300.67999267578125,0.0,0.0,-0.032999999821186,0.0249000005424022,0.9991000294685364,0.1103999987244606,-0.034800000488758,0.9933000206947326,301.769287109375,0.0,929.0,660.0,927.0,668.333333333333,1000.0,31.0538767215772,-2017.93910498767,,,,,,,,,554.0,554.0,146881.0,147001.0,120.0,1.1616375559428402,84.0816063009772,1914.46320739096,-2017.93910498767,53.4711446330148
147.011,5.019999980926514,4.960000038146973,929.0,665.0,929.0,665.0,10.949999809265137,-23.35000038146973,288.04998779296875,0.0,0.0,-0.0368000008165836,0.0230000000447034,0.9991000294685364,0.1154000014066696,-0.035700000822544,0.9926999807357788,289.2022399902344,0.0,929.0,665.0,930.666666666667,663.333333333333,1000.0,10.3458182862385,-1035.40292176694,260.0,260.0,938.277777777778,666.166666666667,147001.0,147121.0,120.0,0.248943398301985,,,,,,,,,,
147.031,5.079999923706056,4.9699997901916495,934.0,665.0,934.0,665.0,8.869999885559082,-21.26000022888184,264.0599975585937,0.0,0.0,-0.0430000014603138,0.0351000018417835,0.9984999895095824,0.1142999976873397,-0.0351000018417835,0.992799997329712,265.0629272460937,0.0,934.0,665.0,934.333333333333,665.0,1000.0,10.6211497741392,13.766574395036098,260.0,260.0,938.277777777778,666.166666666667,147001.0,147121.0,120.0,0.248943398301985,,,,,,,,,,
147.051,5.059999942779541,4.980000019073486,940.0,665.0,940.0,665.0,7.9099998474121085,-22.649999618530277,278.9599914550781,0.0,0.0,-0.044599998742342,0.0285000000149011,0.9986000061035156,0.1067000031471252,-0.0373999997973442,0.9936000108718872,279.9897766113281,0.0,940.0,665.0,938.666666666667,665.333333333333,1000.0,9.1775629124641,-72.17934308375759,260.0,260.0,938.277777777778,666.166666666667,147001.0,147121.0,120.0,0.248943398301985,,,,,,,,,,
147.071,5.03000020980835,4.980000019073486,942.0,666.0,942.0,666.0,7.829999923706055,-23.88999938964844,290.70001220703125,0.0,0.0,-0.0452000014483928,0.0216000005602836,0.9987000226974488,0.1048000007867813,-0.0377999991178512,0.9937999844551086,291.7850646972656,0.0,942.0,666.0,941.333333333333,666.333333333333,1000.0,5.59129814243346,-179.31323850153197,260.0,260.0,938.277777777778,666.166666666667,147001.0,147121.0,120.0,0.248943398301985,,,,,,,,,,
147.091,5.0,4.980000019073486,942.0,668.0,942.0,668.0,7.980000019073486,-25.34000015258789,303.0,0.0,0.0,-0.0452999994158744,0.0142000000923872,0.99889999628067,0.1035000011324882,-0.0383000001311302,0.9939000010490416,304.1624450683594,0.0,942.0,668.0,942.333333333333,667.666666666667,1000.0,4.05010784522395,-77.0595148604754,260.0,260.0,938.277777777778,666.166666666667,147001.0,147121.0,120.0,0.248943398301985,,,,,,,,,,
147.111,4.980000019073486,4.980000019073486,943.0,669.0,943.0,669.0,8.079999923706055,-26.59000015258789,315.07000732421875,0.0,0.0,-0.0452000014483928,0.0077999997884035,0.99889999628067,0.1020999997854232,-0.0381999984383583,0.9940000176429749,316.2932434082032,0.0,943.0,669.0,942.333333333333,669.333333333333,1000.0,10.5572668638434,325.357950930975,260.0,260.0,938.277777777778,666.166666666667,147001.0,147121.0,120.0,0.248943398301985,,,,,,,,,,
147.131,4.949999809265137,4.980000019073486,942.0,671.0,942.0,671.0,8.5600004196167,-28.06999969482421,324.8699951171875,0.0,0.0,-0.0454000011086463,-0.0010000000474974,0.9990000128746032,0.1035000011324882,-0.0366999991238117,0.9940000176429749,326.1927490234375,0.0,942.0,671.0,944.333333333333,659.666666666667,1000.0,31.513880748583603,1047.83069423701,,,,,,,,,555.0,555.0,147121.0,147181.0,60.0,1.68556170139489,41.7677057717351,1047.83069423701,-402.147575342583,283.038656583023
147.151,4.949999809265137,5.0,948.0,639.0,948.0,639.0,6.9099998474121085,-18.88999938964844,324.7300109863281,0.0,0.0,-0.0537000000476837,0.0059000002220273,0.9984999895095824,0.0,0.0,0.0,325.35235595703125,0.0,948.0,639.0,947.666666666667,645.333333333333,1000.0,41.7677057717351,512.691251157573,,,,,,,,,555.0,555.0,147121.0,147181.0,60.0,1.68556170139489,41.7677057717351,1047.83069423701,-402.147575342583,283.038656583023
147.171,4.949999809265137,5.0,953.0,626.0,953.0,626.0,5.550000190734863,-15.149999618530272,324.6400146484375,0.0,0.0,-0.0571999996900558,0.0163000002503395,0.9981999993324282,0.0,0.0,0.0,325.04071044921875,0.0,953.0,626.0,951.666666666667,628.0,1000.0,33.7247542648835,-402.147575342583,,,,,,,,,555.0,555.0,147121.0,147181.0,60.0,1.68556170139489,41.7677057717351,1047.83069423701,-402.147575342583,283.038656583023
147.191,4.949999809265137,5.0,954.0,619.0,954.0,619.0,5.300000190734863,-13.229999542236328,324.6199951171875,0.0,0.0,-0.0577999986708164,0.0217000003904104,0.9980999827384948,0.0,0.0,0.0,324.9327087402344,0.0,954.0,619.0,954.333333333333,620.0,1000.0,15.6470715904658,-903.8841337208812,261.0,261.0,965.791666666667,606.104166666667,147181.0,147501.0,320.0,0.9203493464134228,,,,,,,,,,
147.211,4.929999828338623,5.0,956.0,615.0,956.0,615.0,4.730000019073486,-11.899999618530272,324.5799865722656,0.0,0.0,-0.0593000017106533,0.025399999693036,0.9979000091552734,0.0,0.0,0.0,324.83251953125,0.0,956.0,615.0,956.0,616.666666666667,1000.0,8.572077046086239,-353.74972721897905,261.0,261.0,965.791666666667,606.104166666667,147181.0,147501.0,320.0,0.9203493464134228,,,,,,,,,,
147.231,4.920000076293944,5.0,958.0,616.0,958.0,616.0,4.2199997901916495,-12.3100004196167,324.57000732421875,0.0,0.0,-0.0606999993324279,0.0242999996989965,0.9979000091552734,0.0,0.0,0.0,324.8307800292969,0.0,958.0,616.0,952.333333333333,613.666666666667,1000.0,12.674863034863,205.139299438837,261.0,261.0,965.791666666667,606.104166666667,147181.0,147501.0,320.0,0.9203493464134228,,,,,,,,,,
147.251,4.960000038146973,5.0,943.0,610.0,943.0,610.0,8.489999771118164,-10.699999809265137,324.5599975585937,0.0,0.0,-0.048700001090765,0.0285999998450279,0.9983999729156494,0.0,0.0,0.0,324.8472900390625,0.0,943.0,610.0,948.0,611.0,1000.0,6.81751203843251,-292.867549821523,261.0,261.0,965.791666666667,606.104166666667,147181.0,147501.0,320.0,0.9203493464134228,,,,,,,,,,
147.271,4.949999809265137,5.0,943.0,607.0,943.0,607.0,8.40999984741211,-9.600000381469728,324.54998779296875,0.0,0.0,-0.0489000007510185,0.031599998474121,0.998300015926361,0.0,0.0,0.0,324.80084228515625,0.0,943.0,607.0,947.333333333333,612.0,1000.0,8.29435491796802,73.8421439767755,261.0,261.0,965.791666666667,606.104166666667,147181.0,147501.0,320.0,0.9203493464134228,,,,,,,,,,
147.291,4.9699997901916495,5.050000190734863,956.0,619.0,956.0,619.0,5.360000133514404,-14.699999809265137,362.33999633789057,0.0,0.0,-0.0438000001013278,0.0386000014841556,0.998300015926361,0.0825000032782554,-0.0062000001780688,0.9965999722480772,362.67767333984375,0.0,956.0,619.0,954.333333333333,610.0,1000.0,20.3204217176516,601.303339984182,261.0,261.0,965.791666666667,606.104166666667,147181.0,147501.0,320.0,0.9203493464134228,,,,,,,,,,
147.311,4.960000038146973,5.099999904632568,964.0,604.0,964.0,604.0,3.2799999713897705,-10.93000030517578,403.1199951171875,0.0,0.0,-0.047699999064207,0.0388000011444091,0.9980999827384948,0.0737000033259391,0.0076999999582767,0.9972000122070312,403.281494140625,0.0,964.0,604.0,962.333333333333,607.333333333333,1000.0,21.089075288248104,38.432678529823,261.0,261.0,965.791666666667,606.104166666667,147181.0,147501.0,320.0,0.9203493464134228,,,,,,,,,,
147.331,4.949999809265137,5.110000133514404,967.0,599.0,967.0,599.0,2.0699999332427974,-9.3100004196167,418.05999755859375,0.0,0.0,-0.0502999983727932,0.0381000004708766,0.9980000257492064,0.070200003683567,0.0140000004321336,0.9973999857902528,418.1687622070313,0.0,967.0,599.0,966.666666666667,599.333333333333,1000.0,23.7409216185186,132.592316513523,261.0,261.0,965.791666666667,606.104166666667,147181.0,147501.0,320.0,0.9203493464134228,,,,,,,,,,
147.351,4.960000038146973,5.110000133514404,969.0,595.0,969.0,595.0,1.4900000095367432,-7.800000190734862,412.8599853515625,0.0,0.0,-0.0518999993801116,0.0423999987542629,0.9977999925613404,0.0694999992847442,0.0168999992311,0.9973999857902528,412.9363708496094,0.0,969.0,595.0,967.333333333333,589.666666666667,1000.0,21.2887972961574,-122.606216118058,261.0,261.0,965.791666666667,606.104166666667,147181.0,147501.0,320.0,0.9203493464134228,,,,,,,,,,
147.371,4.9699997901916495,5.0,966.0,575.0,966.0,575.0,2.5299999713897705,-0.5699999928474426,412.6099853515625,0.0,0.0,-0.0522999987006187,0.045499999076128,0.9976000189781188,0.0,0.0,0.0,412.6181640625,0.0,966.0,575.0,968.666666666667,583.0,1000.0,8.885733496887118,-620.153189963514,261.0,261.0,965.791666666667,606.104166666667,147181.0,147501.0,320.0,0.9203493464134228,,,,,,,,,,
147.391,4.949999809265137,5.0,971.0,579.0,971.0,579.0,0.8600000143051147,-1.919999957084656,412.6499938964844,0.0,0.0,-0.0560000017285346,0.0425999984145164,0.9975000023841858,0.0,0.0,0.0,412.6553649902344,0.0,971.0,579.0,970.666666666667,583.666666666667,1000.0,18.348623605140705,473.144505412681,261.0,261.0,965.791666666667,606.104166666667,147181.0,147501.0,320.0,0.9203493464134228,,,,,,,,,,
147.411,4.949999809265137,5.110000133514404,975.0,597.0,975.0,597.0,-0.6200000047683716,-8.180000305175781,400.33999633789057,0.0,0.0,-0.0588999986648559,0.0412000007927417,0.9973999857902528,0.0674000009894371,0.0182000007480382,0.9976000189781188,400.4240417480469,0.0,975.0,597.0,975.666666666667,595.333333333333,1000.0,19.2843359635088,46.78561791840429,261.0,261.0,965.791666666667,606.104166666667,147181.0,147501.0,320.0,0.9203493464134228,,,,,,,,,,
147.431,5.0,5.119999885559082,981.0,610.0,981.0,610.0,-2.6700000762939453,-12.869999885559082,400.6000061035156,0.0,0.0,0.0,0.0,0.0,0.0648000016808509,0.0190999992191791,0.9976999759674072,400.81558227539057,0.0,981.0,610.0,977.333333333333,597.0,1000.0,28.7270377137992,472.13508751452105,261.0,261.0,965.791666666667,606.104166666667,147181.0,147501.0,320.0,0.9203493464134228,,,,,,,,,,
147.451,4.949999809265137,5.0,976.0,584.0,976.0,584.0,-1.0499999523162842,-3.819999933242797,400.2000122070313,0.0,0.0,-0.061999998986721,0.0395000018179416,0.9973000288009644,0.0,0.0,0.0,400.2196044921875,0.0,976.0,584.0,983.0,616.333333333333,1000.0,28.3211933801637,-20.2922166817768,261.0,261.0,965.791666666667,606.104166666667,147181.0,147501.0,320.0,0.9203493464134228,,,,,,,,,,
147.471,4.960000038146973,5.110000133514404,992.0,655.0,992.0,655.0,-5.03000020980835,-21.11000061035157,295.70001220703125,0.0,0.0,-0.0608999989926815,0.0416000001132488,0.9973000288009644,0.0458000004291534,-0.0416000001132488,0.9980999827384948,296.4952392578125,0.0,992.0,655.0,983.666666666667,618.0,1000.0,11.0470860528918,-863.705366363595,261.0,261.0,965.791666666667,606.104166666667,147181.0,147501.0,320.0,0.9203493464134228,,,,,,,,,,
147.491,4.9699997901916495,5.130000114440918,983.0,615.0,983.0,615.0,-3.430000066757202,-13.770000457763672,372.3500061035156,0.0,0.0,-0.0597000010311603,0.0443999990820884,0.9972000122070312,0.0553000010550022,-0.0085000004619359,0.9983999729156494,372.6203308105469,0.0,983.0,615.0,985.0,624.666666666667,1000.0,25.8927045283857,742.2809237746941,261.0,261.0,965.791666666667,606.104166666667,147181.0,147501.0,320.0,0.9203493464134228,,,,,,,,,,
147.511,4.980000019073486,5.130000114440918,980.0,604.0,980.0,604.0,-2.470000028610229,-10.449999809265137,394.2799987792969,0.0,0.0,-0.0593000017106533,0.0447000004351139,0.9972000122070312,0.0595000013709068,0.0048000002279877,0.9981999993324282,394.4261779785156,0.0,980.0,604.0,978.333333333333,598.666666666667,1000.0,51.8004295497625,1295.38625106884,,,,,,,,,556.0,556.0,147501.0,147521.0,20.0,,51.8004295497625,1295.38625106884,,
147.531,5.0,5.0,972.0,577.0,972.0,577.0,0.5,-1.1599999666213987,394.1300048828125,0.0,0.0,-0.0592000000178813,0.0461000017821788,0.9972000122070312,0.0,0.0,0.0,394.1320190429688,0.0,972.0,577.0,974.333333333333,586.0,1000.0,25.2358165093599,-1328.23065202013,262.0,262.0,973.777777777778,583.222222222222,147521.0,147581.0,60.0,0.134396064206091,,,,,,,,,,
147.551,5.010000228881836,5.0,971.0,577.0,971.0,577.0,0.8100000023841859,-1.3200000524520874,394.1499938964844,0.0,0.0,-0.0584999993443489,0.0456999987363815,0.9972000122070312,0.0,0.0,0.0,394.1530456542969,0.0,971.0,577.0,972.666666666667,580.0,1000.0,3.01994201426114,-1110.79372475494,262.0,262.0,973.777777777778,583.222222222222,147521.0,147581.0,60.0,0.134396064206091,,,,,,,,,,
147.571,4.980000019073486,5.0,975.0,586.0,975.0,586.0,-0.7799999713897706,-4.400000095367432,394.2799987792969,0.0,0.0,-0.0621999986469745,0.0386999994516372,0.9973000288009644,0.0,0.0,0.0,394.3053283691406,0.0,975.0,586.0,974.333333333333,583.666666666667,1000.0,15.055141837146,601.759991144243,262.0,262.0,973.777777777778,583.222222222222,147521.0,147581.0,60.0,0.134396064206091,,,,,,,,,,
147.591,4.980000019073486,5.0,977.0,588.0,977.0,588.0,-1.2100000381469729,-5.199999809265137,394.3200073242188,0.0,0.0,-0.0631999969482421,0.0368000008165836,0.9973000288009644,0.0,0.0,0.0,394.3561401367188,0.0,977.0,588.0,967.333333333333,590.333333333333,1000.0,35.0881572714823,1001.65077171681,,,,,,,,,557.0,557.0,147581.0,147701.0,120.0,3.92646943931538,51.5194456103301,1001.65077171681,-537.942990414251,132.324573343971
147.611,5.110000133514404,5.010000228881836,950.0,597.0,950.0,597.0,10.329999923706056,-10.81999969482422,505.58999633789057,0.0,0.0,-0.0135000003501772,0.0427000001072883,0.9990000128746032,0.0604999996721744,-0.0044999998062849,0.9981999993324282,505.8112487792969,0.0,950.0,597.0,951.333333333333,598.0,1000.0,51.5194456103301,821.56441694239,,,,,,,,,557.0,557.0,147581.0,147701.0,120.0,3.92646943931538,51.5194456103301,1001.65077171681,-537.942990414251,132.324573343971
147.631,4.9699997901916495,5.2199997901916495,927.0,609.0,927.0,609.0,15.029999732971191,-12.0600004196167,375.1499938964844,0.0,0.0,-0.0271000005304813,0.0182000007480382,0.9994999766349792,0.1103999987244606,0.025900000706315,0.9936000108718872,375.64459228515625,0.0,927.0,609.0,932.333333333333,609.333333333333,1000.0,48.4004302106091,-155.95076998605,,,,,,,,,557.0,557.0,147581.0,147701.0,120.0,3.92646943931538,51.5194456103301,1001.65077171681,-537.942990414251,132.324573343971
147.651,4.929999828338623,5.289999961853027,920.0,622.0,920.0,622.0,14.0600004196167,-13.130000114440918,301.5799865722656,0.0,0.0,-0.0342999994754791,0.0104000000283122,0.9994000196456908,0.1290999948978424,0.0366999991238117,0.99099999666214,302.19293212890625,0.0,920.0,622.0,921.0,620.0,1000.0,37.641570402324,-537.942990414251,,,,,,,,,557.0,557.0,147581.0,147701.0,120.0,3.92646943931538,51.5194456103301,1001.65077171681,-537.942990414251,132.324573343971
147.671,4.9099998474121085,5.320000171661377,916.0,629.0,916.0,629.0,13.880000114440918,-13.739999771118164,276.8800048828125,0.0,0.0,-0.0372000001370906,0.0077999997884035,0.9993000030517578,0.1378999948501586,0.0390000008046627,0.9897000193595886,277.56796264648443,0.0,916.0,629.0,916.666666666667,634.0,1000.0,34.3871134870832,-162.722845762043,,,,,,,,,557.0,557.0,147581.0,147701.0,120.0,3.92646943931538,51.5194456103301,1001.65077171681,-537.942990414251,132.324573343971
147.691,4.900000095367432,5.0,914.0,651.0,914.0,651.0,14.279999732971191,-19.030000686645508,277.010009765625,0.0,0.0,-0.0388000011444091,0.0070000002160668,0.9991999864578248,0.0,0.0,0.0,278.02984619140625,0.0,914.0,651.0,916.333333333333,646.333333333333,1000.0,30.9256360519422,-173.07387175704702,,,,,,,,,557.0,557.0,147581.0,147701.0,120.0,3.92646943931538,51.5194456103301,1001.65077171681,-537.942990414251,132.324573343971
147.711,4.889999866485596,5.0,919.0,659.0,919.0,659.0,13.079999923706056,-21.090000152587887,276.989990234375,0.0,0.0,-0.0427000001072883,0.0005000000237487,0.9991000294685364,0.0,0.0,0.0,278.0995178222656,0.0,919.0,659.0,918.666666666667,658.0,1000.0,21.944750609636504,-449.044272115288,263.0,263.0,923.866666666667,661.866666666667,147701.0,147801.0,100.0,0.189111940308115,,,,,,,,,,
147.731,4.9099998474121085,5.0,923.0,664.0,923.0,664.0,12.050000190734863,-22.270000457763672,276.8699951171875,0.0,0.0,-0.045899998396635,-0.003400000045076,0.99889999628067,0.0,0.0,0.0,278.02545166015625,0.0,923.0,664.0,922.333333333333,662.333333333333,1000.0,10.9342171652228,-550.5266722206829,263.0,263.0,923.866666666667,661.866666666667,147701.0,147801.0,100.0,0.189111940308115,,,,,,,,,,
147.751,4.929999828338623,5.0,925.0,664.0,925.0,664.0,11.520000457763672,-22.21999931335449,276.79998779296875,0.0,0.0,-0.0476000010967254,-0.0032999999821186,0.99889999628067,0.0,0.0,0.0,277.92926025390625,0.0,925.0,664.0,925.0,663.666666666667,1000.0,5.22221539284097,-285.600088619092,263.0,263.0,923.866666666667,661.866666666667,147701.0,147801.0,100.0,0.189111940308115,,,,,,,,,,
147.771,4.940000057220459,5.0,927.0,663.0,927.0,663.0,11.100000381469728,-21.989999771118164,276.75,0.0,0.0,-0.0489999987185001,-0.002600000007078,0.998799979686737,0.0,0.0,0.0,277.8440856933594,0.0,927.0,663.0,926.333333333333,663.0,1000.0,3.08414251838569,-106.903643722764,263.0,263.0,923.866666666667,661.866666666667,147701.0,147801.0,100.0,0.189111940308115,,,,,,,,,,
147.791,4.949999809265137,5.0,927.0,662.0,927.0,662.0,11.06999969482422,-21.71999931335449,276.739990234375,0.0,0.0,-0.049100000411272,-0.001700000022538,0.998799979686737,0.0,0.0,0.0,277.8116760253906,0.0,927.0,662.0,927.0,662.333333333333,1000.0,2.13373918239967,-47.520166799301,263.0,263.0,923.866666666667,661.866666666667,147701.0,147801.0,100.0,0.189111940308115,,,,,,,,,,
147.811,4.949999809265137,5.0,927.0,662.0,927.0,662.0,11.079999923706056,-21.799999237060547,276.7300109863281,0.0,0.0,-0.0489999987185001,-0.0020000000949949,0.998799979686737,0.0,0.0,0.0,277.8083801269532,0.0,927.0,662.0,926.333333333333,661.333333333333,1000.0,77.76680269523729,3781.65317564188,,,,,,,,,558.0,558.0,147801.0,148001.0,200.0,17.525488395878902,374.437915734086,9104.66134685192,-7742.00444037587,209.87702719163505
147.831,4.940000057220459,5.0,925.0,660.0,925.0,660.0,11.56999969482422,-21.149999618530277,276.7699890136719,0.0,0.0,-0.0474999994039535,9.999999747378752e-05,0.99889999628067,0.0,0.0,0.0,277.81796264648443,0.0,925.0,660.0,976.666666666667,628.0,1000.0,190.535057149628,5638.41272271951,,,,,,,,,558.0,558.0,147801.0,148001.0,200.0,17.525488395878902,374.437915734086,9104.66134685192,-7742.00444037587,209.87702719163505
147.851,4.809999942779541,5.0,1078.0,562.0,1078.0,562.0,-25.1200008392334,2.990000009536743,273.0400085449219,0.0,0.0,-0.1659999936819076,0.0794000029563903,0.9829000234603882,0.0,0.0,0.0,274.2094116210937,0.0,1078.0,562.0,1049.33333333333,579.666666666667,1000.0,240.093147875799,2477.90453630855,,,,,,,,,558.0,558.0,147801.0,148001.0,200.0,17.525488395878902,374.437915734086,9104.66134685192,-7742.00444037587,209.87702719163505
147.871,4.769999980926514,5.0,1145.0,517.0,1145.0,517.0,-40.47000122070313,13.8100004196167,269.39999389648443,0.0,0.0,-0.2155999988317489,0.1147999987006187,0.96969997882843,0.0,0.0,0.0,272.7726135253906,0.0,1145.0,517.0,1132.33333333333,525.0,1000.0,147.609576472468,-4624.17857016655,,,,,,,,,558.0,558.0,147801.0,148001.0,200.0,17.525488395878902,374.437915734086,9104.66134685192,-7742.00444037587,209.87702719163505
147.891,4.739999771118164,5.0,1174.0,496.0,1174.0,496.0,-46.77999877929688,18.690000534057614,267.4700012207032,0.0,0.0,-0.2360000014305115,0.1307999938726425,0.9628999829292296,0.0,0.0,0.0,272.1725158691406,0.0,1174.0,496.0,1106.33333333333,480.0,1000.0,192.344688797048,2236.75561622902,,,,,,,,,558.0,558.0,147801.0,148001.0,200.0,17.525488395878902,374.437915734086,9104.66134685192,-7742.00444037587,209.87702719163505
147.911,5.320000171661377,5.0,1000.0,427.0,1000.0,427.0,-5.840000152587891,34.950000762939446,271.14999389648443,0.0,0.0,-0.1044000014662742,0.1803999990224838,0.977999985218048,0.0,0.0,0.0,273.4555358886719,0.0,1000.0,427.0,988.333333333333,484.0,1000.0,374.437915734086,9104.66134685192,,,,,,,,,558.0,558.0,147801.0,148001.0,200.0,17.525488395878902,374.437915734086,9104.66134685192,-7742.00444037587,209.87702719163505
147.931,5.579999923706056,5.070000171661377,791.0,529.0,791.0,529.0,43.68999862670898,10.010000228881836,272.0799865722656,0.0,0.0,0.0631000027060508,0.1861999928951263,0.9804999828338624,0.2224999964237212,0.0108000002801418,0.9749000072479248,275.74725341796875,0.0,791.0,529.0,815.666666666667,489.666666666667,1000.0,368.818222846979,-280.984644355368,,,,,,,,,558.0,558.0,147801.0,148001.0,200.0,17.525488395878902,374.437915734086,9104.66134685192,-7742.00444037587,209.87702719163505
147.951,5.199999809265137,5.099999904632568,656.0,513.0,656.0,513.0,61.97000122070313,11.06999969482422,222.75,0.0,0.0,0.1627999991178512,0.169400006532669,0.9720000028610228,0.2982000112533569,0.0703999996185302,0.951900005340576,231.4743804931641,0.0,656.0,513.0,702.333333333333,526.0,1000.0,213.978134039462,-7742.00444037587,,,,,,,,,558.0,558.0,147801.0,148001.0,200.0,17.525488395878902,374.437915734086,9104.66134685192,-7742.00444037587,209.87702719163505
147.971,5.0,5.130000114440918,660.0,536.0,660.0,536.0,61.47999954223633,6.639999866485596,223.44000244140625,0.0,0.0,0.0,0.0,0.0,0.3255000114440918,0.098300002515316,0.940400004386902,231.8389892578125,0.0,660.0,536.0,644.0,506.0,1000.0,96.1634746489069,-5890.732969527739,,,,,,,,,558.0,558.0,147801.0,148001.0,200.0,17.525488395878902,374.437915734086,9104.66134685192,-7742.00444037587,209.87702719163505
147.991,5.130000114440918,5.130000114440918,616.0,469.0,616.0,469.0,104.04000091552734,29.01000022888184,330.94000244140625,0.0,0.0,0.2054000049829483,0.1479000002145767,0.967400014400482,0.3323000073432922,0.1097000017762184,0.9368000030517578,348.1195068359375,0.0,616.0,469.0,631.0,491.666666666667,1000.0,54.3002914096537,-2093.15916196266,,,,,,,,,558.0,558.0,147801.0,148001.0,200.0,17.525488395878902,374.437915734086,9104.66134685192,-7742.00444037587,209.87702719163505
148.011,5.050000190734863,5.130000114440918,617.0,470.0,617.0,470.0,107.51000213623048,29.56999969482421,343.04998779296875,0.0,0.0,0.2053000032901764,0.1394000053405761,0.9686999917030334,0.3325999975204468,0.1124000027775764,0.93639999628067,360.716064453125,0.0,617.0,470.0,617.0,470.333333333333,1000.0,27.5013073257194,-1339.94920419672,264.0,264.0,626.2380952380951,484.7857142857141,148001.0,148280.5,279.5,0.437221191631772,,,,,,,,,,
148.031,5.019999980926514,5.119999885559082,618.0,472.0,618.0,472.0,112.4800033569336,30.68000030517578,360.51998901367193,0.0,0.0,0.2078000009059906,0.1343999952077865,0.9689000248908995,0.3305999934673309,0.1116999983787536,0.9370999932289124,378.90325927734375,0.0,618.0,472.0,618.666666666667,472.666666666667,1000.0,8.037492433059171,-973.190744633012,264.0,264.0,626.2380952380951,484.7857142857141,148001.0,148280.5,279.5,0.437221191631772,,,,,,,,,,
148.051,5.010000228881836,5.110000133514404,621.0,476.0,621.0,476.0,107.87000274658205,28.3700008392334,348.1700134277344,0.0,0.0,0.2032999992370605,0.1337999999523162,0.9699000120162964,0.3300000131130218,0.1090999990701675,0.9376999735832214,365.5997009277344,0.0,621.0,476.0,621.0,475.666666666667,1000.0,9.97063819943658,96.6572883188705,264.0,264.0,626.2380952380951,484.7857142857141,148001.0,148280.5,279.5,0.437221191631772,,,,,,,,,,
148.071,5.010000228881836,5.110000133514404,624.0,479.0,624.0,479.0,104.33000183105467,26.76000022888184,339.8900146484375,0.0,0.0,0.1988999992609024,0.1326999962329864,0.9710000157356262,0.3287999927997589,0.1076000034809112,0.9383000135421754,356.54742431640625,0.0,624.0,479.0,624.0,479.0,1000.0,10.8023695351059,41.5865667834667,264.0,264.0,626.2380952380951,484.7857142857141,148001.0,148280.5,279.5,0.437221191631772,,,,,,,,,,
148.091,5.0,5.099999904632568,627.0,482.0,627.0,482.0,101.58000183105467,25.540000915527344,333.6700134277344,0.0,0.0,0.1949999928474426,0.131300002336502,0.9720000028610228,0.3278000056743621,0.1068999990820884,0.9387000203132628,349.723388671875,0.0,627.0,482.0,627.0,482.333333333333,1000.0,7.64319948121585,-157.958502694504,264.0,264.0,626.2380952380951,484.7857142857141,148001.0,148280.5,279.5,0.437221191631772,,,,,,,,,,
148.111,5.0,5.03000020980835,630.0,486.0,630.0,486.0,99.30999755859376,24.0,329.07000732421875,0.0,0.0,0.1923999935388564,0.1315000057220459,0.9725000262260436,0.326200008392334,0.1026000007987022,0.9397000074386596,344.56573486328125,0.0,630.0,486.0,627.333333333333,484.333333333333,1000.0,6.37069950306692,-63.624998907446205,264.0,264.0,626.2380952380951,484.7857142857141,148001.0,148280.5,279.5,0.437221191631772,,,,,,,,,,
148.131,4.989999771118164,5.070000171661377,625.0,485.0,625.0,485.0,98.30999755859376,23.70000076293945,321.1700134277344,0.0,0.0,0.1924999952316284,0.1291999965906143,0.9726999998092652,0.3312000036239624,0.1076999977231025,0.937399983406067,336.714599609375,0.0,625.0,485.0,628.333333333333,487.333333333333,1000.0,4.9654760228403605,-70.26117401132811,264.0,264.0,626.2380952380951,484.7857142857141,148001.0,148280.5,279.5,0.437221191631772,,,,,,,,,,
148.151,4.989999771118164,5.010000228881836,630.0,491.0,630.0,491.0,98.77999877929688,22.459999084472656,327.57000732421875,0.0,0.0,0.1918999999761581,0.1281999945640564,0.9729999899864196,0.3264999985694885,0.0991000011563301,0.9399999976158142,342.8761291503906,0.0,630.0,491.0,627.666666666667,488.333333333333,1000.0,3.38839345595025,-78.8541283445055,264.0,264.0,626.2380952380951,484.7857142857141,148001.0,148280.5,279.5,0.437221191631772,,,,,,,,,,
148.171,4.980000019073486,5.050000190734863,628.0,489.0,628.0,489.0,98.08999633789062,22.729999542236328,323.8800048828125,0.0,0.0,0.1906999945640564,0.1261000037193298,0.9735000133514404,0.3285999894142151,0.1044000014662742,0.9387000203132628,339.1703796386719,0.0,628.0,489.0,629.0,490.0,1000.0,2.02236669292227,-68.3013381513989,264.0,264.0,626.2380952380951,484.7857142857141,148001.0,148280.5,279.5,0.437221191631772,,,,,,,,,,
148.191,4.980000019073486,5.070000171661377,629.0,490.0,629.0,490.0,97.83000183105467,22.479999542236328,323.3299865722656,0.0,0.0,0.190200001001358,0.1253000050783157,0.9736999869346618,0.3283999860286713,0.1040000021457672,0.9387999773025512,338.5533142089844,0.0,629.0,490.0,628.666666666667,489.666666666667,1000.0,0.91202033259337,-55.5173180164451,264.0,264.0,626.2380952380951,484.7857142857141,148001.0,148280.5,279.5,0.437221191631772,,,,,,,,,,
148.211,4.980000019073486,5.050000190734863,629.0,490.0,629.0,490.0,98.51000213623048,22.71999931335449,326.2099914550781,0.0,0.0,0.1906999945640564,0.1256999969482422,0.9735999703407288,0.3274999856948852,0.1032000035047531,0.9391999840736388,341.51629638671875,0.0,629.0,490.0,629.333333333333,490.666666666667,1000.0,2.2033749562981804,64.5677311852407,264.0,264.0,626.2380952380951,484.7857142857141,148001.0,148280.5,279.5,0.437221191631772,,,,,,,,,,
148.231,4.980000019073486,5.03000020980835,630.0,492.0,630.0,492.0,98.5,22.040000915527344,326.9800109863281,0.0,0.0,0.1909999996423721,0.1261000037193298,0.9733999967575072,0.3262999951839447,0.0989999994635582,0.9401000142097472,342.2045288085937,0.0,630.0,492.0,629.333333333333,491.333333333333,1000.0,2.09932568077465,-5.2024637761769,264.0,264.0,626.2380952380951,484.7857142857141,148001.0,148280.5,279.5,0.437221191631772,,,,,,,,,,
148.251,4.9699997901916495,5.050000190734863,629.0,492.0,629.0,492.0,97.37999725341795,21.690000534057614,322.2900085449219,0.0,0.0,0.1897999942302704,0.1243999972939491,0.973900020122528,0.3280999958515167,0.1015999987721443,0.9391999840736388,337.3783569335937,0.0,629.0,492.0,629.666666666667,492.333333333333,1000.0,2.37172721148725,13.6200765356303,264.0,264.0,626.2380952380951,484.7857142857141,148001.0,148280.5,279.5,0.437221191631772,,,,,,,,,,
148.271,4.9699997901916495,5.050000190734863,630.0,493.0,630.0,493.0,98.19000244140624,21.809999465942383,325.8800048828125,0.0,0.0,0.1903000026941299,0.123999997973442,0.973900020122528,0.3269999921321869,0.1004000008106231,0.9397000074386596,341.0494384765625,0.0,630.0,493.0,630.333333333333,493.0,1000.0,24.7943391596282,1121.13059740705,264.0,264.0,626.2380952380951,484.7857142857141,148001.0,148280.5,279.5,0.437221191631772,,,,,,,,,,
148.29,4.9699997901916495,5.039999961853027,632.0,494.0,632.0,494.0,99.79000091552734,21.75,332.69000244140625,0.0,0.0,0.1912000030279159,0.12219999730587,0.973900020122528,0.3251000046730041,0.097800001502037,0.9405999779701234,348.0140075683594,0.0,632.0,494.0,632.333333333333,511.666666666667,1000.0,70.2922422481105,2394.62647834118,,,,,,,,,559.0,559.0,148280.5,148300.0,19.5,,70.2922422481105,2394.62647834118,,
148.31,4.929999828338623,4.869999885559082,635.0,548.0,635.0,548.0,105.63999938964844,6.519999980926514,356.4599914550781,0.0,0.0,0.1932000070810318,0.0711999982595443,0.978600025177002,0.322299987077713,0.061099998652935,0.9447000026702882,371.8414306640625,0.0,635.0,548.0,635.0,548.0,1000.0,,,,,,,,,,,,,,,,,,,,
148.33,5.0,5.0,-1.0,-1.0,-1.0,-1.0,0.0,0.0,0.0,5.0,5.0,0.0,0.0,0.0,0.0,0.0,0.0,0.0,1.0,,,,,1000.0,,,,,,,,,,,,,,,,,,,,
148.35,5.0,5.0,-1.0,-1.0,-1.0,-1.0,0.0,0.0,0.0,5.0,5.0,0.0,0.0,0.0,0.0,0.0,0.0,0.0,1.0,,,,,1000.0,,,,,,,,,,,,,,,,,,,,
148.37,5.0,5.0,-1.0,-1.0,-1.0,-1.0,0.0,0.0,0.0,5.0,5.0,0.0,0.0,0.0,0.0,0.0,0.0,0.0,1.0,,,,,1000.0,,,,,,,,,,,,,,,,,,,,
148.39,5.0,5.0,-1.0,-1.0,-1.0,-1.0,0.0,0.0,0.0,5.0,5.0,0.0,0.0,0.0,0.0,0.0,0.0,0.0,1.0,,,,,1000.0,,,,,,,,,,,,,,,,,,,,
148.41,5.0,5.0,-1.0,-1.0,-1.0,-1.0,0.0,0.0,0.0,5.0,5.0,0.0,0.0,0.0,0.0,0.0,0.0,0.0,1.0,,,,,1000.0,,,,,,,,,,,,,,,,,,,,
148.43,5.0,5.0,-1.0,-1.0,-1.0,-1.0,0.0,0.0,0.0,5.0,5.0,0.0,0.0,0.0,0.0,0.0,0.0,0.0,1.0,,,,,1000.0,,,,,,,,,,,,,,,,,,,,
148.45,5.0,4.449999809265137,391.0,165.0,391.0,165.0,160.19000244140625,109.30999755859376,309.79998779296875,0.0,0.0,0.0,0.0,0.0,0.4523000121116638,0.3077999949455261,0.8371000289916992,365.4935607910156,1.0,391.0,165.0,391.0,165.0,1000.0,,,,,,,,,,,,,,,,,,,,
148.47,4.869999885559082,3.5,-1.0,-1.0,-1.0,-1.0,0.0,0.0,0.0,5.0,5.0,0.2646999955177307,0.4111000001430512,0.8723000288009644,0.3339999914169311,-0.0399999991059303,0.9416999816894532,0.0,1.0,,,,,1000.0,,,,,,,,,,,,,,,,,,,,
148.49,4.929999828338623,5.0,-1.0,-1.0,-1.0,-1.0,0.0,0.0,0.0,5.0,5.0,0.2610000073909759,0.5182999968528748,0.8144000172615051,0.0,0.0,0.0,0.0,1.0,,,,,1000.0,,,,,,,,,,,,,,,,,,,,
148.51,4.980000019073486,5.0,-1.0,-1.0,-1.0,-1.0,0.0,0.0,0.0,5.0,5.0,0.2486999928951263,0.5436000227928162,0.8016999959945678,0.0,0.0,0.0,0.0,1.0,,,,,1000.0,,,,,,,,,,,,,,,,,,,,
148.53,5.019999980926514,3.6800000667572017,-1.0,-1.0,-1.0,-1.0,0.0,0.0,0.0,5.0,5.0,0.2277999967336655,0.5364000201225281,0.8126000165939331,0.2487999945878982,-0.1685999929904937,0.9538000226020812,0.0,1.0,,,,,1000.0,,,,,,,,,,,,,,,,,,,,
148.55,5.0,5.0,-1.0,-1.0,-1.0,-1.0,0.0,0.0,0.0,5.0,5.0,0.2080000042915344,0.5034999847412109,0.8385999798774718,0.0,0.0,0.0,0.0,1.0,,,,,1000.0,,,,,,,,,,,,,,,,,,,,
148.57,5.139999866485596,5.0,-1.0,-1.0,-1.0,-1.0,0.0,0.0,0.0,5.0,5.0,0.1953999996185302,0.4869999885559082,0.851199984550476,0.0,0.0,0.0,0.0,1.0,,,,,1000.0,,,,,,,,,,,,,,,,,,,,
148.59,5.059999942779541,5.0,613.0,8.0,613.0,8.0,102.01000213623048,155.8699951171875,316.6700134277344,0.0,0.0,0.1852999925613403,0.4343000054359436,0.8815000057220459,0.0,0.0,0.0,367.3981323242188,0.0,613.0,8.0,613.0,8.0,1000.0,,,,,,,,,,,,,,,,,,,,
148.61,4.949999809265137,4.25,786.0,307.0,786.0,307.0,47.13999938964844,65.19000244140625,281.67999267578125,0.0,0.0,0.1045999974012374,0.2946999967098236,0.9498000144958496,0.1817999929189682,0.2143000066280365,0.9596999883651732,292.9429016113281,0.0,786.0,307.0,723.666666666667,216.666666666667,1000.0,387.13967276200896,,,,,,,,,,560.0,560.0,148600.0,148700.0,100.0,5.13044449094761,387.13967276200896,,-13105.4119275607,109.472139295967
148.63,4.900000095367432,4.210000038146973,772.0,335.0,772.0,335.0,50.63000106811523,58.59000015258789,282.989990234375,0.0,0.0,0.0688999965786933,0.2319999933242797,0.970300018787384,0.2087000012397766,-0.1448000073432922,0.967199981212616,293.39312744140625,0.0,772.0,335.0,763.333333333333,325.0,1000.0,125.031434210795,-13105.4119275607,,,,,,,,,560.0,560.0,148600.0,148700.0,100.0,5.13044449094761,387.13967276200896,,-13105.4119275607,109.472139295967
148.65,4.829999923706056,5.0,732.0,333.0,732.0,333.0,60.43000030517578,58.72999954223633,282.6499938964844,0.0,0.0,0.0988000035285949,0.2337000072002411,0.967299997806549,0.0,0.0,0.0,294.944091796875,0.0,732.0,333.0,737.333333333333,320.66666666666697,1000.0,68.6483811523697,-2819.15265292127,,,,,,,,,560.0,560.0,148600.0,148700.0,100.0,5.13044449094761,387.13967276200896,,-13105.4119275607,109.472139295967
148.67,4.789999961853027,5.0,708.0,294.0,708.0,294.0,65.81999969482422,67.83000183105469,280.14999389648443,0.0,0.0,0.1155000030994415,0.2626999914646149,0.9578999876976012,0.0,0.0,0.0,295.6640014648437,0.0,708.0,294.0,708.333333333333,311.33333333333303,1000.0,57.509069204762,-556.965597380382,,,,,,,,,560.0,560.0,148600.0,148700.0,100.0,5.13044449094761,387.13967276200896,,-13105.4119275607,109.472139295967
148.69,4.78000020980835,5.0,685.0,307.0,685.0,307.0,71.47000122070312,64.5999984741211,280.4100036621094,0.0,0.0,0.1327999979257583,0.2535000145435333,0.9581999778747556,0.0,0.0,0.0,296.4977111816406,0.0,685.0,307.0,690.666666666667,310.0,1000.0,42.161858395613,-767.3605404574499,,,,,,,,,560.0,560.0,148600.0,148700.0,100.0,5.13044449094761,387.13967276200896,,-13105.4119275607,109.472139295967
148.71,4.7199997901916495,5.0,679.0,329.0,679.0,329.0,73.13999938964845,59.29999923706055,281.489990234375,0.0,0.0,0.1381999999284744,0.2374999970197677,0.9614999890327453,0.0,0.0,0.0,296.8207702636719,0.0,679.0,329.0,679.0,329.0,1000.0,,,,,,,,,,,,,,,,,,,,
148.73,5.070000171661377,3.759999990463257,-1.0,-1.0,-1.0,-1.0,0.0,0.0,0.0,5.0,5.0,0.1141000017523765,0.3492999970912933,0.9300000071525572,0.2187999933958053,-0.2373999953269958,0.946399986743927,0.0,1.0,,,,,1000.0,,,,,,,,,,,,,,,,,,,,
148.75,5.170000076293944,3.650000095367432,-1.0,-1.0,-1.0,-1.0,0.0,0.0,0.0,5.0,5.0,0.0879999995231628,0.4566000103950501,0.8852999806404115,0.1629000008106231,-0.271699994802475,0.9484999775886536,0.0,1.0,,,,,1000.0,,,,,,,,,,,,,,,,,,,,
148.77,5.099999904632568,3.7899999618530273,-1.0,-1.0,-1.0,-1.0,0.0,0.0,0.0,5.0,5.0,0.0706000030040741,0.5304999947547913,0.8446999788284301,0.3048000037670135,-0.1842000037431716,0.9344000220298768,0.0,1.0,,,,,1000.0,,,,,,,,,,,,,,,,,,,,
148.79,4.920000076293944,3.940000057220459,-1.0,-1.0,-1.0,-1.0,0.0,0.0,0.0,5.0,5.0,0.0115000000223517,0.5541999936103821,0.8323000073432922,0.3262999951839447,-0.1693000048398971,0.9300000071525572,0.0,1.0,,,,,1000.0,,,,,,,,,,,,,,,,,,,,
148.81,4.840000152587891,5.0,-1.0,-1.0,-1.0,-1.0,0.0,0.0,0.0,5.0,5.0,-0.0100999996066093,0.5462999939918518,0.8374999761581422,0.0,0.0,0.0,0.0,1.0,,,,,1000.0,,,,,,,,,,,,,,,,,,,,
148.83,5.0,5.0,-1.0,-1.0,-1.0,-1.0,0.0,0.0,0.0,5.0,5.0,0.0,0.0,0.0,0.0,0.0,0.0,0.0,1.0,,,,,1000.0,,,,,,,,,,,,,,,,,,,,
148.85,4.869999885559082,4.329999923706056,846.0,365.0,846.0,365.0,32.810001373291016,51.97999954223633,286.82000732421875,0.0,0.0,-0.0184000004082918,0.5044999718666077,0.863200008869171,0.191100001335144,0.2129999995231628,0.9581999778747556,293.3327941894532,0.0,846.0,365.0,846.0,365.0,1000.0,,,,,,,,,,,,,,,,,,,,
148.87,4.940000057220459,4.480000019073486,903.0,102.0,903.0,102.0,13.520000457763672,83.77999877929686,203.7100067138672,0.0,0.0,-0.0085000004619359,0.441100001335144,0.8974000215530396,0.1299999952316284,0.3431000113487244,0.930299997329712,220.67996215820315,0.0,903.0,102.0,862.666666666667,178.0,1000.0,264.022333771955,,,,,,,,,,561.0,561.0,148860.0,149020.0,160.0,8.9743569150365,264.022333771955,3784.31005375299,-10633.753648456,18.9573882598808
148.89,4.949999809265137,4.050000190734863,839.0,67.0,839.0,67.0,24.79999923706055,89.11000061035155,201.67999267578125,0.0,0.0,-0.0044999998062849,0.4133999943733215,0.9104999899864196,0.0724999979138374,-0.1307000070810318,0.9887999892234802,221.87936401367188,0.0,839.0,67.0,891.333333333333,153.0,1000.0,51.3472608028354,-10633.753648456,,,,,,,,,561.0,561.0,148860.0,149020.0,160.0,8.9743569150365,264.022333771955,3784.31005375299,-10633.753648456,18.9573882598808
148.91,4.829999923706056,4.489999771118164,932.0,290.0,932.0,290.0,8.520000457763672,53.56999969482422,215.8300018310547,0.0,0.0,-0.0015999999595806,0.3535999953746796,0.9354000091552734,0.0844999998807907,0.2011999934911728,0.9758999943733216,222.54196166992188,0.0,932.0,290.0,902.0,193.666666666667,1000.0,127.033461877895,3784.31005375299,,,,,,,,,561.0,561.0,148860.0,149020.0,160.0,8.9743569150365,264.022333771955,3784.31005375299,-10633.753648456,18.9573882598808
148.93,4.75,4.590000152587891,935.0,224.0,935.0,224.0,17.690000534057614,144.42999267578125,472.1600036621094,0.0,0.0,-0.0074000000022351,0.3242999911308289,0.945900022983551,0.0830999985337257,0.2876999974250793,0.9541000127792358,494.0729064941406,0.0,935.0,224.0,956.0,237.333333333333,1000.0,113.935157926943,-654.9151975476329,,,,,,,,,561.0,561.0,148860.0,149020.0,160.0,8.9743569150365,264.022333771955,3784.31005375299,-10633.753648456,18.9573882598808
148.95,4.840000152587891,4.539999961853027,1001.0,198.0,1001.0,198.0,-6.25,100.91000366210938,306.6499938964844,0.0,0.0,-0.0631999969482421,0.3639000058174133,0.9293000102043154,0.0452000014483928,0.2964000105857849,0.9539999961853028,322.8871459960937,0.0,1001.0,198.0,993.333333333333,205.666666666667,1000.0,97.59403000342908,-817.056396175674,,,,,,,,,561.0,561.0,148860.0,149020.0,160.0,8.9743569150365,264.022333771955,3784.31005375299,-10633.753648456,18.9573882598808
148.97,4.900000095367432,4.570000171661377,1044.0,195.0,1044.0,195.0,-13.829999923706056,79.12999725341797,238.41000366210935,0.0,0.0,-0.0881000012159347,0.3808999955654144,0.9204000234603882,0.0154999997466802,0.2912000119686127,0.9564999938011168,251.57931518554688,0.0,1044.0,195.0,1028.0,204.333333333333,1000.0,56.3729311399576,-2061.05494317358,,,,,,,,,561.0,561.0,148860.0,149020.0,160.0,8.9743569150365,264.022333771955,3784.31005375299,-10633.753648456,18.9573882598808
148.99,4.809999942779541,4.570000171661377,1039.0,220.0,1039.0,220.0,-20.190000534057614,115.81999969482422,373.9299926757813,0.0,0.0,-0.0882999971508979,0.3384999930858612,0.9368000030517578,0.0098999999463558,0.2856000065803528,0.9582999944686889,391.9764709472656,0.0,1039.0,220.0,1037.33333333333,217.0,1000.0,35.8254377621384,-1027.37466889096,,,,,,,,,561.0,561.0,148860.0,149020.0,160.0,8.9743569150365,264.022333771955,3784.31005375299,-10633.753648456,18.9573882598808
149.01,4.7199997901916495,4.570000171661377,1029.0,236.0,1029.0,236.0,-20.420000076293945,132.77000427246094,448.75,0.0,0.0,-0.0813999995589256,0.3170999884605408,0.9448999762535096,0.0137000000104308,0.2802000045776367,0.9599000215530396,468.4244079589844,0.0,1029.0,236.0,1026.66666666667,234.333333333333,1000.0,42.387612211033705,328.108722444765,,,,,,,,,561.0,561.0,148860.0,149020.0,160.0,8.9743569150365,264.022333771955,3784.31005375299,-10633.753648456,18.9573882598808
149.03,4.6599998474121085,4.550000190734863,1012.0,247.0,1012.0,247.0,-18.07999992370605,167.67999267578125,585.1199951171875,0.0,0.0,-0.0648000016808509,0.2967999875545501,0.9527999758720398,0.0186999998986721,0.2791000008583069,0.960099995136261,608.9407958984375,0.0,1012.0,247.0,1015.33333333333,244.333333333333,1000.0,28.9915860411837,-669.8013084924991,265.0,265.0,1014.85714285714,245.904761904762,149020.0,149160.0,140.0,0.222447470021547,,,,,,,,,,
149.05,4.630000114440918,4.519999980926514,1005.0,250.0,1005.0,250.0,-14.989999771118164,175.25,618.1799926757812,0.0,0.0,-0.0579999983310699,0.2915000021457672,0.954800009727478,0.0230999998748302,0.2781000137329101,0.9603000283241272,642.7159423828125,0.0,1005.0,250.0,1008.33333333333,249.333333333333,1000.0,5.6318465100031,-1167.9869765590302,265.0,265.0,1014.85714285714,245.904761904762,149020.0,149160.0,140.0,0.222447470021547,,,,,,,,,,
149.07,4.610000133514404,4.5,1008.0,251.0,1008.0,251.0,-15.090000152587892,156.38999938964844,553.3099975585938,0.0,0.0,-0.0644000023603439,0.2928999960422516,0.9539999961853028,0.025399999693036,0.277999997138977,0.960200011730194,575.1847534179688,0.0,1008.0,251.0,1011.0,245.666666666667,1000.0,11.0533990660758,271.077627803635,265.0,265.0,1014.85714285714,245.904761904762,149020.0,149160.0,140.0,0.222447470021547,,,,,,,,,,
149.09,4.650000095367432,4.5,1020.0,236.0,1020.0,236.0,-14.359999656677244,113.16999816894533,382.3599853515625,0.0,0.0,-0.0773999989032745,0.3255000114440918,0.9423999786376952,0.0264999996870756,0.2772000133991241,0.9603999853134156,399.0148315429688,0.0,1020.0,236.0,1015.33333333333,243.666666666667,1000.0,9.961744482307632,-54.5827291884087,265.0,265.0,1014.85714285714,245.904761904762,149020.0,149160.0,140.0,0.222447470021547,,,,,,,,,,
149.11,4.610000133514404,4.5,1018.0,244.0,1018.0,244.0,-16.1299991607666,131.22000122070312,453.73001098632807,0.0,0.0,-0.0751999989151954,0.308899998664856,0.948099970817566,0.0245999991893768,0.2779000103473663,0.9603000283241272,472.5989685058594,0.0,1018.0,244.0,1018.33333333333,242.333333333333,1000.0,5.680599265215241,-214.057260854619,265.0,265.0,1014.85714285714,245.904761904762,149020.0,149160.0,140.0,0.222447470021547,,,,,,,,,,
149.13,4.599999904632568,4.5,1017.0,247.0,1017.0,247.0,-16.6200008392334,135.05999755859378,471.55999755859375,0.0,0.0,-0.0750000029802322,0.303600013256073,0.949899971485138,0.0242999996989965,0.2777000069618225,0.9603999853134156,490.8016662597656,0.0,1017.0,247.0,1017.66666666667,247.666666666667,1000.0,7.259944891832171,78.9672813308464,265.0,265.0,1014.85714285714,245.904761904762,149020.0,149160.0,140.0,0.222447470021547,,,,,,,,,,
149.15,4.570000171661377,4.5,1018.0,252.0,1018.0,252.0,-17.5,138.75,491.6000061035156,0.0,0.0,-0.0750000029802322,0.2971000075340271,0.951900005340576,0.0230000000447034,0.276199996471405,0.9607999920845032,511.1050415039063,0.0,1018.0,252.0,1018.0,248.333333333333,1000.0,10.6087018147706,167.43784614691998,265.0,265.0,1014.85714285714,245.904761904762,149020.0,149160.0,140.0,0.222447470021547,,,,,,,,,,
149.17,4.590000152587891,4.489999771118164,1019.0,246.0,1019.0,246.0,-16.299999237060547,126.77999877929688,441.3200073242188,0.0,0.0,-0.0772000029683113,0.3086000084877014,0.948099970817566,0.0245999991893768,0.2759000062942505,0.9609000086784362,459.4585876464844,0.0,1019.0,246.0,1021.0,255.666666666667,1000.0,52.8282928523268,2110.97955187781,,,,,,,,,562.0,562.0,149160.0,149200.0,40.0,1.80990988600802,61.7148148910745,2110.97955187781,,61.4768813936879
149.19,4.289999961853027,4.480000019073486,1026.0,269.0,1026.0,269.0,-18.940000534057614,118.55999755859376,443.83999633789057,0.0,0.0,-0.2606000006198883,-0.0859000012278556,0.9616000056266784,0.025399999693036,0.2763999998569488,0.96069997549057,459.79251098632807,0.0,1026.0,269.0,1037.66666666667,286.33333333333303,1000.0,61.7148148910745,444.326101937385,,,,,,,,,562.0,562.0,149160.0,149200.0,40.0,1.80990988600802,61.7148148910745,2110.97955187781,,61.4768813936879
149.21,4.460000038146973,4.4699997901916495,1068.0,344.0,1068.0,344.0,-36.2400016784668,90.69000244140624,448.010009765625,0.0,0.0,-0.1554999947547912,0.1578000038862228,0.9750999808311462,0.0225000008940696,0.2818000018596649,0.9592000246047973,458.53131103515625,0.0,1068.0,344.0,1046.0,298.66666666666697,1000.0,18.007317062966198,-2185.37489140542,,,,,,,,,,,,,,,,,,
149.23,4.519999980926514,4.4699997901916495,1044.0,283.0,1044.0,283.0,-21.670000076293945,93.08999633789062,365.1600036621094,0.0,0.0,-0.1096000000834465,0.2547000050544739,0.9607999920845032,0.0208999998867511,0.2833000123500824,0.9588000178337096,377.4614868164063,0.0,1044.0,283.0,1029.33333333333,298.33333333333303,1000.0,77.5254056723455,2975.90443046896,,,,,,,,,563.0,563.0,149220.0,149380.0,160.0,11.971951506336902,1010.38656999918,35914.0178766676,-1840.90809902457,170.22599616238998
149.25,4.420000076293944,5.0,976.0,268.0,976.0,268.0,0.3600000143051147,97.87000274658205,365.6700134277344,0.0,0.0,-0.060199998319149,0.2793999910354614,0.9582999944686889,0.0,0.0,0.0,378.5408935546875,0.0,976.0,268.0,991.666666666667,269.66666666666697,1000.0,94.0347639148636,825.467912125907,,,,,,,,,563.0,563.0,149220.0,149380.0,160.0,11.971951506336902,1010.38656999918,35914.0178766676,-1840.90809902457,170.22599616238998
149.27,4.389999866485596,5.0,955.0,258.0,955.0,258.0,6.929999828338622,100.84999847412108,365.1099853515625,0.0,0.0,-0.0447000004351139,0.2865999937057495,0.9570000171661376,0.0,0.0,0.0,378.845703125,0.0,955.0,258.0,971.666666666667,250.0,1000.0,57.21660193437221,-1840.90809902457,,,,,,,,,563.0,563.0,149220.0,149380.0,160.0,11.971951506336902,1010.38656999918,35914.0178766676,-1840.90809902457,170.22599616238998
149.29,4.360000133514404,4.440000057220459,984.0,224.0,984.0,224.0,-3.75,188.57000732421875,616.6199951171875,0.0,0.0,-0.0381999984383583,0.2906000018119812,0.9560999870300292,0.035700000822544,0.3158999979496003,0.948099970817566,644.820068359375,0.0,984.0,224.0,973.0,226.666666666667,1000.0,64.4436205660006,361.35093158142,,,,,,,,,563.0,563.0,149220.0,149380.0,160.0,11.971951506336902,1010.38656999918,35914.0178766676,-1840.90809902457,170.22599616238998
149.31,4.380000114440918,4.4099998474121085,980.0,198.0,980.0,198.0,-0.9200000166893004,183.759994506836,559.010009765625,0.0,0.0,-0.0379999987781047,0.3102000057697296,0.949899971485138,0.0443000011146068,0.3350000083446503,0.9412000179290771,588.4392700195312,0.0,980.0,198.0,978.666666666667,196.666666666667,1000.0,59.2571760426594,-259.322226167063,,,,,,,,,563.0,563.0,149220.0,149380.0,160.0,11.971951506336902,1010.38656999918,35914.0178766676,-1840.90809902457,170.22599616238998
149.33,4.420000076293944,4.4099998474121085,972.0,168.0,972.0,168.0,2.440000057220459,166.22999572753906,468.9700012207031,0.0,0.0,-0.0381000004708766,0.3298999965190887,0.9431999921798706,0.0577999986708164,0.3587000072002411,0.9315999746322634,497.5653076171875,0.0,972.0,168.0,973.0,176.666666666667,1000.0,76.136437543952,843.963075064633,,,,,,,,,563.0,563.0,149220.0,149380.0,160.0,11.971951506336902,1010.38656999918,35914.0178766676,-1840.90809902457,170.22599616238998
149.35,4.420000076293944,3.940000057220459,967.0,164.0,967.0,164.0,4.4699997901916495,167.8800048828125,468.4200134277344,0.0,0.0,-0.0392999984323978,0.3474000096321106,0.9369000196456908,0.0318999998271465,-0.0942000001668929,0.9950000047683716,497.61529541015625,0.0,967.0,164.0,974.0,131.333333333333,1000.0,292.106212465825,10798.4887460936,,,,,,,,,563.0,563.0,149220.0,149380.0,160.0,11.971951506336902,1010.38656999918,35914.0178766676,-1840.90809902457,170.22599616238998
149.37,4.309999942779541,4.079999923706056,983.0,62.0,983.0,62.0,-1.5700000524520874,202.91000366210935,453.5799865722656,0.0,0.0,-0.0505999997258186,0.4120999872684479,0.9096999764442444,0.0719000026583671,-0.0144999995827674,0.9973000288009644,496.900146484375,0.0,983.0,62.0,801.0,337.66666666666697,1000.0,1010.38656999918,35914.0178766676,,,,,,,,,563.0,563.0,149220.0,149380.0,160.0,11.971951506336902,1010.38656999918,35914.0178766676,-1840.90809902457,170.22599616238998
149.39,5.0,3.150000095367432,453.0,787.0,453.0,787.0,203.52999877929688,-86.41000366210938,450.25,0.0,0.0,0.0,0.0,0.0,0.4363000094890594,-0.1216000020503997,0.8916000127792358,501.6136169433594,0.0,453.0,787.0,453.0,787.0,1000.0,,,,,,,,,,,,,,,,,,,,
149.41,5.0,5.0,-1.0,-1.0,-1.0,-1.0,0.0,0.0,0.0,5.0,5.0,0.0,0.0,0.0,0.0,0.0,0.0,0.0,1.0,,,,,1000.0,,,,,,,,,,,,,,,,,,,,
149.43,5.0,5.0,-1.0,-1.0,-1.0,-1.0,0.0,0.0,0.0,5.0,5.0,0.0,0.0,0.0,0.0,0.0,0.0,0.0,1.0,,,,,1000.0,,,,,,,,,,,,,,,,,,,,
149.45,5.0,5.0,-1.0,-1.0,-1.0,-1.0,0.0,0.0,0.0,5.0,5.0,0.0,0.0,0.0,0.0,0.0,0.0,0.0,1.0,,,,,1000.0,,,,,,,,,,,,,,,,,,,,
149.47,5.0,5.0,-1.0,-1.0,-1.0,-1.0,0.0,0.0,0.0,5.0,5.0,0.0,0.0,0.0,0.0,0.0,0.0,0.0,1.0,,,,,1000.0,,,,,,,,,,,,,,,,,,,,
149.49,5.0,5.0,-1.0,-1.0,-1.0,-1.0,0.0,0.0,0.0,5.0,5.0,0.0,0.0,0.0,0.0,0.0,0.0,0.0,1.0,,,,,1000.0,,,,,,,,,,,,,,,,,,,,
149.51,3.990000009536743,3.5899999141693115,-1.0,-1.0,-1.0,-1.0,0.0,0.0,0.0,5.0,5.0,-0.2113000005483627,0.1504999995231628,0.9657999873161316,0.1365000009536743,-0.1413999944925308,0.9804999828338624,0.0,1.0,,,,,1000.0,,,,,,,,,,,,,,,,,,,,
149.53,4.7199997901916495,4.179999828338623,-1.0,-1.0,-1.0,-1.0,0.0,0.0,0.0,5.0,5.0,-0.3950999975204468,0.0828000009059905,0.914900004863739,-0.0168999992311,-0.0230000000447034,0.9995999932289124,0.0,1.0,,,,,1000.0,,,,,,,,,,,,,,,,,,,,
149.55,4.539999961853027,4.230000019073486,1270.0,741.0,1270.0,741.0,-49.1599998474121,-27.13999938964844,189.13999938964844,0.0,0.0,-0.2955000102519989,0.0125000001862645,0.955299973487854,-0.0869000032544136,-0.0668999999761581,0.9940000176429749,197.29983520507807,0.0,1270.0,741.0,1270.0,741.0,1000.0,,,,,,,,,,,,,,,,,,,,
149.57,4.559999942779541,4.360000133514404,1235.0,714.0,1235.0,714.0,-58.4900016784668,-30.54999923706055,254.8099975585937,0.0,0.0,-0.2574000060558319,0.0046000001020729,0.9663000106811525,-0.1049000024795532,-0.068800002336502,0.9921000003814696,263.2157287597656,0.0,1235.0,714.0,1244.33333333333,708.666666666667,1000.0,86.7691373481584,,,,,,,,,,564.0,564.0,149560.0,149620.0,60.0,2.03586066256196,86.7691373481584,,-1899.71530290691,293.517961673692
149.59,4.6599998474121085,4.480000019073486,1228.0,671.0,1228.0,671.0,-66.56999969482422,-24.54999923706055,297.3299865722656,0.0,0.0,-0.2412000000476837,0.0264999996870756,0.9700999855995178,-0.1238999962806701,-0.0474999994039535,0.9911999702453612,305.6785888671875,0.0,1228.0,671.0,1248.0,672.666666666667,1000.0,48.7748312900202,-1899.71530290691,,,,,,,,,564.0,564.0,149560.0,149620.0,60.0,2.03586066256196,86.7691373481584,,-1899.71530290691,293.517961673692
149.61,4.670000076293944,4.53000020980835,1281.0,633.0,1281.0,633.0,-78.83000183105469,-14.279999732971191,293.1199951171875,0.0,0.0,-0.3129999935626984,0.0745000019669532,0.9467999935150146,-0.1254999935626983,-0.0361000001430511,0.9914000034332277,303.8707275390625,0.0,1281.0,633.0,1260.0,672.666666666667,1000.0,30.4911910779244,-914.182010604789,,,,,,,,,564.0,564.0,149560.0,149620.0,60.0,2.03586066256196,86.7691373481584,,-1899.71530290691,293.517961673692
149.63,5.0,4.579999923706056,1271.0,714.0,1271.0,714.0,-76.48000335693358,-34.950000762939446,293.04998779296875,0.0,0.0,0.0,0.0,0.0,-0.131400004029274,-0.0416000001132488,0.9904999732971193,304.8753662109375,0.0,1271.0,714.0,1258.0,650.333333333333,1000.0,23.726743417519497,-338.222383020246,,,,,,,,,,,,,,,,,,
149.65,4.710000038146973,4.559999942779541,1222.0,604.0,1222.0,604.0,-64.33999633789064,-7.2199997901916495,295.8399963378906,0.0,0.0,-0.2319000065326691,0.1147999987006187,0.9659000039100648,-0.122699998319149,-0.034400001168251,0.9918000102043154,302.8416442871094,0.0,1222.0,604.0,1248.66666666667,656.666666666667,1000.0,30.889460827642303,358.135870506138,,,,,,,,,565.0,565.0,149640.0,149800.0,160.0,6.559579862554379,142.095678086239,2654.67846879895,-4408.74280093169,245.25646217452305
149.67,5.0,4.610000133514404,1253.0,652.0,1253.0,652.0,-72.45999908447266,-19.450000762939453,295.3399963378906,0.0,0.0,0.0,0.0,0.0,-0.1190000027418136,0.0049000000581145,0.992900013923645,304.7203063964844,0.0,1253.0,652.0,1240.33333333333,632.0,1000.0,83.9830302036213,2654.67846879895,,,,,,,,,565.0,565.0,149640.0,149800.0,160.0,6.559579862554379,142.095678086239,2654.67846879895,-4408.74280093169,245.25646217452305
149.69,5.0,4.619999885559082,1246.0,640.0,1246.0,640.0,-70.61000061035156,-16.309999465942386,295.7799987792969,0.0,0.0,0.0,0.0,0.0,-0.1136000007390976,0.0143999997526407,0.993399977684021,304.5284729003906,0.0,1246.0,640.0,1214.66666666667,597.666666666667,1000.0,122.137513114119,1907.72414552488,,,,,,,,,565.0,565.0,149640.0,149800.0,160.0,6.559579862554379,142.095678086239,2654.67846879895,-4408.74280093169,245.25646217452305
149.71,4.690000057220459,5.0,1145.0,501.0,1145.0,501.0,-44.88999938964844,19.489999771118164,298.7799987792969,0.0,0.0,-0.202000007033348,0.1165999993681907,0.9724000096321106,0.0,0.0,0.0,302.7613830566406,0.0,1145.0,501.0,1183.0,552.333333333333,1000.0,142.095678086239,997.908248605994,,,,,,,,,565.0,565.0,149640.0,149800.0,160.0,6.559579862554379,142.095678086239,2654.67846879895,-4408.74280093169,245.25646217452305
149.73,4.710000038146973,4.599999904632568,1158.0,516.0,1158.0,516.0,-58.38000106811523,18.8700008392334,361.8699951171875,0.0,0.0,-0.2004999965429306,0.1116999983787536,0.9732999801635742,-0.067500002682209,0.0851000025868415,0.9940999746322634,367.03433227539057,0.0,1158.0,516.0,1150.0,505.333333333333,1000.0,53.920822067605,-4408.74280093169,,,,,,,,,565.0,565.0,149640.0,149800.0,160.0,6.559579862554379,142.095678086239,2654.67846879895,-4408.74280093169,245.25646217452305
149.75,4.710000038146973,5.0,1147.0,499.0,1147.0,499.0,-54.790000915527344,24.32999992370605,362.1000061035156,0.0,0.0,-0.1949000060558319,0.1102000027894973,0.9746000170707702,0.0,0.0,0.0,367.0290222167969,0.0,1147.0,499.0,1164.66666666667,514.0,1000.0,34.7575146204068,-958.165372359913,,,,,,,,,565.0,565.0,149640.0,149800.0,160.0,6.559579862554379,142.095678086239,2654.67846879895,-4408.74280093169,245.25646217452305
149.77,5.0,4.590000152587891,1189.0,527.0,1189.0,527.0,-68.19999694824217,15.329999923706056,361.6099853515625,0.0,0.0,0.0,0.0,0.0,-0.0891999974846839,0.0914999991655349,0.9918000102043154,368.3042907714844,0.0,1189.0,527.0,1175.0,517.0,1000.0,52.312596791048605,877.7541085320911,,,,,,,,,565.0,565.0,149640.0,149800.0,160.0,6.559579862554379,142.095678086239,2654.67846879895,-4408.74280093169,245.25646217452305
149.79,5.0,4.639999866485596,1189.0,525.0,1189.0,525.0,-68.12000274658203,16.0,361.4100036621094,0.0,0.0,0.0,0.0,0.0,-0.0891000032424926,0.0929000005125999,0.991699993610382,368.12161254882807,0.0,1189.0,525.0,1195.66666666667,541.666666666667,1000.0,37.5053608089978,-740.361799102538,,,,,,,,,565.0,565.0,149640.0,149800.0,160.0,6.559579862554379,142.095678086239,2654.67846879895,-4408.74280093169,245.25646217452305
149.81,5.0,4.78000020980835,1209.0,573.0,1209.0,573.0,-74.63999938964845,0.8100000023841859,361.1900024414063,0.0,0.0,0.0,0.0,0.0,-0.1053000018000602,0.0538999997079372,0.9929999709129332,368.8224487304688,0.0,1209.0,573.0,1192.0,541.333333333333,1000.0,27.0073918810874,-524.8984463955239,,,,,,,,,,,,,,,,,,
149.83,4.7199997901916495,4.869999885559082,1178.0,526.0,1178.0,526.0,-64.33000183105469,15.829999923706056,360.70999145507807,0.0,0.0,-0.1812999993562698,0.1582999974489212,0.9706000089645384,-0.1181000024080276,0.022299999371171,0.9926999807357788,366.7432861328125,0.0,1178.0,526.0,1184.66666666667,560.0,1000.0,42.4841512884358,773.837970367421,,,,,,,,,566.0,566.0,149820.0,149880.0,60.0,1.8954463080581,46.2471170620458,773.837970367421,-471.5038203641,133.152389734005
149.85,4.760000228881836,4.840000152587891,1167.0,581.0,1167.0,581.0,-45.08000183105469,-1.2300000190734863,265.7200012207032,0.0,0.0,-0.183899998664856,0.1096000000834465,0.97680002450943,-0.0850000008940696,0.0178999993950128,0.9962000250816344,269.5196533203125,0.0,1167.0,581.0,1168.0,565.0,1000.0,46.2471170620458,188.148288680501,,,,,,,,,566.0,566.0,149820.0,149880.0,60.0,1.8954463080581,46.2471170620458,773.837970367421,-471.5038203641,133.152389734005
149.87,4.760000228881836,4.829999923706056,1159.0,588.0,1159.0,588.0,-47.97000122070313,-3.0999999046325684,295.0199890136719,0.0,0.0,-0.1862999945878982,0.092799998819828,0.9781000018119812,-0.0763999968767166,0.0131999999284744,0.996999979019165,298.9105834960937,0.0,1159.0,588.0,1159.66666666667,586.666666666667,1000.0,36.8170406547638,-471.5038203641,,,,,,,,,566.0,566.0,149820.0,149880.0,60.0,1.8954463080581,46.2471170620458,773.837970367421,-471.5038203641,133.152389734005
149.89,4.739999771118164,4.820000171661377,1153.0,591.0,1153.0,591.0,-47.83000183105469,-4.150000095367432,302.8299865722656,0.0,0.0,-0.1852999925613403,0.0864000022411346,0.9789000153541566,-0.0706000030040741,0.0113000003620982,0.9973999857902528,306.6120300292969,0.0,1153.0,591.0,1154.66666666667,590.666666666667,1000.0,14.4334524678366,-1119.17940934636,266.0,266.0,1155.66666666667,596.055555555556,149880.0,149999.0,119.0,0.3027883445628139,,,,,,,,,,
149.91,4.75,4.820000171661377,1152.0,593.0,1152.0,593.0,-47.63000106811523,-4.730000019073486,303.25,0.0,0.0,-0.1876000016927719,0.0830999985337257,0.9786999821662902,-0.0668999999761581,0.0111999996006488,0.9976999759674072,307.004150390625,0.0,1152.0,593.0,1152.33333333333,595.333333333333,1000.0,14.849390027464098,20.7968779813745,266.0,266.0,1155.66666666667,596.055555555556,149880.0,149999.0,119.0,0.3027883445628139,,,,,,,,,,
149.93,5.0,5.0,-1.0,-1.0,-1.0,-1.0,0.0,0.0,0.0,5.0,5.0,0.0,0.0,0.0,0.0,0.0,0.0,0.0,1.0,,,1152.0,602.0,1000.0,9.494481728680633,-267.745414939171,266.0,266.0,1155.66666666667,596.055555555556,149880.0,149999.0,119.0,0.3027883445628139,,,,,,,,,,
149.949,4.75,4.820000171661377,1152.0,611.0,1152.0,611.0,-41.9099998474121,-8.199999809265137,266.5199890136719,0.0,0.0,-0.188400000333786,0.0834999978542328,0.9785000085830688,-0.0595999993383884,-0.0006999999750405,0.9981999993324282,269.91961669921875,0.0,1152.0,611.0,1155.33333333333,602.0,1000.0,11.104474543082,84.7364639158631,266.0,266.0,1155.66666666667,596.055555555556,149880.0,149999.0,119.0,0.3027883445628139,,,,,,,,,,
149.969,4.840000152587891,4.820000171661377,1162.0,593.0,1162.0,593.0,-40.7599983215332,-3.690000057220459,246.42999267578125,0.0,0.0,-0.1949000060558319,0.1055999994277954,0.9750999808311462,-0.0621999986469745,0.0142000000923872,0.9980000257492064,249.805404663086,0.0,1162.0,593.0,1158.66666666667,596.666666666667,1000.0,17.2920671328582,309.379629488807,266.0,266.0,1155.66666666667,596.055555555556,149880.0,149999.0,119.0,0.3027883445628139,,,,,,,,,,
149.989,4.849999904632568,4.820000171661377,1162.0,586.0,1162.0,586.0,-41.9900016784668,-2.2699999809265137,253.5800018310547,0.0,0.0,-0.1950999945402145,0.1072999984025955,0.9749000072479248,-0.0640000030398368,0.0190999992191791,0.9977999925613404,257.04306030273443,0.0,1162.0,586.0,1161.0,589.666666666667,1000.0,5.68554537562536,-580.32608786164,266.0,266.0,1155.66666666667,596.055555555556,149880.0,149999.0,119.0,0.3027883445628139,,,,,,,,,,
150.009,4.840000152587891,4.829999923706056,1159.0,590.0,1159.0,590.0,-40.66999816894531,-3.190000057220459,248.91000366210935,0.0,0.0,-0.193800002336502,0.1059999987483024,0.9753000140190125,-0.0604999996721744,0.0161000005900859,0.9980000257492064,252.2308654785156,0.0,1159.0,590.0,1162.0,593.666666666667,1000.0,51.2864110501676,2280.04328372711,,,,,,,,,567.0,567.0,149999.0,150059.0,60.0,3.30912866843989,80.66939304267841,2280.04328372711,-1000.8220134493,200.801196814378
150.029,4.840000152587891,4.860000133514404,1165.0,605.0,1165.0,605.0,-39.36999893188477,-6.010000228881836,233.7100067138672,0.0,0.0,-0.1933999955654144,0.1036999970674514,0.9756000041961668,-0.0658000037074089,0.0041000000201165,0.9977999925613404,237.0790557861328,0.0,1165.0,605.0,1120.66666666667,584.333333333333,1000.0,80.66939304267841,1469.1490996255402,,,,,,,,,567.0,567.0,149999.0,150059.0,60.0,3.30912866843989,80.66939304267841,2280.04328372711,-1000.8220134493,200.801196814378
150.049,4.820000171661377,4.619999885559082,1038.0,558.0,1038.0,558.0,-13.18000030517578,3.2799999713897705,234.2700042724609,0.0,0.0,-0.1897000074386596,0.0970000028610229,0.9769999980926511,0.1207000017166137,0.0828000009059905,0.9891999959945678,234.66339111328125,0.0,1038.0,558.0,1102.33333333333,571.0,1000.0,60.652952773692505,-1000.8220134493,,,,,,,,,567.0,567.0,149999.0,150059.0,60.0,3.30912866843989,80.66939304267841,2280.04328372711,-1000.8220134493,200.801196814378
150.069,4.800000190734863,4.53000020980835,1104.0,550.0,1104.0,550.0,-26.57999992370605,5.110000133514404,231.8600006103516,0.0,0.0,-0.1881999969482421,0.0948000028729438,0.9775999784469604,0.190200001001358,0.1143999993801116,0.9750999808311462,233.4345092773437,0.0,1104.0,550.0,1078.33333333333,562.666666666667,1000.0,6.55411448919008,-2704.94191422512,,,,,,,,,,,,,,,,,,
150.089,4.809999942779541,4.7199997901916495,1093.0,580.0,1093.0,580.0,-21.690000534057614,-0.8700000047683715,206.02999877929688,0.0,0.0,-0.1875,0.0935999974608421,0.9778000116348264,0.0425999984145164,0.0722000002861022,0.996500015258789,207.1703948974609,0.0,1093.0,580.0,1103.33333333333,566.0,1000.0,50.472713298282,2195.9299404546,,,,,,,,,568.0,568.0,150079.0,150099.0,20.0,,50.472713298282,2195.9299404546,,
150.109,4.820000171661377,4.889999866485596,1113.0,568.0,1113.0,568.0,-30.520000457763672,1.6100000143051147,248.9900054931641,0.0,0.0,-0.1876000016927719,0.0944999977946281,0.9776999950408936,0.0032999999821186,0.0615999996662139,0.9980999827384948,250.85868835449216,0.0,1113.0,568.0,1113.0,581.666666666667,1000.0,29.2040963441564,-1063.43084770628,,,,,,,,,,,,,,,,,,
150.129,5.0,4.9699997901916495,1133.0,597.0,1133.0,597.0,-34.810001373291016,-4.840000152587891,248.91000366210935,0.0,0.0,0.0,0.0,0.0,-0.0082999998703598,0.0560000017285346,0.9983999729156494,251.3788909912109,0.0,1133.0,597.0,1123.66666666667,576.666666666667,1000.0,19.0082895778534,-509.790338315149,,,,,,,,,,,,,,,,,,
150.149,4.829999923706056,4.960000038146973,1125.0,565.0,1125.0,565.0,-36.11999893188477,2.509999990463257,272.20001220703125,0.0,0.0,-0.1861000061035156,0.0997999981045722,0.977500021457672,-0.0200999993830919,0.0491999983787536,0.9986000061035156,274.5975036621094,0.0,1125.0,565.0,1126.66666666667,575.666666666667,1000.0,67.68599849265661,2433.8854457401603,,,,,,,,,569.0,569.0,150139.0,150199.0,60.0,3.28686368650963,80.23280260902449,2433.8854457401603,-657.114875781726,58.984579118076105
150.169,4.809999942779541,4.980000019073486,1122.0,565.0,1122.0,565.0,-36.88999938964844,2.470000028610229,282.3399963378906,0.0,0.0,-0.1834000051021576,0.0953999981284141,0.9783999919891356,-0.0210999995470047,0.048599999397993,0.9986000061035156,284.75048828125,0.0,1122.0,565.0,1157.66666666667,618.0,1000.0,80.23280260902449,627.340205818395,,,,,,,,,569.0,569.0,150139.0,150199.0,60.0,3.28686368650963,80.23280260902449,2433.8854457401603,-657.114875781726,58.984579118076105
150.189,5.0,5.090000152587891,1226.0,724.0,1226.0,724.0,-62.31000137329102,-36.290000915527344,280.82000732421875,0.0,0.0,0.0,0.0,0.0,-0.0935000032186508,-0.049100000411272,0.9944000244140624,289.929931640625,0.0,1226.0,724.0,1159.33333333333,630.0,1000.0,67.09050509339001,-657.114875781726,,,,,,,,,569.0,569.0,150139.0,150199.0,60.0,3.28686368650963,80.23280260902449,2433.8854457401603,-657.114875781726,58.984579118076105
150.209,4.809999942779541,5.0,1130.0,601.0,1130.0,601.0,-38.9099998474121,-6.309999942779541,282.44000244140625,0.0,0.0,-0.19650000333786,0.0452000014483928,0.9794999957084656,0.0,0.0,0.0,285.17742919921875,0.0,1130.0,601.0,1176.66666666667,668.0,1000.0,28.3434414691886,-1937.3531812100696,267.0,267.0,1166.71428571429,661.0,150199.0,150339.0,140.0,0.522401031452572,,,,,,,,,,
150.229,4.869999885559082,4.929999828338623,1174.0,679.0,1174.0,679.0,-51.22999954223633,-26.25,289.5199890136719,0.0,0.0,-0.1990000009536743,0.0249000005424022,0.9797000288963316,-0.0878999978303909,-0.0571000017225742,0.9944999814033508,295.18707275390625,0.0,1174.0,679.0,1158.0,652.333333333333,1000.0,11.0126910491558,-866.5375210016409,267.0,267.0,1166.71428571429,661.0,150199.0,150339.0,140.0,0.522401031452572,,,,,,,,,,
150.249,4.860000133514404,4.860000133514404,1170.0,677.0,1170.0,677.0,-54.63999938964844,-27.959999084472656,315.4100036621094,0.0,0.0,-0.202000007033348,0.0148999998345971,0.979300022125244,-0.0829999968409538,-0.0533999986946582,0.9951000213623048,321.3265686035156,0.0,1170.0,677.0,1170.33333333333,674.0,1000.0,21.09152693975,503.941794529708,267.0,267.0,1166.71428571429,661.0,150199.0,150339.0,140.0,0.522401031452572,,,,,,,,,,
150.269,4.860000133514404,4.800000190734863,1167.0,666.0,1167.0,666.0,-59.72000122070313,-27.899999618530277,351.1600036621094,0.0,0.0,-0.2026000022888184,0.0091000003740191,0.979200005531311,-0.0821999981999397,-0.0430999994277954,0.9957000017166135,357.2929382324219,0.0,1167.0,666.0,1167.0,666.666666666667,1000.0,15.6731970299837,-270.91649548831504,267.0,267.0,1166.71428571429,661.0,150199.0,150339.0,140.0,0.522401031452572,,,,,,,,,,
150.289,4.860000133514404,4.769999980926514,1164.0,657.0,1164.0,657.0,-63.18000030517578,-26.959999084472656,376.33999633789057,0.0,0.0,-0.2017000019550323,0.0074999998323619,0.9793999791145324,-0.0825000032782554,-0.0346000008285045,0.9959999918937684,382.55764770507807,0.0,1164.0,657.0,1166.66666666667,662.0,1000.0,22.507374617887503,341.708879395192,267.0,267.0,1166.71428571429,661.0,150199.0,150339.0,140.0,0.522401031452572,,,,,,,,,,
150.309,4.869999885559082,4.789999961853027,1169.0,663.0,1169.0,663.0,-64.41000366210939,-28.6299991607666,374.8500061035156,0.0,0.0,-0.201100006699562,0.0078999996185302,0.9794999957084656,-0.0900000035762786,-0.0432999990880489,0.9950000047683716,381.4195251464844,0.0,1169.0,663.0,1162.33333333333,649.333333333333,1000.0,9.26458601622103,-662.139430083326,267.0,267.0,1166.71428571429,661.0,150199.0,150339.0,140.0,0.522401031452572,,,,,,,,,,
150.329,4.869999885559082,5.0,1154.0,628.0,1154.0,628.0,-59.83000183105469,-17.319999694824222,375.8500061035156,0.0,0.0,-0.2016000002622604,0.0091000003740191,0.9793999791145324,0.0,0.0,0.0,380.9761657714844,0.0,1154.0,628.0,1166.0,654.666666666667,1000.0,18.0995456479626,441.747981587079,267.0,267.0,1166.71428571429,661.0,150199.0,150339.0,140.0,0.522401031452572,,,,,,,,,,
150.349,4.869999885559082,4.820000171661377,1175.0,673.0,1175.0,673.0,-62.93000030517578,-30.10000038146973,354.6700134277344,0.0,0.0,-0.2013999968767166,0.0087000001221895,0.9794999957084656,-0.096900001168251,-0.0538000017404556,0.9937999844551086,361.465087890625,0.0,1175.0,673.0,1170.0,661.666666666667,1000.0,39.2771216719901,1058.87880120137,,,,,,,,,570.0,570.0,150339.0,150379.0,40.0,1.2218089763363,41.9628070337922,1058.87880120137,,64.88516511385549
150.369,4.869999885559082,4.849999904632568,1181.0,684.0,1181.0,684.0,-61.54999923706055,-31.8700008392334,336.95001220703125,0.0,0.0,-0.2026000022888184,0.0065000001341104,0.979200005531311,-0.1023000031709671,-0.063400000333786,0.9926999807357788,344.00494384765625,0.0,1181.0,684.0,1180.0,683.0,1000.0,41.9628070337922,134.284268090104,,,,,,,,,570.0,570.0,150339.0,150379.0,40.0,1.2218089763363,41.9628070337922,1058.87880120137,,64.88516511385549
150.389,4.869999885559082,4.849999904632568,1184.0,692.0,1184.0,692.0,-59.5,-32.720001220703125,321.45001220703125,0.0,0.0,-0.2023999989032745,0.0054999999701976,0.979300022125244,-0.1044000014662742,-0.069700002670288,0.9921000003814696,328.5436706542969,0.0,1184.0,692.0,1184.33333333333,692.333333333333,1000.0,11.685281536598598,-1513.8762748596805,,,,,,,,,,,,,,,,,,
150.409,4.880000114440918,4.869999885559082,1188.0,701.0,1188.0,701.0,-56.79999923706055,-33.049999237060554,300.989990234375,0.0,0.0,-0.2019000053405761,0.0059000002220273,0.9793999791145324,-0.1076000034809112,-0.0759999975562095,0.9912999868392944,308.08038330078125,0.0,1188.0,701.0,1171.0,680.0,1000.0,48.5574727041254,1843.60955837634,,,,,,,,,571.0,571.0,150399.0,150699.0,300.0,5.34928136052532,162.595752051592,3464.78976798986,-4021.86042063532,252.910874017281
150.429,4.869999885559082,5.0,1141.0,647.0,1141.0,647.0,-44.86999893188477,-19.13999938964844,303.8699951171875,0.0,0.0,-0.2011999934911728,0.0057999999262392,0.9794999957084656,0.0,0.0,0.0,307.7606811523437,0.0,1141.0,647.0,1156.33333333333,664.666666666667,1000.0,57.5883709330266,451.54491144506,,,,,,,,,571.0,571.0,150399.0,150699.0,300.0,5.34928136052532,162.595752051592,3464.78976798986,-4021.86042063532,252.910874017281
150.449,4.869999885559082,5.0,1140.0,646.0,1140.0,646.0,-44.70000076293945,-18.840000152587887,303.8999938964844,0.0,0.0,-0.2006999999284744,0.0065999999642372,0.9796000123023988,0.0,0.0,0.0,307.7470397949219,0.0,1140.0,646.0,1140.33333333333,645.333333333333,1000.0,31.4205874989936,-1308.38917170165,,,,,,,,,571.0,571.0,150399.0,150699.0,300.0,5.34928136052532,162.595752051592,3464.78976798986,-4021.86042063532,252.910874017281
150.469,4.880000114440918,5.0,1140.0,643.0,1140.0,643.0,-44.560001373291016,-17.969999313354492,303.8999938964844,0.0,0.0,-0.2002999931573868,0.0091000003740191,0.9797000288963316,0.0,0.0,0.0,307.6747131347656,0.0,1140.0,643.0,1140.66666666667,645.0,1000.0,62.89108482181189,1573.52486614091,,,,,,,,,571.0,571.0,150399.0,150699.0,300.0,5.34928136052532,162.595752051592,3464.78976798986,-4021.86042063532,252.910874017281
150.489,4.849999904632568,5.0,1142.0,646.0,1142.0,646.0,-45.13999938964844,-18.770000457763672,303.8299865722656,0.0,0.0,-0.2020999938249588,0.006800000090152,0.979300022125244,0.0,0.0,0.0,307.7378845214844,0.0,1142.0,646.0,1168.33333333333,687.333333333333,1000.0,132.186880181609,3464.78976798986,,,,,,,,,571.0,571.0,150399.0,150699.0,300.0,5.34928136052532,162.595752051592,3464.78976798986,-4021.86042063532,252.910874017281
150.509,4.840000152587891,4.960000038146973,1223.0,773.0,1223.0,773.0,-41.72999954223633,-32.59000015258789,189.57000732421875,0.0,0.0,-0.2022999972105026,0.006000000052154,0.979300022125244,-0.1270000040531158,-0.1089000031352043,0.9858999848365784,196.8255157470703,0.0,1223.0,773.0,1198.33333333333,735.333333333333,1000.0,80.6816171237718,-2575.26315289186,,,,,,,,,571.0,571.0,150399.0,150699.0,300.0,5.34928136052532,162.595752051592,3464.78976798986,-4021.86042063532,252.910874017281
150.529,4.829999923706056,5.019999980926514,1230.0,787.0,1230.0,787.0,-42.930000305175774,-34.97999954223633,190.19999694824216,0.0,0.0,-0.2025000005960464,0.0031000000890344,0.979300022125244,-0.1366000026464462,-0.1251000016927719,0.982699990272522,198.09751892089844,0.0,1230.0,787.0,1186.66666666667,750.333333333333,1000.0,65.0165625154562,-783.2527304157809,,,,,,,,,571.0,571.0,150399.0,150699.0,300.0,5.34928136052532,162.595752051592,3464.78976798986,-4021.86042063532,252.910874017281
150.549,4.829999923706056,5.0,1107.0,691.0,1107.0,691.0,-23.1200008392334,-19.8799991607666,195.63999938964844,0.0,0.0,-0.2034000009298325,0.0052000000141561,0.979099988937378,0.0,0.0,0.0,198.00192260742188,0.0,1107.0,691.0,1147.0,721.666666666667,1000.0,58.536598607149,-323.998195415363,,,,,,,,,571.0,571.0,150399.0,150699.0,300.0,5.34928136052532,162.595752051592,3464.78976798986,-4021.86042063532,252.910874017281
150.569,4.800000190734863,5.0,1104.0,687.0,1104.0,687.0,-22.670000076293945,-19.26000022888184,195.72000122070315,0.0,0.0,-0.2016000002622604,0.0076999999582767,0.9793999791145324,0.0,0.0,0.0,197.96766662597656,0.0,1104.0,687.0,1149.0,720.333333333333,1000.0,63.840113944258,265.175766855451,,,,,,,,,571.0,571.0,150399.0,150699.0,300.0,5.34928136052532,162.595752051592,3464.78976798986,-4021.86042063532,252.910874017281
150.589,4.78000020980835,5.059999942779541,1236.0,783.0,1236.0,783.0,-44.04999923706055,-34.470001220703125,190.97000122070315,0.0,0.0,-0.2037999927997588,0.0116999996826052,0.9789000153541566,-0.1433999985456466,-0.12950000166893,0.981100022792816,198.9927673339844,0.0,1236.0,783.0,1192.0,748.666666666667,1000.0,121.65721506536,2890.85505605512,,,,,,,,,571.0,571.0,150399.0,150699.0,300.0,5.34928136052532,162.595752051592,3464.78976798986,-4021.86042063532,252.910874017281
150.609,4.78000020980835,5.090000152587891,1236.0,776.0,1236.0,776.0,-44.27999877929688,-33.439998626708984,191.88999938964844,0.0,0.0,-0.202000007033348,0.023199999704957,0.979099988937378,-0.1457999944686889,-0.13230000436306,0.980400025844574,199.7516632080078,0.0,1236.0,776.0,1235.0,773.666666666667,1000.0,41.220006652654,-4021.86042063532,,,,,,,,,571.0,571.0,150399.0,150699.0,300.0,5.34928136052532,162.595752051592,3464.78976798986,-4021.86042063532,252.910874017281
150.629,4.769999980926514,5.099999904632568,1233.0,762.0,1233.0,762.0,-44.11000061035156,-31.309999465942383,192.97999572753903,0.0,0.0,-0.2012999951839447,0.0313000008463859,0.9789999723434448,-0.1438000053167343,-0.1221000030636787,0.9819999933242798,200.41778564453125,0.0,1233.0,762.0,1225.66666666667,754.666666666667,1000.0,101.741573348738,3026.07833480419,,,,,,,,,571.0,571.0,150399.0,150699.0,300.0,5.34928136052532,162.595752051592,3464.78976798986,-4021.86042063532,252.910874017281
150.649,4.769999980926514,4.960000038146973,1208.0,726.0,1208.0,726.0,-40.11000061035156,-25.399999618530277,194.3800048828125,0.0,0.0,-0.1995999962091445,0.0386000014841556,0.979099988937378,-0.1103999987244606,-0.0793000012636184,0.9907000064849852,200.0938720703125,0.0,1208.0,726.0,1196.0,698.666666666667,1000.0,162.595752051592,3042.70893514271,,,,,,,,,571.0,571.0,150399.0,150699.0,300.0,5.34928136052532,162.595752051592,3464.78976798986,-4021.86042063532,252.910874017281
150.669,4.78000020980835,5.039999961853027,1147.0,608.0,1147.0,608.0,-51.56999969482422,-9.600000381469728,338.4200134277344,0.0,0.0,-0.1970999985933304,0.0452000014483928,0.979300022125244,-0.0544000007212162,0.0140000004321336,0.9983999729156494,342.4612731933594,0.0,1147.0,608.0,1165.0,636.666666666667,1000.0,162.375184086431,-11.028398258022802,,,,,,,,,571.0,571.0,150399.0,150699.0,300.0,5.34928136052532,162.595752051592,3464.78976798986,-4021.86042063532,252.910874017281
150.689,4.789999961853027,5.0,1140.0,576.0,1140.0,576.0,-49.33000183105469,-0.239999994635582,338.489990234375,0.0,0.0,-0.1946000009775161,0.0542999990284442,0.9793999791145324,0.0,0.0,0.0,342.0657653808594,0.0,1140.0,576.0,1140.66666666667,581.333333333333,1000.0,111.956655253954,-2520.92644162386,,,,,,,,,571.0,571.0,150399.0,150699.0,300.0,5.34928136052532,162.595752051592,3464.78976798986,-4021.86042063532,252.910874017281
150.709,4.789999961853027,5.0,1135.0,560.0,1135.0,560.0,-47.86000061035156,4.429999828338623,338.5199890136719,0.0,0.0,-0.1907999962568283,0.066500000655651,0.9793999791145324,0.0,0.0,0.0,341.9151916503906,0.0,1135.0,560.0,1137.0,553.0,1000.0,17.095236096474,-4743.07095787401,,,,,,,,,,,,,,,,,,
150.729,4.860000133514404,5.0,1136.0,523.0,1136.0,523.0,-47.93000030517578,15.329999923706056,337.6499938964844,0.0,0.0,-0.1909999996423721,0.0948999971151352,0.9769999980926511,0.0,0.0,0.0,341.3792724609375,0.0,1136.0,523.0,1141.66666666667,568.0,1000.0,44.9378775231457,1392.13207133359,,,,,,,,,572.0,572.0,150719.0,150799.0,80.0,5.364882475649191,172.210181179916,3315.37491665969,,70.631597650414
150.749,4.840000152587891,4.920000076293944,1154.0,621.0,1154.0,621.0,-39.900001525878906,-10.140000343322754,251.38999938964844,0.0,0.0,-0.1882999986410141,0.0824000015854835,0.9786999821662902,-0.0593999996781349,-0.0098999999463558,0.9981999993324282,254.73861694335935,0.0,1154.0,621.0,1150.33333333333,585.666666666667,1000.0,71.71819769881809,1339.01600878362,,,,,,,,,572.0,572.0,150719.0,150799.0,80.0,5.364882475649191,172.210181179916,3315.37491665969,,70.631597650414
150.769,4.869999885559082,4.880000114440918,1161.0,613.0,1161.0,613.0,-37.59999847412109,-7.460000038146973,227.8699951171875,0.0,0.0,-0.1867000013589859,0.1018000021576881,0.9771000146865844,-0.0658000037074089,-0.0027999999001622,0.9977999925613404,231.0717315673828,0.0,1161.0,613.0,1161.33333333333,621.0,1000.0,105.902682846722,1709.22425739521,,,,,,,,,572.0,572.0,150719.0,150799.0,80.0,5.364882475649191,172.210181179916,3315.37491665969,,70.631597650414
150.789,4.630000114440918,4.840000152587891,1169.0,629.0,1169.0,629.0,-39.86000061035156,-10.850000381469728,231.759994506836,0.0,0.0,-0.2111999988555908,0.0839999988675117,0.9738000035285947,-0.0549999997019767,-0.0089999996125698,0.9983999729156494,235.4129180908203,0.0,1169.0,629.0,1176.0,665.666666666667,1000.0,172.210181179916,3315.37491665969,,,,,,,,,572.0,572.0,150719.0,150799.0,80.0,5.364882475649191,172.210181179916,3315.37491665969,,70.631597650414
150.809,4.590000152587891,4.75,1198.0,755.0,1198.0,755.0,-44.27000045776367,-34.950000762939446,224.02999877929688,0.0,0.0,-0.2542000114917755,-0.06700000166893,0.9648000001907348,-0.0474999994039535,-0.0370000004768371,0.9981999993324282,231.0211639404297,0.0,1198.0,755.0,1198.0,755.0,1000.0,,,,,,,,,,,,,,,,,,,,
150.829,5.0,5.0,-1.0,-1.0,-1.0,-1.0,0.0,0.0,0.0,5.0,5.0,0.0,0.0,0.0,0.0,0.0,0.0,0.0,1.0,,,,,1000.0,,,,,,,,,,,,,,,,,,,,
150.849,5.0,5.0,-1.0,-1.0,-1.0,-1.0,0.0,0.0,0.0,5.0,5.0,0.0,0.0,0.0,0.0,0.0,0.0,0.0,1.0,,,,,1000.0,,,,,,,,,,,,,,,,,,,,
150.869,5.0,5.0,-1.0,-1.0,-1.0,-1.0,0.0,0.0,0.0,5.0,5.0,0.0,0.0,0.0,0.0,0.0,0.0,0.0,1.0,,,,,1000.0,,,,,,,,,,,,,,,,,,,,
150.889,5.0,5.0,-1.0,-1.0,-1.0,-1.0,0.0,0.0,0.0,5.0,5.0,0.0,0.0,0.0,0.0,0.0,0.0,0.0,1.0,,,,,1000.0,,,,,,,,,,,,,,,,,,,,
150.909,5.0,5.0,-1.0,-1.0,-1.0,-1.0,0.0,0.0,0.0,5.0,5.0,0.0,0.0,0.0,0.0,0.0,0.0,0.0,1.0,,,,,1000.0,,,,,,,,,,,,,,,,,,,,
150.929,5.0,5.0,-1.0,-1.0,-1.0,-1.0,0.0,0.0,0.0,5.0,5.0,0.0,0.0,0.0,0.0,0.0,0.0,0.0,1.0,,,,,1000.0,,,,,,,,,,,,,,,,,,,,
150.949,5.0,5.0,-1.0,-1.0,-1.0,-1.0,0.0,0.0,0.0,5.0,5.0,0.0,0.0,0.0,0.0,0.0,0.0,0.0,1.0,,,,,1000.0,,,,,,,,,,,,,,,,,,,,
150.969,5.0,5.0,-1.0,-1.0,-1.0,-1.0,0.0,0.0,0.0,5.0,5.0,0.0,0.0,0.0,0.0,0.0,0.0,0.0,1.0,,,,,1000.0,,,,,,,,,,,,,,,,,,,,
150.989,5.0,5.0,-1.0,-1.0,-1.0,-1.0,0.0,0.0,0.0,5.0,5.0,0.0,0.0,0.0,0.0,0.0,0.0,0.0,1.0,,,,,1000.0,,,,,,,,,,,,,,,,,,,,
151.009,5.0,5.0,-1.0,-1.0,-1.0,-1.0,0.0,0.0,0.0,5.0,5.0,0.0,0.0,0.0,0.0,0.0,0.0,0.0,1.0,,,,,1000.0,,,,,,,,,,,,,,,,,,,,
151.029,5.0,5.0,-1.0,-1.0,-1.0,-1.0,0.0,0.0,0.0,5.0,5.0,0.0,0.0,0.0,0.0,0.0,0.0,0.0,1.0,,,,,1000.0,,,,,,,,,,,,,,,,,,,,
151.049,5.0,5.0,-1.0,-1.0,-1.0,-1.0,0.0,0.0,0.0,5.0,5.0,0.0,0.0,0.0,0.0,0.0,0.0,0.0,1.0,,,,,1000.0,,,,,,,,,,,,,,,,,,,,
151.069,5.0,4.800000190734863,655.0,559.0,655.0,559.0,58.56000137329102,1.9099999666213987,209.6199951171875,0.0,0.0,0.0,0.0,0.0,0.3373000025749206,0.0882999971508979,0.9372000098228452,217.6544647216797,,655.0,559.0,655.0,559.0,1000.0,,,,,,,,,,,,,,,,,,,,
151.069,,,,,,,,,,,,,,,,,,,,,,,,,,,,,,,,,,,,,,,,,,,,
