Timestamp,GSR RAW,GSR Resistance CAL,GSR Conductance CAL,GSR RAW.1,GSR Resistance CAL.1,GSR Conductance CAL.1
120.008443975,,,,,,
120.0103971,,,,,,
120.0104718,,,,,,
120.012350225,,,,,,
120.0123919,18335.0,154.41663381947183,6.475986266927032,,,
120.0133895,,,,34771.0,516.8496781522151,1.9347985347985344
120.01430335,,,,,,
120.01437805,,,,,,
120.016256475,,,,,,
120.0182096,,,,,,
120.0182843,,,,,,
120.020162725,,,,,,
120.0202044,18335.0,154.41663381947183,6.475986266927032,,,
120.021202,,,,34770.0,517.2413793103449,1.933333333333333
120.02211585,,,,,,
120.02219055,,,,,,
120.024068975,,,,,,
120.0260221,,,,,,
120.0260968,,,,,,
120.027,,,,,,
120.027975225,,,,,,
120.0280169,18335.0,154.41663381947183,6.475986266927032,,,
120.0290145,,,,34772.0,516.4585698070375,1.936263736263736
120.02992835,,,,,,
120.03000305,,,,,,
120.031881475,,,,,,
120.0338346,,,,,,
120.0339093,,,,,,
120.035787725,,,,,,
120.0358294,18336.0,154.29499803072076,6.481091498513101,,,
120.036827,,,,34771.0,516.8496781522151,1.9347985347985344
120.03774085,,,,,,
120.03781555,,,,,,
120.039693975,,,,,,
120.0416471,,,,,,
120.0417218,,,,,,
120.043600225,,,,,,
120.0436419,18335.0,154.41663381947183,6.475986266927032,,,
120.0446395,,,,34771.0,516.8496781522151,1.9347985347985344
120.04555335,,,,,,
120.04562805,,,,,,
120.047,,,,,,
120.047506475,,,,,,
120.0494596,,,,,,
120.0495343,,,,,,
120.051412725,,,,,,
120.0514544,18335.0,154.41663381947183,6.475986266927032,,,
120.052452,,,,34771.0,516.8496781522151,1.9347985347985344
120.05336585,,,,,,
120.05344055,,,,,,
120.055318975,,,,,,
120.0572721,,,,,,
120.0573468,,,,,,
120.059225225,,,,,,
120.0592669,18335.0,154.41663381947183,6.475986266927032,,,
120.0602645,,,,34771.0,516.8496781522151,1.9347985347985344
120.06117835,,,,,,
120.06125305,,,,,,
120.063131475,,,,,,
120.0650846,,,,,,
120.0651593,,,,,,
120.067,,,,,,
120.067037725,,,,,,
120.0670794,18336.0,154.29499803072076,6.481091498513101,,,
120.068077,,,,34771.0,516.8496781522151,1.9347985347985344
120.06899085,,,,,,
120.06906555,,,,,,
120.070943975,,,,,,
120.0728971,,,,,,
120.0729718,,,,,,
120.074850225,,,,,,
120.0748919,18335.0,154.41663381947183,6.475986266927032,,,
120.0758895,,,,34770.0,517.2413793103449,1.933333333333333
120.07680335,,,,,,
120.07687805,,,,,,
120.078756475,,,,,,
120.0807096,,,,,,
120.0807843,,,,,,
120.082662725,,,,,,
120.0827044,18335.0,154.41663381947183,6.475986266927032,,,
120.083702,,,,34771.0,516.8496781522151,1.9347985347985344
120.08461585,,,,,,
120.08469055,,,,,,
120.086568975,,,,,,
120.087,,,,,,
120.0885221,,,,,,
120.0885968,,,,,,
120.090475225,,,,,,
120.0905169,18335.0,154.41663381947183,6.475986266927032,,,
120.0915145,,,,34771.0,516.8496781522151,1.9347985347985344
120.09242835,,,,,,
120.09250305,,,,,,
120.094381475,,,,,,
120.0963346,,,,,,
120.0964093,,,,,,
120.098287725,,,,,,
120.0983294,18336.0,154.29499803072076,6.481091498513101,,,
120.099327,,,,34771.0,516.8496781522151,1.9347985347985344
120.10024085,,,,,,
120.10031555,,,,,,
120.102193975,,,,,,
120.1041471,,,,,,
120.1042218,,,,,,
120.106100225,,,,,,
120.1061419,18336.0,154.29499803072076,6.481091498513101,,,
120.107,,,,,,
120.1071395,,,,34771.0,516.8496781522151,1.9347985347985344
120.10805335,,,,,,
120.10812805,,,,,,
120.110006475,,,,,,
120.1119596,,,,,,
120.1120343,,,,,,
120.113912725,,,,,,
120.1139544,18335.0,154.41663381947183,6.475986266927032,,,
120.114952,,,,34770.0,517.2413793103449,1.933333333333333
120.11586585,,,,,,
120.11594055,,,,,,
120.117818975,,,,,,
120.1197721,,,,,,
120.1198468,,,,,,
120.121725225,,,,,,
120.1217669,18335.0,154.41663381947183,6.475986266927032,,,
120.1227645,,,,34771.0,516.8496781522151,1.9347985347985344
120.12367835,,,,,,
120.12375305,,,,,,
120.125631475,,,,,,
120.127,,,,,,
120.1275846,,,,,,
120.1276593,,,,,,
120.129537725,,,,,,
120.1295794,18336.0,154.29499803072076,6.481091498513101,,,
120.130577,,,,34771.0,516.8496781522151,1.9347985347985344
120.13149085,,,,,,
120.13156555,,,,,,
120.133443975,,,,,,
120.1353971,,,,,,
120.1354718,,,,,,
120.137350225,,,,,,
120.1373919,18335.0,154.41663381947183,6.475986266927032,,,
120.1383895,,,,34770.0,517.2413793103449,1.933333333333333
120.13930335,,,,,,
120.13937805,,,,,,
120.141256475,,,,,,
120.1432096,,,,,,
120.1432843,,,,,,
120.145162725,,,,,,
120.1452044,18336.0,154.29499803072076,6.481091498513101,,,
120.146202,,,,34771.0,516.8496781522151,1.9347985347985344
120.147,,,,,,
120.14711585,,,,,,
120.14719055,,,,,,
120.149068975,,,,,,
120.1510221,,,,,,
120.1510968,,,,,,
120.152975225,,,,,,
120.1530169,18336.0,154.29499803072076,6.481091498513101,,,
120.1540145,,,,34772.0,516.4585698070375,1.936263736263736
120.15492835,,,,,,
120.15500305,,,,,,
120.156881475,,,,,,
120.1588346,,,,,,
120.1589093,,,,,,
120.160787725,,,,,,
120.1608294,18336.0,154.29499803072076,6.481091498513101,,,
120.161827,,,,34770.0,517.2413793103449,1.933333333333333
120.16274085,,,,,,
120.16281555,,,,,,
120.164693975,,,,,,
120.1666471,,,,,,
120.1667218,,,,,,
120.167,,,,,,
120.168600225,,,,,,
120.1686419,18335.0,154.41663381947183,6.475986266927032,,,
120.1696395,,,,34770.0,517.2413793103449,1.933333333333333
120.17055335,,,,,,
120.17062805,,,,,,
120.172506475,,,,,,
120.1744596,,,,,,
120.1745343,,,,,,
120.176412725,,,,,,
120.1764544,18335.0,154.41663381947183,6.475986266927032,,,
120.177452,,,,34770.0,517.2413793103449,1.933333333333333
120.17836585,,,,,,
120.17844055,,,,,,
120.180318975,,,,,,
120.1822721,,,,,,
120.1823468,,,,,,
120.184225225,,,,,,
120.1842669,18335.0,154.41663381947183,6.475986266927032,,,
120.1852645,,,,34771.0,516.8496781522151,1.9347985347985344
120.18617835,,,,,,
120.18625305,,,,,,
120.187,,,,,,
120.188131475,,,,,,
120.1900846,,,,,,
120.1901593,,,,,,
120.192037725,,,,,,
120.1920794,18335.0,154.41663381947183,6.475986266927032,,,
120.193077,,,,34772.0,516.4585698070375,1.936263736263736
120.19399085,,,,,,
120.19406555,,,,,,
120.195943975,,,,,,
120.1978971,,,,,,
120.1979718,,,,,,
120.199850225,,,,,,
120.1998919,18336.0,154.29499803072076,6.481091498513101,,,
120.2008895,,,,34771.0,516.8496781522151,1.9347985347985344
120.20180335,,,,,,
120.20187805,,,,,,
120.203756475,,,,,,
120.2057096,,,,,,
120.2057843,,,,,,
120.207,,,,,,
120.207662725,,,,,,
120.2077044,18335.0,154.41663381947183,6.475986266927032,,,
120.208702,,,,34770.0,517.2413793103449,1.933333333333333
120.20961585,,,,,,
120.20969055,,,,,,
120.211568975,,,,,,
120.2135221,,,,,,
120.2135968,,,,,,
120.215475225,,,,,,
120.2155169,18335.0,154.41663381947183,6.475986266927032,,,
120.2165145,,,,34771.0,516.8496781522151,1.9347985347985344
120.21742835,,,,,,
120.21750305,,,,,,
120.219381475,,,,,,
120.2213346,,,,,,
120.2214093,,,,,,
120.223287725,,,,,,
120.2233294,18336.0,154.29499803072076,6.481091498513101,,,
120.224327,,,,34770.0,517.2413793103449,1.933333333333333
120.22524085,,,,,,
120.22531555,,,,,,
120.227,,,,,,
120.227193975,,,,,,
120.2291471,,,,,,
120.2292218,,,,,,
120.231100225,,,,,,
120.2311419,18335.0,154.41663381947183,6.475986266927032,,,
120.2321395,,,,34771.0,516.8496781522151,1.9347985347985344
120.23305335,,,,,,
120.23312805,,,,,,
120.235006475,,,,,,
120.2369596,,,,,,
120.2370343,,,,,,
120.238912725,,,,,,
120.2389544,18335.0,154.41663381947183,6.475986266927032,,,
120.239952,,,,34770.0,517.2413793103449,1.933333333333333
120.24086585,,,,,,
120.24094055,,,,,,
120.242818975,,,,,,
120.2447721,,,,,,
120.2448468,,,,,,
120.246725225,,,,,,
120.2467669,18335.0,154.41663381947183,6.475986266927032,,,
120.247,,,,,,
120.2477645,,,,34771.0,516.8496781522151,1.9347985347985344
120.24867835,,,,,,
120.24875305,,,,,,
120.250631475,,,,,,
120.2525846,,,,,,
120.2526593,,,,,,
120.254537725,,,,,,
120.2545794,18336.0,154.29499803072076,6.481091498513101,,,
120.255577,,,,34771.0,516.8496781522151,1.9347985347985344
120.25649085,,,,,,
120.25656555,,,,,,
120.258443975,,,,,,
120.2603971,,,,,,
120.2604718,,,,,,
120.262350225,,,,,,
120.2623919,18335.0,154.41663381947183,6.475986266927032,,,
120.2633895,,,,34771.0,516.8496781522151,1.9347985347985344
120.26430335,,,,,,
120.26437805,,,,,,
120.266256475,,,,,,
120.267,,,,,,
120.2682096,,,,,,
120.2682843,,,,,,
120.270162725,,,,,,
120.2702044,18335.0,154.41663381947183,6.475986266927032,,,
120.271202,,,,34771.0,516.8496781522151,1.9347985347985344
120.27211585,,,,,,
120.27219055,,,,,,
120.274068975,,,,,,
120.2760221,,,,,,
120.2760968,,,,,,
120.277975225,,,,,,
120.2780169,18335.0,154.41663381947183,6.475986266927032,,,
120.2790145,,,,34771.0,516.8496781522151,1.9347985347985344
120.27992835,,,,,,
120.28000305,,,,,,
120.281881475,,,,,,
120.2838346,,,,,,
120.2839093,,,,,,
120.285787725,,,,,,
120.2858294,18335.0,154.41663381947183,6.475986266927032,,,
120.286827,,,,34771.0,516.8496781522151,1.9347985347985344
120.287,,,,,,
120.28774085,,,,,,
120.28781555,,,,,,
120.289693975,,,,,,
120.2916471,,,,,,
120.2917218,,,,,,
120.293600225,,,,,,
120.2936419,18335.0,154.41663381947183,6.475986266927032,,,
120.2946395,,,,34771.0,516.8496781522151,1.9347985347985344
120.29555335,,,,,,
120.29562805,,,,,,
120.297506475,,,,,,
120.2994596,,,,,,
120.2995343,,,,,,
120.301412725,,,,,,
120.3014544,18335.0,154.41663381947183,6.475986266927032,,,
120.302452,,,,34770.0,517.2413793103449,1.933333333333333
120.30336585,,,,,,
120.30344055,,,,,,
120.305318975,,,,,,
120.307,,,,,,
120.3072721,,,,,,
120.3073468,,,,,,
120.309225225,,,,,,
120.3092669,18334.0,154.53846153846158,6.470881035340964,,,
120.3102645,,,,34771.0,516.8496781522151,1.9347985347985344
120.31117835,,,,,,
120.31125305,,,,,,
120.313131475,,,,,,
120.3150846,,,,,,
120.3151593,,,,,,
120.317037725,,,,,,
120.3170794,18335.0,154.41663381947183,6.475986266927032,,,
120.318077,,,,34770.0,517.2413793103449,1.933333333333333
120.31899085,,,,,,
120.31906555,,,,,,
120.320943975,,,,,,
120.3228971,,,,,,
120.3229718,,,,,,
120.324850225,,,,,,
120.3248919,18335.0,154.41663381947183,6.475986266927032,,,
120.3258895,,,,34771.0,516.8496781522151,1.9347985347985344
120.32680335,,,,,,
120.32687805,,,,,,
120.327,,,,,,
120.328756475,,,,,,
120.3307096,,,,,,
120.3307843,,,,,,
120.332662725,,,,,,
120.3327044,18335.0,154.41663381947183,6.475986266927032,,,
120.333702,,,,34770.0,517.2413793103449,1.933333333333333
120.33461585,,,,,,
120.33469055,,,,,,
120.336568975,,,,,,
120.3385221,,,,,,
120.3385968,,,,,,
120.340475225,,,,,,
120.3405169,18335.0,154.41663381947183,6.475986266927032,,,
120.3415145,,,,34771.0,516.8496781522151,1.9347985347985344
120.34242835,,,,,,
120.34250305,,,,,,
120.344381475,,,,,,
120.3463346,,,,,,
120.3464093,,,,,,
120.347,,,,,,
120.348287725,,,,,,
120.3483294,18336.0,154.29499803072076,6.481091498513101,,,
120.349327,,,,34770.0,517.2413793103449,1.933333333333333
120.35024085,,,,,,
120.35031555,,,,,,
120.352193975,,,,,,
120.3541471,,,,,,
120.3542218,,,,,,
120.356100225,,,,,,
120.3561419,18335.0,154.41663381947183,6.475986266927032,,,
120.3571395,,,,34771.0,516.8496781522151,1.9347985347985344
120.35805335,,,,,,
120.35812805,,,,,,
120.360006475,,,,,,
120.3619596,,,,,,
120.3620343,,,,,,
120.363912725,,,,,,
120.3639544,18334.0,154.53846153846158,6.470881035340964,,,
120.364952,,,,34771.0,516.8496781522151,1.9347985347985344
120.36586585,,,,,,
120.36594055,,,,,,
120.367,,,,,,
120.367818975,,,,,,
120.3697721,,,,,,
120.3698468,,,,,,
120.371725225,,,,,,
120.3717669,18335.0,154.41663381947183,6.475986266927032,,,
120.3727645,,,,34771.0,516.8496781522151,1.9347985347985344
120.37367835,,,,,,
120.37375305,,,,,,
120.375631475,,,,,,
120.3775846,,,,,,
120.3776593,,,,,,
120.379537725,,,,,,
120.3795794,18335.0,154.41663381947183,6.475986266927032,,,
120.380577,,,,34771.0,516.8496781522151,1.9347985347985344
120.38149085,,,,,,
120.38156555,,,,,,
120.383443975,,,,,,
120.3853971,,,,,,
120.3854718,,,,,,
120.387,,,,,,
120.387350225,,,,,,
120.3873919,18335.0,154.41663381947183,6.475986266927032,,,
120.3883895,,,,34771.0,516.8496781522151,1.9347985347985344
120.38930335,,,,,,
120.38937805,,,,,,
120.391256475,,,,,,
120.3932096,,,,,,
120.3932843,,,,,,
120.395162725,,,,,,
120.3952044,18334.0,154.53846153846158,6.470881035340964,,,
120.396202,,,,34771.0,516.8496781522151,1.9347985347985344
120.39711585,,,,,,
120.39719055,,,,,,
120.399068975,,,,,,
120.4010221,,,,,,
120.4010968,,,,,,
120.402975225,,,,,,
120.4030169,18334.0,154.53846153846158,6.470881035340964,,,
120.4040145,,,,34772.0,516.4585698070375,1.936263736263736
120.40492835,,,,,,
120.40500305,,,,,,
120.406881475,,,,,,
120.407,,,,,,
120.4088346,,,,,,
120.4089093,,,,,,
120.410787725,,,,,,
120.4108294,18336.0,154.29499803072076,6.481091498513101,,,
120.411827,,,,34771.0,516.8496781522151,1.9347985347985344
120.41274085,,,,,,
120.41281555,,,,,,
120.41425109999999,,,,,,
120.414693975,,,,,,
120.4166471,,,,,,
120.4167218,,,,,,
120.418600225,,,,,,
120.4186419,18334.0,154.53846153846158,6.470881035340964,,,
120.4196395,,,,34770.0,517.2413793103449,1.933333333333333
120.42055335,,,,,,
120.42062805,,,,,,
120.422506475,,,,,,
120.4244596,,,,,,
120.4245343,,,,,,
120.426412725,,,,,,
120.4264544,18334.0,154.53846153846158,6.470881035340964,,,
120.427,,,,,,
120.427452,,,,34771.0,516.8496781522151,1.9347985347985344
120.42836585,,,,,,
120.42844055,,,,,,
120.430318975,,,,,,
120.4322721,,,,,,
120.4323468,,,,,,
120.434225225,,,,,,
120.4342669,18335.0,154.41663381947183,6.475986266927032,,,
120.4352645,,,,34771.0,516.8496781522151,1.9347985347985344
120.43617835,,,,,,
120.43625305,,,,,,
120.438131475,,,,,,
120.4400846,,,,,,
120.4401593,,,,,,
120.442037725,,,,,,
120.4420794,18335.0,154.41663381947183,6.475986266927032,,,
120.443077,,,,34771.0,516.8496781522151,1.9347985347985344
120.44399085,,,,,,
120.44406555,,,,,,
120.445943975,,,,,,
120.447,,,,,,
120.4478971,,,,,,
120.4479718,,,,,,
120.449850225,,,,,,
120.4498919,18334.0,154.53846153846158,6.470881035340964,,,
120.4508895,,,,34771.0,516.8496781522151,1.9347985347985344
120.45180335,,,,,,
120.45187805,,,,,,
120.453756475,,,,,,
120.4557096,,,,,,
120.4557843,,,,,,
120.457662725,,,,,,
120.4577044,18334.0,154.53846153846158,6.470881035340964,,,
120.458702,,,,34771.0,516.8496781522151,1.9347985347985344
120.45961585,,,,,,
120.45969055,,,,,,
120.461568975,,,,,,
120.4635221,,,,,,
120.4635968,,,,,,
120.465475225,,,,,,
120.4655169,18334.0,154.53846153846158,6.470881035340964,,,
120.4665145,,,,34771.0,516.8496781522151,1.9347985347985344
120.467,,,,,,
120.46742835,,,,,,
120.46750305,,,,,,
120.469381475,,,,,,
120.4713346,,,,,,
120.4714093,,,,,,
120.473287725,,,,,,
120.4733294,18335.0,154.41663381947183,6.475986266927032,,,
120.474327,,,,34771.0,516.8496781522151,1.9347985347985344
120.47524085,,,,,,
120.47531555,,,,,,
120.477193975,,,,,,
120.4791471,,,,,,
120.4792218,,,,,,
120.481100225,,,,,,
120.4811419,18334.0,154.53846153846158,6.470881035340964,,,
120.4821395,,,,34772.0,516.4585698070375,1.936263736263736
120.48305335,,,,,,
120.48312805,,,,,,
120.485006475,,,,,,
120.4869596,,,,,,
120.487,,,,,,
120.4870343,,,,,,
120.488912725,,,,,,
120.4889544,18334.0,154.53846153846158,6.470881035340964,,,
120.489952,,,,34771.0,516.8496781522151,1.9347985347985344
120.49086585,,,,,,
120.49094055,,,,,,
120.492818975,,,,,,
120.4947721,,,,,,
120.4948468,,,,,,
120.496725225,,,,,,
120.4967669,18335.0,154.41663381947183,6.475986266927032,,,
120.4977645,,,,34772.0,516.4585698070375,1.936263736263736
120.49867835,,,,,,
120.49875305,,,,,,
120.500631475,,,,,,
120.5025846,,,,,,
120.5026593,,,,,,
120.504537725,,,,,,
120.5045794,18335.0,154.41663381947183,6.475986266927032,,,
120.505577,,,,34771.0,516.8496781522151,1.9347985347985344
120.50649085,,,,,,
120.50656555,,,,,,
120.507,,,,,,
120.508443975,,,,,,
120.5103971,,,,,,
120.5104718,,,,,,
120.512350225,,,,,,
120.5123919,18335.0,154.41663381947183,6.475986266927032,,,
120.5133895,,,,34770.0,517.2413793103449,1.933333333333333
120.51430335,,,,,,
120.51437805,,,,,,
120.516256475,,,,,,
120.5182096,,,,,,
120.5182843,,,,,,
120.520162725,,,,,,
120.5202044,18335.0,154.41663381947183,6.475986266927032,,,
120.521202,,,,34772.0,516.4585698070375,1.936263736263736
120.52211585,,,,,,
120.52219055,,,,,,
120.524068975,,,,,,
120.5260221,,,,,,
120.5260968,,,,,,
120.527,,,,,,
120.527975225,,,,,,
120.5280169,18335.0,154.41663381947183,6.475986266927032,,,
120.5290145,,,,34771.0,516.8496781522151,1.9347985347985344
120.52992835,,,,,,
120.53000305,,,,,,
120.531881475,,,,,,
120.5338346,,,,,,
120.5339093,,,,,,
120.535787725,,,,,,
120.5358294,18335.0,154.41663381947183,6.475986266927032,,,
120.536827,,,,34771.0,516.8496781522151,1.9347985347985344
120.53774085,,,,,,
120.53781555,,,,,,
120.539693975,,,,,,
120.5416471,,,,,,
120.5417218,,,,,,
120.543600225,,,,,,
120.5436419,18334.0,154.53846153846158,6.470881035340964,,,
120.5446395,,,,34770.0,517.2413793103449,1.933333333333333
120.54555335,,,,,,
120.54562805,,,,,,
120.547,,,,,,
120.547506475,,,,,,
120.5494596,,,,,,
120.5495343,,,,,,
120.551412725,,,,,,
120.5514544,18334.0,154.53846153846158,6.470881035340964,,,
120.552452,,,,34771.0,516.8496781522151,1.9347985347985344
120.55336585,,,,,,
120.55344055,,,,,,
120.555318975,,,,,,
120.5572721,,,,,,
120.5573468,,,,,,
120.559225225,,,,,,
120.5592669,18334.0,154.53846153846158,6.470881035340964,,,
120.5602645,,,,34771.0,516.8496781522151,1.9347985347985344
120.56117835,,,,,,
120.56125305,,,,,,
120.563131475,,,,,,
120.5650846,,,,,,
120.5651593,,,,,,
120.567,,,,,,
120.567037725,,,,,,
120.5670794,18334.0,154.53846153846158,6.470881035340964,,,
120.568077,,,,34771.0,516.8496781522151,1.9347985347985344
120.56899085,,,,,,
120.56906555,,,,,,
120.570943975,,,,,,
120.5728971,,,,,,
120.5729718,,,,,,
120.574850225,,,,,,
120.5748919,18334.0,154.53846153846158,6.470881035340964,,,
120.5758895,,,,34771.0,516.8496781522151,1.9347985347985344
120.57680335,,,,,,
120.57687805,,,,,,
120.578756475,,,,,,
120.5807096,,,,,,
120.5807843,,,,,,
120.582662725,,,,,,
120.5827044,18334.0,154.53846153846158,6.470881035340964,,,
120.583702,,,,34772.0,516.4585698070375,1.936263736263736
120.58461585,,,,,,
120.58469055,,,,,,
120.586568975,,,,,,
120.587,,,,,,
120.5885221,,,,,,
120.5885968,,,,,,
120.590475225,,,,,,
120.5905169,18333.0,154.66048164232143,6.465775803754896,,,
120.5915145,,,,34772.0,516.4585698070375,1.936263736263736
120.59242835,,,,,,
120.59250305,,,,,,
120.594381475,,,,,,
120.5963346,,,,,,
120.5964093,,,,,,
120.598287725,,,,,,
120.5983294,18335.0,154.41663381947183,6.475986266927032,,,
120.599327,,,,34771.0,516.8496781522151,1.9347985347985344
120.60024085,,,,,,
120.60031555,,,,,,
120.602193975,,,,,,
120.6041471,,,,,,
120.6042218,,,,,,
120.606100225,,,,,,
120.6061419,18335.0,154.41663381947183,6.475986266927032,,,
120.607,,,,,,
120.6071395,,,,34770.0,517.2413793103449,1.933333333333333
120.60805335,,,,,,
120.60812805,,,,,,
120.610006475,,,,,,
120.6119596,,,,,,
120.6120343,,,,,,
120.613912725,,,,,,
120.6139544,18334.0,154.53846153846158,6.470881035340964,,,
120.614952,,,,34771.0,516.8496781522151,1.9347985347985344
120.61586585,,,,,,
120.61594055,,,,,,
120.617818975,,,,,,
120.6197721,,,,,,
120.6198468,,,,,,
120.621725225,,,,,,
120.6217669,18335.0,154.41663381947183,6.475986266927032,,,
120.6227645,,,,34771.0,516.8496781522151,1.9347985347985344
120.62367835,,,,,,
120.62375305,,,,,,
120.625631475,,,,,,
120.627,,,,,,
120.6275846,,,,,,
120.6276593,,,,,,
120.629537725,,,,,,
120.6295794,18335.0,154.41663381947183,6.475986266927032,,,
120.630577,,,,34771.0,516.8496781522151,1.9347985347985344
120.63149085,,,,,,
120.63156555,,,,,,
120.633443975,,,,,,
120.6353971,,,,,,
120.6354718,,,,,,
120.637350225,,,,,,
120.6373919,18334.0,154.53846153846158,6.470881035340964,,,
120.6383895,,,,34771.0,516.8496781522151,1.9347985347985344
120.63930335,,,,,,
120.63937805,,,,,,
120.641256475,,,,,,
120.6432096,,,,,,
120.6432843,,,,,,
120.645162725,,,,,,
120.6452044,18334.0,154.53846153846158,6.470881035340964,,,
120.646202,,,,34771.0,516.8496781522151,1.9347985347985344
120.647,,,,,,
120.64711585,,,,,,
120.64719055,,,,,,
120.649068975,,,,,,
120.6510221,,,,,,
120.6510968,,,,,,
120.652975225,,,,,,
120.6530169,18334.0,154.53846153846158,6.470881035340964,,,
120.6540145,,,,34771.0,516.8496781522151,1.9347985347985344
120.65492835,,,,,,
120.65500305,,,,,,
120.656881475,,,,,,
120.6588346,,,,,,
120.6589093,,,,,,
120.660787725,,,,,,
120.6608294,18335.0,154.41663381947183,6.475986266927032,,,
120.661827,,,,34771.0,516.8496781522151,1.9347985347985344
120.66274085,,,,,,
120.66281555,,,,,,
120.664693975,,,,,,
120.6666471,,,,,,
120.6667218,,,,,,
120.667,,,,,,
120.668600225,,,,,,
120.6686419,18334.0,154.53846153846158,6.470881035340964,,,
120.6696395,,,,34771.0,516.8496781522151,1.9347985347985344
120.67055335,,,,,,
120.67062805,,,,,,
120.672506475,,,,,,
120.6744596,,,,,,
120.6745343,,,,,,
120.676412725,,,,,,
120.6764544,18334.0,154.53846153846158,6.470881035340964,,,
120.677452,,,,34770.0,517.2413793103449,1.933333333333333
120.67836585,,,,,,
120.67844055,,,,,,
120.680318975,,,,,,
120.6822721,,,,,,
120.6823468,,,,,,
120.684225225,,,,,,
120.6842669,18334.0,154.53846153846158,6.470881035340964,,,
120.6852645,,,,34772.0,516.4585698070375,1.936263736263736
120.68617835,,,,,,
120.68625305,,,,,,
120.687,,,,,,
120.688131475,,,,,,
120.6900846,,,,,,
120.6901593,,,,,,
120.692037725,,,,,,
120.6920794,18335.0,154.41663381947183,6.475986266927032,,,
120.693077,,,,34771.0,516.8496781522151,1.9347985347985344
120.69399085,,,,,,
120.69406555,,,,,,
120.695943975,,,,,,
120.6978971,,,,,,
120.6979718,,,,,,
120.699850225,,,,,,
120.6998919,18334.0,154.53846153846158,6.470881035340964,,,
120.7008895,,,,34771.0,516.8496781522151,1.9347985347985344
120.70180335,,,,,,
120.70187805,,,,,,
120.703756475,,,,,,
120.7057096,,,,,,
120.7057843,,,,,,
120.707,,,,,,
120.707662725,,,,,,
120.7077044,18333.0,154.66048164232143,6.465775803754896,,,
120.708702,,,,34771.0,516.8496781522151,1.9347985347985344
120.70961585,,,,,,
120.70969055,,,,,,
120.711568975,,,,,,
120.7135221,,,,,,
120.7135968,,,,,,
120.715475225,,,,,,
120.7155169,18333.0,154.66048164232143,6.465775803754896,,,
120.7165145,,,,34771.0,516.8496781522151,1.9347985347985344
120.71742835,,,,,,
120.71750305,,,,,,
120.719381475,,,,,,
120.7213346,,,,,,
120.7214093,,,,,,
120.723287725,,,,,,
120.7233294,18335.0,154.41663381947183,6.475986266927032,,,
120.724327,,,,34771.0,516.8496781522151,1.9347985347985344
120.72524085,,,,,,
120.72531555,,,,,,
120.727,,,,,,
120.727193975,,,,,,
120.7291471,,,,,,
120.7292218,,,,,,
120.731100225,,,,,,
120.7311419,18335.0,154.41663381947183,6.475986266927032,,,
120.7321395,,,,34771.0,516.8496781522151,1.9347985347985344
120.73305335,,,,,,
120.73312805,,,,,,
120.735006475,,,,,,
120.7369596,,,,,,
120.7370343,,,,,,
120.738912725,,,,,,
120.7389544,18333.0,154.66048164232143,6.465775803754896,,,
120.739952,,,,34771.0,516.8496781522151,1.9347985347985344
120.74086585,,,,,,
120.74094055,,,,,,
120.742818975,,,,,,
120.7447721,,,,,,
120.7448468,,,,,,
120.746725225,,,,,,
120.7467669,18334.0,154.53846153846158,6.470881035340964,,,
120.747,,,,,,
120.7477645,,,,34772.0,516.4585698070375,1.936263736263736
120.74867835,,,,,,
120.74875305,,,,,,
120.750631475,,,,,,
120.7525846,,,,,,
120.7526593,,,,,,
120.754537725,,,,,,
120.7545794,18334.0,154.53846153846158,6.470881035340964,,,
120.755577,,,,34771.0,516.8496781522151,1.9347985347985344
120.75649085,,,,,,
120.75656555,,,,,,
120.758443975,,,,,,
120.7603971,,,,,,
120.7604718,,,,,,
120.762350225,,,,,,
120.7623919,18333.0,154.66048164232143,6.465775803754896,,,
120.7633895,,,,34771.0,516.8496781522151,1.9347985347985344
120.76430335,,,,,,
120.76437805,,,,,,
120.766256475,,,,,,
120.767,,,,,,
120.7682096,,,,,,
120.7682843,,,,,,
120.770162725,,,,,,
120.7702044,18334.0,154.53846153846158,6.470881035340964,,,
120.771202,,,,34770.0,517.2413793103449,1.933333333333333
120.77211585,,,,,,
120.77219055,,,,,,
120.774068975,,,,,,
120.7760221,,,,,,
120.7760968,,,,,,
120.777975225,,,,,,
120.7780169,18333.0,154.66048164232143,6.465775803754896,,,
120.7790145,,,,34772.0,516.4585698070375,1.936263736263736
120.77992835,,,,,,
120.78000305,,,,,,
120.781881475,,,,,,
120.7838346,,,,,,
120.7839093,,,,,,
120.785787725,,,,,,
120.7858294,18334.0,154.53846153846158,6.470881035340964,,,
120.786827,,,,34771.0,516.8496781522151,1.9347985347985344
120.787,,,,,,
120.78774085,,,,,,
120.78781555,,,,,,
120.789693975,,,,,,
120.7916471,,,,,,
120.7917218,,,,,,
120.793600225,,,,,,
120.7936419,18334.0,154.53846153846158,6.470881035340964,,,
120.7946395,,,,34771.0,516.8496781522151,1.9347985347985344
120.79555335,,,,,,
120.79562805,,,,,,
120.797506475,,,,,,
120.7994596,,,,,,
120.7995343,,,,,,
120.801412725,,,,,,
120.8014544,18334.0,154.53846153846158,6.470881035340964,,,
120.802452,,,,34770.0,517.2413793103449,1.933333333333333
120.80336585,,,,,,
120.80344055,,,,,,
120.805318975,,,,,,
120.807,,,,,,
120.8072721,,,,,,
120.8073468,,,,,,
120.809225225,,,,,,
120.8092669,18335.0,154.41663381947183,6.475986266927032,,,
120.8102645,,,,34771.0,516.8496781522151,1.9347985347985344
120.81117835,,,,,,
120.81125305,,,,,,
120.813131475,,,,,,
120.8150846,,,,,,
120.8151593,,,,,,
120.817037725,,,,,,
120.8170794,18335.0,154.41663381947183,6.475986266927032,,,
120.818077,,,,34771.0,516.8496781522151,1.9347985347985344
120.81899085,,,,,,
120.81906555,,,,,,
120.820943975,,,,,,
120.8228971,,,,,,
120.8229718,,,,,,
120.824850225,,,,,,
120.8248919,18334.0,154.53846153846158,6.470881035340964,,,
120.8258895,,,,34771.0,516.8496781522151,1.9347985347985344
120.82680335,,,,,,
120.82687805,,,,,,
120.827,,,,,,
120.828756475,,,,,,
120.8307096,,,,,,
120.8307843,,,,,,
120.832662725,,,,,,
120.8327044,18334.0,154.53846153846158,6.470881035340964,,,
120.833702,,,,34771.0,516.8496781522151,1.9347985347985344
120.83461585,,,,,,
120.83469055,,,,,,
120.836568975,,,,,,
120.8385221,,,,,,
120.8385968,,,,,,
120.840475225,,,,,,
120.8405169,18334.0,154.53846153846158,6.470881035340964,,,
120.8415145,,,,34772.0,516.4585698070375,1.936263736263736
120.84242835,,,,,,
120.84250305,,,,,,
120.844381475,,,,,,
120.8463346,,,,,,
120.8464093,,,,,,
120.847,,,,,,
120.848287725,,,,,,
120.8483294,18334.0,154.53846153846158,6.470881035340964,,,
120.849327,,,,34771.0,516.8496781522151,1.9347985347985344
120.85024085,,,,,,
120.85031555,,,,,,
120.852193975,,,,,,
120.8541471,,,,,,
120.8542218,,,,,,
120.856100225,,,,,,
120.8561419,18334.0,154.53846153846158,6.470881035340964,,,
120.8571395,,,,34771.0,516.8496781522151,1.9347985347985344
120.85805335,,,,,,
120.85812805,,,,,,
120.860006475,,,,,,
120.8619596,,,,,,
120.8620343,,,,,,
120.863912725,,,,,,
120.8639544,18334.0,154.53846153846158,6.470881035340964,,,
120.864952,,,,34771.0,516.8496781522151,1.9347985347985344
120.86586585,,,,,,
120.86594055,,,,,,
120.867,,,,,,
120.867818975,,,,,,
120.8697721,,,,,,
120.8698468,,,,,,
120.871725225,,,,,,
120.8717669,18333.0,154.66048164232143,6.465775803754896,,,
120.8727645,,,,34771.0,516.8496781522151,1.9347985347985344
120.87367835,,,,,,
120.87375305,,,,,,
120.875631475,,,,,,
120.8775846,,,,,,
120.8776593,,,,,,
120.879537725,,,,,,
120.8795794,18335.0,154.41663381947183,6.475986266927032,,,
120.880577,,,,34771.0,516.8496781522151,1.9347985347985344
120.88149085,,,,,,
120.88156555,,,,,,
120.883443975,,,,,,
120.8853971,,,,,,
120.8854718,,,,,,
120.887,,,,,,
120.887350225,,,,,,
120.8873919,18334.0,154.53846153846158,6.470881035340964,,,
120.8883895,,,,34771.0,516.8496781522151,1.9347985347985344
120.88930335,,,,,,
120.88937805,,,,,,
120.891256475,,,,,,
120.8932096,,,,,,
120.8932843,,,,,,
120.895162725,,,,,,
120.8952044,18333.0,154.66048164232143,6.465775803754896,,,
120.896202,,,,34770.0,517.2413793103449,1.933333333333333
120.89711585,,,,,,
120.89719055,,,,,,
120.899068975,,,,,,
120.9010221,,,,,,
120.9010968,,,,,,
120.902975225,,,,,,
120.9030169,18334.0,154.53846153846158,6.470881035340964,,,
120.9040145,,,,34771.0,516.8496781522151,1.9347985347985344
120.90492835,,,,,,
120.90500305,,,,,,
120.906881475,,,,,,
120.907,,,,,,
120.9088346,,,,,,
120.9089093,,,,,,
120.910787725,,,,,,
120.9108294,18334.0,154.53846153846158,6.470881035340964,,,
120.911827,,,,34771.0,516.8496781522151,1.9347985347985344
120.91274085,,,,,,
120.91281555,,,,,,
120.914693975,,,,,,
120.9166471,,,,,,
120.9167218,,,,,,
120.918600225,,,,,,
120.9186419,18334.0,154.53846153846158,6.470881035340964,,,
120.9196395,,,,34771.0,516.8496781522151,1.9347985347985344
120.92055335,,,,,,
120.92062805,,,,,,
120.922506475,,,,,,
120.9244596,,,,,,
120.9245343,,,,,,
120.926412725,,,,,,
120.9264544,18335.0,154.41663381947183,6.475986266927032,,,
120.927,,,,,,
120.927452,,,,34771.0,516.8496781522151,1.9347985347985344
120.92836585,,,,,,
120.92844055,,,,,,
120.930318975,,,,,,
120.9322721,,,,,,
120.9323468,,,,,,
120.934225225,,,,,,
120.9342669,18334.0,154.53846153846158,6.470881035340964,,,
120.9352645,,,,34771.0,516.8496781522151,1.9347985347985344
120.93617835,,,,,,
120.93625305,,,,,,
120.938131475,,,,,,
120.9400846,,,,,,
120.9401593,,,,,,
120.942037725,,,,,,
120.9420794,18334.0,154.53846153846158,6.470881035340964,,,
120.943077,,,,34771.0,516.8496781522151,1.9347985347985344
120.94399085,,,,,,
120.94406555,,,,,,
120.945943975,,,,,,
120.947,,,,,,
120.9478971,,,,,,
120.9479718,,,,,,
120.949850225,,,,,,
120.9498919,18333.0,154.66048164232143,6.465775803754896,,,
120.9508895,,,,34771.0,516.8496781522151,1.9347985347985344
120.95180335,,,,,,
120.95187805,,,,,,
120.953756475,,,,,,
120.9557096,,,,,,
120.9557843,,,,,,
120.957662725,,,,,,
120.9577044,18334.0,154.53846153846158,6.470881035340964,,,
120.958702,,,,34771.0,516.8496781522151,1.9347985347985344
120.95961585,,,,,,
120.95969055,,,,,,
120.961568975,,,,,,
120.9635221,,,,,,
120.9635968,,,,,,
120.965475225,,,,,,
120.9655169,18334.0,154.53846153846158,6.470881035340964,,,
120.9665145,,,,34771.0,516.8496781522151,1.9347985347985344
120.967,,,,,,
120.96742835,,,,,,
120.96750305,,,,,,
120.969381475,,,,,,
120.9713346,,,,,,
120.9714093,,,,,,
120.973287725,,,,,,
120.9733294,18335.0,154.41663381947183,6.475986266927032,,,
120.974327,,,,34771.0,516.8496781522151,1.9347985347985344
120.97524085,,,,,,
120.97531555,,,,,,
120.977193975,,,,,,
120.9791471,,,,,,
120.9792218,,,,,,
120.981100225,,,,,,
120.9811419,18333.0,154.66048164232143,6.465775803754896,,,
120.9821395,,,,34770.0,517.2413793103449,1.933333333333333
120.98305335,,,,,,
120.98312805,,,,,,
120.985006475,,,,,,
120.9869596,,,,,,
120.987,,,,,,
120.9870343,,,,,,
120.988912725,,,,,,
120.9889544,18333.0,154.66048164232143,6.465775803754896,,,
120.989952,,,,34771.0,516.8496781522151,1.9347985347985344
120.99086585,,,,,,
120.99094055,,,,,,
120.992818975,,,,,,
120.9947721,,,,,,
120.9948468,,,,,,
120.996725225,,,,,,
120.9967669,18333.0,154.66048164232143,6.465775803754896,,,
120.9977645,,,,34771.0,516.8496781522151,1.9347985347985344
120.99867835,,,,,,
120.99875305,,,,,,
121.000631475,,,,,,
121.0025846,,,,,,
121.0026593,,,,,,
121.004537725,,,,,,
121.0045794,18334.0,154.53846153846158,6.470881035340964,,,
121.005577,,,,34771.0,516.8496781522151,1.9347985347985344
121.00649085,,,,,,
121.00656555,,,,,,
121.007,,,,,,
121.008443975,,,,,,
121.0103971,,,,,,
121.0104718,,,,,,
121.012350225,,,,,,
121.0123919,18333.0,154.66048164232143,6.465775803754896,,,
121.0133895,,,,34771.0,516.8496781522151,1.9347985347985344
121.01430335,,,,,,
121.01437805,,,,,,
121.016256475,,,,,,
121.0182096,,,,,,
121.0182843,,,,,,
121.020162725,,,,,,
121.0202044,18333.0,154.66048164232143,6.465775803754896,,,
121.021202,,,,34770.0,517.2413793103449,1.933333333333333
121.02211585,,,,,,
121.02219055,,,,,,
121.024068975,,,,,,
121.0260221,,,,,,
121.0260968,,,,,,
121.027,,,,,,
121.027975225,,,,,,
121.0280169,18333.0,154.66048164232143,6.465775803754896,,,
121.0290145,,,,34772.0,516.4585698070375,1.936263736263736
121.02992835,,,,,,
121.03000305,,,,,,
121.031881475,,,,,,
121.0338346,,,,,,
121.0339093,,,,,,
121.035787725,,,,,,
121.0358294,18334.0,154.53846153846158,6.470881035340964,,,
121.036827,,,,34771.0,516.8496781522151,1.9347985347985344
121.03774085,,,,,,
121.03781555,,,,,,
121.039693975,,,,,,
121.0416471,,,,,,
121.0417218,,,,,,
121.043600225,,,,,,
121.0436419,18333.0,154.66048164232143,6.465775803754896,,,
121.0446395,,,,34770.0,517.2413793103449,1.933333333333333
121.04555335,,,,,,
121.04562805,,,,,,
121.047,,,,,,
121.047506475,,,,,,
121.0494596,,,,,,
121.0495343,,,,,,
121.051412725,,,,,,
121.0514544,18333.0,154.66048164232143,6.465775803754896,,,
121.052452,,,,34770.0,517.2413793103449,1.933333333333333
121.05336585,,,,,,
121.05344055,,,,,,
121.055318975,,,,,,
121.0572721,,,,,,
121.0573468,,,,,,
121.059225225,,,,,,
121.0592669,18332.0,154.78269458711975,6.460670572168829,,,
121.0602645,,,,34771.0,516.8496781522151,1.9347985347985344
121.06117835,,,,,,
121.06125305,,,,,,
121.063131475,,,,,,
121.0650846,,,,,,
121.0651593,,,,,,
121.067,,,,,,
121.067037725,,,,,,
121.0670794,18334.0,154.53846153846158,6.470881035340964,,,
121.068077,,,,34770.0,517.2413793103449,1.933333333333333
121.06899085,,,,,,
121.06906555,,,,,,
121.070943975,,,,,,
121.0728971,,,,,,
121.0729718,,,,,,
121.074850225,,,,,,
121.0748919,18333.0,154.66048164232143,6.465775803754896,,,
121.0758895,,,,34771.0,516.8496781522151,1.9347985347985344
121.07680335,,,,,,
121.07687805,,,,,,
121.078756475,,,,,,
121.0807096,,,,,,
121.0807843,,,,,,
121.082662725,,,,,,
121.0827044,18333.0,154.66048164232143,6.465775803754896,,,
121.083702,,,,34771.0,516.8496781522151,1.9347985347985344
121.08461585,,,,,,
121.08469055,,,,,,
121.086568975,,,,,,
121.087,,,,,,
121.0885221,,,,,,
121.0885968,,,,,,
121.090475225,,,,,,
121.0905169,18333.0,154.66048164232143,6.465775803754896,,,
121.0915145,,,,34771.0,516.8496781522151,1.9347985347985344
121.09242835,,,,,,
121.09250305,,,,,,
121.094381475,,,,,,
121.0963346,,,,,,
121.0964093,,,,,,
121.098287725,,,,,,
121.0983294,18333.0,154.66048164232143,6.465775803754896,,,
121.099327,,,,34771.0,516.8496781522151,1.9347985347985344
121.10024085,,,,,,
121.10031555,,,,,,
121.102193975,,,,,,
121.1041471,,,,,,
121.1042218,,,,,,
121.106100225,,,,,,
121.1061419,18334.0,154.53846153846158,6.470881035340964,,,
121.107,,,,,,
121.1071395,,,,34771.0,516.8496781522151,1.9347985347985344
121.10805335,,,,,,
121.10812805,,,,,,
121.110006475,,,,,,
121.1119596,,,,,,
121.1120343,,,,,,
121.113912725,,,,,,
121.1139544,18333.0,154.66048164232143,6.465775803754896,,,
121.114952,,,,34770.0,517.2413793103449,1.933333333333333
121.11586585,,,,,,
121.11594055,,,,,,
121.117818975,,,,,,
121.1197721,,,,,,
121.1198468,,,,,,
121.121725225,,,,,,
121.1217669,18333.0,154.66048164232143,6.465775803754896,,,
121.1227645,,,,34771.0,516.8496781522151,1.9347985347985344
121.12367835,,,,,,
121.12375305,,,,,,
121.125631475,,,,,,
121.127,,,,,,
121.1275846,,,,,,
121.1276593,,,,,,
121.129537725,,,,,,
121.1295794,18334.0,154.53846153846158,6.470881035340964,,,
121.130577,,,,34772.0,516.4585698070375,1.936263736263736
121.13149085,,,,,,
121.13156555,,,,,,
121.133443975,,,,,,
121.1353971,,,,,,
121.1354718,,,,,,
121.137350225,,,,,,
121.1373919,18333.0,154.66048164232143,6.465775803754896,,,
121.1383895,,,,34770.0,517.2413793103449,1.933333333333333
121.13930335,,,,,,
121.13937805,,,,,,
121.141256475,,,,,,
121.1432096,,,,,,
121.1432843,,,,,,
121.145162725,,,,,,
121.1452044,18333.0,154.66048164232143,6.465775803754896,,,
121.146202,,,,34770.0,517.2413793103449,1.933333333333333
121.147,,,,,,
121.14711585,,,,,,
121.14719055,,,,,,
121.149068975,,,,,,
121.1510221,,,,,,
121.1510968,,,,,,
121.152975225,,,,,,
121.1530169,18333.0,154.66048164232143,6.465775803754896,,,
121.1540145,,,,34771.0,516.8496781522151,1.9347985347985344
121.15492835,,,,,,
121.15500305,,,,,,
121.156881475,,,,,,
121.1588346,,,,,,
121.1589093,,,,,,
121.160787725,,,,,,
121.1608294,18333.0,154.66048164232143,6.465775803754896,,,
121.161827,,,,34771.0,516.8496781522151,1.9347985347985344
121.16274085,,,,,,
121.16281555,,,,,,
121.164693975,,,,,,
121.1666471,,,,,,
121.1667218,,,,,,
121.167,,,,,,
121.168600225,,,,,,
121.1686419,18334.0,154.53846153846158,6.470881035340964,,,
121.1696395,,,,34771.0,516.8496781522151,1.9347985347985344
121.17055335,,,,,,
121.17062805,,,,,,
121.172506475,,,,,,
121.1744596,,,,,,
121.1745343,,,,,,
121.176412725,,,,,,
121.1764544,18333.0,154.66048164232143,6.465775803754896,,,
121.177452,,,,34771.0,516.8496781522151,1.9347985347985344
121.17836585,,,,,,
121.17844055,,,,,,
121.180318975,,,,,,
121.1822721,,,,,,
121.1823468,,,,,,
121.184225225,,,,,,
121.1842669,18333.0,154.66048164232143,6.465775803754896,,,
121.1852645,,,,34772.0,516.4585698070375,1.936263736263736
121.18617835,,,,,,
121.18625305,,,,,,
121.187,,,,,,
121.188131475,,,,,,
121.1900846,,,,,,
121.1901593,,,,,,
121.192037725,,,,,,
121.1920794,18333.0,154.66048164232143,6.465775803754896,,,
121.193077,,,,34771.0,516.8496781522151,1.9347985347985344
121.19399085,,,,,,
121.19406555,,,,,,
121.195943975,,,,,,
121.1978971,,,,,,
121.1979718,,,,,,
121.199850225,,,,,,
121.1998919,18334.0,154.53846153846158,6.470881035340964,,,
121.2008895,,,,34770.0,517.2413793103449,1.933333333333333
121.20180335,,,,,,
121.20187805,,,,,,
121.203756475,,,,,,
121.2057096,,,,,,
121.2057843,,,,,,
121.207,,,,,,
121.207662725,,,,,,
121.2077044,18333.0,154.66048164232143,6.465775803754896,,,
121.208702,,,,34770.0,517.2413793103449,1.933333333333333
121.20961585,,,,,,
121.20969055,,,,,,
121.211568975,,,,,,
121.2135221,,,,,,
121.2135968,,,,,,
121.215475225,,,,,,
121.2155169,18333.0,154.66048164232143,6.465775803754896,,,
121.2165145,,,,34771.0,516.8496781522151,1.9347985347985344
121.21742835,,,,,,
121.21750305,,,,,,
121.219381475,,,,,,
121.2213346,,,,,,
121.2214093,,,,,,
121.223287725,,,,,,
121.2233294,18334.0,154.53846153846158,6.470881035340964,,,
121.224327,,,,34770.0,517.2413793103449,1.933333333333333
121.22524085,,,,,,
121.22531555,,,,,,
121.227,,,,,,
121.227193975,,,,,,
121.2291471,,,,,,
121.2292218,,,,,,
121.231100225,,,,,,
121.2311419,18333.0,154.66048164232143,6.465775803754896,,,
121.2321395,,,,34770.0,517.2413793103449,1.933333333333333
121.23305335,,,,,,
121.23312805,,,,,,
121.235006475,,,,,,
121.2369596,,,,,,
121.2370343,,,,,,
121.238912725,,,,,,
121.2389544,18333.0,154.66048164232143,6.465775803754896,,,
121.239952,,,,34770.0,517.2413793103449,1.933333333333333
121.24086585,,,,,,
121.24094055,,,,,,
121.242818975,,,,,,
121.2447721,,,,,,
121.2448468,,,,,,
121.246725225,,,,,,
121.2467669,18332.0,154.78269458711975,6.460670572168829,,,
121.247,,,,,,
121.2477645,,,,34772.0,516.4585698070375,1.936263736263736
121.24867835,,,,,,
121.24875305,,,,,,
121.250631475,,,,,,
121.2525846,,,,,,
121.2526593,,,,,,
121.254537725,,,,,,
121.2545794,18334.0,154.53846153846158,6.470881035340964,,,
121.255577,,,,34771.0,516.8496781522151,1.9347985347985344
121.25649085,,,,,,
121.25656555,,,,,,
121.258443975,,,,,,
121.2603971,,,,,,
121.2604718,,,,,,
121.262350225,,,,,,
121.2623919,18333.0,154.66048164232143,6.465775803754896,,,
121.2633895,,,,34771.0,516.8496781522151,1.9347985347985344
121.26430335,,,,,,
121.26437805,,,,,,
121.266256475,,,,,,
121.267,,,,,,
121.2682096,,,,,,
121.2682843,,,,,,
121.270162725,,,,,,
121.2702044,18333.0,154.66048164232143,6.465775803754896,,,
121.271202,,,,34770.0,517.2413793103449,1.933333333333333
121.27211585,,,,,,
121.27219055,,,,,,
121.274068975,,,,,,
121.2760221,,,,,,
121.2760968,,,,,,
121.277975225,,,,,,
121.2780169,18332.0,154.78269458711975,6.460670572168829,,,
121.2790145,,,,34772.0,516.4585698070375,1.936263736263736
121.27992835,,,,,,
121.28000305,,,,,,
121.281881475,,,,,,
121.2838346,,,,,,
121.2839093,,,,,,
121.285787725,,,,,,
121.2858294,18334.0,154.53846153846158,6.470881035340964,,,
121.286827,,,,34771.0,516.8496781522151,1.9347985347985344
121.287,,,,,,
121.28774085,,,,,,
121.28781555,,,,,,
121.289693975,,,,,,
121.2916471,,,,,,
121.2917218,,,,,,
121.293600225,,,,,,
121.2936419,18333.0,154.66048164232143,6.465775803754896,,,
121.2946395,,,,34770.0,517.2413793103449,1.933333333333333
121.29555335,,,,,,
121.29562805,,,,,,
121.297506475,,,,,,
121.2994596,,,,,,
121.2995343,,,,,,
121.301412725,,,,,,
121.3014544,18333.0,154.66048164232143,6.465775803754896,,,
121.302452,,,,34771.0,516.8496781522151,1.9347985347985344
121.30336585,,,,,,
121.30344055,,,,,,
121.305318975,,,,,,
121.307,,,,,,
121.3072721,,,,,,
121.3073468,,,,,,
121.309225225,,,,,,
121.3092669,18332.0,154.78269458711975,6.460670572168829,,,
121.3102645,,,,34771.0,516.8496781522151,1.9347985347985344
121.31117835,,,,,,
121.31125305,,,,,,
121.313131475,,,,,,
121.3150846,,,,,,
121.3151593,,,,,,
121.317037725,,,,,,
121.3170794,18334.0,154.53846153846158,6.470881035340964,,,
121.318077,,,,34770.0,517.2413793103449,1.933333333333333
121.31899085,,,,,,
121.31906555,,,,,,
121.320943975,,,,,,
121.3228971,,,,,,
121.3229718,,,,,,
121.324850225,,,,,,
121.3248919,18332.0,154.78269458711975,6.460670572168829,,,
121.3258895,,,,34770.0,517.2413793103449,1.933333333333333
121.32680335,,,,,,
121.32687805,,,,,,
121.327,,,,,,
121.328756475,,,,,,
121.3307096,,,,,,
121.3307843,,,,,,
121.332662725,,,,,,
121.3327044,18334.0,154.53846153846158,6.470881035340964,,,
121.333702,,,,34771.0,516.8496781522151,1.9347985347985344
121.33461585,,,,,,
121.33469055,,,,,,
121.336568975,,,,,,
121.3385221,,,,,,
121.3385968,,,,,,
121.340475225,,,,,,
121.3405169,18332.0,154.78269458711975,6.460670572168829,,,
121.3415145,,,,34771.0,516.8496781522151,1.9347985347985344
121.34242835,,,,,,
121.34250305,,,,,,
121.344381475,,,,,,
121.3463346,,,,,,
121.3464093,,,,,,
121.347,,,,,,
121.348287725,,,,,,
121.3483294,18333.0,154.66048164232143,6.465775803754896,,,
121.349327,,,,34771.0,516.8496781522151,1.9347985347985344
121.35024085,,,,,,
121.35031555,,,,,,
121.352193975,,,,,,
121.3541471,,,,,,
121.3542218,,,,,,
121.356100225,,,,,,
121.3561419,18333.0,154.66048164232143,6.465775803754896,,,
121.3571395,,,,34771.0,516.8496781522151,1.9347985347985344
121.35805335,,,,,,
121.35812805,,,,,,
121.360006475,,,,,,
121.3619596,,,,,,
121.3620343,,,,,,
121.363912725,,,,,,
121.3639544,18333.0,154.66048164232143,6.465775803754896,,,
121.364952,,,,34771.0,516.8496781522151,1.9347985347985344
121.36586585,,,,,,
121.36594055,,,,,,
121.367,,,,,,
121.367818975,,,,,,
121.3697721,,,,,,
121.3698468,,,,,,
121.371725225,,,,,,
121.3717669,18332.0,154.78269458711975,6.460670572168829,,,
121.3727645,,,,34771.0,516.8496781522151,1.9347985347985344
121.37367835,,,,,,
121.37375305,,,,,,
121.375631475,,,,,,
121.3775846,,,,,,
121.3776593,,,,,,
121.379537725,,,,,,
121.3795794,18333.0,154.66048164232143,6.465775803754896,,,
121.380577,,,,34770.0,517.2413793103449,1.933333333333333
121.38149085,,,,,,
121.38156555,,,,,,
121.383443975,,,,,,
121.3853971,,,,,,
121.3854718,,,,,,
121.387,,,,,,
121.387350225,,,,,,
121.3873919,18332.0,154.78269458711975,6.460670572168829,,,
121.3883895,,,,34770.0,517.2413793103449,1.933333333333333
121.38930335,,,,,,
121.38937805,,,,,,
121.391256475,,,,,,
121.3932096,,,,,,
121.3932843,,,,,,
121.395162725,,,,,,
121.3952044,18333.0,154.66048164232143,6.465775803754896,,,
121.396202,,,,34771.0,516.8496781522151,1.9347985347985344
121.39711585,,,,,,
121.39719055,,,,,,
121.399068975,,,,,,
121.4010221,,,,,,
121.4010968,,,,,,
121.402975225,,,,,,
121.4030169,18332.0,154.78269458711975,6.460670572168829,,,
121.4040145,,,,34771.0,516.8496781522151,1.9347985347985344
121.40492835,,,,,,
121.40500305,,,,,,
121.406881475,,,,,,
121.407,,,,,,
121.4088346,,,,,,
121.4089093,,,,,,
121.410787725,,,,,,
121.4108294,18333.0,154.66048164232143,6.465775803754896,,,
121.411827,,,,34770.0,517.2413793103449,1.933333333333333
121.41274085,,,,,,
121.41281555,,,,,,
121.414693975,,,,,,
121.4166471,,,,,,
121.4167218,,,,,,
121.418600225,,,,,,
121.4186419,18332.0,154.78269458711975,6.460670572168829,,,
121.4196395,,,,34770.0,517.2413793103449,1.933333333333333
121.42055335,,,,,,
121.42062805,,,,,,
121.422506475,,,,,,
121.4244596,,,,,,
121.4245343,,,,,,
121.426412725,,,,,,
121.4264544,18333.0,154.66048164232143,6.465775803754896,,,
121.427,,,,,,
121.427452,,,,34771.0,516.8496781522151,1.9347985347985344
121.42836585,,,,,,
121.42844055,,,,,,
121.430318975,,,,,,
121.4322721,,,,,,
121.4323468,,,,,,
121.434225225,,,,,,
121.4342669,18332.0,154.78269458711975,6.460670572168829,,,
121.4352645,,,,34771.0,516.8496781522151,1.9347985347985344
121.43617835,,,,,,
121.43625305,,,,,,
121.438131475,,,,,,
121.4395461,,,,,,
121.4400846,,,,,,
121.4401593,,,,,,
121.442037725,,,,,,
121.4420794,18334.0,154.53846153846158,6.470881035340964,,,
121.443077,,,,34770.0,517.2413793103449,1.933333333333333
121.44399085,,,,,,
121.44406555,,,,,,
121.445943975,,,,,,
121.447,,,,,,
121.4478971,,,,,,
121.4479718,,,,,,
121.449850225,,,,,,
121.4498919,18333.0,154.66048164232143,6.465775803754896,,,
121.4508895,,,,34771.0,516.8496781522151,1.9347985347985344
121.45180335,,,,,,
121.45187805,,,,,,
121.453756475,,,,,,
121.4557096,,,,,,
121.4557843,,,,,,
121.457662725,,,,,,
121.4577044,18332.0,154.78269458711975,6.460670572168829,,,
121.458702,,,,34770.0,517.2413793103449,1.933333333333333
121.45961585,,,,,,
121.45969055,,,,,,
121.461568975,,,,,,
121.4635221,,,,,,
121.4635968,,,,,,
121.465475225,,,,,,
121.4655169,18332.0,154.78269458711975,6.460670572168829,,,
121.4665145,,,,34771.0,516.8496781522151,1.9347985347985344
121.467,,,,,,
121.46742835,,,,,,
121.46750305,,,,,,
121.469381475,,,,,,
121.4713346,,,,,,
121.4714093,,,,,,
121.473287725,,,,,,
121.4733294,18334.0,154.53846153846158,6.470881035340964,,,
121.474327,,,,34770.0,517.2413793103449,1.933333333333333
121.47524085,,,,,,
121.47531555,,,,,,
121.477193975,,,,,,
121.4791471,,,,,,
121.4792218,,,,,,
121.481100225,,,,,,
121.4811419,18332.0,154.78269458711975,6.460670572168829,,,
121.4821395,,,,34770.0,517.2413793103449,1.933333333333333
121.48305335,,,,,,
121.48312805,,,,,,
121.485006475,,,,,,
121.4869596,,,,,,
121.487,,,,,,
121.4870343,,,,,,
121.488912725,,,,,,
121.4889544,18332.0,154.78269458711975,6.460670572168829,,,
121.489952,,,,34770.0,517.2413793103449,1.933333333333333
121.49086585,,,,,,
121.49094055,,,,,,
121.492818975,,,,,,
121.4947721,,,,,,
121.4948468,,,,,,
121.496725225,,,,,,
121.4967669,18332.0,154.78269458711975,6.460670572168829,,,
121.4977645,,,,34771.0,516.8496781522151,1.9347985347985344
121.49867835,,,,,,
121.49875305,,,,,,
121.500631475,,,,,,
121.5025846,,,,,,
121.5026593,,,,,,
121.504537725,,,,,,
121.5045794,18334.0,154.53846153846158,6.470881035340964,,,
121.505577,,,,34771.0,516.8496781522151,1.9347985347985344
121.50649085,,,,,,
121.50656555,,,,,,
121.507,,,,,,
121.508443975,,,,,,
121.5103971,,,,,,
121.5104718,,,,,,
121.512350225,,,,,,
121.5123919,18332.0,154.78269458711975,6.460670572168829,,,
121.5133895,,,,34770.0,517.2413793103449,1.933333333333333
121.51430335,,,,,,
121.51437805,,,,,,
121.516256475,,,,,,
121.5182096,,,,,,
121.5182843,,,,,,
121.520162725,,,,,,
121.5202044,18332.0,154.78269458711975,6.460670572168829,,,
121.521202,,,,34771.0,516.8496781522151,1.9347985347985344
121.52211585,,,,,,
121.52219055,,,,,,
121.524068975,,,,,,
121.5260221,,,,,,
121.5260968,,,,,,
121.527,,,,,,
121.527975225,,,,,,
121.5280169,18332.0,154.78269458711975,6.460670572168829,,,
121.5290145,,,,34771.0,516.8496781522151,1.9347985347985344
121.52992835,,,,,,
121.53000305,,,,,,
121.531881475,,,,,,
121.5338346,,,,,,
121.5339093,,,,,,
121.535787725,,,,,,
121.5358294,18333.0,154.66048164232143,6.465775803754896,,,
121.536827,,,,34771.0,516.8496781522151,1.9347985347985344
121.53774085,,,,,,
121.53781555,,,,,,
121.539693975,,,,,,
121.5416471,,,,,,
121.5417218,,,,,,
121.543600225,,,,,,
121.5436419,18333.0,154.66048164232143,6.465775803754896,,,
121.5446395,,,,34770.0,517.2413793103449,1.933333333333333
121.54555335,,,,,,
121.54562805,,,,,,
121.547,,,,,,
121.547506475,,,,,,
121.5494596,,,,,,
121.5495343,,,,,,
121.551412725,,,,,,
121.5514544,18332.0,154.78269458711975,6.460670572168829,,,
121.552452,,,,34770.0,517.2413793103449,1.933333333333333
121.55336585,,,,,,
121.55344055,,,,,,
121.555318975,,,,,,
121.5572721,,,,,,
121.5573468,,,,,,
121.559225225,,,,,,
121.5592669,18331.0,154.90510083036776,6.455565340582763,,,
121.5602645,,,,34771.0,516.8496781522151,1.9347985347985344
121.56117835,,,,,,
121.56125305,,,,,,
121.563131475,,,,,,
121.5650846,,,,,,
121.5651593,,,,,,
121.567,,,,,,
121.567037725,,,,,,
121.5670794,18333.0,154.66048164232143,6.465775803754896,,,
121.568077,,,,34770.0,517.2413793103449,1.933333333333333
121.56899085,,,,,,
121.56906555,,,,,,
121.570943975,,,,,,
121.5728971,,,,,,
121.5729718,,,,,,
121.574850225,,,,,,
121.5748919,18333.0,154.66048164232143,6.465775803754896,,,
121.5758895,,,,34770.0,517.2413793103449,1.933333333333333
121.57680335,,,,,,
121.57687805,,,,,,
121.578756475,,,,,,
121.5807096,,,,,,
121.5807843,,,,,,
121.582662725,,,,,,
121.5827044,18332.0,154.78269458711975,6.460670572168829,,,
121.583702,,,,34770.0,517.2413793103449,1.933333333333333
121.58461585,,,,,,
121.58469055,,,,,,
121.586568975,,,,,,
121.587,,,,,,
121.5885221,,,,,,
121.5885968,,,,,,
121.590475225,,,,,,
121.5905169,18331.0,154.90510083036776,6.455565340582763,,,
121.5915145,,,,34770.0,517.2413793103449,1.933333333333333
121.59242835,,,,,,
121.59250305,,,,,,
121.594381475,,,,,,
121.5963346,,,,,,
121.5964093,,,,,,
121.598287725,,,,,,
121.5983294,18332.0,154.78269458711975,6.460670572168829,,,
121.599327,,,,34770.0,517.2413793103449,1.933333333333333
121.60024085,,,,,,
121.60031555,,,,,,
121.602193975,,,,,,
121.6041471,,,,,,
121.6042218,,,,,,
121.606100225,,,,,,
121.6061419,18332.0,154.78269458711975,6.460670572168829,,,
121.607,,,,,,
121.6071395,,,,34770.0,517.2413793103449,1.933333333333333
121.60805335,,,,,,
121.60812805,,,,,,
121.610006475,,,,,,
121.6119596,,,,,,
121.6120343,,,,,,
121.613912725,,,,,,
121.6139544,18332.0,154.78269458711975,6.460670572168829,,,
121.614952,,,,34770.0,517.2413793103449,1.933333333333333
121.61586585,,,,,,
121.61594055,,,,,,
121.617818975,,,,,,
121.6197721,,,,,,
121.6198468,,,,,,
121.621725225,,,,,,
121.6217669,18332.0,154.78269458711975,6.460670572168829,,,
121.6227645,,,,34772.0,516.4585698070375,1.936263736263736
121.62367835,,,,,,
121.62375305,,,,,,
121.625631475,,,,,,
121.627,,,,,,
121.6275846,,,,,,
121.6276593,,,,,,
121.629537725,,,,,,
121.6295794,18333.0,154.66048164232143,6.465775803754896,,,
121.630577,,,,34771.0,516.8496781522151,1.9347985347985344
121.63149085,,,,,,
121.63156555,,,,,,
121.633443975,,,,,,
121.6353971,,,,,,
121.6354718,,,,,,
121.637350225,,,,,,
121.6373919,18332.0,154.78269458711975,6.460670572168829,,,
121.6383895,,,,34771.0,516.8496781522151,1.9347985347985344
121.63930335,,,,,,
121.63937805,,,,,,
121.641256475,,,,,,
121.6432096,,,,,,
121.6432843,,,,,,
121.645162725,,,,,,
121.6452044,18332.0,154.78269458711975,6.460670572168829,,,
121.646,,,,,,
121.646202,,,,34771.0,516.8496781522151,1.9347985347985344
121.64711585,,,,,,
121.64719055,,,,,,
121.649068975,,,,,,
121.6510221,,,,,,
121.6510968,,,,,,
121.652975225,,,,,,
121.6530169,18332.0,154.78269458711975,6.460670572168829,,,
121.6540145,,,,34771.0,516.8496781522151,1.9347985347985344
121.65492835,,,,,,
121.65500305,,,,,,
121.656881475,,,,,,
121.6588346,,,,,,
121.6589093,,,,,,
121.660787725,,,,,,
121.6608294,18333.0,154.66048164232143,6.465775803754896,,,
121.661827,,,,34771.0,516.8496781522151,1.9347985347985344
121.66274085,,,,,,
121.66281555,,,,,,
121.664693975,,,,,,
121.666,,,,,,
121.6666471,,,,,,
121.6667218,,,,,,
121.668600225,,,,,,
121.6686419,18332.0,154.78269458711975,6.460670572168829,,,
121.6696395,,,,34771.0,516.8496781522151,1.9347985347985344
121.67055335,,,,,,
121.67062805,,,,,,
121.672506475,,,,,,
121.6744596,,,,,,
121.6745343,,,,,,
121.676412725,,,,,,
121.6764544,18332.0,154.78269458711975,6.460670572168829,,,
121.677452,,,,34770.0,517.2413793103449,1.933333333333333
121.67836585,,,,,,
121.67844055,,,,,,
121.680318975,,,,,,
121.6822721,,,,,,
121.6823468,,,,,,
121.684225225,,,,,,
121.6842669,18331.0,154.90510083036776,6.455565340582763,,,
121.6852645,,,,34771.0,516.8496781522151,1.9347985347985344
121.686,,,,,,
121.68617835,,,,,,
121.68625305,,,,,,
121.688131475,,,,,,
121.6900846,,,,,,
121.6901593,,,,,,
121.692037725,,,,,,
121.6920794,18332.0,154.78269458711975,6.460670572168829,,,
121.693077,,,,34770.0,517.2413793103449,1.933333333333333
121.69399085,,,,,,
121.69406555,,,,,,
121.695943975,,,,,,
121.6978971,,,,,,
121.6979718,,,,,,
121.699850225,,,,,,
121.6998919,18331.0,154.90510083036776,6.455565340582763,,,
121.7008895,,,,34770.0,517.2413793103449,1.933333333333333
121.70180335,,,,,,
121.70187805,,,,,,
121.703756475,,,,,,
121.7057096,,,,,,
121.7057843,,,,,,
121.706,,,,,,
121.707662725,,,,,,
121.7077044,18332.0,154.78269458711975,6.460670572168829,,,
121.708702,,,,34769.0,517.6336746302617,1.931868131868132
121.70961585,,,,,,
121.70969055,,,,,,
121.711568975,,,,,,
121.7135221,,,,,,
121.7135968,,,,,,
121.715475225,,,,,,
121.7155169,18331.0,154.90510083036776,6.455565340582763,,,
121.7165145,,,,34770.0,517.2413793103449,1.933333333333333
121.71742835,,,,,,
121.71750305,,,,,,
121.719381475,,,,,,
121.7213346,,,,,,
121.7214093,,,,,,
121.723287725,,,,,,
121.7233294,18332.0,154.78269458711975,6.460670572168829,,,
121.724327,,,,34770.0,517.2413793103449,1.933333333333333
121.72524085,,,,,,
121.72531555,,,,,,
121.726,,,,,,
121.727193975,,,,,,
121.7291471,,,,,,
121.7292218,,,,,,
121.731100225,,,,,,
121.7311419,18331.0,154.90510083036776,6.455565340582763,,,
121.7321395,,,,34771.0,516.8496781522151,1.9347985347985344
121.73305335,,,,,,
121.73312805,,,,,,
121.735006475,,,,,,
121.7369596,,,,,,
121.7370343,,,,,,
121.738912725,,,,,,
121.7389544,18331.0,154.90510083036776,6.455565340582763,,,
121.739952,,,,34770.0,517.2413793103449,1.933333333333333
121.74086585,,,,,,
121.74094055,,,,,,
121.742818975,,,,,,
121.7447721,,,,,,
121.7448468,,,,,,
121.746,,,,,,
121.746725225,,,,,,
121.7467669,18331.0,154.90510083036776,6.455565340582763,,,
121.7477645,,,,34770.0,517.2413793103449,1.933333333333333
121.74867835,,,,,,
121.74875305,,,,,,
121.750631475,,,,,,
121.7525846,,,,,,
121.7526593,,,,,,
121.754537725,,,,,,
121.7545794,18332.0,154.78269458711975,6.460670572168829,,,
121.755577,,,,34769.0,517.6336746302617,1.931868131868132
121.75649085,,,,,,
121.75656555,,,,,,
121.758443975,,,,,,
121.7603971,,,,,,
121.7604718,,,,,,
121.762350225,,,,,,
121.7623919,18331.0,154.90510083036776,6.455565340582763,,,
121.7633895,,,,34770.0,517.2413793103449,1.933333333333333
121.76430335,,,,,,
121.76437805,,,,,,
121.766,,,,,,
121.766256475,,,,,,
121.7682096,,,,,,
121.7682843,,,,,,
121.770162725,,,,,,
121.7702044,18331.0,154.90510083036776,6.455565340582763,,,
121.771202,,,,34769.0,517.6336746302617,1.931868131868132
121.77211585,,,,,,
121.77219055,,,,,,
121.774068975,,,,,,
121.7760221,,,,,,
121.7760968,,,,,,
121.777975225,,,,,,
121.7780169,18330.0,155.0277008310249,6.450460108996693,,,
121.7790145,,,,34771.0,516.8496781522151,1.9347985347985344
121.77992835,,,,,,
121.78000305,,,,,,
121.781881475,,,,,,
121.7838346,,,,,,
121.7839093,,,,,,
121.785787725,,,,,,
121.7858294,18332.0,154.78269458711975,6.460670572168829,,,
121.786,,,,,,
121.786827,,,,34769.0,517.6336746302617,1.931868131868132
121.78774085,,,,,,
121.78781555,,,,,,
121.789693975,,,,,,
121.7916471,,,,,,
121.7917218,,,,,,
121.793600225,,,,,,
121.7936419,18331.0,154.90510083036776,6.455565340582763,,,
121.7946395,,,,34769.0,517.6336746302617,1.931868131868132
121.79555335,,,,,,
121.79562805,,,,,,
121.797506475,,,,,,
121.7994596,,,,,,
121.7995343,,,,,,
121.801412725,,,,,,
121.8014544,18331.0,154.90510083036776,6.455565340582763,,,
121.802452,,,,34770.0,517.2413793103449,1.933333333333333
121.80336585,,,,,,
121.80344055,,,,,,
121.805318975,,,,,,
121.806,,,,,,
121.8072721,,,,,,
121.8073468,,,,,,
121.809225225,,,,,,
121.8092669,18330.0,155.0277008310249,6.450460108996693,,,
121.8102645,,,,34771.0,516.8496781522151,1.9347985347985344
121.81117835,,,,,,
121.81125305,,,,,,
121.813131475,,,,,,
121.8150846,,,,,,
121.8151593,,,,,,
121.817037725,,,,,,
121.8170794,18332.0,154.78269458711975,6.460670572168829,,,
121.818077,,,,34770.0,517.2413793103449,1.933333333333333
121.81899085,,,,,,
121.81906555,,,,,,
121.820943975,,,,,,
121.8228971,,,,,,
121.8229718,,,,,,
121.824850225,,,,,,
121.8248919,18332.0,154.78269458711975,6.460670572168829,,,
121.8258895,,,,34770.0,517.2413793103449,1.933333333333333
121.826,,,,,,
121.82680335,,,,,,
121.82687805,,,,,,
121.828756475,,,,,,
121.8307096,,,,,,
121.8307843,,,,,,
121.832662725,,,,,,
121.8327044,18331.0,154.90510083036776,6.455565340582763,,,
121.833702,,,,34770.0,517.2413793103449,1.933333333333333
121.83461585,,,,,,
121.83469055,,,,,,
121.836568975,,,,,,
121.8385221,,,,,,
121.8385968,,,,,,
121.840475225,,,,,,
121.8405169,18330.0,155.0277008310249,6.450460108996693,,,
121.8415145,,,,34771.0,516.8496781522151,1.9347985347985344
121.84242835,,,,,,
121.84250305,,,,,,
121.844381475,,,,,,
121.846,,,,,,
121.8463346,,,,,,
121.8464093,,,,,,
121.848287725,,,,,,
121.8483294,18332.0,154.78269458711975,6.460670572168829,,,
121.849327,,,,34770.0,517.2413793103449,1.933333333333333
121.85024085,,,,,,
121.85031555,,,,,,
121.852193975,,,,,,
121.8541471,,,,,,
121.8542218,,,,,,
121.856100225,,,,,,
121.8561419,18331.0,154.90510083036776,6.455565340582763,,,
121.8571395,,,,34770.0,517.2413793103449,1.933333333333333
121.85805335,,,,,,
121.85812805,,,,,,
121.860006475,,,,,,
121.8619596,,,,,,
121.8620343,,,,,,
121.863912725,,,,,,
121.8639544,18331.0,154.90510083036776,6.455565340582763,,,
121.864952,,,,34769.0,517.6336746302617,1.931868131868132
121.86586585,,,,,,
121.86594055,,,,,,
121.866,,,,,,
121.867818975,,,,,,
121.8697721,,,,,,
121.8698468,,,,,,
121.871725225,,,,,,
121.8717669,18330.0,155.0277008310249,6.450460108996693,,,
121.8727645,,,,34771.0,516.8496781522151,1.9347985347985344
121.87367835,,,,,,
121.87375305,,,,,,
121.875631475,,,,,,
121.8775846,,,,,,
121.8776593,,,,,,
121.879537725,,,,,,
121.8795794,18331.0,154.90510083036776,6.455565340582763,,,
121.880577,,,,34770.0,517.2413793103449,1.933333333333333
121.88149085,,,,,,
121.88156555,,,,,,
121.883443975,,,,,,
121.8853971,,,,,,
121.8854718,,,,,,
121.886,,,,,,
121.887350225,,,,,,
121.8873919,18330.0,155.0277008310249,6.450460108996693,,,
121.8883895,,,,34769.0,517.6336746302617,1.931868131868132
121.88930335,,,,,,
121.88937805,,,,,,
121.891256475,,,,,,
121.8932096,,,,,,
121.8932843,,,,,,
121.895162725,,,,,,
121.8952044,18331.0,154.90510083036776,6.455565340582763,,,
121.896202,,,,34770.0,517.2413793103449,1.933333333333333
121.89711585,,,,,,
121.89719055,,,,,,
121.899068975,,,,,,
121.9010221,,,,,,
121.9010968,,,,,,
121.902975225,,,,,,
121.9030169,18330.0,155.0277008310249,6.450460108996693,,,
121.9040145,,,,34770.0,517.2413793103449,1.933333333333333
121.90492835,,,,,,
121.90500305,,,,,,
121.906,,,,,,
121.906881475,,,,,,
121.9088346,,,,,,
121.9089093,,,,,,
121.910787725,,,,,,
121.9108294,18332.0,154.78269458711975,6.460670572168829,,,
121.911827,,,,34770.0,517.2413793103449,1.933333333333333
121.91274085,,,,,,
121.91281555,,,,,,
121.914693975,,,,,,
121.9166471,,,,,,
121.9167218,,,,,,
121.918600225,,,,,,
121.9186419,18331.0,154.90510083036776,6.455565340582763,,,
121.9196395,,,,34772.0,516.4585698070375,1.936263736263736
121.92055335,,,,,,
121.92062805,,,,,,
121.922506475,,,,,,
121.9244596,,,,,,
121.9245343,,,,,,
121.926,,,,,,
121.926412725,,,,,,
121.9264544,18331.0,154.90510083036776,6.455565340582763,,,
121.927452,,,,34770.0,517.2413793103449,1.933333333333333
121.92836585,,,,,,
121.92844055,,,,,,
121.930318975,,,,,,
121.9322721,,,,,,
121.9323468,,,,,,
121.934225225,,,,,,
121.9342669,18332.0,154.78269458711975,6.460670572168829,,,
121.9352645,,,,34771.0,516.8496781522151,1.9347985347985344
121.93617835,,,,,,
121.93625305,,,,,,
121.938131475,,,,,,
121.9400846,,,,,,
121.9401593,,,,,,
121.942037725,,,,,,
121.9420794,18331.0,154.90510083036776,6.455565340582763,,,
121.943077,,,,34770.0,517.2413793103449,1.933333333333333
121.94399085,,,,,,
121.94406555,,,,,,
121.945943975,,,,,,
121.946,,,,,,
121.9478971,,,,,,
121.9479718,,,,,,
121.949850225,,,,,,
121.9498919,18330.0,155.0277008310249,6.450460108996693,,,
121.9508895,,,,34770.0,517.2413793103449,1.933333333333333
121.95180335,,,,,,
121.95187805,,,,,,
121.953756475,,,,,,
121.9557096,,,,,,
121.9557843,,,,,,
121.957662725,,,,,,
121.9577044,18331.0,154.90510083036776,6.455565340582763,,,
121.958702,,,,34770.0,517.2413793103449,1.933333333333333
121.95961585,,,,,,
121.95969055,,,,,,
121.961568975,,,,,,
121.9635221,,,,,,
121.9635968,,,,,,
121.965475225,,,,,,
121.9655169,18330.0,155.0277008310249,6.450460108996693,,,
121.966,,,,,,
121.9665145,,,,34770.0,517.2413793103449,1.933333333333333
121.96742835,,,,,,
121.96750305,,,,,,
121.969381475,,,,,,
121.9713346,,,,,,
121.9714093,,,,,,
121.973287725,,,,,,
121.9733294,18331.0,154.90510083036776,6.455565340582763,,,
121.974327,,,,34770.0,517.2413793103449,1.933333333333333
121.97524085,,,,,,
121.97531555,,,,,,
121.977193975,,,,,,
121.9791471,,,,,,
121.9792218,,,,,,
121.981100225,,,,,,
121.9811419,18331.0,154.90510083036776,6.455565340582763,,,
121.9821395,,,,34770.0,517.2413793103449,1.933333333333333
121.98305335,,,,,,
121.98312805,,,,,,
121.985006475,,,,,,
121.986,,,,,,
121.9869596,,,,,,
121.9870343,,,,,,
121.988912725,,,,,,
121.9889544,18330.0,155.0277008310249,6.450460108996693,,,
121.989952,,,,34769.0,517.6336746302617,1.931868131868132
121.99086585,,,,,,
121.99094055,,,,,,
121.992818975,,,,,,
121.9947721,,,,,,
121.9948468,,,,,,
121.996725225,,,,,,
121.9967669,18330.0,155.0277008310249,6.450460108996693,,,
121.9977645,,,,34770.0,517.2413793103449,1.933333333333333
121.99867835,,,,,,
121.99875305,,,,,,
122.000631475,,,,,,
122.0025846,,,,,,
122.0026593,,,,,,
122.004537725,,,,,,
122.0045794,18330.0,155.0277008310249,6.450460108996693,,,
122.005577,,,,34770.0,517.2413793103449,1.933333333333333
122.006,,,,,,
122.00649085,,,,,,
122.00656555,,,,,,
122.008443975,,,,,,
122.0103971,,,,,,
122.0104718,,,,,,
122.012350225,,,,,,
122.0123919,18330.0,155.0277008310249,6.450460108996693,,,
122.0133895,,,,34770.0,517.2413793103449,1.933333333333333
122.01430335,,,,,,
122.01437805,,,,,,
122.016256475,,,,,,
122.0182096,,,,,,
122.0182843,,,,,,
122.020162725,,,,,,
122.0202044,18331.0,154.90510083036776,6.455565340582763,,,
122.021202,,,,34770.0,517.2413793103449,1.933333333333333
122.02211585,,,,,,
122.02219055,,,,,,
122.024068975,,,,,,
122.026,,,,,,
122.0260221,,,,,,
122.0260968,,,,,,
122.027975225,,,,,,
122.0280169,18331.0,154.90510083036776,6.455565340582763,,,
122.0290145,,,,34771.0,516.8496781522151,1.9347985347985344
122.02992835,,,,,,
122.03000305,,,,,,
122.031881475,,,,,,
122.0338346,,,,,,
122.0339093,,,,,,
122.035787725,,,,,,
122.0358294,18330.0,155.0277008310249,6.450460108996693,,,
122.036827,,,,34770.0,517.2413793103449,1.933333333333333
122.03774085,,,,,,
122.03781555,,,,,,
122.039693975,,,,,,
122.0416471,,,,,,
122.0417218,,,,,,
122.043600225,,,,,,
122.0436419,18330.0,155.0277008310249,6.450460108996693,,,
122.0446395,,,,34770.0,517.2413793103449,1.933333333333333
122.04555335,,,,,,
122.04562805,,,,,,
122.046,,,,,,
122.047506475,,,,,,
122.0494596,,,,,,
122.0495343,,,,,,
122.051412725,,,,,,
122.0514544,18330.0,155.0277008310249,6.450460108996693,,,
122.052452,,,,34770.0,517.2413793103449,1.933333333333333
122.05336585,,,,,,
122.05344055,,,,,,
122.055318975,,,,,,
122.0572721,,,,,,
122.0573468,,,,,,
122.059225225,,,,,,
122.0592669,18330.0,155.0277008310249,6.450460108996693,,,
122.0602645,,,,34771.0,516.8496781522151,1.9347985347985344
122.06117835,,,,,,
122.06125305,,,,,,
122.063131475,,,,,,
122.0650846,,,,,,
122.0651593,,,,,,
122.066,,,,,,
122.067037725,,,,,,
122.0670794,18330.0,155.0277008310249,6.450460108996693,,,
122.068077,,,,34770.0,517.2413793103449,1.933333333333333
122.06899085,,,,,,
122.06906555,,,,,,
122.070943975,,,,,,
122.0728971,,,,,,
122.0729718,,,,,,
122.074850225,,,,,,
122.0748919,18331.0,154.90510083036776,6.455565340582763,,,
122.0758895,,,,34770.0,517.2413793103449,1.933333333333333
122.07680335,,,,,,
122.07687805,,,,,,
122.078756475,,,,,,
122.0807096,,,,,,
122.0807843,,,,,,
122.082662725,,,,,,
122.0827044,18330.0,155.0277008310249,6.450460108996693,,,
122.083702,,,,34770.0,517.2413793103449,1.933333333333333
122.08461585,,,,,,
122.08469055,,,,,,
122.086,,,,,,
122.086568975,,,,,,
122.0885221,,,,,,
122.0885968,,,,,,
122.090475225,,,,,,
122.0905169,18331.0,154.90510083036776,6.455565340582763,,,
122.0915145,,,,34771.0,516.8496781522151,1.9347985347985344
122.09242835,,,,,,
122.09250305,,,,,,
122.094381475,,,,,,
122.0963346,,,,,,
122.0964093,,,,,,
122.098287725,,,,,,
122.0983294,18330.0,155.0277008310249,6.450460108996693,,,
122.099327,,,,34770.0,517.2413793103449,1.933333333333333
122.10024085,,,,,,
122.10031555,,,,,,
122.102193975,,,,,,
122.1041471,,,,,,
122.1042218,,,,,,
122.106,,,,,,
122.106100225,,,,,,
122.1061419,18330.0,155.0277008310249,6.450460108996693,,,
122.1071395,,,,34770.0,517.2413793103449,1.933333333333333
122.10805335,,,,,,
122.10812805,,,,,,
122.110006475,,,,,,
122.1119596,,,,,,
122.1120343,,,,,,
122.113912725,,,,,,
122.1139544,18330.0,155.0277008310249,6.450460108996693,,,
122.114952,,,,34771.0,516.8496781522151,1.9347985347985344
122.11586585,,,,,,
122.11594055,,,,,,
122.117818975,,,,,,
122.1197721,,,,,,
122.1198468,,,,,,
122.121725225,,,,,,
122.1217669,18330.0,155.0277008310249,6.450460108996693,,,
122.1227645,,,,34771.0,516.8496781522151,1.9347985347985344
122.12367835,,,,,,
122.12375305,,,,,,
122.125631475,,,,,,
122.126,,,,,,
122.1275846,,,,,,
122.1276593,,,,,,
122.129537725,,,,,,
122.1295794,18330.0,155.0277008310249,6.450460108996693,,,
122.130577,,,,34770.0,517.2413793103449,1.933333333333333
122.13149085,,,,,,
122.13156555,,,,,,
122.133443975,,,,,,
122.1353971,,,,,,
122.1354718,,,,,,
122.137350225,,,,,,
122.1373919,18330.0,155.0277008310249,6.450460108996693,,,
122.1383895,,,,34771.0,516.8496781522151,1.9347985347985344
122.13930335,,,,,,
122.13937805,,,,,,
122.141256475,,,,,,
122.1432096,,,,,,
122.1432843,,,,,,
122.145162725,,,,,,
122.1452044,18330.0,155.0277008310249,6.450460108996693,,,
122.146,,,,,,
122.146202,,,,34770.0,517.2413793103449,1.933333333333333
122.14711585,,,,,,
122.14719055,,,,,,
122.149068975,,,,,,
122.1510221,,,,,,
122.1510968,,,,,,
122.152975225,,,,,,
122.1530169,18330.0,155.0277008310249,6.450460108996693,,,
122.1540145,,,,34771.0,516.8496781522151,1.9347985347985344
122.15492835,,,,,,
122.15500305,,,,,,
122.156881475,,,,,,
122.1588346,,,,,,
122.1589093,,,,,,
122.160787725,,,,,,
122.1608294,18329.0,155.15049504950494,6.445354877410626,,,
122.161827,,,,34771.0,516.8496781522151,1.9347985347985344
122.16274085,,,,,,
122.16281555,,,,,,
122.164693975,,,,,,
122.166,,,,,,
122.1666471,,,,,,
122.1667218,,,,,,
122.168600225,,,,,,
122.1686419,18330.0,155.0277008310249,6.450460108996693,,,
122.1696395,,,,34770.0,517.2413793103449,1.933333333333333
122.17055335,,,,,,
122.17062805,,,,,,
122.172506475,,,,,,
122.1744596,,,,,,
122.1745343,,,,,,
122.176412725,,,,,,
122.1764544,18329.0,155.15049504950494,6.445354877410626,,,
122.177452,,,,34770.0,517.2413793103449,1.933333333333333
122.17836585,,,,,,
122.17844055,,,,,,
122.180318975,,,,,,
122.1822721,,,,,,
122.1823468,,,,,,
122.184225225,,,,,,
122.1842669,18329.0,155.15049504950494,6.445354877410626,,,
122.1852645,,,,34770.0,517.2413793103449,1.933333333333333
122.186,,,,,,
122.18617835,,,,,,
122.18625305,,,,,,
122.188131475,,,,,,
122.1900846,,,,,,
122.1901593,,,,,,
122.192037725,,,,,,
122.1920794,18330.0,155.0277008310249,6.450460108996693,,,
122.193077,,,,34769.0,517.6336746302617,1.931868131868132
122.19399085,,,,,,
122.19406555,,,,,,
122.195943975,,,,,,
122.1978971,,,,,,
122.1979718,,,,,,
122.199850225,,,,,,
122.1998919,18330.0,155.0277008310249,6.450460108996693,,,
122.2008895,,,,34770.0,517.2413793103449,1.933333333333333
122.20180335,,,,,,
122.20187805,,,,,,
122.203756475,,,,,,
122.2057096,,,,,,
122.2057843,,,,,,
122.206,,,,,,
122.207662725,,,,,,
122.2077044,18329.0,155.15049504950494,6.445354877410626,,,
122.208702,,,,34770.0,517.2413793103449,1.933333333333333
122.20961585,,,,,,
122.20969055,,,,,,
122.211568975,,,,,,
122.2135221,,,,,,
122.2135968,,,,,,
122.215475225,,,,,,
122.2155169,18330.0,155.0277008310249,6.450460108996693,,,
122.2165145,,,,34771.0,516.8496781522151,1.9347985347985344
122.21742835,,,,,,
122.21750305,,,,,,
122.219381475,,,,,,
122.2213346,,,,,,
122.2214093,,,,,,
122.223287725,,,,,,
122.2233294,18330.0,155.0277008310249,6.450460108996693,,,
122.224327,,,,34770.0,517.2413793103449,1.933333333333333
122.22524085,,,,,,
122.22531555,,,,,,
122.226,,,,,,
122.227193975,,,,,,
122.2291471,,,,,,
122.2292218,,,,,,
122.231100225,,,,,,
122.2311419,18329.0,155.15049504950494,6.445354877410626,,,
122.2321395,,,,34769.0,517.6336746302617,1.931868131868132
122.23305335,,,,,,
122.23312805,,,,,,
122.235006475,,,,,,
122.2369596,,,,,,
122.2370343,,,,,,
122.238912725,,,,,,
122.2389544,18330.0,155.0277008310249,6.450460108996693,,,
122.239952,,,,34770.0,517.2413793103449,1.933333333333333
122.24086585,,,,,,
122.24094055,,,,,,
122.242818975,,,,,,
122.2447721,,,,,,
122.2448468,,,,,,
122.246,,,,,,
122.246725225,,,,,,
122.2467669,18330.0,155.0277008310249,6.450460108996693,,,
122.2477645,,,,34771.0,516.8496781522151,1.9347985347985344
122.24867835,,,,,,
122.24875305,,,,,,
122.250631475,,,,,,
122.2525846,,,,,,
122.2526593,,,,,,
122.254537725,,,,,,
122.2545794,18330.0,155.0277008310249,6.450460108996693,,,
122.255577,,,,34769.0,517.6336746302617,1.931868131868132
122.25649085,,,,,,
122.25656555,,,,,,
122.258443975,,,,,,
122.2603971,,,,,,
122.2604718,,,,,,
122.262350225,,,,,,
122.2623919,18329.0,155.15049504950494,6.445354877410626,,,
122.2633895,,,,34770.0,517.2413793103449,1.933333333333333
122.26430335,,,,,,
122.26437805,,,,,,
122.266,,,,,,
122.266256475,,,,,,
122.2682096,,,,,,
122.2682843,,,,,,
122.270162725,,,,,,
122.2702044,18330.0,155.0277008310249,6.450460108996693,,,
122.271202,,,,34770.0,517.2413793103449,1.933333333333333
122.27211585,,,,,,
122.27219055,,,,,,
122.274068975,,,,,,
122.2760221,,,,,,
122.2760968,,,,,,
122.277975225,,,,,,
122.2780169,18331.0,154.90510083036776,6.455565340582763,,,
122.2790145,,,,34771.0,516.8496781522151,1.9347985347985344
122.27992835,,,,,,
122.28000305,,,,,,
122.281881475,,,,,,
122.2838346,,,,,,
122.2839093,,,,,,
122.285787725,,,,,,
122.2858294,18329.0,155.15049504950494,6.445354877410626,,,
122.286,,,,,,
122.286827,,,,34770.0,517.2413793103449,1.933333333333333
122.28774085,,,,,,
122.28781555,,,,,,
122.289693975,,,,,,
122.2916471,,,,,,
122.2917218,,,,,,
122.293600225,,,,,,
122.2936419,18329.0,155.15049504950494,6.445354877410626,,,
122.2946395,,,,34769.0,517.6336746302617,1.931868131868132
122.29555335,,,,,,
122.29562805,,,,,,
122.297506475,,,,,,
122.2994596,,,,,,
122.2995343,,,,,,
122.301412725,,,,,,
122.3014544,18330.0,155.0277008310249,6.450460108996693,,,
122.302452,,,,34772.0,516.4585698070375,1.936263736263736
122.30336585,,,,,,
122.30344055,,,,,,
122.305318975,,,,,,
122.306,,,,,,
122.3072721,,,,,,
122.3073468,,,,,,
122.309225225,,,,,,
122.3092669,18328.0,155.2734839476813,6.440249645824559,,,
122.3102645,,,,34770.0,517.2413793103449,1.933333333333333
122.31117835,,,,,,
122.31125305,,,,,,
122.313131475,,,,,,
122.3150846,,,,,,
122.3151593,,,,,,
122.317037725,,,,,,
122.3170794,18330.0,155.0277008310249,6.450460108996693,,,
122.318077,,,,34771.0,516.8496781522151,1.9347985347985344
122.31899085,,,,,,
122.31906555,,,,,,
122.320943975,,,,,,
122.3228971,,,,,,
122.3229718,,,,,,
122.324850225,,,,,,
122.3248919,18329.0,155.15049504950494,6.445354877410626,,,
122.3258895,,,,34770.0,517.2413793103449,1.933333333333333
122.326,,,,,,
122.32680335,,,,,,
122.32687805,,,,,,
122.328756475,,,,,,
122.3307096,,,,,,
122.3307843,,,,,,
122.332662725,,,,,,
122.3327044,18329.0,155.15049504950494,6.445354877410626,,,
122.333702,,,,34770.0,517.2413793103449,1.933333333333333
122.33461585,,,,,,
122.33469055,,,,,,
122.336568975,,,,,,
122.3385221,,,,,,
122.3385968,,,,,,
122.340475225,,,,,,
122.3405169,18330.0,155.0277008310249,6.450460108996693,,,
122.3415145,,,,34770.0,517.2413793103449,1.933333333333333
122.34242835,,,,,,
122.34250305,,,,,,
122.344381475,,,,,,
122.346,,,,,,
122.3463346,,,,,,
122.3464093,,,,,,
122.348287725,,,,,,
122.3483294,18329.0,155.15049504950494,6.445354877410626,,,
122.349327,,,,34770.0,517.2413793103449,1.933333333333333
122.35024085,,,,,,
122.35031555,,,,,,
122.352193975,,,,,,
122.3541471,,,,,,
122.3542218,,,,,,
122.356100225,,,,,,
122.3561419,18329.0,155.15049504950494,6.445354877410626,,,
122.3571395,,,,34771.0,516.8496781522151,1.9347985347985344
122.35805335,,,,,,
122.35812805,,,,,,
122.360006475,,,,,,
122.3619596,,,,,,
122.3620343,,,,,,
122.363912725,,,,,,
122.3639544,18329.0,155.15049504950494,6.445354877410626,,,
122.364952,,,,34770.0,517.2413793103449,1.933333333333333
122.36586585,,,,,,
122.36594055,,,,,,
122.366,,,,,,
122.367818975,,,,,,
122.3697721,,,,,,
122.3698468,,,,,,
122.371725225,,,,,,
122.3717669,18330.0,155.0277008310249,6.450460108996693,,,
122.3727645,,,,34770.0,517.2413793103449,1.933333333333333
122.37367835,,,,,,
122.37375305,,,,,,
122.375631475,,,,,,
122.3775846,,,,,,
122.3776593,,,,,,
122.379537725,,,,,,
122.3795794,18329.0,155.15049504950494,6.445354877410626,,,
122.380577,,,,34770.0,517.2413793103449,1.933333333333333
122.38149085,,,,,,
122.38156555,,,,,,
122.383443975,,,,,,
122.3853971,,,,,,
122.3854718,,,,,,
122.386,,,,,,
122.387350225,,,,,,
122.3873919,18329.0,155.15049504950494,6.445354877410626,,,
122.3883895,,,,34769.0,517.6336746302617,1.931868131868132
122.38930335,,,,,,
122.38937805,,,,,,
122.391256475,,,,,,
122.3932096,,,,,,
122.3932843,,,,,,
122.395162725,,,,,,
122.3952044,18330.0,155.0277008310249,6.450460108996693,,,
122.396202,,,,34770.0,517.2413793103449,1.933333333333333
122.39711585,,,,,,
122.39719055,,,,,,
122.399068975,,,,,,
122.4010221,,,,,,
122.4010968,,,,,,
122.402975225,,,,,,
122.4030169,18329.0,155.15049504950494,6.445354877410626,,,
122.4040145,,,,34770.0,517.2413793103449,1.933333333333333
122.40492835,,,,,,
122.40500305,,,,,,
122.406,,,,,,
122.406881475,,,,,,
122.4088346,,,,,,
122.4089093,,,,,,
122.410787725,,,,,,
122.4108294,18329.0,155.15049504950494,6.445354877410626,,,
122.411827,,,,34770.0,517.2413793103449,1.933333333333333
122.41274085,,,,,,
122.41281555,,,,,,
122.414693975,,,,,,
122.4166471,,,,,,
122.4167218,,,,,,
122.418600225,,,,,,
122.4186419,18329.0,155.15049504950494,6.445354877410626,,,
122.4196395,,,,34770.0,517.2413793103449,1.933333333333333
122.42055335,,,,,,
122.42062805,,,,,,
122.422506475,,,,,,
122.4244596,,,,,,
122.4245343,,,,,,
122.426,,,,,,
122.426412725,,,,,,
122.4264544,18329.0,155.15049504950494,6.445354877410626,,,
122.427452,,,,34769.0,517.6336746302617,1.931868131868132
122.42836585,,,,,,
122.42844055,,,,,,
122.430318975,,,,,,
122.4322721,,,,,,
122.4323468,,,,,,
122.434225225,,,,,,
122.4342669,18329.0,155.15049504950494,6.445354877410626,,,
122.4352645,,,,34770.0,517.2413793103449,1.933333333333333
122.43617835,,,,,,
122.43625305,,,,,,
122.438131475,,,,,,
122.4400846,,,,,,
122.4401593,,,,,,
122.442037725,,,,,,
122.4420794,18329.0,155.15049504950494,6.445354877410626,,,
122.443077,,,,34770.0,517.2413793103449,1.933333333333333
122.44399085,,,,,,
122.44406555,,,,,,
122.445943975,,,,,,
122.446,,,,,,
122.4478971,,,,,,
122.4479718,,,,,,
122.449850225,,,,,,
122.4498919,18329.0,155.15049504950494,6.445354877410626,,,
122.4508895,,,,34770.0,517.2413793103449,1.933333333333333
122.45180335,,,,,,
122.45187805,,,,,,
122.453756475,,,,,,
122.4557096,,,,,,
122.4557843,,,,,,
122.457662725,,,,,,
122.4577044,18329.0,155.15049504950494,6.445354877410626,,,
122.458702,,,,34770.0,517.2413793103449,1.933333333333333
122.45961585,,,,,,
122.45969055,,,,,,
122.461568975,,,,,,
122.4635221,,,,,,
122.4635968,,,,,,
122.465475225,,,,,,
122.4655169,18329.0,155.15049504950494,6.445354877410626,,,
122.466,,,,,,
122.4665145,,,,34770.0,517.2413793103449,1.933333333333333
122.46742835,,,,,,
122.46750305,,,,,,
122.469381475,,,,,,
122.4713346,,,,,,
122.4714093,,,,,,
122.473287725,,,,,,
122.4733294,18330.0,155.0277008310249,6.450460108996693,,,
122.474327,,,,34770.0,517.2413793103449,1.933333333333333
122.47524085,,,,,,
122.47531555,,,,,,
122.477193975,,,,,,
122.4791471,,,,,,
122.4792218,,,,,,
122.481100225,,,,,,
122.4811419,18328.0,155.2734839476813,6.440249645824559,,,
122.4821395,,,,34770.0,517.2413793103449,1.933333333333333
122.48305335,,,,,,
122.48312805,,,,,,
122.485006475,,,,,,
122.486,,,,,,
122.4867441,,,,,,
122.4869596,,,,,,
122.4870343,,,,,,
122.488912725,,,,,,
122.4889544,18328.0,155.2734839476813,6.440249645824559,,,
122.489952,,,,34770.0,517.2413793103449,1.933333333333333
122.49086585,,,,,,
122.49094055,,,,,,
122.492818975,,,,,,
122.4947721,,,,,,
122.4948468,,,,,,
122.496725225,,,,,,
122.4967669,18329.0,155.15049504950494,6.445354877410626,,,
122.4977645,,,,34772.0,516.4585698070375,1.936263736263736
122.49867835,,,,,,
122.49875305,,,,,,
122.500631475,,,,,,
122.5025846,,,,,,
122.5026593,,,,,,
122.504537725,,,,,,
122.5045794,18329.0,155.15049504950494,6.445354877410626,,,
122.505577,,,,34771.0,516.8496781522151,1.9347985347985344
122.506,,,,,,
122.50649085,,,,,,
122.50656555,,,,,,
122.508443975,,,,,,
122.5103971,,,,,,
122.5104718,,,,,,
122.512350225,,,,,,
122.5123919,18330.0,155.0277008310249,6.450460108996693,,,
122.5133895,,,,34770.0,517.2413793103449,1.933333333333333
122.51430335,,,,,,
122.51437805,,,,,,
122.516256475,,,,,,
122.5182096,,,,,,
122.5182843,,,,,,
122.520162725,,,,,,
122.5202044,18329.0,155.15049504950494,6.445354877410626,,,
122.521202,,,,34771.0,516.8496781522151,1.9347985347985344
122.52211585,,,,,,
122.52219055,,,,,,
122.524068975,,,,,,
122.526,,,,,,
122.5260221,,,,,,
122.5260968,,,,,,
122.527975225,,,,,,
122.5280169,18329.0,155.15049504950494,6.445354877410626,,,
122.5290145,,,,34770.0,517.2413793103449,1.933333333333333
122.52992835,,,,,,
122.53000305,,,,,,
122.531881475,,,,,,
122.5338346,,,,,,
122.5339093,,,,,,
122.535787725,,,,,,
122.5358294,18330.0,155.0277008310249,6.450460108996693,,,
122.536827,,,,34770.0,517.2413793103449,1.933333333333333
122.53774085,,,,,,
122.53781555,,,,,,
122.539693975,,,,,,
122.5416471,,,,,,
122.5417218,,,,,,
122.543600225,,,,,,
122.5436419,18328.0,155.2734839476813,6.440249645824559,,,
122.5446395,,,,34769.0,517.6336746302617,1.931868131868132
122.54555335,,,,,,
122.54562805,,,,,,
122.546,,,,,,
122.547506475,,,,,,
122.5494596,,,,,,
122.5495343,,,,,,
122.551412725,,,,,,
122.5514544,18329.0,155.15049504950494,6.445354877410626,,,
122.552452,,,,34770.0,517.2413793103449,1.933333333333333
122.55336585,,,,,,
122.55344055,,,,,,
122.555318975,,,,,,
122.5572721,,,,,,
122.5573468,,,,,,
122.559225225,,,,,,
122.5592669,18330.0,155.0277008310249,6.450460108996693,,,
122.5602645,,,,34770.0,517.2413793103449,1.933333333333333
122.56117835,,,,,,
122.56125305,,,,,,
122.563131475,,,,,,
122.5650846,,,,,,
122.5651593,,,,,,
122.566,,,,,,
122.567037725,,,,,,
122.5670794,18329.0,155.15049504950494,6.445354877410626,,,
122.568077,,,,34770.0,517.2413793103449,1.933333333333333
122.56899085,,,,,,
122.56906555,,,,,,
122.570943975,,,,,,
122.5728971,,,,,,
122.5729718,,,,,,
122.574850225,,,,,,
122.5748919,18329.0,155.15049504950494,6.445354877410626,,,
122.5758895,,,,34770.0,517.2413793103449,1.933333333333333
122.57680335,,,,,,
122.57687805,,,,,,
122.578756475,,,,,,
122.5807096,,,,,,
122.5807843,,,,,,
122.582662725,,,,,,
122.5827044,18329.0,155.15049504950494,6.445354877410626,,,
122.583702,,,,34769.0,517.6336746302617,1.931868131868132
122.58461585,,,,,,
122.58469055,,,,,,
122.586,,,,,,
122.586568975,,,,,,
122.5885221,,,,,,
122.5885968,,,,,,
122.590475225,,,,,,
122.5905169,18328.0,155.2734839476813,6.440249645824559,,,
122.5915145,,,,34771.0,516.8496781522151,1.9347985347985344
122.59242835,,,,,,
122.59250305,,,,,,
122.594381475,,,,,,
122.5963346,,,,,,
122.5964093,,,,,,
122.598287725,,,,,,
122.5983294,18329.0,155.15049504950494,6.445354877410626,,,
122.599327,,,,34770.0,517.2413793103449,1.933333333333333
122.60024085,,,,,,
122.60031555,,,,,,
122.602193975,,,,,,
122.6041471,,,,,,
122.6042218,,,,,,
122.606,,,,,,
122.606100225,,,,,,
122.6061419,18329.0,155.15049504950494,6.445354877410626,,,
122.6071395,,,,34770.0,517.2413793103449,1.933333333333333
122.60805335,,,,,,
122.60812805,,,,,,
122.610006475,,,,,,
122.6119596,,,,,,
122.6120343,,,,,,
122.613912725,,,,,,
122.6139544,18329.0,155.15049504950494,6.445354877410626,,,
122.614952,,,,34770.0,517.2413793103449,1.933333333333333
122.61586585,,,,,,
122.61594055,,,,,,
122.617818975,,,,,,
122.6197721,,,,,,
122.6198468,,,,,,
122.621725225,,,,,,
122.6217669,18329.0,155.15049504950494,6.445354877410626,,,
122.6227645,,,,34771.0,516.8496781522151,1.9347985347985344
122.62367835,,,,,,
122.62375305,,,,,,
122.625631475,,,,,,
122.626,,,,,,
122.6275846,,,,,,
122.6276593,,,,,,
122.629537725,,,,,,
122.6295794,18329.0,155.15049504950494,6.445354877410626,,,
122.630577,,,,34770.0,517.2413793103449,1.933333333333333
122.63149085,,,,,,
122.63156555,,,,,,
122.633443975,,,,,,
122.6353971,,,,,,
122.6354718,,,,,,
122.637350225,,,,,,
122.6373919,18329.0,155.15049504950494,6.445354877410626,,,
122.6383895,,,,34770.0,517.2413793103449,1.933333333333333
122.63930335,,,,,,
122.63937805,,,,,,
122.641256475,,,,,,
122.6432096,,,,,,
122.6432843,,,,,,
122.645162725,,,,,,
122.6452044,18329.0,155.15049504950494,6.445354877410626,,,
122.646,,,,,,
122.646202,,,,34770.0,517.2413793103449,1.933333333333333
122.64711585,,,,,,
122.64719055,,,,,,
122.649068975,,,,,,
122.6510221,,,,,,
122.6510968,,,,,,
122.652975225,,,,,,
122.6530169,18329.0,155.15049504950494,6.445354877410626,,,
122.6540145,,,,34770.0,517.2413793103449,1.933333333333333
122.65492835,,,,,,
122.65500305,,,,,,
122.656881475,,,,,,
122.6588346,,,,,,
122.6589093,,,,,,
122.660787725,,,,,,
122.6608294,18329.0,155.15049504950494,6.445354877410626,,,
122.661827,,,,34770.0,517.2413793103449,1.933333333333333
122.66274085,,,,,,
122.66281555,,,,,,
122.664693975,,,,,,
122.666,,,,,,
122.6666471,,,,,,
122.6667218,,,,,,
122.668600225,,,,,,
122.6686419,18329.0,155.15049504950494,6.445354877410626,,,
122.6696395,,,,34770.0,517.2413793103449,1.933333333333333
122.67055335,,,,,,
122.67062805,,,,,,
122.672506475,,,,,,
122.6744596,,,,,,
122.6745343,,,,,,
122.676412725,,,,,,
122.6764544,18328.0,155.2734839476813,6.440249645824559,,,
122.677452,,,,34769.0,517.6336746302617,1.931868131868132
122.67836585,,,,,,
122.67844055,,,,,,
122.680318975,,,,,,
122.6822721,,,,,,
122.6823468,,,,,,
122.684225225,,,,,,
122.6842669,18329.0,155.15049504950494,6.445354877410626,,,
122.6852645,,,,34771.0,516.8496781522151,1.9347985347985344
122.686,,,,,,
122.68617835,,,,,,
122.68625305,,,,,,
122.688131475,,,,,,
122.6900846,,,,,,
122.6901593,,,,,,
122.692037725,,,,,,
122.6920794,18329.0,155.15049504950494,6.445354877410626,,,
122.693077,,,,34770.0,517.2413793103449,1.933333333333333
122.69399085,,,,,,
122.69406555,,,,,,
122.695943975,,,,,,
122.6978971,,,,,,
122.6979718,,,,,,
122.699850225,,,,,,
122.6998919,18329.0,155.15049504950494,6.445354877410626,,,
122.7008895,,,,34770.0,517.2413793103449,1.933333333333333
122.70180335,,,,,,
122.70187805,,,,,,
122.703756475,,,,,,
122.7057096,,,,,,
122.7057843,,,,,,
122.706,,,,,,
122.707662725,,,,,,
122.7077044,18329.0,155.15049504950494,6.445354877410626,,,
122.708702,,,,34770.0,517.2413793103449,1.933333333333333
122.70961585,,,,,,
122.70969055,,,,,,
122.711568975,,,,,,
122.7135221,,,,,,
122.7135968,,,,,,
122.715475225,,,,,,
122.7155169,18330.0,155.0277008310249,6.450460108996693,,,
122.7165145,,,,34770.0,517.2413793103449,1.933333333333333
122.71742835,,,,,,
122.71750305,,,,,,
122.719381475,,,,,,
122.7213346,,,,,,
122.7214093,,,,,,
122.723287725,,,,,,
122.7233294,18328.0,155.2734839476813,6.440249645824559,,,
122.724327,,,,34769.0,517.6336746302617,1.931868131868132
122.72524085,,,,,,
122.72531555,,,,,,
122.726,,,,,,
122.727193975,,,,,,
122.7291471,,,,,,
122.7292218,,,,,,
122.731100225,,,,,,
122.7311419,18329.0,155.15049504950494,6.445354877410626,,,
122.7321395,,,,34769.0,517.6336746302617,1.931868131868132
122.73305335,,,,,,
122.73312805,,,,,,
122.735006475,,,,,,
122.7369596,,,,,,
122.7370343,,,,,,
122.738912725,,,,,,
122.7389544,18329.0,155.15049504950494,6.445354877410626,,,
122.739952,,,,34770.0,517.2413793103449,1.933333333333333
122.74086585,,,,,,
122.74094055,,,,,,
122.742818975,,,,,,
122.7447721,,,,,,
122.7448468,,,,,,
122.746,,,,,,
122.746725225,,,,,,
122.7467669,18328.0,155.2734839476813,6.440249645824559,,,
122.7477645,,,,34770.0,517.2413793103449,1.933333333333333
122.74867835,,,,,,
122.74875305,,,,,,
122.750631475,,,,,,
122.7525846,,,,,,
122.7526593,,,,,,
122.754537725,,,,,,
122.7545794,18329.0,155.15049504950494,6.445354877410626,,,
122.755577,,,,34769.0,517.6336746302617,1.931868131868132
122.75649085,,,,,,
122.75656555,,,,,,
122.758443975,,,,,,
122.7603971,,,,,,
122.7604718,,,,,,
122.762350225,,,,,,
122.7623919,18329.0,155.15049504950494,6.445354877410626,,,
122.7633895,,,,34770.0,517.2413793103449,1.933333333333333
122.76430335,,,,,,
122.76437805,,,,,,
122.766,,,,,,
122.766256475,,,,,,
122.7682096,,,,,,
122.7682843,,,,,,
122.770162725,,,,,,
122.7702044,18327.0,155.3966679888933,6.43514441423849,,,
122.771202,,,,34769.0,517.6336746302617,1.931868131868132
122.77211585,,,,,,
122.77219055,,,,,,
122.774068975,,,,,,
122.7760221,,,,,,
122.7760968,,,,,,
122.777975225,,,,,,
122.7780169,18329.0,155.15049504950494,6.445354877410626,,,
122.7790145,,,,34771.0,516.8496781522151,1.9347985347985344
122.77992835,,,,,,
122.78000305,,,,,,
122.781881475,,,,,,
122.7838346,,,,,,
122.7839093,,,,,,
122.785787725,,,,,,
122.7858294,18329.0,155.15049504950494,6.445354877410626,,,
122.786,,,,,,
122.786827,,,,34770.0,517.2413793103449,1.933333333333333
122.78774085,,,,,,
122.78781555,,,,,,
122.789693975,,,,,,
122.7916471,,,,,,
122.7917218,,,,,,
122.793600225,,,,,,
122.7936419,18328.0,155.2734839476813,6.440249645824559,,,
122.7946395,,,,34769.0,517.6336746302617,1.931868131868132
122.79555335,,,,,,
122.79562805,,,,,,
122.797506475,,,,,,
122.7994596,,,,,,
122.7995343,,,,,,
122.801412725,,,,,,
122.8014544,18329.0,155.15049504950494,6.445354877410626,,,
122.802452,,,,34771.0,516.8496781522151,1.9347985347985344
122.80336585,,,,,,
122.80344055,,,,,,
122.805318975,,,,,,
122.806,,,,,,
122.8072721,,,,,,
122.8073468,,,,,,
122.809225225,,,,,,
122.8092669,18328.0,155.2734839476813,6.440249645824559,,,
122.8102645,,,,34770.0,517.2413793103449,1.933333333333333
122.81117835,,,,,,
122.81125305,,,,,,
122.813131475,,,,,,
122.8150846,,,,,,
122.8151593,,,,,,
122.817037725,,,,,,
122.8170794,18329.0,155.15049504950494,6.445354877410626,,,
122.818077,,,,34770.0,517.2413793103449,1.933333333333333
122.81899085,,,,,,
122.81906555,,,,,,
122.820943975,,,,,,
122.8228971,,,,,,
122.8229718,,,,,,
122.824850225,,,,,,
122.8248919,18329.0,155.15049504950494,6.445354877410626,,,
122.8258895,,,,34769.0,517.6336746302617,1.931868131868132
122.826,,,,,,
122.82680335,,,,,,
122.82687805,,,,,,
122.828756475,,,,,,
122.8307096,,,,,,
122.8307843,,,,,,
122.832662725,,,,,,
122.8327044,18329.0,155.15049504950494,6.445354877410626,,,
122.833702,,,,34770.0,517.2413793103449,1.933333333333333
122.83461585,,,,,,
122.83469055,,,,,,
122.836568975,,,,,,
122.8385221,,,,,,
122.8385968,,,,,,
122.840475225,,,,,,
122.8405169,18328.0,155.2734839476813,6.440249645824559,,,
122.8415145,,,,34770.0,517.2413793103449,1.933333333333333
122.84242835,,,,,,
122.84250305,,,,,,
122.844381475,,,,,,
122.846,,,,,,
122.8463346,,,,,,
122.8464093,,,,,,
122.848287725,,,,,,
122.8483294,18329.0,155.15049504950494,6.445354877410626,,,
122.849327,,,,34770.0,517.2413793103449,1.933333333333333
122.85024085,,,,,,
122.85031555,,,,,,
122.852193975,,,,,,
122.8541471,,,,,,
122.8542218,,,,,,
122.856100225,,,,,,
122.8561419,18328.0,155.2734839476813,6.440249645824559,,,
122.8571395,,,,34770.0,517.2413793103449,1.933333333333333
122.85805335,,,,,,
122.85812805,,,,,,
122.860006475,,,,,,
122.8619596,,,,,,
122.8620343,,,,,,
122.863912725,,,,,,
122.8639544,18329.0,155.15049504950494,6.445354877410626,,,
122.864952,,,,34770.0,517.2413793103449,1.933333333333333
122.86586585,,,,,,
122.86594055,,,,,,
122.866,,,,,,
122.867818975,,,,,,
122.8697721,,,,,,
122.8698468,,,,,,
122.871725225,,,,,,
122.8717669,18328.0,155.2734839476813,6.440249645824559,,,
122.8727645,,,,34770.0,517.2413793103449,1.933333333333333
122.87367835,,,,,,
122.87375305,,,,,,
122.875631475,,,,,,
122.8775846,,,,,,
122.8776593,,,,,,
122.879537725,,,,,,
122.8795794,18329.0,155.15049504950494,6.445354877410626,,,
122.880577,,,,34770.0,517.2413793103449,1.933333333333333
122.88149085,,,,,,
122.88156555,,,,,,
122.883443975,,,,,,
122.8853971,,,,,,
122.8854718,,,,,,
122.886,,,,,,
122.887350225,,,,,,
122.8873919,18328.0,155.2734839476813,6.440249645824559,,,
122.8883895,,,,34770.0,517.2413793103449,1.933333333333333
122.88930335,,,,,,
122.88937805,,,,,,
122.891256475,,,,,,
122.8932096,,,,,,
122.8932843,,,,,,
122.895162725,,,,,,
122.8952044,18329.0,155.15049504950494,6.445354877410626,,,
122.896202,,,,34771.0,516.8496781522151,1.9347985347985344
122.89711585,,,,,,
122.89719055,,,,,,
122.899068975,,,,,,
122.9010221,,,,,,
122.9010968,,,,,,
122.902975225,,,,,,
122.9030169,18329.0,155.15049504950494,6.445354877410626,,,
122.9040145,,,,34770.0,517.2413793103449,1.933333333333333
122.90492835,,,,,,
122.90500305,,,,,,
122.906,,,,,,
122.906881475,,,,,,
122.9088346,,,,,,
122.9089093,,,,,,
122.910787725,,,,,,
122.9108294,18329.0,155.15049504950494,6.445354877410626,,,
122.911827,,,,34770.0,517.2413793103449,1.933333333333333
122.91274085,,,,,,
122.91281555,,,,,,
122.914693975,,,,,,
122.9166471,,,,,,
122.9167218,,,,,,
122.918600225,,,,,,
122.9186419,18328.0,155.2734839476813,6.440249645824559,,,
122.9196395,,,,34770.0,517.2413793103449,1.933333333333333
122.92055335,,,,,,
122.92062805,,,,,,
122.922506475,,,,,,
122.9244596,,,,,,
122.9245343,,,,,,
122.926,,,,,,
122.926412725,,,,,,
122.9264544,18328.0,155.2734839476813,6.440249645824559,,,
122.927452,,,,34770.0,517.2413793103449,1.933333333333333
122.92836585,,,,,,
122.92844055,,,,,,
122.930318975,,,,,,
122.9322721,,,,,,
122.9323468,,,,,,
122.934225225,,,,,,
122.9342669,18328.0,155.2734839476813,6.440249645824559,,,
122.9352645,,,,34771.0,516.8496781522151,1.9347985347985344
122.93617835,,,,,,
122.93625305,,,,,,
122.938131475,,,,,,
122.9400846,,,,,,
122.9401593,,,,,,
122.942037725,,,,,,
122.9420794,18328.0,155.2734839476813,6.440249645824559,,,
122.943077,,,,34769.0,517.6336746302617,1.931868131868132
122.94399085,,,,,,
122.94406555,,,,,,
122.945943975,,,,,,
122.946,,,,,,
122.9478971,,,,,,
122.9479718,,,,,,
122.949850225,,,,,,
122.9498919,18328.0,155.2734839476813,6.440249645824559,,,
122.9508895,,,,34770.0,517.2413793103449,1.933333333333333
122.95180335,,,,,,
122.95187805,,,,,,
122.953756475,,,,,,
122.9557096,,,,,,
122.9557843,,,,,,
122.957662725,,,,,,
122.9577044,18328.0,155.2734839476813,6.440249645824559,,,
122.958702,,,,34770.0,517.2413793103449,1.933333333333333
122.95961585,,,,,,
122.95969055,,,,,,
122.961568975,,,,,,
122.9635221,,,,,,
122.9635968,,,,,,
122.965475225,,,,,,
122.9655169,18328.0,155.2734839476813,6.440249645824559,,,
122.966,,,,,,
122.9665145,,,,34770.0,517.2413793103449,1.933333333333333
122.96742835,,,,,,
122.96750305,,,,,,
122.969381475,,,,,,
122.9713346,,,,,,
122.9714093,,,,,,
122.973287725,,,,,,
122.9733294,18329.0,155.15049504950494,6.445354877410626,,,
122.974327,,,,34770.0,517.2413793103449,1.933333333333333
122.97524085,,,,,,
122.97531555,,,,,,
122.977193975,,,,,,
122.9791471,,,,,,
122.9792218,,,,,,
122.981100225,,,,,,
122.9811419,18328.0,155.2734839476813,6.440249645824559,,,
122.9821395,,,,34769.0,517.6336746302617,1.931868131868132
122.98305335,,,,,,
122.98312805,,,,,,
122.985006475,,,,,,
122.986,,,,,,
122.9869596,,,,,,
122.9870343,,,,,,
122.988912725,,,,,,
122.9889544,18328.0,155.2734839476813,6.440249645824559,,,
122.989952,,,,34769.0,517.6336746302617,1.931868131868132
122.99086585,,,,,,
122.99094055,,,,,,
122.992818975,,,,,,
122.9947721,,,,,,
122.9948468,,,,,,
122.996725225,,,,,,
122.9967669,18329.0,155.15049504950494,6.445354877410626,,,
122.9977645,,,,34770.0,517.2413793103449,1.933333333333333
122.99867835,,,,,,
122.99875305,,,,,,
123.000631475,,,,,,
123.0025846,,,,,,
123.0026593,,,,,,
123.004537725,,,,,,
123.0045794,18328.0,155.2734839476813,6.440249645824559,,,
123.005577,,,,34770.0,517.2413793103449,1.933333333333333
123.006,,,,,,
123.00649085,,,,,,
123.00656555,,,,,,
123.008443975,,,,,,
123.0103971,,,,,,
123.0104718,,,,,,
123.012350225,,,,,,
123.0123919,18328.0,155.2734839476813,6.440249645824559,,,
123.0133895,,,,34770.0,517.2413793103449,1.933333333333333
123.01430335,,,,,,
123.01437805,,,,,,
123.016256475,,,,,,
123.0182096,,,,,,
123.0182843,,,,,,
123.020162725,,,,,,
123.0202044,18328.0,155.2734839476813,6.440249645824559,,,
123.021202,,,,34770.0,517.2413793103449,1.933333333333333
123.02211585,,,,,,
123.02219055,,,,,,
123.024068975,,,,,,
123.026,,,,,,
123.0260221,,,,,,
123.0260968,,,,,,
123.027975225,,,,,,
123.0280169,18328.0,155.2734839476813,6.440249645824559,,,
123.0290145,,,,34770.0,517.2413793103449,1.933333333333333
123.02992835,,,,,,
123.03000305,,,,,,
123.031881475,,,,,,
123.0338346,,,,,,
123.0339093,,,,,,
123.035787725,,,,,,
123.0358294,18328.0,155.2734839476813,6.440249645824559,,,
123.036827,,,,34771.0,516.8496781522151,1.9347985347985344
123.03774085,,,,,,
123.03781555,,,,,,
123.039693975,,,,,,
123.0416471,,,,,,
123.0417218,,,,,,
123.043600225,,,,,,
123.0436419,18328.0,155.2734839476813,6.440249645824559,,,
123.0446395,,,,34770.0,517.2413793103449,1.933333333333333
123.04555335,,,,,,
123.04562805,,,,,,
123.046,,,,,,
123.047506475,,,,,,
123.0494596,,,,,,
123.0495343,,,,,,
123.051412725,,,,,,
123.0514544,18328.0,155.2734839476813,6.440249645824559,,,
123.052452,,,,34770.0,517.2413793103449,1.933333333333333
123.05336585,,,,,,
123.05344055,,,,,,
123.055318975,,,,,,
123.0572721,,,,,,
123.0573468,,,,,,
123.059225225,,,,,,
123.0592669,18328.0,155.2734839476813,6.440249645824559,,,
123.0602645,,,,34771.0,516.8496781522151,1.9347985347985344
123.06117835,,,,,,
123.06125305,,,,,,
123.063131475,,,,,,
123.0650846,,,,,,
123.0651593,,,,,,
123.066,,,,,,
123.067037725,,,,,,
123.0670794,18329.0,155.15049504950494,6.445354877410626,,,
123.068077,,,,34770.0,517.2413793103449,1.933333333333333
123.06899085,,,,,,
123.06906555,,,,,,
123.070943975,,,,,,
123.0728971,,,,,,
123.0729718,,,,,,
123.074850225,,,,,,
123.0748919,18328.0,155.2734839476813,6.440249645824559,,,
123.0758895,,,,34770.0,517.2413793103449,1.933333333333333
123.07680335,,,,,,
123.07687805,,,,,,
123.078756475,,,,,,
123.0807096,,,,,,
123.0807843,,,,,,
123.082662725,,,,,,
123.0827044,18328.0,155.2734839476813,6.440249645824559,,,
123.083702,,,,34770.0,517.2413793103449,1.933333333333333
123.08461585,,,,,,
123.08469055,,,,,,
123.086,,,,,,
123.086568975,,,,,,
123.0885221,,,,,,
123.0885968,,,,,,
123.090475225,,,,,,
123.0905169,18328.0,155.2734839476813,6.440249645824559,,,
123.0915145,,,,34771.0,516.8496781522151,1.9347985347985344
123.09242835,,,,,,
123.09250305,,,,,,
123.094381475,,,,,,
123.0963346,,,,,,
123.0964093,,,,,,
123.098287725,,,,,,
123.0983294,18328.0,155.2734839476813,6.440249645824559,,,
123.099327,,,,34770.0,517.2413793103449,1.933333333333333
123.10024085,,,,,,
123.10031555,,,,,,
123.102193975,,,,,,
123.1041471,,,,,,
123.1042218,,,,,,
123.106,,,,,,
123.106100225,,,,,,
123.1061419,18328.0,155.2734839476813,6.440249645824559,,,
123.1071395,,,,34770.0,517.2413793103449,1.933333333333333
123.10805335,,,,,,
123.10812805,,,,,,
123.110006475,,,,,,
123.1119596,,,,,,
123.1120343,,,,,,
123.113912725,,,,,,
123.1139544,18328.0,155.2734839476813,6.440249645824559,,,
123.114952,,,,34771.0,516.8496781522151,1.9347985347985344
123.11586585,,,,,,
123.11594055,,,,,,
123.117818975,,,,,,
123.1197721,,,,,,
123.1198468,,,,,,
123.121725225,,,,,,
123.1217669,18329.0,155.15049504950494,6.445354877410626,,,
123.1227645,,,,34771.0,516.8496781522151,1.9347985347985344
123.12367835,,,,,,
123.12375305,,,,,,
123.125631475,,,,,,
123.126,,,,,,
123.1275846,,,,,,
123.1276593,,,,,,
123.129537725,,,,,,
123.1295794,18328.0,155.2734839476813,6.440249645824559,,,
123.130577,,,,34770.0,517.2413793103449,1.933333333333333
123.13149085,,,,,,
123.13156555,,,,,,
123.133443975,,,,,,
123.1353971,,,,,,
123.1354718,,,,,,
123.137350225,,,,,,
123.1373919,18328.0,155.2734839476813,6.440249645824559,,,
123.1383895,,,,34770.0,517.2413793103449,1.933333333333333
123.13930335,,,,,,
123.13937805,,,,,,
123.141256475,,,,,,
123.1432096,,,,,,
123.1432843,,,,,,
123.145162725,,,,,,
123.1452044,18328.0,155.2734839476813,6.440249645824559,,,
123.146,,,,,,
123.146202,,,,34770.0,517.2413793103449,1.933333333333333
123.14711585,,,,,,
123.14719055,,,,,,
123.149068975,,,,,,
123.1510221,,,,,,
123.1510968,,,,,,
123.152975225,,,,,,
123.1530169,18328.0,155.2734839476813,6.440249645824559,,,
123.1540145,,,,34770.0,517.2413793103449,1.933333333333333
123.15492835,,,,,,
123.15500305,,,,,,
123.156881475,,,,,,
123.1588346,,,,,,
123.1589093,,,,,,
123.160787725,,,,,,
123.1608294,18329.0,155.15049504950494,6.445354877410626,,,
123.161827,,,,34770.0,517.2413793103449,1.933333333333333
123.16274085,,,,,,
123.16281555,,,,,,
123.164693975,,,,,,
123.166,,,,,,
123.1666471,,,,,,
123.1667218,,,,,,
123.168600225,,,,,,
123.1686419,18328.0,155.2734839476813,6.440249645824559,,,
123.1696395,,,,34771.0,516.8496781522151,1.9347985347985344
123.17055335,,,,,,
123.17062805,,,,,,
123.172506475,,,,,,
123.1744596,,,,,,
123.1745343,,,,,,
123.176412725,,,,,,
123.1764544,18328.0,155.2734839476813,6.440249645824559,,,
123.177452,,,,34770.0,517.2413793103449,1.933333333333333
123.17836585,,,,,,
123.17844055,,,,,,
123.180318975,,,,,,
123.1822721,,,,,,
123.1823468,,,,,,
123.184225225,,,,,,
123.1842669,18327.0,155.3966679888933,6.43514441423849,,,
123.1852645,,,,34770.0,517.2413793103449,1.933333333333333
123.186,,,,,,
123.18617835,,,,,,
123.18625305,,,,,,
123.188131475,,,,,,
123.1900846,,,,,,
123.1901593,,,,,,
123.192037725,,,,,,
123.1920794,18328.0,155.2734839476813,6.440249645824559,,,
123.193077,,,,34770.0,517.2413793103449,1.933333333333333
123.19399085,,,,,,
123.19406555,,,,,,
123.195943975,,,,,,
123.1978971,,,,,,
123.1979718,,,,,,
123.199850225,,,,,,
123.1998919,18328.0,155.2734839476813,6.440249645824559,,,
123.2008895,,,,34770.0,517.2413793103449,1.933333333333333
123.20180335,,,,,,
123.20187805,,,,,,
123.203756475,,,,,,
123.2057096,,,,,,
123.2057843,,,,,,
123.206,,,,,,
123.207662725,,,,,,
123.2077044,18328.0,155.2734839476813,6.440249645824559,,,
123.208702,,,,34769.0,517.6336746302617,1.931868131868132
123.20961585,,,,,,
123.20969055,,,,,,
123.211568975,,,,,,
123.2135221,,,,,,
123.2135968,,,,,,
123.215475225,,,,,,
123.2155169,18328.0,155.2734839476813,6.440249645824559,,,
123.2165145,,,,34770.0,517.2413793103449,1.933333333333333
123.21742835,,,,,,
123.21750305,,,,,,
123.219381475,,,,,,
123.2213346,,,,,,
123.2214093,,,,,,
123.223287725,,,,,,
123.2233294,18328.0,155.2734839476813,6.440249645824559,,,
123.224327,,,,34770.0,517.2413793103449,1.933333333333333
123.22524085,,,,,,
123.22531555,,,,,,
123.226,,,,,,
123.227193975,,,,,,
123.2291471,,,,,,
123.2292218,,,,,,
123.231100225,,,,,,
123.2311419,18327.0,155.3966679888933,6.43514441423849,,,
123.2321395,,,,34770.0,517.2413793103449,1.933333333333333
123.23305335,,,,,,
123.23312805,,,,,,
123.235006475,,,,,,
123.2369596,,,,,,
123.2370343,,,,,,
123.238912725,,,,,,
123.2389544,18328.0,155.2734839476813,6.440249645824559,,,
123.239952,,,,34769.0,517.6336746302617,1.931868131868132
123.24086585,,,,,,
123.24094055,,,,,,
123.242818975,,,,,,
123.2447721,,,,,,
123.2448468,,,,,,
123.246,,,,,,
123.246725225,,,,,,
123.2467669,18327.0,155.3966679888933,6.43514441423849,,,
123.2477645,,,,34770.0,517.2413793103449,1.933333333333333
123.24867835,,,,,,
123.24875305,,,,,,
123.250631475,,,,,,
123.2525846,,,,,,
123.2526593,,,,,,
123.254537725,,,,,,
123.2545794,18328.0,155.2734839476813,6.440249645824559,,,
123.255577,,,,34769.0,517.6336746302617,1.931868131868132
123.25649085,,,,,,
123.25656555,,,,,,
123.258443975,,,,,,
123.2603971,,,,,,
123.2604718,,,,,,
123.262350225,,,,,,
123.2623919,18328.0,155.2734839476813,6.440249645824559,,,
123.2633895,,,,34770.0,517.2413793103449,1.933333333333333
123.26430335,,,,,,
123.26437805,,,,,,
123.266,,,,,,
123.266256475,,,,,,
123.2682096,,,,,,
123.2682843,,,,,,
123.270162725,,,,,,
123.2702044,18327.0,155.3966679888933,6.43514441423849,,,
123.271202,,,,34769.0,517.6336746302617,1.931868131868132
123.27211585,,,,,,
123.27219055,,,,,,
123.274068975,,,,,,
123.2760221,,,,,,
123.2760968,,,,,,
123.277975225,,,,,,
123.2780169,18327.0,155.3966679888933,6.43514441423849,,,
123.2790145,,,,34771.0,516.8496781522151,1.9347985347985344
123.27992835,,,,,,
123.28000305,,,,,,
123.281881475,,,,,,
123.2838346,,,,,,
123.2839093,,,,,,
123.285,,,,,,
123.285787725,,,,,,
123.2858294,18328.0,155.2734839476813,6.440249645824559,,,
123.286827,,,,34770.0,517.2413793103449,1.933333333333333
123.28774085,,,,,,
123.28781555,,,,,,
123.289693975,,,,,,
123.2916471,,,,,,
123.2917218,,,,,,
123.293600225,,,,,,
123.2936419,18328.0,155.2734839476813,6.440249645824559,,,
123.2946395,,,,34770.0,517.2413793103449,1.933333333333333
123.29555335,,,,,,
123.29562805,,,,,,
123.297506475,,,,,,
123.2994596,,,,,,
123.2995343,,,,,,
123.301412725,,,,,,
123.3014544,18328.0,155.2734839476813,6.440249645824559,,,
123.302452,,,,34770.0,517.2413793103449,1.933333333333333
123.30336585,,,,,,
123.30344055,,,,,,
123.305,,,,,,
123.305318975,,,,,,
123.3072721,,,,,,
123.3073468,,,,,,
123.309225225,,,,,,
123.3092669,18327.0,155.3966679888933,6.43514441423849,,,
123.3102645,,,,34770.0,517.2413793103449,1.933333333333333
123.31117835,,,,,,
123.31125305,,,,,,
123.313131475,,,,,,
123.3150846,,,,,,
123.3151593,,,,,,
123.317037725,,,,,,
123.3170794,18328.0,155.2734839476813,6.440249645824559,,,
123.318077,,,,34769.0,517.6336746302617,1.931868131868132
123.31899085,,,,,,
123.31906555,,,,,,
123.320943975,,,,,,
123.3228971,,,,,,
123.3229718,,,,,,
123.324850225,,,,,,
123.3248919,18327.0,155.3966679888933,6.43514441423849,,,
123.325,,,,,,
123.3258895,,,,34769.0,517.6336746302617,1.931868131868132
123.32680335,,,,,,
123.32687805,,,,,,
123.328756475,,,,,,
123.3307096,,,,,,
123.3307843,,,,,,
123.332662725,,,,,,
123.3327044,18327.0,155.3966679888933,6.43514441423849,,,
123.333702,,,,34770.0,517.2413793103449,1.933333333333333
123.33461585,,,,,,
123.33469055,,,,,,
123.336568975,,,,,,
123.3385221,,,,,,
123.3385968,,,,,,
123.340475225,,,,,,
123.3405169,18328.0,155.2734839476813,6.440249645824559,,,
123.3415145,,,,34770.0,517.2413793103449,1.933333333333333
123.34242835,,,,,,
123.34250305,,,,,,
123.344381475,,,,,,
123.345,,,,,,
123.3463346,,,,,,
123.3464093,,,,,,
123.348287725,,,,,,
123.3483294,18328.0,155.2734839476813,6.440249645824559,,,
123.349327,,,,34769.0,517.6336746302617,1.931868131868132
123.35024085,,,,,,
123.35031555,,,,,,
123.352193975,,,,,,
123.3541471,,,,,,
123.3542218,,,,,,
123.356100225,,,,,,
123.3561419,18327.0,155.3966679888933,6.43514441423849,,,
123.3571395,,,,34771.0,516.8496781522151,1.9347985347985344
123.35805335,,,,,,
123.35812805,,,,,,
123.360006475,,,,,,
123.3619596,,,,,,
123.3620343,,,,,,
123.363912725,,,,,,
123.3639544,18327.0,155.3966679888933,6.43514441423849,,,
123.364952,,,,34770.0,517.2413793103449,1.933333333333333
123.365,,,,,,
123.36586585,,,,,,
123.36594055,,,,,,
123.367818975,,,,,,
123.3697721,,,,,,
123.3698468,,,,,,
123.371725225,,,,,,
123.3717669,18329.0,155.15049504950494,6.445354877410626,,,
123.3727645,,,,34770.0,517.2413793103449,1.933333333333333
123.37367835,,,,,,
123.37375305,,,,,,
123.375631475,,,,,,
123.3775846,,,,,,
123.3776593,,,,,,
123.379537725,,,,,,
123.3795794,18328.0,155.2734839476813,6.440249645824559,,,
123.380577,,,,34770.0,517.2413793103449,1.933333333333333
123.38149085,,,,,,
123.38156555,,,,,,
123.383443975,,,,,,
123.385,,,,,,
123.3853971,,,,,,
123.3854718,,,,,,
123.387350225,,,,,,
123.3873919,18328.0,155.2734839476813,6.440249645824559,,,
123.3883895,,,,34770.0,517.2413793103449,1.933333333333333
123.38930335,,,,,,
123.38937805,,,,,,
123.391256475,,,,,,
123.3932096,,,,,,
123.3932843,,,,,,
123.395162725,,,,,,
123.3952044,18328.0,155.2734839476813,6.440249645824559,,,
123.396202,,,,34770.0,517.2413793103449,1.933333333333333
123.39711585,,,,,,
123.39719055,,,,,,
123.399068975,,,,,,
123.4010221,,,,,,
123.4010968,,,,,,
123.402975225,,,,,,
123.4030169,18327.0,155.3966679888933,6.43514441423849,,,
123.4040145,,,,34769.0,517.6336746302617,1.931868131868132
123.40492835,,,,,,
123.405,,,,,,
123.40500305,,,,,,
123.406881475,,,,,,
123.4088346,,,,,,
123.4089093,,,,,,
123.410787725,,,,,,
123.4108294,18327.0,155.3966679888933,6.43514441423849,,,
123.411827,,,,34770.0,517.2413793103449,1.933333333333333
123.41274085,,,,,,
123.41281555,,,,,,
123.414693975,,,,,,
123.4166471,,,,,,
123.4167218,,,,,,
123.418600225,,,,,,
123.4186419,18327.0,155.3966679888933,6.43514441423849,,,
123.4196395,,,,34770.0,517.2413793103449,1.933333333333333
123.42055335,,,,,,
123.42062805,,,,,,
123.422506475,,,,,,
123.4244596,,,,,,
123.4245343,,,,,,
123.425,,,,,,
123.426412725,,,,,,
123.4264544,18327.0,155.3966679888933,6.43514441423849,,,
123.427452,,,,34770.0,517.2413793103449,1.933333333333333
123.42836585,,,,,,
123.42844055,,,,,,
123.430318975,,,,,,
123.4322721,,,,,,
123.4323468,,,,,,
123.434225225,,,,,,
123.4342669,18329.0,155.15049504950494,6.445354877410626,,,
123.4352645,,,,34770.0,517.2413793103449,1.933333333333333
123.43617835,,,,,,
123.43625305,,,,,,
123.438131475,,,,,,
123.4400846,,,,,,
123.4401593,,,,,,
123.442037725,,,,,,
123.4420794,18328.0,155.2734839476813,6.440249645824559,,,
123.443077,,,,34769.0,517.6336746302617,1.931868131868132
123.44399085,,,,,,
123.44406555,,,,,,
123.445,,,,,,
123.445943975,,,,,,
123.4478971,,,,,,
123.4479718,,,,,,
123.449850225,,,,,,
123.4498919,18327.0,155.3966679888933,6.43514441423849,,,
123.4508895,,,,34770.0,517.2413793103449,1.933333333333333
123.45180335,,,,,,
123.45187805,,,,,,
123.453756475,,,,,,
123.4557096,,,,,,
123.4557843,,,,,,
123.457662725,,,,,,
123.4577044,18327.0,155.3966679888933,6.43514441423849,,,
123.458702,,,,34770.0,517.2413793103449,1.933333333333333
123.45961585,,,,,,
123.45969055,,,,,,
123.461568975,,,,,,
123.4635221,,,,,,
123.4635968,,,,,,
123.465,,,,,,
123.465475225,,,,,,
123.4655169,18326.0,155.5200476379516,6.430039182652422,,,
123.4665145,,,,34770.0,517.2413793103449,1.933333333333333
123.46742835,,,,,,
123.46750305,,,,,,
123.469381475,,,,,,
123.4713346,,,,,,
123.4714093,,,,,,
123.473287725,,,,,,
123.4733294,18327.0,155.3966679888933,6.43514441423849,,,
123.474327,,,,34770.0,517.2413793103449,1.933333333333333
123.47524085,,,,,,
123.47531555,,,,,,
123.477193975,,,,,,
123.4791471,,,,,,
123.4792218,,,,,,
123.481100225,,,,,,
123.4811419,18327.0,155.3966679888933,6.43514441423849,,,
123.4821395,,,,34770.0,517.2413793103449,1.933333333333333
123.48305335,,,,,,
123.48312805,,,,,,
123.485,,,,,,
123.485006475,,,,,,
123.4869596,,,,,,
123.4870343,,,,,,
123.488912725,,,,,,
123.4889544,18327.0,155.3966679888933,6.43514441423849,,,
123.489952,,,,34769.0,517.6336746302617,1.931868131868132
123.49086585,,,,,,
123.49094055,,,,,,
123.492818975,,,,,,
123.4947721,,,,,,
123.4948468,,,,,,
123.496725225,,,,,,
123.4967669,18328.0,155.2734839476813,6.440249645824559,,,
123.4977645,,,,34770.0,517.2413793103449,1.933333333333333
123.49867835,,,,,,
123.49875305,,,,,,
123.500631475,,,,,,
123.5025846,,,,,,
123.5026593,,,,,,
123.504537725,,,,,,
123.5045794,18328.0,155.2734839476813,6.440249645824559,,,
123.505,,,,,,
123.505577,,,,34770.0,517.2413793103449,1.933333333333333
123.50649085,,,,,,
123.50656555,,,,,,
123.507015,,,,,,
123.508443975,,,,,,
123.5103971,,,,,,
123.5104718,,,,,,
123.512350225,,,,,,
123.5123919,18327.0,155.3966679888933,6.43514441423849,,,
123.5133895,,,,34770.0,517.2413793103449,1.933333333333333
123.51430335,,,,,,
123.51437805,,,,,,
123.516256475,,,,,,
123.5182096,,,,,,
123.5182843,,,,,,
123.520162725,,,,,,
123.5202044,18327.0,155.3966679888933,6.43514441423849,,,
123.521202,,,,34770.0,517.2413793103449,1.933333333333333
123.52211585,,,,,,
123.52219055,,,,,,
123.524068975,,,,,,
123.525,,,,,,
123.5260221,,,,,,
123.5260968,,,,,,
123.527975225,,,,,,
123.5280169,18327.0,155.3966679888933,6.43514441423849,,,
123.5290145,,,,34770.0,517.2413793103449,1.933333333333333
123.52992835,,,,,,
123.53000305,,,,,,
123.531881475,,,,,,
123.5338346,,,,,,
123.5339093,,,,,,
123.535787725,,,,,,
123.5358294,18327.0,155.3966679888933,6.43514441423849,,,
123.536827,,,,34769.0,517.6336746302617,1.931868131868132
123.53774085,,,,,,
123.53781555,,,,,,
123.539693975,,,,,,
123.5416471,,,,,,
123.5417218,,,,,,
123.543600225,,,,,,
123.5436419,18327.0,155.3966679888933,6.43514441423849,,,
123.5446395,,,,34770.0,517.2413793103449,1.933333333333333
123.545,,,,,,
123.54555335,,,,,,
123.54562805,,,,,,
123.547506475,,,,,,
123.5494596,,,,,,
123.5495343,,,,,,
123.551412725,,,,,,
123.5514544,18327.0,155.3966679888933,6.43514441423849,,,
123.552452,,,,34769.0,517.6336746302617,1.931868131868132
123.55336585,,,,,,
123.55344055,,,,,,
123.555318975,,,,,,
123.5572721,,,,,,
123.5573468,,,,,,
123.559225225,,,,,,
123.5592669,18327.0,155.3966679888933,6.43514441423849,,,
123.5602645,,,,34770.0,517.2413793103449,1.933333333333333
123.56117835,,,,,,
123.56125305,,,,,,
123.563131475,,,,,,
123.565,,,,,,
123.5650846,,,,,,
123.5651593,,,,,,
123.567037725,,,,,,
123.5670794,18327.0,155.3966679888933,6.43514441423849,,,
123.568077,,,,34770.0,517.2413793103449,1.933333333333333
123.56899085,,,,,,
123.56906555,,,,,,
123.570943975,,,,,,
123.5728971,,,,,,
123.5729718,,,,,,
123.574850225,,,,,,
123.5748919,18327.0,155.3966679888933,6.43514441423849,,,
123.5758895,,,,34770.0,517.2413793103449,1.933333333333333
123.57680335,,,,,,
123.57687805,,,,,,
123.578756475,,,,,,
123.5807096,,,,,,
123.5807843,,,,,,
123.582662725,,,,,,
123.5827044,18327.0,155.3966679888933,6.43514441423849,,,
123.583702,,,,34771.0,516.8496781522151,1.9347985347985344
123.58461585,,,,,,
123.58469055,,,,,,
123.585,,,,,,
123.586568975,,,,,,
123.5885221,,,,,,
123.5885968,,,,,,
123.590475225,,,,,,
123.5905169,18327.0,155.3966679888933,6.43514441423849,,,
123.5915145,,,,34769.0,517.6336746302617,1.931868131868132
123.59242835,,,,,,
123.59250305,,,,,,
123.594381475,,,,,,
123.5963346,,,,,,
123.5964093,,,,,,
123.598287725,,,,,,
123.5983294,18327.0,155.3966679888933,6.43514441423849,,,
123.599327,,,,34769.0,517.6336746302617,1.931868131868132
123.60024085,,,,,,
123.60031555,,,,,,
123.602193975,,,,,,
123.6041471,,,,,,
123.6042218,,,,,,
123.605,,,,,,
123.606100225,,,,,,
123.6061419,18327.0,155.3966679888933,6.43514441423849,,,
123.6071395,,,,34770.0,517.2413793103449,1.933333333333333
123.60805335,,,,,,
123.60812805,,,,,,
123.610006475,,,,,,
123.6119596,,,,,,
123.6120343,,,,,,
123.613912725,,,,,,
123.6139544,18327.0,155.3966679888933,6.43514441423849,,,
123.614952,,,,34770.0,517.2413793103449,1.933333333333333
123.61586585,,,,,,
123.61594055,,,,,,
123.617818975,,,,,,
123.6197721,,,,,,
123.6198468,,,,,,
123.621725225,,,,,,
123.6217669,18328.0,155.2734839476813,6.440249645824559,,,
123.6227645,,,,34771.0,516.8496781522151,1.9347985347985344
123.62367835,,,,,,
123.62375305,,,,,,
123.625,,,,,,
123.625631475,,,,,,
123.6275846,,,,,,
123.6276593,,,,,,
123.629537725,,,,,,
123.6295794,18327.0,155.3966679888933,6.43514441423849,,,
123.630577,,,,34769.0,517.6336746302617,1.931868131868132
123.63149085,,,,,,
123.63156555,,,,,,
123.633443975,,,,,,
123.6353971,,,,,,
123.6354718,,,,,,
123.637350225,,,,,,
123.6373919,18327.0,155.3966679888933,6.43514441423849,,,
123.6383895,,,,34769.0,517.6336746302617,1.931868131868132
123.63930335,,,,,,
123.63937805,,,,,,
123.641256475,,,,,,
123.6432096,,,,,,
123.6432843,,,,,,
123.645,,,,,,
123.645162725,,,,,,
123.6452044,18326.0,155.5200476379516,6.430039182652422,,,
123.646202,,,,34769.0,517.6336746302617,1.931868131868132
123.64711585,,,,,,
123.64719055,,,,,,
123.649068975,,,,,,
123.6510221,,,,,,
123.6510968,,,,,,
123.652975225,,,,,,
123.6530169,18327.0,155.3966679888933,6.43514441423849,,,
123.6540145,,,,34770.0,517.2413793103449,1.933333333333333
123.65492835,,,,,,
123.65500305,,,,,,
123.656881475,,,,,,
123.6588346,,,,,,
123.6589093,,,,,,
123.660787725,,,,,,
123.6608294,18327.0,155.3966679888933,6.43514441423849,,,
123.661827,,,,34769.0,517.6336746302617,1.931868131868132
123.66274085,,,,,,
123.66281555,,,,,,
123.664693975,,,,,,
123.665,,,,,,
123.6666471,,,,,,
123.6667218,,,,,,
123.668600225,,,,,,
123.6686419,18327.0,155.3966679888933,6.43514441423849,,,
123.6696395,,,,34769.0,517.6336746302617,1.931868131868132
123.67055335,,,,,,
123.67062805,,,,,,
123.672506475,,,,,,
123.6744596,,,,,,
123.6745343,,,,,,
123.676412725,,,,,,
123.6764544,18326.0,155.5200476379516,6.430039182652422,,,
123.677452,,,,34769.0,517.6336746302617,1.931868131868132
123.67836585,,,,,,
123.67844055,,,,,,
123.680318975,,,,,,
123.6822721,,,,,,
123.6823468,,,,,,
123.684225225,,,,,,
123.6842669,18326.0,155.5200476379516,6.430039182652422,,,
123.685,,,,,,
123.6852645,,,,34770.0,517.2413793103449,1.933333333333333
123.68617835,,,,,,
123.68625305,,,,,,
123.688131475,,,,,,
123.6900846,,,,,,
123.6901593,,,,,,
123.692037725,,,,,,
123.6920794,18328.0,155.2734839476813,6.440249645824559,,,
123.693077,,,,34769.0,517.6336746302617,1.931868131868132
123.69399085,,,,,,
123.69406555,,,,,,
123.695943975,,,,,,
123.6978971,,,,,,
123.6979718,,,,,,
123.699850225,,,,,,
123.6998919,18327.0,155.3966679888933,6.43514441423849,,,
123.7008895,,,,34770.0,517.2413793103449,1.933333333333333
123.70180335,,,,,,
123.70187805,,,,,,
123.703756475,,,,,,
123.705,,,,,,
123.7057096,,,,,,
123.7057843,,,,,,
123.707662725,,,,,,
123.7077044,18326.0,155.5200476379516,6.430039182652422,,,
123.708702,,,,34770.0,517.2413793103449,1.933333333333333
123.70961585,,,,,,
123.70969055,,,,,,
123.711568975,,,,,,
123.7135221,,,,,,
123.7135968,,,,,,
123.715475225,,,,,,
123.7155169,18326.0,155.5200476379516,6.430039182652422,,,
123.7165145,,,,34771.0,516.8496781522151,1.9347985347985344
123.71742835,,,,,,
123.71750305,,,,,,
123.719381475,,,,,,
123.7213346,,,,,,
123.7214093,,,,,,
123.723287725,,,,,,
123.7233294,18327.0,155.3966679888933,6.43514441423849,,,
123.724327,,,,34769.0,517.6336746302617,1.931868131868132
123.725,,,,,,
123.72524085,,,,,,
123.72531555,,,,,,
123.727193975,,,,,,
123.7291471,,,,,,
123.7292218,,,,,,
123.731100225,,,,,,
123.7311419,18327.0,155.3966679888933,6.43514441423849,,,
123.7321395,,,,34770.0,517.2413793103449,1.933333333333333
123.73305335,,,,,,
123.73312805,,,,,,
123.735006475,,,,,,
123.7369596,,,,,,
123.7370343,,,,,,
123.738912725,,,,,,
123.7389544,18326.0,155.5200476379516,6.430039182652422,,,
123.739952,,,,34769.0,517.6336746302617,1.931868131868132
123.74086585,,,,,,
123.74094055,,,,,,
123.742818975,,,,,,
123.7447721,,,,,,
123.7448468,,,,,,
123.745,,,,,,
123.746725225,,,,,,
123.7467669,18326.0,155.5200476379516,6.430039182652422,,,
123.7477645,,,,34770.0,517.2413793103449,1.933333333333333
123.74867835,,,,,,
123.74875305,,,,,,
123.750631475,,,,,,
123.7525846,,,,,,
123.7526593,,,,,,
123.754537725,,,,,,
123.7545794,18327.0,155.3966679888933,6.43514441423849,,,
123.755577,,,,34770.0,517.2413793103449,1.933333333333333
123.75649085,,,,,,
123.75656555,,,,,,
123.758443975,,,,,,
123.7603971,,,,,,
123.7604718,,,,,,
123.762350225,,,,,,
123.7623919,18326.0,155.5200476379516,6.430039182652422,,,
123.7633895,,,,34770.0,517.2413793103449,1.933333333333333
123.76430335,,,,,,
123.76437805,,,,,,
123.765,,,,,,
123.766256475,,,,,,
123.7682096,,,,,,
123.7682843,,,,,,
123.770162725,,,,,,
123.7702044,18327.0,155.3966679888933,6.43514441423849,,,
123.771202,,,,34769.0,517.6336746302617,1.931868131868132
123.77211585,,,,,,
123.77219055,,,,,,
123.774068975,,,,,,
123.7760221,,,,,,
123.7760968,,,,,,
123.777975225,,,,,,
123.7780169,18327.0,155.3966679888933,6.43514441423849,,,
123.7790145,,,,34770.0,517.2413793103449,1.933333333333333
123.77992835,,,,,,
123.78000305,,,,,,
123.781881475,,,,,,
123.7838346,,,,,,
123.7839093,,,,,,
123.785,,,,,,
123.785787725,,,,,,
123.7858294,18327.0,155.3966679888933,6.43514441423849,,,
123.786827,,,,34770.0,517.2413793103449,1.933333333333333
123.78774085,,,,,,
123.78781555,,,,,,
123.789693975,,,,,,
123.7916471,,,,,,
123.7917218,,,,,,
123.793600225,,,,,,
123.7936419,18327.0,155.3966679888933,6.43514441423849,,,
123.7946395,,,,34770.0,517.2413793103449,1.933333333333333
123.79555335,,,,,,
123.79562805,,,,,,
123.797506475,,,,,,
123.7994596,,,,,,
123.7995343,,,,,,
123.801412725,,,,,,
123.8014544,18326.0,155.5200476379516,6.430039182652422,,,
123.802452,,,,34769.0,517.6336746302617,1.931868131868132
123.80336585,,,,,,
123.80344055,,,,,,
123.805,,,,,,
123.805318975,,,,,,
123.8072721,,,,,,
123.8073468,,,,,,
123.809225225,,,,,,
123.8092669,18327.0,155.3966679888933,6.43514441423849,,,
123.8102645,,,,34769.0,517.6336746302617,1.931868131868132
123.81117835,,,,,,
123.81125305,,,,,,
123.813131475,,,,,,
123.8150846,,,,,,
123.8151593,,,,,,
123.817037725,,,,,,
123.8170794,18327.0,155.3966679888933,6.43514441423849,,,
123.818077,,,,34770.0,517.2413793103449,1.933333333333333
123.81899085,,,,,,
123.81906555,,,,,,
123.820943975,,,,,,
123.8228971,,,,,,
123.8229718,,,,,,
123.824850225,,,,,,
123.8248919,18326.0,155.5200476379516,6.430039182652422,,,
123.825,,,,,,
123.8258895,,,,34769.0,517.6336746302617,1.931868131868132
123.82680335,,,,,,
123.82687805,,,,,,
123.828756475,,,,,,
123.8307096,,,,,,
123.8307843,,,,,,
123.832662725,,,,,,
123.8327044,18326.0,155.5200476379516,6.430039182652422,,,
123.833702,,,,34769.0,517.6336746302617,1.931868131868132
123.83461585,,,,,,
123.83469055,,,,,,
123.836568975,,,,,,
123.8385221,,,,,,
123.8385968,,,,,,
123.840475225,,,,,,
123.8405169,18326.0,155.5200476379516,6.430039182652422,,,
123.8415145,,,,34770.0,517.2413793103449,1.933333333333333
123.84242835,,,,,,
123.84250305,,,,,,
123.844381475,,,,,,
123.845,,,,,,
123.8463346,,,,,,
123.8464093,,,,,,
123.848287725,,,,,,
123.8483294,18327.0,155.3966679888933,6.43514441423849,,,
123.849327,,,,34769.0,517.6336746302617,1.931868131868132
123.85024085,,,,,,
123.85031555,,,,,,
123.852193975,,,,,,
123.8541471,,,,,,
123.8542218,,,,,,
123.856100225,,,,,,
123.8561419,18326.0,155.5200476379516,6.430039182652422,,,
123.8571395,,,,34770.0,517.2413793103449,1.933333333333333
123.85805335,,,,,,
123.85812805,,,,,,
123.860006475,,,,,,
123.8619596,,,,,,
123.8620343,,,,,,
123.863912725,,,,,,
123.8639544,18326.0,155.5200476379516,6.430039182652422,,,
123.864952,,,,34769.0,517.6336746302617,1.931868131868132
123.865,,,,,,
123.86586585,,,,,,
123.86594055,,,,,,
123.867818975,,,,,,
123.8697721,,,,,,
123.8698468,,,,,,
123.871725225,,,,,,
123.8717669,18328.0,155.2734839476813,6.440249645824559,,,
123.8727645,,,,34770.0,517.2413793103449,1.933333333333333
123.87367835,,,,,,
123.87375305,,,,,,
123.875631475,,,,,,
123.8775846,,,,,,
123.8776593,,,,,,
123.879537725,,,,,,
123.8795794,18326.0,155.5200476379516,6.430039182652422,,,
123.880577,,,,34770.0,517.2413793103449,1.933333333333333
123.88149085,,,,,,
123.88156555,,,,,,
123.883443975,,,,,,
123.885,,,,,,
123.8853971,,,,,,
123.8854718,,,,,,
123.887350225,,,,,,
123.8873919,18327.0,155.3966679888933,6.43514441423849,,,
123.8883895,,,,34770.0,517.2413793103449,1.933333333333333
123.88930335,,,,,,
123.88937805,,,,,,
123.891256475,,,,,,
123.8932096,,,,,,
123.8932843,,,,,,
123.895162725,,,,,,
123.8952044,18327.0,155.3966679888933,6.43514441423849,,,
123.896202,,,,34771.0,516.8496781522151,1.9347985347985344
123.89711585,,,,,,
123.89719055,,,,,,
123.899068975,,,,,,
123.9010221,,,,,,
123.9010968,,,,,,
123.902975225,,,,,,
123.9030169,18326.0,155.5200476379516,6.430039182652422,,,
123.9040145,,,,34769.0,517.6336746302617,1.931868131868132
123.90492835,,,,,,
123.905,,,,,,
123.90500305,,,,,,
123.906881475,,,,,,
123.9088346,,,,,,
123.9089093,,,,,,
123.910787725,,,,,,
123.9108294,18327.0,155.3966679888933,6.43514441423849,,,
123.911827,,,,34769.0,517.6336746302617,1.931868131868132
123.91274085,,,,,,
123.91281555,,,,,,
123.914693975,,,,,,
123.9166471,,,,,,
123.9167218,,,,,,
123.918600225,,,,,,
123.9186419,18326.0,155.5200476379516,6.430039182652422,,,
123.9196395,,,,34770.0,517.2413793103449,1.933333333333333
123.92055335,,,,,,
123.92062805,,,,,,
123.922506475,,,,,,
123.9244596,,,,,,
123.9245343,,,,,,
123.925,,,,,,
123.926412725,,,,,,
123.9264544,18326.0,155.5200476379516,6.430039182652422,,,
123.927452,,,,34769.0,517.6336746302617,1.931868131868132
123.92836585,,,,,,
123.92844055,,,,,,
123.930318975,,,,,,
123.9322721,,,,,,
123.9323468,,,,,,
123.934225225,,,,,,
123.9342669,18326.0,155.5200476379516,6.430039182652422,,,
123.9352645,,,,34770.0,517.2413793103449,1.933333333333333
123.93617835,,,,,,
123.93625305,,,,,,
123.938131475,,,,,,
123.9400846,,,,,,
123.9401593,,,,,,
123.942037725,,,,,,
123.9420794,18328.0,155.2734839476813,6.440249645824559,,,
123.943077,,,,34770.0,517.2413793103449,1.933333333333333
123.94399085,,,,,,
123.94406555,,,,,,
123.945,,,,,,
123.945943975,,,,,,
123.9478971,,,,,,
123.9479718,,,,,,
123.949850225,,,,,,
123.9498919,18326.0,155.5200476379516,6.430039182652422,,,
123.9508895,,,,34770.0,517.2413793103449,1.933333333333333
123.95180335,,,,,,
123.95187805,,,,,,
123.953756475,,,,,,
123.9557096,,,,,,
123.9557843,,,,,,
123.957662725,,,,,,
123.9577044,18326.0,155.5200476379516,6.430039182652422,,,
123.958702,,,,34770.0,517.2413793103449,1.933333333333333
123.95961585,,,,,,
123.95969055,,,,,,
123.961568975,,,,,,
123.9635221,,,,,,
123.9635968,,,,,,
123.965,,,,,,
123.965475225,,,,,,
123.9655169,18326.0,155.5200476379516,6.430039182652422,,,
123.9665145,,,,34770.0,517.2413793103449,1.933333333333333
123.96742835,,,,,,
123.96750305,,,,,,
123.969381475,,,,,,
123.9713346,,,,,,
123.9714093,,,,,,
123.973287725,,,,,,
123.9733294,18327.0,155.3966679888933,6.43514441423849,,,
123.974327,,,,34769.0,517.6336746302617,1.931868131868132
123.97524085,,,,,,
123.97531555,,,,,,
123.977193975,,,,,,
123.9791471,,,,,,
123.9792218,,,,,,
123.981100225,,,,,,
123.9811419,18327.0,155.3966679888933,6.43514441423849,,,
123.9821395,,,,34769.0,517.6336746302617,1.931868131868132
123.98305335,,,,,,
123.98312805,,,,,,
123.985,,,,,,
123.985006475,,,,,,
123.9869596,,,,,,
123.9870343,,,,,,
123.988912725,,,,,,
123.9889544,18326.0,155.5200476379516,6.430039182652422,,,
123.989952,,,,34770.0,517.2413793103449,1.933333333333333
123.99086585,,,,,,
123.99094055,,,,,,
123.992818975,,,,,,
123.9947721,,,,,,
123.9948468,,,,,,
123.996725225,,,,,,
123.9967669,18326.0,155.5200476379516,6.430039182652422,,,
123.9977645,,,,34770.0,517.2413793103449,1.933333333333333
123.99867835,,,,,,
123.99875305,,,,,,
124.000631475,,,,,,
124.0025846,,,,,,
124.0026593,,,,,,
124.004537725,,,,,,
124.0045794,18326.0,155.5200476379516,6.430039182652422,,,
124.005,,,,,,
124.005577,,,,34770.0,517.2413793103449,1.933333333333333
124.00649085,,,,,,
124.00656555,,,,,,
124.008443975,,,,,,
124.0103971,,,,,,
124.0104718,,,,,,
124.012350225,,,,,,
124.0123919,18326.0,155.5200476379516,6.430039182652422,,,
124.0133895,,,,34771.0,516.8496781522151,1.9347985347985344
124.01430335,,,,,,
124.01437805,,,,,,
124.016256475,,,,,,
124.0182096,,,,,,
124.0182843,,,,,,
124.020162725,,,,,,
124.0202044,18326.0,155.5200476379516,6.430039182652422,,,
124.021202,,,,34769.0,517.6336746302617,1.931868131868132
124.02211585,,,,,,
124.02219055,,,,,,
124.024068975,,,,,,
124.025,,,,,,
124.0260221,,,,,,
124.0260968,,,,,,
124.027975225,,,,,,
124.0280169,18327.0,155.3966679888933,6.43514441423849,,,
124.0290145,,,,34770.0,517.2413793103449,1.933333333333333
124.02992835,,,,,,
124.03000305,,,,,,
124.031881475,,,,,,
124.0338346,,,,,,
124.0339093,,,,,,
124.035787725,,,,,,
124.0358294,18327.0,155.3966679888933,6.43514441423849,,,
124.036827,,,,34770.0,517.2413793103449,1.933333333333333
124.03774085,,,,,,
124.03781555,,,,,,
124.039693975,,,,,,
124.0416471,,,,,,
124.0417218,,,,,,
124.043600225,,,,,,
124.0436419,18326.0,155.5200476379516,6.430039182652422,,,
124.0446395,,,,34769.0,517.6336746302617,1.931868131868132
124.045,,,,,,
124.04555335,,,,,,
124.04562805,,,,,,
124.047506475,,,,,,
124.0494596,,,,,,
124.0495343,,,,,,
124.051412725,,,,,,
124.0514544,18327.0,155.3966679888933,6.43514441423849,,,
124.052452,,,,34769.0,517.6336746302617,1.931868131868132
124.05336585,,,,,,
124.05344055,,,,,,
124.055318975,,,,,,
124.0572721,,,,,,
124.0573468,,,,,,
124.059225225,,,,,,
124.0592669,18326.0,155.5200476379516,6.430039182652422,,,
124.0602645,,,,34770.0,517.2413793103449,1.933333333333333
124.06117835,,,,,,
124.06125305,,,,,,
124.063131475,,,,,,
124.065,,,,,,
124.0650846,,,,,,
124.0651593,,,,,,
124.067037725,,,,,,
124.0670794,18327.0,155.3966679888933,6.43514441423849,,,
124.068077,,,,34769.0,517.6336746302617,1.931868131868132
124.06899085,,,,,,
124.06906555,,,,,,
124.070943975,,,,,,
124.0728971,,,,,,
124.0729718,,,,,,
124.074850225,,,,,,
124.0748919,18328.0,155.2734839476813,6.440249645824559,,,
124.0758895,,,,34769.0,517.6336746302617,1.931868131868132
124.07680335,,,,,,
124.07687805,,,,,,
124.078756475,,,,,,
124.0807096,,,,,,
124.0807843,,,,,,
124.082662725,,,,,,
124.0827044,18327.0,155.3966679888933,6.43514441423849,,,
124.083702,,,,34769.0,517.6336746302617,1.931868131868132
124.08461585,,,,,,
124.08469055,,,,,,
124.085,,,,,,
124.086568975,,,,,,
124.0885221,,,,,,
124.0885968,,,,,,
124.090475225,,,,,,
124.0905169,18326.0,155.5200476379516,6.430039182652422,,,
124.0915145,,,,34770.0,517.2413793103449,1.933333333333333
124.09242835,,,,,,
124.09250305,,,,,,
124.094381475,,,,,,
124.0963346,,,,,,
124.0964093,,,,,,
124.098287725,,,,,,
124.0983294,18326.0,155.5200476379516,6.430039182652422,,,
124.099327,,,,34769.0,517.6336746302617,1.931868131868132
124.10024085,,,,,,
124.10031555,,,,,,
124.102193975,,,,,,
124.1041471,,,,,,
124.1042218,,,,,,
124.105,,,,,,
124.106100225,,,,,,
124.1061419,18326.0,155.5200476379516,6.430039182652422,,,
124.1071395,,,,34770.0,517.2413793103449,1.933333333333333
124.10805335,,,,,,
124.10812805,,,,,,
124.110006475,,,,,,
124.1119596,,,,,,
124.1120343,,,,,,
124.113912725,,,,,,
124.1139544,18326.0,155.5200476379516,6.430039182652422,,,
124.114952,,,,34769.0,517.6336746302617,1.931868131868132
124.11586585,,,,,,
124.11594055,,,,,,
124.117818975,,,,,,
124.1197721,,,,,,
124.1198468,,,,,,
124.121725225,,,,,,
124.1217669,18327.0,155.3966679888933,6.43514441423849,,,
124.1227645,,,,34769.0,517.6336746302617,1.931868131868132
124.12367835,,,,,,
124.12375305,,,,,,
124.125,,,,,,
124.125631475,,,,,,
124.1275846,,,,,,
124.1276593,,,,,,
124.129537725,,,,,,
124.1295794,18326.0,155.5200476379516,6.430039182652422,,,
124.130577,,,,34769.0,517.6336746302617,1.931868131868132
124.13149085,,,,,,
124.13156555,,,,,,
124.133443975,,,,,,
124.1353971,,,,,,
124.1354718,,,,,,
124.137350225,,,,,,
124.1373919,18327.0,155.3966679888933,6.43514441423849,,,
124.1383895,,,,34770.0,517.2413793103449,1.933333333333333
124.13930335,,,,,,
124.13937805,,,,,,
124.141256475,,,,,,
124.1432096,,,,,,
124.1432843,,,,,,
124.145,,,,,,
124.145162725,,,,,,
124.1452044,18326.0,155.5200476379516,6.430039182652422,,,
124.146202,,,,34769.0,517.6336746302617,1.931868131868132
124.14711585,,,,,,
124.14719055,,,,,,
124.149068975,,,,,,
124.1510221,,,,,,
124.1510968,,,,,,
124.152975225,,,,,,
124.1530169,18326.0,155.5200476379516,6.430039182652422,,,
124.1540145,,,,34770.0,517.2413793103449,1.933333333333333
124.15492835,,,,,,
124.15500305,,,,,,
124.156881475,,,,,,
124.1588346,,,,,,
124.1589093,,,,,,
124.160787725,,,,,,
124.1608294,18327.0,155.3966679888933,6.43514441423849,,,
124.161827,,,,34770.0,517.2413793103449,1.933333333333333
124.16274085,,,,,,
124.16281555,,,,,,
124.164693975,,,,,,
124.165,,,,,,
124.1666471,,,,,,
124.1667218,,,,,,
124.168600225,,,,,,
124.1686419,18327.0,155.3966679888933,6.43514441423849,,,
124.1696395,,,,34770.0,517.2413793103449,1.933333333333333
124.17055335,,,,,,
124.17062805,,,,,,
124.172506475,,,,,,
124.1744596,,,,,,
124.1745343,,,,,,
124.176412725,,,,,,
124.1764544,18326.0,155.5200476379516,6.430039182652422,,,
124.177452,,,,34769.0,517.6336746302617,1.931868131868132
124.17836585,,,,,,
124.17844055,,,,,,
124.180318975,,,,,,
124.1822721,,,,,,
124.1823468,,,,,,
124.184225225,,,,,,
124.1842669,18326.0,155.5200476379516,6.430039182652422,,,
124.185,,,,,,
124.1852645,,,,34770.0,517.2413793103449,1.933333333333333
124.18617835,,,,,,
124.18625305,,,,,,
124.188131475,,,,,,
124.1900846,,,,,,
124.1901593,,,,,,
124.192037725,,,,,,
124.1920794,18327.0,155.3966679888933,6.43514441423849,,,
124.193077,,,,34770.0,517.2413793103449,1.933333333333333
124.19399085,,,,,,
124.19406555,,,,,,
124.195943975,,,,,,
124.1978971,,,,,,
124.1979718,,,,,,
124.199850225,,,,,,
124.1998919,18326.0,155.5200476379516,6.430039182652422,,,
124.2008895,,,,34769.0,517.6336746302617,1.931868131868132
124.20180335,,,,,,
124.20187805,,,,,,
124.203756475,,,,,,
124.205,,,,,,
124.2057096,,,,,,
124.2057843,,,,,,
124.207662725,,,,,,
124.2077044,18326.0,155.5200476379516,6.430039182652422,,,
124.208702,,,,34769.0,517.6336746302617,1.931868131868132
124.20961585,,,,,,
124.20969055,,,,,,
124.211568975,,,,,,
124.2135221,,,,,,
124.2135968,,,,,,
124.215475225,,,,,,
124.2155169,18328.0,155.2734839476813,6.440249645824559,,,
124.2165145,,,,34769.0,517.6336746302617,1.931868131868132
124.21742835,,,,,,
124.21750305,,,,,,
124.219381475,,,,,,
124.2213346,,,,,,
124.2214093,,,,,,
124.223287725,,,,,,
124.2233294,18327.0,155.3966679888933,6.43514441423849,,,
124.224327,,,,34769.0,517.6336746302617,1.931868131868132
124.225,,,,,,
124.22524085,,,,,,
124.22531555,,,,,,
124.227193975,,,,,,
124.2291471,,,,,,
124.2292218,,,,,,
124.231100225,,,,,,
124.2311419,18327.0,155.3966679888933,6.43514441423849,,,
124.2321395,,,,34769.0,517.6336746302617,1.931868131868132
124.23305335,,,,,,
124.23312805,,,,,,
124.235006475,,,,,,
124.2369596,,,,,,
124.2370343,,,,,,
124.238912725,,,,,,
124.2389544,18326.0,155.5200476379516,6.430039182652422,,,
124.239952,,,,34769.0,517.6336746302617,1.931868131868132
124.24086585,,,,,,
124.24094055,,,,,,
124.242818975,,,,,,
124.2447721,,,,,,
124.2448468,,,,,,
124.245,,,,,,
124.246725225,,,,,,
124.2467669,18326.0,155.5200476379516,6.430039182652422,,,
124.2477645,,,,34769.0,517.6336746302617,1.931868131868132
124.24867835,,,,,,
124.24875305,,,,,,
124.250631475,,,,,,
124.2525846,,,,,,
124.2526593,,,,,,
124.254537725,,,,,,
124.2545794,18326.0,155.5200476379516,6.430039182652422,,,
124.255577,,,,34769.0,517.6336746302617,1.931868131868132
124.25649085,,,,,,
124.25656555,,,,,,
124.258443975,,,,,,
124.2603971,,,,,,
124.2604718,,,,,,
124.262350225,,,,,,
124.2623919,18325.0,155.64362336114425,6.424933951066354,,,
124.2633895,,,,34769.0,517.6336746302617,1.931868131868132
124.26430335,,,,,,
124.26437805,,,,,,
124.265,,,,,,
124.266256475,,,,,,
124.2682096,,,,,,
124.2682843,,,,,,
124.270162725,,,,,,
124.2702044,18326.0,155.5200476379516,6.430039182652422,,,
124.271202,,,,34768.0,518.0265654648957,1.9304029304029304
124.27211585,,,,,,
124.27219055,,,,,,
124.274068975,,,,,,
124.2760221,,,,,,
124.2760968,,,,,,
124.277975225,,,,,,
124.2780169,18326.0,155.5200476379516,6.430039182652422,,,
124.2790145,,,,34769.0,517.6336746302617,1.931868131868132
124.27992835,,,,,,
124.28000305,,,,,,
124.281881475,,,,,,
124.2838346,,,,,,
124.2839093,,,,,,
124.285,,,,,,
124.285787725,,,,,,
124.2858294,18326.0,155.5200476379516,6.430039182652422,,,
124.286827,,,,34768.0,518.0265654648957,1.9304029304029304
124.28774085,,,,,,
124.28781555,,,,,,
124.289693975,,,,,,
124.2916471,,,,,,
124.2917218,,,,,,
124.293600225,,,,,,
124.2936419,18326.0,155.5200476379516,6.430039182652422,,,
124.2946395,,,,34769.0,517.6336746302617,1.931868131868132
124.29555335,,,,,,
124.29562805,,,,,,
124.297506475,,,,,,
124.2994596,,,,,,
124.2995343,,,,,,
124.301412725,,,,,,
124.3014544,18326.0,155.5200476379516,6.430039182652422,,,
124.302452,,,,34769.0,517.6336746302617,1.931868131868132
124.30336585,,,,,,
124.30344055,,,,,,
124.305,,,,,,
124.305318975,,,,,,
124.3072721,,,,,,
124.3073468,,,,,,
124.309225225,,,,,,
124.3092669,18326.0,155.5200476379516,6.430039182652422,,,
124.3102645,,,,34769.0,517.6336746302617,1.931868131868132
124.31117835,,,,,,
124.31125305,,,,,,
124.313131475,,,,,,
124.3150846,,,,,,
124.3151593,,,,,,
124.317037725,,,,,,
124.3170794,18326.0,155.5200476379516,6.430039182652422,,,
124.318077,,,,34768.0,518.0265654648957,1.9304029304029304
124.31899085,,,,,,
124.31906555,,,,,,
124.320943975,,,,,,
124.3228971,,,,,,
124.3229718,,,,,,
124.324850225,,,,,,
124.3248919,18326.0,155.5200476379516,6.430039182652422,,,
124.325,,,,,,
124.3258895,,,,34769.0,517.6336746302617,1.931868131868132
124.32680335,,,,,,
124.32687805,,,,,,
124.328756475,,,,,,
124.3307096,,,,,,
124.3307843,,,,,,
124.332662725,,,,,,
124.3327044,18327.0,155.3966679888933,6.43514441423849,,,
124.333702,,,,34771.0,516.8496781522151,1.9347985347985344
124.33461585,,,,,,
124.33469055,,,,,,
124.336568975,,,,,,
124.3385221,,,,,,
124.3385968,,,,,,
124.340475225,,,,,,
124.3405169,18325.0,155.64362336114425,6.424933951066354,,,
124.3415145,,,,34769.0,517.6336746302617,1.931868131868132
124.34242835,,,,,,
124.34250305,,,,,,
124.344381475,,,,,,
124.345,,,,,,
124.3463346,,,,,,
124.3464093,,,,,,
124.348287725,,,,,,
124.3483294,18327.0,155.3966679888933,6.43514441423849,,,
124.349327,,,,34769.0,517.6336746302617,1.931868131868132
124.35024085,,,,,,
124.35031555,,,,,,
124.352193975,,,,,,
124.3541471,,,,,,
124.3542218,,,,,,
124.356100225,,,,,,
124.3561419,18326.0,155.5200476379516,6.430039182652422,,,
124.3571395,,,,34770.0,517.2413793103449,1.933333333333333
124.35805335,,,,,,
124.35812805,,,,,,
124.360006475,,,,,,
124.3619596,,,,,,
124.3620343,,,,,,
124.363912725,,,,,,
124.3639544,18325.0,155.64362336114425,6.424933951066354,,,
124.364952,,,,34769.0,517.6336746302617,1.931868131868132
124.365,,,,,,
124.36586585,,,,,,
124.36594055,,,,,,
124.367818975,,,,,,
124.3697721,,,,,,
124.3698468,,,,,,
124.371725225,,,,,,
124.3717669,18326.0,155.5200476379516,6.430039182652422,,,
124.3727645,,,,34770.0,517.2413793103449,1.933333333333333
124.37367835,,,,,,
124.37375305,,,,,,
124.375631475,,,,,,
124.3775846,,,,,,
124.3776593,,,,,,
124.379537725,,,,,,
124.3795794,18326.0,155.5200476379516,6.430039182652422,,,
124.380577,,,,34769.0,517.6336746302617,1.931868131868132
124.38149085,,,,,,
124.38156555,,,,,,
124.383443975,,,,,,
124.385,,,,,,
124.3853971,,,,,,
124.3854718,,,,,,
124.387350225,,,,,,
124.3873919,18326.0,155.5200476379516,6.430039182652422,,,
124.3883895,,,,34769.0,517.6336746302617,1.931868131868132
124.38930335,,,,,,
124.38937805,,,,,,
124.391256475,,,,,,
124.3932096,,,,,,
124.3932843,,,,,,
124.395162725,,,,,,
124.3952044,18325.0,155.64362336114425,6.424933951066354,,,
124.396202,,,,34769.0,517.6336746302617,1.931868131868132
124.39711585,,,,,,
124.39719055,,,,,,
124.399068975,,,,,,
124.4010221,,,,,,
124.4010968,,,,,,
124.402975225,,,,,,
124.4030169,18325.0,155.64362336114425,6.424933951066354,,,
124.4040145,,,,34770.0,517.2413793103449,1.933333333333333
124.40492835,,,,,,
124.405,,,,,,
124.40500305,,,,,,
124.406881475,,,,,,
124.4088346,,,,,,
124.4089093,,,,,,
124.410787725,,,,,,
124.4108294,18325.0,155.64362336114425,6.424933951066354,,,
124.411827,,,,34770.0,517.2413793103449,1.933333333333333
124.41274085,,,,,,
124.41281555,,,,,,
124.414693975,,,,,,
124.4166471,,,,,,
124.4167218,,,,,,
124.418600225,,,,,,
124.4186419,18326.0,155.5200476379516,6.430039182652422,,,
124.4196395,,,,34768.0,518.0265654648957,1.9304029304029304
124.42055335,,,,,,
124.42062805,,,,,,
124.422506475,,,,,,
124.4244596,,,,,,
124.4245343,,,,,,
124.425,,,,,,
124.426412725,,,,,,
124.4264544,18326.0,155.5200476379516,6.430039182652422,,,
124.427452,,,,34769.0,517.6336746302617,1.931868131868132
124.42836585,,,,,,
124.42844055,,,,,,
124.430318975,,,,,,
124.4322721,,,,,,
124.4323468,,,,,,
124.434225225,,,,,,
124.4342669,18325.0,155.64362336114425,6.424933951066354,,,
124.4352645,,,,34769.0,517.6336746302617,1.931868131868132
124.43617835,,,,,,
124.43625305,,,,,,
124.438131475,,,,,,
124.4400846,,,,,,
124.4401593,,,,,,
124.442037725,,,,,,
124.4420794,18326.0,155.5200476379516,6.430039182652422,,,
124.443077,,,,34770.0,517.2413793103449,1.933333333333333
124.44399085,,,,,,
124.44406555,,,,,,
124.445,,,,,,
124.445943975,,,,,,
124.4478971,,,,,,
124.4479718,,,,,,
124.449850225,,,,,,
124.4498919,18326.0,155.5200476379516,6.430039182652422,,,
124.4508895,,,,34769.0,517.6336746302617,1.931868131868132
124.45180335,,,,,,
124.45187805,,,,,,
124.453756475,,,,,,
124.4557096,,,,,,
124.4557843,,,,,,
124.457662725,,,,,,
124.4577044,18325.0,155.64362336114425,6.424933951066354,,,
124.458702,,,,34768.0,518.0265654648957,1.9304029304029304
124.45961585,,,,,,
124.45969055,,,,,,
124.461568975,,,,,,
124.4635221,,,,,,
124.4635968,,,,,,
124.465,,,,,,
124.465475225,,,,,,
124.4655169,18326.0,155.5200476379516,6.430039182652422,,,
124.4665145,,,,34770.0,517.2413793103449,1.933333333333333
124.46742835,,,,,,
124.46750305,,,,,,
124.469381475,,,,,,
124.4713346,,,,,,
124.4714093,,,,,,
124.473287725,,,,,,
124.4733294,18326.0,155.5200476379516,6.430039182652422,,,
124.474327,,,,34769.0,517.6336746302617,1.931868131868132
124.47524085,,,,,,
124.47531555,,,,,,
124.477193975,,,,,,
124.4791471,,,,,,
124.4792218,,,,,,
124.481100225,,,,,,
124.4811419,18326.0,155.5200476379516,6.430039182652422,,,
124.4821395,,,,34768.0,518.0265654648957,1.9304029304029304
124.48305335,,,,,,
124.48312805,,,,,,
124.485,,,,,,
124.485006475,,,,,,
124.4869596,,,,,,
124.4870343,,,,,,
124.488912725,,,,,,
124.4889544,18327.0,155.3966679888933,6.43514441423849,,,
124.489952,,,,34768.0,518.0265654648957,1.9304029304029304
124.49086585,,,,,,
124.49094055,,,,,,
124.492818975,,,,,,
124.4947721,,,,,,
124.4948468,,,,,,
124.496725225,,,,,,
124.4967669,18326.0,155.5200476379516,6.430039182652422,,,
124.4977645,,,,34769.0,517.6336746302617,1.931868131868132
124.49867835,,,,,,
124.49875305,,,,,,
124.500631475,,,,,,
124.5025846,,,,,,
124.5026593,,,,,,
124.504537725,,,,,,
124.5045794,18326.0,155.5200476379516,6.430039182652422,,,
124.505,,,,,,
124.505577,,,,34769.0,517.6336746302617,1.931868131868132
124.50649085,,,,,,
124.50656555,,,,,,
124.508443975,,,,,,
124.5103971,,,,,,
124.5104718,,,,,,
124.512350225,,,,,,
124.5123919,18326.0,155.5200476379516,6.430039182652422,,,
124.5133895,,,,34769.0,517.6336746302617,1.931868131868132
124.51430335,,,,,,
124.51437805,,,,,,
124.516256475,,,,,,
124.5182096,,,,,,
124.5182843,,,,,,
124.520162725,,,,,,
124.5202044,18326.0,155.5200476379516,6.430039182652422,,,
124.521202,,,,34770.0,517.2413793103449,1.933333333333333
124.52211585,,,,,,
124.52219055,,,,,,
124.524068975,,,,,,
124.525,,,,,,
124.5260221,,,,,,
124.5260968,,,,,,
124.527975225,,,,,,
124.5280169,18325.0,155.64362336114425,6.424933951066354,,,
124.5290145,,,,34769.0,517.6336746302617,1.931868131868132
124.52992835,,,,,,
124.53000305,,,,,,
124.531881475,,,,,,
124.5338346,,,,,,
124.5339093,,,,,,
124.535787725,,,,,,
124.5358294,18326.0,155.5200476379516,6.430039182652422,,,
124.536827,,,,34768.0,518.0265654648957,1.9304029304029304
124.53774085,,,,,,
124.53781555,,,,,,
124.53925290000001,,,,,,
124.539693975,,,,,,
124.5416471,,,,,,
124.5417218,,,,,,
124.543600225,,,,,,
124.5436419,18326.0,155.5200476379516,6.430039182652422,,,
124.5446395,,,,34769.0,517.6336746302617,1.931868131868132
124.545,,,,,,
124.54555335,,,,,,
124.54562805,,,,,,
124.547506475,,,,,,
124.5494596,,,,,,
124.5495343,,,,,,
124.551412725,,,,,,
124.5514544,18325.0,155.64362336114425,6.424933951066354,,,
124.552452,,,,34768.0,518.0265654648957,1.9304029304029304
124.55336585,,,,,,
124.55344055,,,,,,
124.555318975,,,,,,
124.5572721,,,,,,
124.5573468,,,,,,
124.559225225,,,,,,
124.5592669,18325.0,155.64362336114425,6.424933951066354,,,
124.5602645,,,,34769.0,517.6336746302617,1.931868131868132
124.56117835,,,,,,
124.56125305,,,,,,
124.563131475,,,,,,
124.565,,,,,,
124.5650846,,,,,,
124.5651593,,,,,,
124.567037725,,,,,,
124.5670794,18326.0,155.5200476379516,6.430039182652422,,,
124.568077,,,,34769.0,517.6336746302617,1.931868131868132
124.56899085,,,,,,
124.56906555,,,,,,
124.570943975,,,,,,
124.5728971,,,,,,
124.5729718,,,,,,
124.574850225,,,,,,
124.5748919,18326.0,155.5200476379516,6.430039182652422,,,
124.5758895,,,,34769.0,517.6336746302617,1.931868131868132
124.57680335,,,,,,
124.57687805,,,,,,
124.578756475,,,,,,
124.5807096,,,,,,
124.5807843,,,,,,
124.582662725,,,,,,
124.5827044,18325.0,155.64362336114425,6.424933951066354,,,
124.583702,,,,34769.0,517.6336746302617,1.931868131868132
124.58461585,,,,,,
124.58469055,,,,,,
124.585,,,,,,
124.586568975,,,,,,
124.5885221,,,,,,
124.5885968,,,,,,
124.590475225,,,,,,
124.5905169,18325.0,155.64362336114425,6.424933951066354,,,
124.5915145,,,,34769.0,517.6336746302617,1.931868131868132
124.59242835,,,,,,
124.59250305,,,,,,
124.594381475,,,,,,
124.5963346,,,,,,
124.5964093,,,,,,
124.598287725,,,,,,
124.5983294,18325.0,155.64362336114425,6.424933951066354,,,
124.599327,,,,34769.0,517.6336746302617,1.931868131868132
124.60024085,,,,,,
124.60031555,,,,,,
124.602193975,,,,,,
124.6041471,,,,,,
124.6042218,,,,,,
124.605,,,,,,
124.606100225,,,,,,
124.6061419,18325.0,155.64362336114425,6.424933951066354,,,
124.6071395,,,,34769.0,517.6336746302617,1.931868131868132
124.60805335,,,,,,
124.60812805,,,,,,
124.610006475,,,,,,
124.6119596,,,,,,
124.6120343,,,,,,
124.613912725,,,,,,
124.6139544,18325.0,155.64362336114425,6.424933951066354,,,
124.614952,,,,34770.0,517.2413793103449,1.933333333333333
124.61586585,,,,,,
124.61594055,,,,,,
124.617818975,,,,,,
124.6197721,,,,,,
124.6198468,,,,,,
124.621725225,,,,,,
124.6217669,18325.0,155.64362336114425,6.424933951066354,,,
124.6227645,,,,34769.0,517.6336746302617,1.931868131868132
124.62367835,,,,,,
124.62375305,,,,,,
124.625,,,,,,
124.625631475,,,,,,
124.6275846,,,,,,
124.6276593,,,,,,
124.629537725,,,,,,
124.6295794,18325.0,155.64362336114425,6.424933951066354,,,
124.630577,,,,34769.0,517.6336746302617,1.931868131868132
124.63149085,,,,,,
124.63156555,,,,,,
124.633443975,,,,,,
124.6353971,,,,,,
124.6354718,,,,,,
124.637350225,,,,,,
124.6373919,18325.0,155.64362336114425,6.424933951066354,,,
124.6383895,,,,34769.0,517.6336746302617,1.931868131868132
124.63930335,,,,,,
124.63937805,,,,,,
124.641256475,,,,,,
124.6432096,,,,,,
124.6432843,,,,,,
124.645,,,,,,
124.645162725,,,,,,
124.6452044,18325.0,155.64362336114425,6.424933951066354,,,
124.646202,,,,34769.0,517.6336746302617,1.931868131868132
124.64711585,,,,,,
124.64719055,,,,,,
124.649068975,,,,,,
124.6510221,,,,,,
124.6510968,,,,,,
124.652975225,,,,,,
124.6530169,18325.0,155.64362336114425,6.424933951066354,,,
124.6540145,,,,34769.0,517.6336746302617,1.931868131868132
124.65492835,,,,,,
124.65500305,,,,,,
124.656881475,,,,,,
124.6588346,,,,,,
124.6589093,,,,,,
124.660787725,,,,,,
124.6608294,18326.0,155.5200476379516,6.430039182652422,,,
124.661827,,,,34769.0,517.6336746302617,1.931868131868132
124.66274085,,,,,,
124.66281555,,,,,,
124.664693975,,,,,,
124.665,,,,,,
124.6666471,,,,,,
124.6667218,,,,,,
124.668600225,,,,,,
124.6686419,18325.0,155.64362336114425,6.424933951066354,,,
124.6696395,,,,34769.0,517.6336746302617,1.931868131868132
124.67055335,,,,,,
124.67062805,,,,,,
124.672506475,,,,,,
124.6744596,,,,,,
124.6745343,,,,,,
124.676412725,,,,,,
124.6764544,18325.0,155.64362336114425,6.424933951066354,,,
124.677452,,,,34769.0,517.6336746302617,1.931868131868132
124.67836585,,,,,,
124.67844055,,,,,,
124.680318975,,,,,,
124.6822721,,,,,,
124.6823468,,,,,,
124.684225225,,,,,,
124.6842669,18324.0,155.76739562624255,6.419828719480286,,,
124.685,,,,,,
124.6852645,,,,34770.0,517.2413793103449,1.933333333333333
124.68617835,,,,,,
124.68625305,,,,,,
124.688131475,,,,,,
124.6900846,,,,,,
124.6901593,,,,,,
124.692037725,,,,,,
124.6920794,18325.0,155.64362336114425,6.424933951066354,,,
124.693077,,,,34769.0,517.6336746302617,1.931868131868132
124.69399085,,,,,,
124.69406555,,,,,,
124.695943975,,,,,,
124.6978971,,,,,,
124.6979718,,,,,,
124.699850225,,,,,,
124.6998919,18325.0,155.64362336114425,6.424933951066354,,,
124.7008895,,,,34769.0,517.6336746302617,1.931868131868132
124.70180335,,,,,,
124.70187805,,,,,,
124.703756475,,,,,,
124.705,,,,,,
124.7057096,,,,,,
124.7057843,,,,,,
124.707662725,,,,,,
124.7077044,18324.0,155.76739562624255,6.419828719480286,,,
124.708702,,,,34769.0,517.6336746302617,1.931868131868132
124.70961585,,,,,,
124.70969055,,,,,,
124.711568975,,,,,,
124.7135221,,,,,,
124.7135968,,,,,,
124.715475225,,,,,,
124.7155169,18325.0,155.64362336114425,6.424933951066354,,,
124.7165145,,,,34769.0,517.6336746302617,1.931868131868132
124.71742835,,,,,,
124.71750305,,,,,,
124.719381475,,,,,,
124.7213346,,,,,,
124.7214093,,,,,,
124.723287725,,,,,,
124.7233294,18326.0,155.5200476379516,6.430039182652422,,,
124.724327,,,,34768.0,518.0265654648957,1.9304029304029304
124.725,,,,,,
124.72524085,,,,,,
124.72531555,,,,,,
124.727193975,,,,,,
124.7291471,,,,,,
124.7292218,,,,,,
124.731100225,,,,,,
124.7311419,18325.0,155.64362336114425,6.424933951066354,,,
124.7321395,,,,34770.0,517.2413793103449,1.933333333333333
124.73305335,,,,,,
124.73312805,,,,,,
124.735006475,,,,,,
124.7369596,,,,,,
124.7370343,,,,,,
124.738912725,,,,,,
124.7389544,18325.0,155.64362336114425,6.424933951066354,,,
124.739952,,,,34769.0,517.6336746302617,1.931868131868132
124.74086585,,,,,,
124.74094055,,,,,,
124.742818975,,,,,,
124.7447721,,,,,,
124.7448468,,,,,,
124.745,,,,,,
124.746725225,,,,,,
124.7467669,18325.0,155.64362336114425,6.424933951066354,,,
124.7477645,,,,34769.0,517.6336746302617,1.931868131868132
124.74867835,,,,,,
124.74875305,,,,,,
124.750631475,,,,,,
124.7525846,,,,,,
124.7526593,,,,,,
124.754537725,,,,,,
124.7545794,18325.0,155.64362336114425,6.424933951066354,,,
124.755577,,,,34770.0,517.2413793103449,1.933333333333333
124.75649085,,,,,,
124.75656555,,,,,,
124.758443975,,,,,,
124.7603971,,,,,,
124.7604718,,,,,,
124.762350225,,,,,,
124.7623919,18325.0,155.64362336114425,6.424933951066354,,,
124.7633895,,,,34769.0,517.6336746302617,1.931868131868132
124.76430335,,,,,,
124.76437805,,,,,,
124.765,,,,,,
124.766256475,,,,,,
124.7682096,,,,,,
124.7682843,,,,,,
124.770162725,,,,,,
124.7702044,18325.0,155.64362336114425,6.424933951066354,,,
124.771202,,,,34770.0,517.2413793103449,1.933333333333333
124.77211585,,,,,,
124.77219055,,,,,,
124.774068975,,,,,,
124.7760221,,,,,,
124.7760968,,,,,,
124.777975225,,,,,,
124.7780169,18325.0,155.64362336114425,6.424933951066354,,,
124.7790145,,,,34769.0,517.6336746302617,1.931868131868132
124.77992835,,,,,,
124.78000305,,,,,,
124.781881475,,,,,,
124.7838346,,,,,,
124.7839093,,,,,,
124.785,,,,,,
124.785787725,,,,,,
124.7858294,18325.0,155.64362336114425,6.424933951066354,,,
124.786827,,,,34769.0,517.6336746302617,1.931868131868132
124.78774085,,,,,,
124.78781555,,,,,,
124.789693975,,,,,,
124.7916471,,,,,,
124.7917218,,,,,,
124.793600225,,,,,,
124.7936419,18325.0,155.64362336114425,6.424933951066354,,,
124.7946395,,,,34769.0,517.6336746302617,1.931868131868132
124.79555335,,,,,,
124.79562805,,,,,,
124.797506475,,,,,,
124.7994596,,,,,,
124.7995343,,,,,,
124.801412725,,,,,,
124.8014544,18325.0,155.64362336114425,6.424933951066354,,,
124.802452,,,,34770.0,517.2413793103449,1.933333333333333
124.80336585,,,,,,
124.80344055,,,,,,
124.805,,,,,,
124.805318975,,,,,,
124.8072721,,,,,,
124.8073468,,,,,,
124.809225225,,,,,,
124.8092669,18325.0,155.64362336114425,6.424933951066354,,,
124.8102645,,,,34769.0,517.6336746302617,1.931868131868132
124.81117835,,,,,,
124.81125305,,,,,,
124.813131475,,,,,,
124.8150846,,,,,,
124.8151593,,,,,,
124.817037725,,,,,,
124.8170794,18326.0,155.5200476379516,6.430039182652422,,,
124.818077,,,,34769.0,517.6336746302617,1.931868131868132
124.81899085,,,,,,
124.81906555,,,,,,
124.820943975,,,,,,
124.8228971,,,,,,
124.8229718,,,,,,
124.824850225,,,,,,
124.8248919,18325.0,155.64362336114425,6.424933951066354,,,
124.825,,,,,,
124.8258895,,,,34769.0,517.6336746302617,1.931868131868132
124.82680335,,,,,,
124.82687805,,,,,,
124.828756475,,,,,,
124.8307096,,,,,,
124.8307843,,,,,,
124.832662725,,,,,,
124.8327044,18325.0,155.64362336114425,6.424933951066354,,,
124.833702,,,,34769.0,517.6336746302617,1.931868131868132
124.83461585,,,,,,
124.83469055,,,,,,
124.836568975,,,,,,
124.8385221,,,,,,
124.8385968,,,,,,
124.840475225,,,,,,
124.8405169,18324.0,155.76739562624255,6.419828719480286,,,
124.8415145,,,,34769.0,517.6336746302617,1.931868131868132
124.84242835,,,,,,
124.84250305,,,,,,
124.844381475,,,,,,
124.845,,,,,,
124.8463346,,,,,,
124.8464093,,,,,,
124.848287725,,,,,,
124.8483294,18326.0,155.5200476379516,6.430039182652422,,,
124.849327,,,,34769.0,517.6336746302617,1.931868131868132
124.85024085,,,,,,
124.85031555,,,,,,
124.852193975,,,,,,
124.8541471,,,,,,
124.8542218,,,,,,
124.856100225,,,,,,
124.8561419,18325.0,155.64362336114425,6.424933951066354,,,
124.8571395,,,,34769.0,517.6336746302617,1.931868131868132
124.85805335,,,,,,
124.85812805,,,,,,
124.860006475,,,,,,
124.8619596,,,,,,
124.8620343,,,,,,
124.863912725,,,,,,
124.8639544,18325.0,155.64362336114425,6.424933951066354,,,
124.864952,,,,34769.0,517.6336746302617,1.931868131868132
124.865,,,,,,
124.86586585,,,,,,
124.86594055,,,,,,
124.867818975,,,,,,
124.8697721,,,,,,
124.8698468,,,,,,
124.871725225,,,,,,
124.8717669,18325.0,155.64362336114425,6.424933951066354,,,
124.8727645,,,,34769.0,517.6336746302617,1.931868131868132
124.87367835,,,,,,
124.87375305,,,,,,
124.875631475,,,,,,
124.8775846,,,,,,
124.8776593,,,,,,
124.879537725,,,,,,
124.8795794,18325.0,155.64362336114425,6.424933951066354,,,
124.880577,,,,34769.0,517.6336746302617,1.931868131868132
124.88149085,,,,,,
124.88156555,,,,,,
124.883443975,,,,,,
124.885,,,,,,
124.8853971,,,,,,
124.8854718,,,,,,
124.887350225,,,,,,
124.8873919,18324.0,155.76739562624255,6.419828719480286,,,
124.8883895,,,,34769.0,517.6336746302617,1.931868131868132
124.88930335,,,,,,
124.88937805,,,,,,
124.891256475,,,,,,
124.8932096,,,,,,
124.8932843,,,,,,
124.895162725,,,,,,
124.8952044,18325.0,155.64362336114425,6.424933951066354,,,
124.896202,,,,34769.0,517.6336746302617,1.931868131868132
124.89711585,,,,,,
124.89719055,,,,,,
124.899068975,,,,,,
124.9010221,,,,,,
124.9010968,,,,,,
124.902975225,,,,,,
124.9030169,18324.0,155.76739562624255,6.419828719480286,,,
124.9040145,,,,34770.0,517.2413793103449,1.933333333333333
124.90492835,,,,,,
124.905,,,,,,
124.90500305,,,,,,
124.906881475,,,,,,
124.9088346,,,,,,
124.9089093,,,,,,
124.910787725,,,,,,
124.9108294,18324.0,155.76739562624255,6.419828719480286,,,
124.911827,,,,34769.0,517.6336746302617,1.931868131868132
124.91274085,,,,,,
124.91281555,,,,,,
124.914693975,,,,,,
124.9166471,,,,,,
124.9167218,,,,,,
124.918600225,,,,,,
124.9186419,18325.0,155.64362336114425,6.424933951066354,,,
124.9196395,,,,34769.0,517.6336746302617,1.931868131868132
124.92055335,,,,,,
124.92062805,,,,,,
124.922506475,,,,,,
124.9244596,,,,,,
124.9245343,,,,,,
124.925,,,,,,
124.926412725,,,,,,
124.9264544,18325.0,155.64362336114425,6.424933951066354,,,
124.927452,,,,34770.0,517.2413793103449,1.933333333333333
124.92836585,,,,,,
124.92844055,,,,,,
124.930318975,,,,,,
124.9322721,,,,,,
124.9323468,,,,,,
124.934225225,,,,,,
124.9342669,18324.0,155.76739562624255,6.419828719480286,,,
124.9352645,,,,34770.0,517.2413793103449,1.933333333333333
124.93617835,,,,,,
124.93625305,,,,,,
124.938131475,,,,,,
124.9400846,,,,,,
124.9401593,,,,,,
124.942037725,,,,,,
124.9420794,18324.0,155.76739562624255,6.419828719480286,,,
124.943077,,,,34770.0,517.2413793103449,1.933333333333333
124.94399085,,,,,,
124.944,,,,,,
124.94406555,,,,,,
124.945943975,,,,,,
124.9478971,,,,,,
124.9479718,,,,,,
124.949850225,,,,,,
124.9498919,18324.0,155.76739562624255,6.419828719480286,,,
124.9508895,,,,34770.0,517.2413793103449,1.933333333333333
124.95180335,,,,,,
124.95187805,,,,,,
124.953756475,,,,,,
124.9557096,,,,,,
124.9557843,,,,,,
124.957662725,,,,,,
124.9577044,18324.0,155.76739562624255,6.419828719480286,,,
124.958702,,,,34769.0,517.6336746302617,1.931868131868132
124.95961585,,,,,,
124.95969055,,,,,,
124.961568975,,,,,,
124.9635221,,,,,,
124.9635968,,,,,,
124.965,,,,,,
124.965475225,,,,,,
124.9655169,18324.0,155.76739562624255,6.419828719480286,,,
124.9665145,,,,34770.0,517.2413793103449,1.933333333333333
124.96742835,,,,,,
124.96750305,,,,,,
124.969381475,,,,,,
124.9713346,,,,,,
124.9714093,,,,,,
124.973287725,,,,,,
124.9733294,18325.0,155.64362336114425,6.424933951066354,,,
124.974327,,,,34769.0,517.6336746302617,1.931868131868132
124.97524085,,,,,,
124.97531555,,,,,,
124.977193975,,,,,,
124.9791471,,,,,,
124.9792218,,,,,,
124.981100225,,,,,,
124.9811419,18325.0,155.64362336114425,6.424933951066354,,,
124.9821395,,,,34769.0,517.6336746302617,1.931868131868132
124.98305335,,,,,,
124.98312805,,,,,,
124.984,,,,,,
124.985006475,,,,,,
124.9869596,,,,,,
124.9870343,,,,,,
124.988912725,,,,,,
124.9889544,18324.0,155.76739562624255,6.419828719480286,,,
124.989952,,,,34769.0,517.6336746302617,1.931868131868132
124.99086585,,,,,,
124.99094055,,,,,,
124.992818975,,,,,,
124.9947721,,,,,,
124.9948468,,,,,,
124.996725225,,,,,,
124.9967669,18324.0,155.76739562624255,6.419828719480286,,,
124.9977645,,,,34770.0,517.2413793103449,1.933333333333333
124.99867835,,,,,,
124.99875305,,,,,,
125.000631475,,,,,,
125.0025846,,,,,,
125.0026593,,,,,,
125.004,,,,,,
125.004537725,,,,,,
125.0045794,18325.0,155.64362336114425,6.424933951066354,,,
125.005577,,,,34769.0,517.6336746302617,1.931868131868132
125.00649085,,,,,,
125.00656555,,,,,,
125.008443975,,,,,,
125.0103971,,,,,,
125.0104718,,,,,,
125.012350225,,,,,,
125.0123919,18325.0,155.64362336114425,6.424933951066354,,,
125.0133895,,,,34769.0,517.6336746302617,1.931868131868132
125.01430335,,,,,,
125.01437805,,,,,,
125.016256475,,,,,,
125.0182096,,,,,,
125.0182843,,,,,,
125.020162725,,,,,,
125.0202044,18324.0,155.76739562624255,6.419828719480286,,,
125.021202,,,,34769.0,517.6336746302617,1.931868131868132
125.02211585,,,,,,
125.02219055,,,,,,
125.024,,,,,,
125.024068975,,,,,,
125.0260221,,,,,,
125.0260968,,,,,,
125.027975225,,,,,,
125.0280169,18325.0,155.64362336114425,6.424933951066354,,,
125.0290145,,,,34769.0,517.6336746302617,1.931868131868132
125.02992835,,,,,,
125.03000305,,,,,,
125.031881475,,,,,,
125.0338346,,,,,,
125.0339093,,,,,,
125.035787725,,,,,,
125.0358294,18325.0,155.64362336114425,6.424933951066354,,,
125.036827,,,,34770.0,517.2413793103449,1.933333333333333
125.03774085,,,,,,
125.03781555,,,,,,
125.039693975,,,,,,
125.0416471,,,,,,
125.0417218,,,,,,
125.043600225,,,,,,
125.0436419,18324.0,155.76739562624255,6.419828719480286,,,
125.044,,,,,,
125.0446395,,,,34769.0,517.6336746302617,1.931868131868132
125.04555335,,,,,,
125.04562805,,,,,,
125.047506475,,,,,,
125.0494596,,,,,,
125.0495343,,,,,,
125.051412725,,,,,,
125.0514544,18324.0,155.76739562624255,6.419828719480286,,,
125.052452,,,,34771.0,516.8496781522151,1.9347985347985344
125.05336585,,,,,,
125.05344055,,,,,,
125.055318975,,,,,,
125.0572721,,,,,,
125.0573468,,,,,,
125.059225225,,,,,,
125.0592669,18324.0,155.76739562624255,6.419828719480286,,,
125.0602645,,,,34769.0,517.6336746302617,1.931868131868132
125.06117835,,,,,,
125.06125305,,,,,,
125.063131475,,,,,,
125.064,,,,,,
125.0650846,,,,,,
125.0651593,,,,,,
125.067037725,,,,,,
125.0670794,18324.0,155.76739562624255,6.419828719480286,,,
125.068077,,,,34768.0,518.0265654648957,1.9304029304029304
125.06899085,,,,,,
125.06906555,,,,,,
125.070943975,,,,,,
125.0728971,,,,,,
125.0729718,,,,,,
125.074850225,,,,,,
125.0748919,18325.0,155.64362336114425,6.424933951066354,,,
125.0758895,,,,34768.0,518.0265654648957,1.9304029304029304
125.07680335,,,,,,
125.07687805,,,,,,
125.078756475,,,,,,
125.0807096,,,,,,
125.0807843,,,,,,
125.082662725,,,,,,
125.0827044,18324.0,155.76739562624255,6.419828719480286,,,
125.083702,,,,34769.0,517.6336746302617,1.931868131868132
125.084,,,,,,
125.08461585,,,,,,
125.08469055,,,,,,
125.086568975,,,,,,
125.0885221,,,,,,
125.0885968,,,,,,
125.090475225,,,,,,
125.0905169,18323.0,155.89136490250695,6.414723487894219,,,
125.0915145,,,,34770.0,517.2413793103449,1.933333333333333
125.09242835,,,,,,
125.09250305,,,,,,
125.094381475,,,,,,
125.0963346,,,,,,
125.0964093,,,,,,
125.098287725,,,,,,
125.0983294,18324.0,155.76739562624255,6.419828719480286,,,
125.099327,,,,34769.0,517.6336746302617,1.931868131868132
125.10024085,,,,,,
125.10031555,,,,,,
125.102193975,,,,,,
125.104,,,,,,
125.1041471,,,,,,
125.1042218,,,,,,
125.106100225,,,,,,
125.1061419,18324.0,155.76739562624255,6.419828719480286,,,
125.1071395,,,,34768.0,518.0265654648957,1.9304029304029304
125.10805335,,,,,,
125.10812805,,,,,,
125.110006475,,,,,,
125.1119596,,,,,,
125.1120343,,,,,,
125.113912725,,,,,,
125.1139544,18324.0,155.76739562624255,6.419828719480286,,,
125.114952,,,,34768.0,518.0265654648957,1.9304029304029304
125.11586585,,,,,,
125.11594055,,,,,,
125.117818975,,,,,,
125.1197721,,,,,,
125.1198468,,,,,,
125.121725225,,,,,,
125.1217669,18324.0,155.76739562624255,6.419828719480286,,,
125.1227645,,,,34769.0,517.6336746302617,1.931868131868132
125.12367835,,,,,,
125.12375305,,,,,,
125.124,,,,,,
125.125631475,,,,,,
125.1275846,,,,,,
125.1276593,,,,,,
125.129537725,,,,,,
125.1295794,18324.0,155.76739562624255,6.419828719480286,,,
125.130577,,,,34769.0,517.6336746302617,1.931868131868132
125.13149085,,,,,,
125.13156555,,,,,,
125.133443975,,,,,,
125.1353971,,,,,,
125.1354718,,,,,,
125.137350225,,,,,,
125.1373919,18323.0,155.89136490250695,6.414723487894219,,,
125.1383895,,,,34769.0,517.6336746302617,1.931868131868132
125.13930335,,,,,,
125.13937805,,,,,,
125.141256475,,,,,,
125.1432096,,,,,,
125.1432843,,,,,,
125.144,,,,,,
125.145162725,,,,,,
125.1452044,18323.0,155.89136490250695,6.414723487894219,,,
125.146202,,,,34768.0,518.0265654648957,1.9304029304029304
125.14711585,,,,,,
125.14719055,,,,,,
125.149068975,,,,,,
125.1510221,,,,,,
125.1510968,,,,,,
125.152975225,,,,,,
125.1530169,18324.0,155.76739562624255,6.419828719480286,,,
125.1540145,,,,34770.0,517.2413793103449,1.933333333333333
125.15492835,,,,,,
125.15500305,,,,,,
125.156881475,,,,,,
125.1588346,,,,,,
125.1589093,,,,,,
125.160787725,,,,,,
125.1608294,18324.0,155.76739562624255,6.419828719480286,,,
125.161827,,,,34770.0,517.2413793103449,1.933333333333333
125.16274085,,,,,,
125.16281555,,,,,,
125.164,,,,,,
125.164693975,,,,,,
125.1666471,,,,,,
125.1667218,,,,,,
125.168600225,,,,,,
125.1686419,18324.0,155.76739562624255,6.419828719480286,,,
125.1696395,,,,34770.0,517.2413793103449,1.933333333333333
125.17055335,,,,,,
125.17062805,,,,,,
125.172506475,,,,,,
125.1744596,,,,,,
125.1745343,,,,,,
125.176412725,,,,,,
125.1764544,18324.0,155.76739562624255,6.419828719480286,,,
125.177452,,,,34770.0,517.2413793103449,1.933333333333333
125.17836585,,,,,,
125.17844055,,,,,,
125.180318975,,,,,,
125.1822721,,,,,,
125.1823468,,,,,,
125.184,,,,,,
125.184225225,,,,,,
125.1842669,18324.0,155.76739562624255,6.419828719480286,,,
125.1852645,,,,34770.0,517.2413793103449,1.933333333333333
125.18617835,,,,,,
125.18625305,,,,,,
125.188131475,,,,,,
125.1900846,,,,,,
125.1901593,,,,,,
125.192037725,,,,,,
125.1920794,18324.0,155.76739562624255,6.419828719480286,,,
125.193077,,,,34771.0,516.8496781522151,1.9347985347985344
125.19399085,,,,,,
125.19406555,,,,,,
125.195943975,,,,,,
125.1978971,,,,,,
125.1979718,,,,,,
125.199850225,,,,,,
125.1998919,18324.0,155.76739562624255,6.419828719480286,,,
125.2008895,,,,34770.0,517.2413793103449,1.933333333333333
125.20180335,,,,,,
125.20187805,,,,,,
125.203756475,,,,,,
125.204,,,,,,
125.2057096,,,,,,
125.2057843,,,,,,
125.207662725,,,,,,
125.2077044,18324.0,155.76739562624255,6.419828719480286,,,
125.208702,,,,34769.0,517.6336746302617,1.931868131868132
125.20961585,,,,,,
125.20969055,,,,,,
125.211568975,,,,,,
125.2135221,,,,,,
125.2135968,,,,,,
125.215475225,,,,,,
125.2155169,18323.0,155.89136490250695,6.414723487894219,,,
125.2165145,,,,34770.0,517.2413793103449,1.933333333333333
125.21742835,,,,,,
125.21750305,,,,,,
125.219381475,,,,,,
125.2213346,,,,,,
125.2214093,,,,,,
125.223287725,,,,,,
125.2233294,18325.0,155.64362336114425,6.424933951066354,,,
125.224,,,,,,
125.224327,,,,34770.0,517.2413793103449,1.933333333333333
125.22524085,,,,,,
125.22531555,,,,,,
125.227193975,,,,,,
125.2291471,,,,,,
125.2292218,,,,,,
125.231100225,,,,,,
125.2311419,18324.0,155.76739562624255,6.419828719480286,,,
125.2321395,,,,34770.0,517.2413793103449,1.933333333333333
125.23305335,,,,,,
125.23312805,,,,,,
125.235006475,,,,,,
125.2369596,,,,,,
125.2370343,,,,,,
125.238912725,,,,,,
125.2389544,18324.0,155.76739562624255,6.419828719480286,,,
125.239952,,,,34770.0,517.2413793103449,1.933333333333333
125.24086585,,,,,,
125.24094055,,,,,,
125.242818975,,,,,,
125.244,,,,,,
125.2447721,,,,,,
125.2448468,,,,,,
125.246725225,,,,,,
125.2467669,18323.0,155.89136490250695,6.414723487894219,,,
125.2477645,,,,34770.0,517.2413793103449,1.933333333333333
125.24867835,,,,,,
125.24875305,,,,,,
125.250631475,,,,,,
125.2525846,,,,,,
125.2526593,,,,,,
125.254537725,,,,,,
125.2545794,18324.0,155.76739562624255,6.419828719480286,,,
125.255577,,,,34770.0,517.2413793103449,1.933333333333333
125.25649085,,,,,,
125.25656555,,,,,,
125.258443975,,,,,,
125.2603971,,,,,,
125.2604718,,,,,,
125.262350225,,,,,,
125.2623919,18323.0,155.89136490250695,6.414723487894219,,,
125.2633895,,,,34769.0,517.6336746302617,1.931868131868132
125.264,,,,,,
125.26430335,,,,,,
125.26437805,,,,,,
125.266256475,,,,,,
125.2682096,,,,,,
125.2682843,,,,,,
125.270162725,,,,,,
125.2702044,18324.0,155.76739562624255,6.419828719480286,,,
125.271202,,,,34769.0,517.6336746302617,1.931868131868132
125.27211585,,,,,,
125.27219055,,,,,,
125.274068975,,,,,,
125.2760221,,,,,,
125.2760968,,,,,,
125.277975225,,,,,,
125.2780169,18324.0,155.76739562624255,6.419828719480286,,,
125.2790145,,,,34770.0,517.2413793103449,1.933333333333333
125.27992835,,,,,,
125.28000305,,,,,,
125.281881475,,,,,,
125.2838346,,,,,,
125.2839093,,,,,,
125.284,,,,,,
125.285787725,,,,,,
125.2858294,18324.0,155.76739562624255,6.419828719480286,,,
125.286827,,,,34769.0,517.6336746302617,1.931868131868132
125.28774085,,,,,,
125.28781555,,,,,,
125.289693975,,,,,,
125.2916471,,,,,,
125.2917218,,,,,,
125.293600225,,,,,,
125.2936419,18323.0,155.89136490250695,6.414723487894219,,,
125.2946395,,,,34769.0,517.6336746302617,1.931868131868132
125.29555335,,,,,,
125.29562805,,,,,,
125.297506475,,,,,,
125.2994596,,,,,,
125.2995343,,,,,,
125.301412725,,,,,,
125.3014544,18323.0,155.89136490250695,6.414723487894219,,,
125.302452,,,,34769.0,517.6336746302617,1.931868131868132
125.30336585,,,,,,
125.30344055,,,,,,
125.304,,,,,,
125.305318975,,,,,,
125.3072721,,,,,,
125.3073468,,,,,,
125.309225225,,,,,,
125.3092669,18323.0,155.89136490250695,6.414723487894219,,,
125.3102645,,,,34770.0,517.2413793103449,1.933333333333333
125.31117835,,,,,,
125.31125305,,,,,,
125.313131475,,,,,,
125.3150846,,,,,,
125.3151593,,,,,,
125.317037725,,,,,,
125.3170794,18323.0,155.89136490250695,6.414723487894219,,,
125.318077,,,,34770.0,517.2413793103449,1.933333333333333
125.31899085,,,,,,
125.31906555,,,,,,
125.320943975,,,,,,
125.3228971,,,,,,
125.3229718,,,,,,
125.324,,,,,,
125.324850225,,,,,,
125.3248919,18323.0,155.89136490250695,6.414723487894219,,,
125.3258895,,,,34769.0,517.6336746302617,1.931868131868132
125.32680335,,,,,,
125.32687805,,,,,,
125.328756475,,,,,,
125.3307096,,,,,,
125.3307843,,,,,,
125.332662725,,,,,,
125.3327044,18324.0,155.76739562624255,6.419828719480286,,,
125.333702,,,,34770.0,517.2413793103449,1.933333333333333
125.33461585,,,,,,
125.33469055,,,,,,
125.336568975,,,,,,
125.3385221,,,,,,
125.3385968,,,,,,
125.340475225,,,,,,
125.3405169,18323.0,155.89136490250695,6.414723487894219,,,
125.3415145,,,,34769.0,517.6336746302617,1.931868131868132
125.34242835,,,,,,
125.34250305,,,,,,
125.344,,,,,,
125.344381475,,,,,,
125.3463346,,,,,,
125.3464093,,,,,,
125.348287725,,,,,,
125.3483294,18324.0,155.76739562624255,6.419828719480286,,,
125.349327,,,,34769.0,517.6336746302617,1.931868131868132
125.35024085,,,,,,
125.35031555,,,,,,
125.352193975,,,,,,
125.3541471,,,,,,
125.3542218,,,,,,
125.356100225,,,,,,
125.3561419,18324.0,155.76739562624255,6.419828719480286,,,
125.3571395,,,,34770.0,517.2413793103449,1.933333333333333
125.35805335,,,,,,
125.35812805,,,,,,
125.360006475,,,,,,
125.3619596,,,,,,
125.3620343,,,,,,
125.363912725,,,,,,
125.3639544,18323.0,155.89136490250695,6.414723487894219,,,
125.364,,,,,,
125.364952,,,,34768.0,518.0265654648957,1.9304029304029304
125.36586585,,,,,,
125.36594055,,,,,,
125.367818975,,,,,,
125.3697721,,,,,,
125.3698468,,,,,,
125.371725225,,,,,,
125.3717669,18323.0,155.89136490250695,6.414723487894219,,,
125.3727645,,,,34770.0,517.2413793103449,1.933333333333333
125.37367835,,,,,,
125.37375305,,,,,,
125.375631475,,,,,,
125.3775846,,,,,,
125.3776593,,,,,,
125.379537725,,,,,,
125.3795794,18323.0,155.89136490250695,6.414723487894219,,,
125.380577,,,,34770.0,517.2413793103449,1.933333333333333
125.38149085,,,,,,
125.38156555,,,,,,
125.383443975,,,,,,
125.384,,,,,,
125.3853971,,,,,,
125.3854718,,,,,,
125.387350225,,,,,,
125.3873919,18323.0,155.89136490250695,6.414723487894219,,,
125.3883895,,,,34769.0,517.6336746302617,1.931868131868132
125.38930335,,,,,,
125.38937805,,,,,,
125.391256475,,,,,,
125.3932096,,,,,,
125.3932843,,,,,,
125.395162725,,,,,,
125.3952044,18324.0,155.76739562624255,6.419828719480286,,,
125.396202,,,,34770.0,517.2413793103449,1.933333333333333
125.39711585,,,,,,
125.39719055,,,,,,
125.399068975,,,,,,
125.4010221,,,,,,
125.4010968,,,,,,
125.402975225,,,,,,
125.4030169,18323.0,155.89136490250695,6.414723487894219,,,
125.404,,,,,,
125.4040145,,,,34770.0,517.2413793103449,1.933333333333333
125.40492835,,,,,,
125.40500305,,,,,,
125.406881475,,,,,,
125.4088346,,,,,,
125.4089093,,,,,,
125.410787725,,,,,,
125.4108294,18324.0,155.76739562624255,6.419828719480286,,,
125.411827,,,,34769.0,517.6336746302617,1.931868131868132
125.41274085,,,,,,
125.41281555,,,,,,
125.414693975,,,,,,
125.4166471,,,,,,
125.4167218,,,,,,
125.418600225,,,,,,
125.4186419,18324.0,155.76739562624255,6.419828719480286,,,
125.4196395,,,,34769.0,517.6336746302617,1.931868131868132
125.42055335,,,,,,
125.42062805,,,,,,
125.422506475,,,,,,
125.424,,,,,,
125.4244596,,,,,,
125.4245343,,,,,,
125.426412725,,,,,,
125.4264544,18324.0,155.76739562624255,6.419828719480286,,,
125.427452,,,,34769.0,517.6336746302617,1.931868131868132
125.42836585,,,,,,
125.42844055,,,,,,
125.430318975,,,,,,
125.4322721,,,,,,
125.4323468,,,,,,
125.434225225,,,,,,
125.4342669,18323.0,155.89136490250695,6.414723487894219,,,
125.4352645,,,,34770.0,517.2413793103449,1.933333333333333
125.43617835,,,,,,
125.43625305,,,,,,
125.438131475,,,,,,
125.4400846,,,,,,
125.4401593,,,,,,
125.442037725,,,,,,
125.4420794,18323.0,155.89136490250695,6.414723487894219,,,
125.443077,,,,34769.0,517.6336746302617,1.931868131868132
125.44399085,,,,,,
125.444,,,,,,
125.44406555,,,,,,
125.445943975,,,,,,
125.4478971,,,,,,
125.4479718,,,,,,
125.449850225,,,,,,
125.4498919,18323.0,155.89136490250695,6.414723487894219,,,
125.4508895,,,,34769.0,517.6336746302617,1.931868131868132
125.45180335,,,,,,
125.45187805,,,,,,
125.453756475,,,,,,
125.4557096,,,,,,
125.4557843,,,,,,
125.457662725,,,,,,
125.4577044,18323.0,155.89136490250695,6.414723487894219,,,
125.458702,,,,34769.0,517.6336746302617,1.931868131868132
125.45961585,,,,,,
125.45969055,,,,,,
125.461568975,,,,,,
125.4635221,,,,,,
125.4635968,,,,,,
125.464,,,,,,
125.465475225,,,,,,
125.4655169,18323.0,155.89136490250695,6.414723487894219,,,
125.4665145,,,,34769.0,517.6336746302617,1.931868131868132
125.46742835,,,,,,
125.46750305,,,,,,
125.469381475,,,,,,
125.4713346,,,,,,
125.4714093,,,,,,
125.473287725,,,,,,
125.4733294,18323.0,155.89136490250695,6.414723487894219,,,
125.474327,,,,34770.0,517.2413793103449,1.933333333333333
125.47524085,,,,,,
125.47531555,,,,,,
125.477193975,,,,,,
125.4791471,,,,,,
125.4792218,,,,,,
125.481100225,,,,,,
125.4811419,18324.0,155.76739562624255,6.419828719480286,,,
125.4821395,,,,34769.0,517.6336746302617,1.931868131868132
125.48305335,,,,,,
125.48312805,,,,,,
125.484,,,,,,
125.485006475,,,,,,
125.4869596,,,,,,
125.4870343,,,,,,
125.488912725,,,,,,
125.4889544,18324.0,155.76739562624255,6.419828719480286,,,
125.489952,,,,34769.0,517.6336746302617,1.931868131868132
125.49086585,,,,,,
125.49094055,,,,,,
125.492818975,,,,,,
125.4947721,,,,,,
125.4948468,,,,,,
125.496725225,,,,,,
125.4967669,18323.0,155.89136490250695,6.414723487894219,,,
125.4977645,,,,34770.0,517.2413793103449,1.933333333333333
125.49867835,,,,,,
125.49875305,,,,,,
125.500631475,,,,,,
125.5025846,,,,,,
125.5026593,,,,,,
125.504,,,,,,
125.504537725,,,,,,
125.5045794,18323.0,155.89136490250695,6.414723487894219,,,
125.505577,,,,34769.0,517.6336746302617,1.931868131868132
125.50649085,,,,,,
125.50656555,,,,,,
125.508443975,,,,,,
125.5103971,,,,,,
125.5104718,,,,,,
125.512350225,,,,,,
125.5123919,18324.0,155.76739562624255,6.419828719480286,,,
125.5133895,,,,34770.0,517.2413793103449,1.933333333333333
125.51430335,,,,,,
125.51437805,,,,,,
125.516256475,,,,,,
125.5182096,,,,,,
125.5182843,,,,,,
125.520162725,,,,,,
125.5202044,18323.0,155.89136490250695,6.414723487894219,,,
125.521202,,,,34768.0,518.0265654648957,1.9304029304029304
125.52211585,,,,,,
125.52219055,,,,,,
125.524,,,,,,
125.524068975,,,,,,
125.5260221,,,,,,
125.5260968,,,,,,
125.527975225,,,,,,
125.5280169,18323.0,155.89136490250695,6.414723487894219,,,
125.5290145,,,,34769.0,517.6336746302617,1.931868131868132
125.52992835,,,,,,
125.53000305,,,,,,
125.531881475,,,,,,
125.5338346,,,,,,
125.5339093,,,,,,
125.535787725,,,,,,
125.5358294,18324.0,155.76739562624255,6.419828719480286,,,
125.536827,,,,34770.0,517.2413793103449,1.933333333333333
125.53774085,,,,,,
125.53781555,,,,,,
125.539693975,,,,,,
125.5416471,,,,,,
125.5417218,,,,,,
125.543600225,,,,,,
125.5436419,18323.0,155.89136490250695,6.414723487894219,,,
125.544,,,,,,
125.5446395,,,,34769.0,517.6336746302617,1.931868131868132
125.54555335,,,,,,
125.54562805,,,,,,
125.547506475,,,,,,
125.5494596,,,,,,
125.5495343,,,,,,
125.551412725,,,,,,
125.5514544,18324.0,155.76739562624255,6.419828719480286,,,
125.552452,,,,34768.0,518.0265654648957,1.9304029304029304
125.55336585,,,,,,
125.55344055,,,,,,
125.555318975,,,,,,
125.5572721,,,,,,
125.5573468,,,,,,
125.559225225,,,,,,
125.5592669,18324.0,155.76739562624255,6.419828719480286,,,
125.5602645,,,,34770.0,517.2413793103449,1.933333333333333
125.5605209,,,,,,
125.56117835,,,,,,
125.56125305,,,,,,
125.563131475,,,,,,
125.564,,,,,,
125.5650846,,,,,,
125.5651593,,,,,,
125.567037725,,,,,,
125.5670794,18323.0,155.89136490250695,6.414723487894219,,,
125.568077,,,,34769.0,517.6336746302617,1.931868131868132
125.56899085,,,,,,
125.56906555,,,,,,
125.570943975,,,,,,
125.5728971,,,,,,
125.5729718,,,,,,
125.574850225,,,,,,
125.5748919,18322.0,156.01553166069294,6.4096182563081525,,,
125.5758895,,,,34769.0,517.6336746302617,1.931868131868132
125.57680335,,,,,,
125.57687805,,,,,,
125.578756475,,,,,,
125.5807096,,,,,,
125.5807843,,,,,,
125.582662725,,,,,,
125.5827044,18323.0,155.89136490250695,6.414723487894219,,,
125.583702,,,,34769.0,517.6336746302617,1.931868131868132
125.584,,,,,,
125.58461585,,,,,,
125.58469055,,,,,,
125.586568975,,,,,,
125.5885221,,,,,,
125.5885968,,,,,,
125.590475225,,,,,,
125.5905169,18323.0,155.89136490250695,6.414723487894219,,,
125.5915145,,,,34770.0,517.2413793103449,1.933333333333333
125.59242835,,,,,,
125.59250305,,,,,,
125.594381475,,,,,,
125.5963346,,,,,,
125.5964093,,,,,,
125.598287725,,,,,,
125.5983294,18324.0,155.76739562624255,6.419828719480286,,,
125.599327,,,,34770.0,517.2413793103449,1.933333333333333
125.60024085,,,,,,
125.60031555,,,,,,
125.602193975,,,,,,
125.604,,,,,,
125.6041471,,,,,,
125.6042218,,,,,,
125.606100225,,,,,,
125.6061419,18324.0,155.76739562624255,6.419828719480286,,,
125.6071395,,,,34769.0,517.6336746302617,1.931868131868132
125.60805335,,,,,,
125.60812805,,,,,,
125.610006475,,,,,,
125.6119596,,,,,,
125.6120343,,,,,,
125.613912725,,,,,,
125.6139544,18323.0,155.89136490250695,6.414723487894219,,,
125.614952,,,,34770.0,517.2413793103449,1.933333333333333
125.61586585,,,,,,
125.61594055,,,,,,
125.617818975,,,,,,
125.6197721,,,,,,
125.6198468,,,,,,
125.621725225,,,,,,
125.6217669,18323.0,155.89136490250695,6.414723487894219,,,
125.6227645,,,,34770.0,517.2413793103449,1.933333333333333
125.62367835,,,,,,
125.62375305,,,,,,
125.624,,,,,,
125.625631475,,,,,,
125.6275846,,,,,,
125.6276593,,,,,,
125.629537725,,,,,,
125.6295794,18323.0,155.89136490250695,6.414723487894219,,,
125.630577,,,,34769.0,517.6336746302617,1.931868131868132
125.63149085,,,,,,
125.63156555,,,,,,
125.633443975,,,,,,
125.6353971,,,,,,
125.6354718,,,,,,
125.637350225,,,,,,
125.6373919,18324.0,155.76739562624255,6.419828719480286,,,
125.6383895,,,,34770.0,517.2413793103449,1.933333333333333
125.63930335,,,,,,
125.63937805,,,,,,
125.641256475,,,,,,
125.6432096,,,,,,
125.6432843,,,,,,
125.644,,,,,,
125.645162725,,,,,,
125.6452044,18323.0,155.89136490250695,6.414723487894219,,,
125.646202,,,,34769.0,517.6336746302617,1.931868131868132
125.64711585,,,,,,
125.64719055,,,,,,
125.649068975,,,,,,
125.6510221,,,,,,
125.6510968,,,,,,
125.652975225,,,,,,
125.6530169,18323.0,155.89136490250695,6.414723487894219,,,
125.6540145,,,,34770.0,517.2413793103449,1.933333333333333
125.65492835,,,,,,
125.65500305,,,,,,
125.656881475,,,,,,
125.6588346,,,,,,
125.6589093,,,,,,
125.660787725,,,,,,
125.6608294,18323.0,155.89136490250695,6.414723487894219,,,
125.661827,,,,34770.0,517.2413793103449,1.933333333333333
125.66274085,,,,,,
125.66281555,,,,,,
125.664,,,,,,
125.664693975,,,,,,
125.6666471,,,,,,
125.6667218,,,,,,
125.668600225,,,,,,
125.6686419,18322.0,156.01553166069294,6.4096182563081525,,,
125.6696395,,,,34769.0,517.6336746302617,1.931868131868132
125.67055335,,,,,,
125.67062805,,,,,,
125.672506475,,,,,,
125.6744596,,,,,,
125.6745343,,,,,,
125.676412725,,,,,,
125.6764544,18323.0,155.89136490250695,6.414723487894219,,,
125.677452,,,,34769.0,517.6336746302617,1.931868131868132
125.67836585,,,,,,
125.67844055,,,,,,
125.680318975,,,,,,
125.6822721,,,,,,
125.6823468,,,,,,
125.684,,,,,,
125.684225225,,,,,,
125.6842669,18323.0,155.89136490250695,6.414723487894219,,,
125.6852645,,,,34769.0,517.6336746302617,1.931868131868132
125.68617835,,,,,,
125.68625305,,,,,,
125.688131475,,,,,,
125.6900846,,,,,,
125.6901593,,,,,,
125.692037725,,,,,,
125.6920794,18323.0,155.89136490250695,6.414723487894219,,,
125.693077,,,,34769.0,517.6336746302617,1.931868131868132
125.69399085,,,,,,
125.69406555,,,,,,
125.695943975,,,,,,
125.6978971,,,,,,
125.6979718,,,,,,
125.699850225,,,,,,
125.6998919,18323.0,155.89136490250695,6.414723487894219,,,
125.7008895,,,,34769.0,517.6336746302617,1.931868131868132
125.70180335,,,,,,
125.70187805,,,,,,
125.703756475,,,,,,
125.704,,,,,,
125.7057096,,,,,,
125.7057843,,,,,,
125.707662725,,,,,,
125.7077044,18323.0,155.89136490250695,6.414723487894219,,,
125.708702,,,,34768.0,518.0265654648957,1.9304029304029304
125.70961585,,,,,,
125.70969055,,,,,,
125.711568975,,,,,,
125.7135221,,,,,,
125.7135968,,,,,,
125.715475225,,,,,,
125.7155169,18323.0,155.89136490250695,6.414723487894219,,,
125.7165145,,,,34769.0,517.6336746302617,1.931868131868132
125.71742835,,,,,,
125.71750305,,,,,,
125.719381475,,,,,,
125.7213346,,,,,,
125.7214093,,,,,,
125.723287725,,,,,,
125.7233294,18323.0,155.89136490250695,6.414723487894219,,,
125.724,,,,,,
125.724327,,,,34769.0,517.6336746302617,1.931868131868132
125.72524085,,,,,,
125.72531555,,,,,,
125.727193975,,,,,,
125.7291471,,,,,,
125.7292218,,,,,,
125.731100225,,,,,,
125.7311419,18323.0,155.89136490250695,6.414723487894219,,,
125.7321395,,,,34769.0,517.6336746302617,1.931868131868132
125.73305335,,,,,,
125.73312805,,,,,,
125.735006475,,,,,,
125.7369596,,,,,,
125.7370343,,,,,,
125.738912725,,,,,,
125.7389544,18322.0,156.01553166069294,6.4096182563081525,,,
125.739952,,,,34769.0,517.6336746302617,1.931868131868132
125.74086585,,,,,,
125.74094055,,,,,,
125.742818975,,,,,,
125.744,,,,,,
125.7447721,,,,,,
125.7448468,,,,,,
125.746725225,,,,,,
125.7467669,18324.0,155.76739562624255,6.419828719480286,,,
125.7477645,,,,34769.0,517.6336746302617,1.931868131868132
125.74867835,,,,,,
125.74875305,,,,,,
125.750631475,,,,,,
125.7525846,,,,,,
125.7526593,,,,,,
125.754537725,,,,,,
125.7545794,18322.0,156.01553166069294,6.4096182563081525,,,
125.755577,,,,34770.0,517.2413793103449,1.933333333333333
125.75649085,,,,,,
125.75656555,,,,,,
125.758443975,,,,,,
125.7603971,,,,,,
125.7604718,,,,,,
125.762350225,,,,,,
125.7623919,18322.0,156.01553166069294,6.4096182563081525,,,
125.7633895,,,,34769.0,517.6336746302617,1.931868131868132
125.764,,,,,,
125.76430335,,,,,,
125.76437805,,,,,,
125.766256475,,,,,,
125.7682096,,,,,,
125.7682843,,,,,,
125.770162725,,,,,,
125.7702044,18322.0,156.01553166069294,6.4096182563081525,,,
125.771202,,,,34769.0,517.6336746302617,1.931868131868132
125.77211585,,,,,,
125.77219055,,,,,,
125.774068975,,,,,,
125.7760221,,,,,,
125.7760968,,,,,,
125.777975225,,,,,,
125.7780169,18322.0,156.01553166069294,6.4096182563081525,,,
125.7790145,,,,34769.0,517.6336746302617,1.931868131868132
125.77992835,,,,,,
125.78000305,,,,,,
125.781881475,,,,,,
125.7838346,,,,,,
125.7839093,,,,,,
125.784,,,,,,
125.785787725,,,,,,
125.7858294,18323.0,155.89136490250695,6.414723487894219,,,
125.786827,,,,34769.0,517.6336746302617,1.931868131868132
125.78774085,,,,,,
125.78781555,,,,,,
125.789693975,,,,,,
125.7916471,,,,,,
125.7917218,,,,,,
125.793600225,,,,,,
125.7936419,18322.0,156.01553166069294,6.4096182563081525,,,
125.7946395,,,,34769.0,517.6336746302617,1.931868131868132
125.79555335,,,,,,
125.79562805,,,,,,
125.797506475,,,,,,
125.7994596,,,,,,
125.7995343,,,,,,
125.801412725,,,,,,
125.8014544,18322.0,156.01553166069294,6.4096182563081525,,,
125.802452,,,,34768.0,518.0265654648957,1.9304029304029304
125.80336585,,,,,,
125.80344055,,,,,,
125.804,,,,,,
125.805318975,,,,,,
125.8072721,,,,,,
125.8073468,,,,,,
125.809225225,,,,,,
125.8092669,18324.0,155.76739562624255,6.419828719480286,,,
125.8102645,,,,34769.0,517.6336746302617,1.931868131868132
125.81117835,,,,,,
125.81125305,,,,,,
125.813131475,,,,,,
125.8150846,,,,,,
125.8151593,,,,,,
125.817037725,,,,,,
125.8170794,18322.0,156.01553166069294,6.4096182563081525,,,
125.818077,,,,34769.0,517.6336746302617,1.931868131868132
125.81899085,,,,,,
125.81906555,,,,,,
125.820943975,,,,,,
125.8228971,,,,,,
125.8229718,,,,,,
125.824,,,,,,
125.824850225,,,,,,
125.8248919,18322.0,156.01553166069294,6.4096182563081525,,,
125.8258895,,,,34769.0,517.6336746302617,1.931868131868132
125.82680335,,,,,,
125.82687805,,,,,,
125.828756475,,,,,,
125.8307096,,,,,,
125.8307843,,,,,,
125.832662725,,,,,,
125.8327044,18322.0,156.01553166069294,6.4096182563081525,,,
125.833702,,,,34769.0,517.6336746302617,1.931868131868132
125.83461585,,,,,,
125.83469055,,,,,,
125.836568975,,,,,,
125.8385221,,,,,,
125.8385968,,,,,,
125.840475225,,,,,,
125.8405169,18322.0,156.01553166069294,6.4096182563081525,,,
125.8415145,,,,34770.0,517.2413793103449,1.933333333333333
125.84242835,,,,,,
125.84250305,,,,,,
125.844,,,,,,
125.844381475,,,,,,
125.8463346,,,,,,
125.8464093,,,,,,
125.848287725,,,,,,
125.8483294,18322.0,156.01553166069294,6.4096182563081525,,,
125.849327,,,,34768.0,518.0265654648957,1.9304029304029304
125.85024085,,,,,,
125.85031555,,,,,,
125.852193975,,,,,,
125.8541471,,,,,,
125.8542218,,,,,,
125.856100225,,,,,,
125.8561419,18323.0,155.89136490250695,6.414723487894219,,,
125.8571395,,,,34770.0,517.2413793103449,1.933333333333333
125.85805335,,,,,,
125.85812805,,,,,,
125.860006475,,,,,,
125.8619596,,,,,,
125.8620343,,,,,,
125.863912725,,,,,,
125.8639544,18322.0,156.01553166069294,6.4096182563081525,,,
125.864,,,,,,
125.864952,,,,34769.0,517.6336746302617,1.931868131868132
125.86586585,,,,,,
125.86594055,,,,,,
125.867818975,,,,,,
125.8697721,,,,,,
125.8698468,,,,,,
125.871725225,,,,,,
125.8717669,18322.0,156.01553166069294,6.4096182563081525,,,
125.8727645,,,,34770.0,517.2413793103449,1.933333333333333
125.87367835,,,,,,
125.87375305,,,,,,
125.875631475,,,,,,
125.8775846,,,,,,
125.8776593,,,,,,
125.879537725,,,,,,
125.8795794,18322.0,156.01553166069294,6.4096182563081525,,,
125.880577,,,,34769.0,517.6336746302617,1.931868131868132
125.88149085,,,,,,
125.88156555,,,,,,
125.883443975,,,,,,
125.884,,,,,,
125.8853971,,,,,,
125.8854718,,,,,,
125.887350225,,,,,,
125.8873919,18324.0,155.76739562624255,6.419828719480286,,,
125.8883895,,,,34769.0,517.6336746302617,1.931868131868132
125.88930335,,,,,,
125.88937805,,,,,,
125.891256475,,,,,,
125.8932096,,,,,,
125.8932843,,,,,,
125.895162725,,,,,,
125.8952044,18322.0,156.01553166069294,6.4096182563081525,,,
125.896202,,,,34770.0,517.2413793103449,1.933333333333333
125.89711585,,,,,,
125.89719055,,,,,,
125.899068975,,,,,,
125.9010221,,,,,,
125.9010968,,,,,,
125.902975225,,,,,,
125.9030169,18322.0,156.01553166069294,6.4096182563081525,,,
125.904,,,,,,
125.9040145,,,,34770.0,517.2413793103449,1.933333333333333
125.90492835,,,,,,
125.90500305,,,,,,
125.906881475,,,,,,
125.9088346,,,,,,
125.9089093,,,,,,
125.910787725,,,,,,
125.9108294,18322.0,156.01553166069294,6.4096182563081525,,,
125.911827,,,,34770.0,517.2413793103449,1.933333333333333
125.91274085,,,,,,
125.91281555,,,,,,
125.914693975,,,,,,
125.9166471,,,,,,
125.9167218,,,,,,
125.918600225,,,,,,
125.9186419,18323.0,155.89136490250695,6.414723487894219,,,
125.9196395,,,,34769.0,517.6336746302617,1.931868131868132
125.92055335,,,,,,
125.92062805,,,,,,
125.922506475,,,,,,
125.924,,,,,,
125.9244596,,,,,,
125.9245343,,,,,,
125.926412725,,,,,,
125.9264544,18322.0,156.01553166069294,6.4096182563081525,,,
125.927452,,,,34769.0,517.6336746302617,1.931868131868132
125.92836585,,,,,,
125.92844055,,,,,,
125.930318975,,,,,,
125.9322721,,,,,,
125.9323468,,,,,,
125.934225225,,,,,,
125.9342669,18322.0,156.01553166069294,6.4096182563081525,,,
125.9352645,,,,34769.0,517.6336746302617,1.931868131868132
125.93617835,,,,,,
125.93625305,,,,,,
125.938131475,,,,,,
125.9400846,,,,,,
125.9401593,,,,,,
125.942037725,,,,,,
125.9420794,18323.0,155.89136490250695,6.414723487894219,,,
125.943077,,,,34769.0,517.6336746302617,1.931868131868132
125.94399085,,,,,,
125.944,,,,,,
125.94406555,,,,,,
125.945943975,,,,,,
125.9478971,,,,,,
125.9479718,,,,,,
125.949850225,,,,,,
125.9498919,18323.0,155.89136490250695,6.414723487894219,,,
125.9508895,,,,34769.0,517.6336746302617,1.931868131868132
125.95180335,,,,,,
125.95187805,,,,,,
125.953756475,,,,,,
125.9557096,,,,,,
125.9557843,,,,,,
125.957662725,,,,,,
125.9577044,18322.0,156.01553166069294,6.4096182563081525,,,
125.958702,,,,34769.0,517.6336746302617,1.931868131868132
125.95961585,,,,,,
125.95969055,,,,,,
125.961568975,,,,,,
125.9635221,,,,,,
125.9635968,,,,,,
125.964,,,,,,
125.965475225,,,,,,
125.9655169,18322.0,156.01553166069294,6.4096182563081525,,,
125.9665145,,,,34769.0,517.6336746302617,1.931868131868132
125.96742835,,,,,,
125.96750305,,,,,,
125.969381475,,,,,,
125.9713346,,,,,,
125.9714093,,,,,,
125.973287725,,,,,,
125.9733294,18321.0,156.13989637305696,6.4045130247220845,,,
125.974327,,,,34769.0,517.6336746302617,1.931868131868132
125.97524085,,,,,,
125.97531555,,,,,,
125.977193975,,,,,,
125.9791471,,,,,,
125.9792218,,,,,,
125.981100225,,,,,,
125.9811419,18322.0,156.01553166069294,6.4096182563081525,,,
125.9821395,,,,34769.0,517.6336746302617,1.931868131868132
125.98305335,,,,,,
125.98312805,,,,,,
125.984,,,,,,
125.985006475,,,,,,
125.9869596,,,,,,
125.9870343,,,,,,
125.988912725,,,,,,
125.9889544,18322.0,156.01553166069294,6.4096182563081525,,,
125.989952,,,,34769.0,517.6336746302617,1.931868131868132
125.99086585,,,,,,
125.99094055,,,,,,
125.992818975,,,,,,
125.9947721,,,,,,
125.9948468,,,,,,
125.996725225,,,,,,
125.9967669,18322.0,156.01553166069294,6.4096182563081525,,,
125.9977645,,,,34769.0,517.6336746302617,1.931868131868132
125.99867835,,,,,,
125.99875305,,,,,,
126.000631475,,,,,,
126.0025846,,,,,,
126.0026593,,,,,,
126.004,,,,,,
126.004537725,,,,,,
126.0045794,18321.0,156.13989637305696,6.4045130247220845,,,
126.005577,,,,34769.0,517.6336746302617,1.931868131868132
126.00649085,,,,,,
126.00656555,,,,,,
126.008443975,,,,,,
126.0103971,,,,,,
126.0104718,,,,,,
126.012350225,,,,,,
126.0123919,18322.0,156.01553166069294,6.4096182563081525,,,
126.0133895,,,,34769.0,517.6336746302617,1.931868131868132
126.01430335,,,,,,
126.01437805,,,,,,
126.016256475,,,,,,
126.0182096,,,,,,
126.0182843,,,,,,
126.020162725,,,,,,
126.0202044,18322.0,156.01553166069294,6.4096182563081525,,,
126.021202,,,,34769.0,517.6336746302617,1.931868131868132
126.02211585,,,,,,
126.02219055,,,,,,
126.024,,,,,,
126.024068975,,,,,,
126.0260221,,,,,,
126.0260968,,,,,,
126.027975225,,,,,,
126.0280169,18321.0,156.13989637305696,6.4045130247220845,,,
126.0290145,,,,34769.0,517.6336746302617,1.931868131868132
126.02992835,,,,,,
126.03000305,,,,,,
126.031881475,,,,,,
126.0338346,,,,,,
126.0339093,,,,,,
126.035787725,,,,,,
126.0358294,18322.0,156.01553166069294,6.4096182563081525,,,
126.036827,,,,34769.0,517.6336746302617,1.931868131868132
126.03774085,,,,,,
126.03781555,,,,,,
126.039693975,,,,,,
126.0416471,,,,,,
126.0417218,,,,,,
126.043600225,,,,,,
126.0436419,18322.0,156.01553166069294,6.4096182563081525,,,
126.044,,,,,,
126.0446395,,,,34769.0,517.6336746302617,1.931868131868132
126.04555335,,,,,,
126.04562805,,,,,,
126.047506475,,,,,,
126.0494596,,,,,,
126.0495343,,,,,,
126.051412725,,,,,,
126.0514544,18322.0,156.01553166069294,6.4096182563081525,,,
126.052452,,,,34768.0,518.0265654648957,1.9304029304029304
126.05336585,,,,,,
126.05344055,,,,,,
126.055318975,,,,,,
126.0572721,,,,,,
126.0573468,,,,,,
126.059225225,,,,,,
126.0592669,18322.0,156.01553166069294,6.4096182563081525,,,
126.0602645,,,,34769.0,517.6336746302617,1.931868131868132
126.06117835,,,,,,
126.06125305,,,,,,
126.063131475,,,,,,
126.064,,,,,,
126.0650846,,,,,,
126.0651593,,,,,,
126.067037725,,,,,,
126.0670794,18322.0,156.01553166069294,6.4096182563081525,,,
126.068077,,,,34769.0,517.6336746302617,1.931868131868132
126.06899085,,,,,,
126.06906555,,,,,,
126.070943975,,,,,,
126.0728971,,,,,,
126.0729718,,,,,,
126.074850225,,,,,,
126.0748919,18322.0,156.01553166069294,6.4096182563081525,,,
126.0758895,,,,34770.0,517.2413793103449,1.933333333333333
126.07680335,,,,,,
126.07687805,,,,,,
126.078756475,,,,,,
126.0807096,,,,,,
126.0807843,,,,,,
126.082662725,,,,,,
126.0827044,18322.0,156.01553166069294,6.4096182563081525,,,
126.083702,,,,34769.0,517.6336746302617,1.931868131868132
126.084,,,,,,
126.08461585,,,,,,
126.08469055,,,,,,
126.086568975,,,,,,
126.0885221,,,,,,
126.0885968,,,,,,
126.090475225,,,,,,
126.0905169,18322.0,156.01553166069294,6.4096182563081525,,,
126.0915145,,,,34769.0,517.6336746302617,1.931868131868132
126.09242835,,,,,,
126.09250305,,,,,,
126.094381475,,,,,,
126.0963346,,,,,,
126.0964093,,,,,,
126.098287725,,,,,,
126.0983294,18321.0,156.13989637305696,6.4045130247220845,,,
126.099327,,,,34770.0,517.2413793103449,1.933333333333333
126.10024085,,,,,,
126.10031555,,,,,,
126.102193975,,,,,,
126.104,,,,,,
126.1041471,,,,,,
126.1042218,,,,,,
126.106100225,,,,,,
126.1061419,18322.0,156.01553166069294,6.4096182563081525,,,
126.1071395,,,,34768.0,518.0265654648957,1.9304029304029304
126.10805335,,,,,,
126.10812805,,,,,,
126.110006475,,,,,,
126.1119596,,,,,,
126.1120343,,,,,,
126.113912725,,,,,,
126.1139544,18322.0,156.01553166069294,6.4096182563081525,,,
126.114952,,,,34771.0,516.8496781522151,1.9347985347985344
126.11586585,,,,,,
126.11594055,,,,,,
126.117818975,,,,,,
126.1197721,,,,,,
126.1198468,,,,,,
126.121725225,,,,,,
126.1217669,18321.0,156.13989637305696,6.4045130247220845,,,
126.1227645,,,,34769.0,517.6336746302617,1.931868131868132
126.12367835,,,,,,
126.12375305,,,,,,
126.124,,,,,,
126.125631475,,,,,,
126.1275846,,,,,,
126.1276593,,,,,,
126.129537725,,,,,,
126.1295794,18321.0,156.13989637305696,6.4045130247220845,,,
126.130577,,,,34770.0,517.2413793103449,1.933333333333333
126.13149085,,,,,,
126.13156555,,,,,,
126.133443975,,,,,,
126.1353971,,,,,,
126.1354718,,,,,,
126.137350225,,,,,,
126.1373919,18322.0,156.01553166069294,6.4096182563081525,,,
126.1383895,,,,34770.0,517.2413793103449,1.933333333333333
126.13930335,,,,,,
126.13937805,,,,,,
126.141256475,,,,,,
126.1432096,,,,,,
126.1432843,,,,,,
126.144,,,,,,
126.145162725,,,,,,
126.1452044,18321.0,156.13989637305696,6.4045130247220845,,,
126.146202,,,,34768.0,518.0265654648957,1.9304029304029304
126.14711585,,,,,,
126.14719055,,,,,,
126.149068975,,,,,,
126.1510221,,,,,,
126.1510968,,,,,,
126.152975225,,,,,,
126.1530169,18323.0,155.89136490250695,6.414723487894219,,,
126.1540145,,,,34769.0,517.6336746302617,1.931868131868132
126.15492835,,,,,,
126.15500305,,,,,,
126.156881475,,,,,,
126.1588346,,,,,,
126.1589093,,,,,,
126.160787725,,,,,,
126.1608294,18321.0,156.13989637305696,6.4045130247220845,,,
126.161827,,,,34770.0,517.2413793103449,1.933333333333333
126.16274085,,,,,,
126.16281555,,,,,,
126.164,,,,,,
126.164693975,,,,,,
126.1666471,,,,,,
126.1667218,,,,,,
126.168600225,,,,,,
126.1686419,18322.0,156.01553166069294,6.4096182563081525,,,
126.1696395,,,,34769.0,517.6336746302617,1.931868131868132
126.17055335,,,,,,
126.17062805,,,,,,
126.172506475,,,,,,
126.1744596,,,,,,
126.1745343,,,,,,
126.176412725,,,,,,
126.1764544,18322.0,156.01553166069294,6.4096182563081525,,,
126.177452,,,,34769.0,517.6336746302617,1.931868131868132
126.17836585,,,,,,
126.17844055,,,,,,
126.180318975,,,,,,
126.1822721,,,,,,
126.1823468,,,,,,
126.184,,,,,,
126.184225225,,,,,,
126.1842669,18322.0,156.01553166069294,6.4096182563081525,,,
126.1852645,,,,34769.0,517.6336746302617,1.931868131868132
126.18617835,,,,,,
126.18625305,,,,,,
126.188131475,,,,,,
126.1900846,,,,,,
126.1901593,,,,,,
126.192037725,,,,,,
126.1920794,18322.0,156.01553166069294,6.4096182563081525,,,
126.193077,,,,34770.0,517.2413793103449,1.933333333333333
126.19399085,,,,,,
126.19406555,,,,,,
126.195943975,,,,,,
126.1978971,,,,,,
126.1979718,,,,,,
126.199850225,,,,,,
126.1998919,18322.0,156.01553166069294,6.4096182563081525,,,
126.2008895,,,,34769.0,517.6336746302617,1.931868131868132
126.20180335,,,,,,
126.20187805,,,,,,
126.203756475,,,,,,
126.204,,,,,,
126.2057096,,,,,,
126.2057843,,,,,,
126.207662725,,,,,,
126.2077044,18322.0,156.01553166069294,6.4096182563081525,,,
126.208702,,,,34768.0,518.0265654648957,1.9304029304029304
126.20961585,,,,,,
126.20969055,,,,,,
126.211568975,,,,,,
126.2135221,,,,,,
126.2135968,,,,,,
126.215475225,,,,,,
126.2155169,18321.0,156.13989637305696,6.4045130247220845,,,
126.2165145,,,,34769.0,517.6336746302617,1.931868131868132
126.21742835,,,,,,
126.21750305,,,,,,
126.219381475,,,,,,
126.2213346,,,,,,
126.2214093,,,,,,
126.223287725,,,,,,
126.2233294,18320.0,156.26445951336257,6.399407793136017,,,
126.224,,,,,,
126.224327,,,,34770.0,517.2413793103449,1.933333333333333
126.22524085,,,,,,
126.22531555,,,,,,
126.227193975,,,,,,
126.2291471,,,,,,
126.2292218,,,,,,
126.231100225,,,,,,
126.2311419,18322.0,156.01553166069294,6.4096182563081525,,,
126.2321395,,,,34770.0,517.2413793103449,1.933333333333333
126.23305335,,,,,,
126.23312805,,,,,,
126.235006475,,,,,,
126.2369596,,,,,,
126.2370343,,,,,,
126.238912725,,,,,,
126.2389544,18321.0,156.13989637305696,6.4045130247220845,,,
126.239952,,,,34768.0,518.0265654648957,1.9304029304029304
126.24086585,,,,,,
126.24094055,,,,,,
126.242818975,,,,,,
126.244,,,,,,
126.2447721,,,,,,
126.2448468,,,,,,
126.246725225,,,,,,
126.2467669,18322.0,156.01553166069294,6.4096182563081525,,,
126.2477645,,,,34768.0,518.0265654648957,1.9304029304029304
126.24867835,,,,,,
126.24875305,,,,,,
126.250631475,,,,,,
126.2525846,,,,,,
126.2526593,,,,,,
126.254537725,,,,,,
126.2545794,18322.0,156.01553166069294,6.4096182563081525,,,
126.255577,,,,34769.0,517.6336746302617,1.931868131868132
126.25649085,,,,,,
126.25656555,,,,,,
126.258443975,,,,,,
126.2603971,,,,,,
126.2604718,,,,,,
126.262350225,,,,,,
126.2623919,18322.0,156.01553166069294,6.4096182563081525,,,
126.2633895,,,,34769.0,517.6336746302617,1.931868131868132
126.264,,,,,,
126.26430335,,,,,,
126.26437805,,,,,,
126.266256475,,,,,,
126.2682096,,,,,,
126.2682843,,,,,,
126.270162725,,,,,,
126.2702044,18322.0,156.01553166069294,6.4096182563081525,,,
126.271202,,,,34769.0,517.6336746302617,1.931868131868132
126.27211585,,,,,,
126.27219055,,,,,,
126.274068975,,,,,,
126.2760221,,,,,,
126.2760968,,,,,,
126.277975225,,,,,,
126.2780169,18322.0,156.01553166069294,6.4096182563081525,,,
126.2790145,,,,34769.0,517.6336746302617,1.931868131868132
126.27992835,,,,,,
126.28000305,,,,,,
126.281881475,,,,,,
126.2838346,,,,,,
126.2839093,,,,,,
126.284,,,,,,
126.285787725,,,,,,
126.2858294,18321.0,156.13989637305696,6.4045130247220845,,,
126.286827,,,,34768.0,518.0265654648957,1.9304029304029304
126.28774085,,,,,,
126.28781555,,,,,,
126.289693975,,,,,,
126.2916471,,,,,,
126.2917218,,,,,,
126.293600225,,,,,,
126.2936419,18322.0,156.01553166069294,6.4096182563081525,,,
126.2946395,,,,34769.0,517.6336746302617,1.931868131868132
126.29555335,,,,,,
126.29562805,,,,,,
126.297506475,,,,,,
126.2994596,,,,,,
126.2995343,,,,,,
126.301412725,,,,,,
126.3014544,18322.0,156.01553166069294,6.4096182563081525,,,
126.302452,,,,34770.0,517.2413793103449,1.933333333333333
126.30336585,,,,,,
126.30344055,,,,,,
126.304,,,,,,
126.305318975,,,,,,
126.3072721,,,,,,
126.3073468,,,,,,
126.309225225,,,,,,
126.3092669,18322.0,156.01553166069294,6.4096182563081525,,,
126.3102645,,,,34769.0,517.6336746302617,1.931868131868132
126.31117835,,,,,,
126.31125305,,,,,,
126.313131475,,,,,,
126.3150846,,,,,,
126.3151593,,,,,,
126.317037725,,,,,,
126.3170794,18321.0,156.13989637305696,6.4045130247220845,,,
126.318077,,,,34768.0,518.0265654648957,1.9304029304029304
126.31899085,,,,,,
126.31906555,,,,,,
126.320943975,,,,,,
126.3228971,,,,,,
126.3229718,,,,,,
126.324,,,,,,
126.324850225,,,,,,
126.3248919,18321.0,156.13989637305696,6.4045130247220845,,,
126.3258895,,,,34769.0,517.6336746302617,1.931868131868132
126.32680335,,,,,,
126.32687805,,,,,,
126.328756475,,,,,,
126.3307096,,,,,,
126.3307843,,,,,,
126.332662725,,,,,,
126.3327044,18321.0,156.13989637305696,6.4045130247220845,,,
126.333702,,,,34769.0,517.6336746302617,1.931868131868132
126.33461585,,,,,,
126.33469055,,,,,,
126.336568975,,,,,,
126.3385221,,,,,,
126.3385968,,,,,,
126.340475225,,,,,,
126.3405169,18321.0,156.13989637305696,6.4045130247220845,,,
126.3415145,,,,34768.0,518.0265654648957,1.9304029304029304
126.34242835,,,,,,
126.34250305,,,,,,
126.344,,,,,,
126.344381475,,,,,,
126.3463346,,,,,,
126.3464093,,,,,,
126.348287725,,,,,,
126.3483294,18322.0,156.01553166069294,6.4096182563081525,,,
126.349327,,,,34769.0,517.6336746302617,1.931868131868132
126.35024085,,,,,,
126.35031555,,,,,,
126.352193975,,,,,,
126.3541471,,,,,,
126.3542218,,,,,,
126.356100225,,,,,,
126.3561419,18322.0,156.01553166069294,6.4096182563081525,,,
126.3571395,,,,34770.0,517.2413793103449,1.933333333333333
126.35805335,,,,,,
126.35812805,,,,,,
126.360006475,,,,,,
126.3619596,,,,,,
126.3620343,,,,,,
126.363912725,,,,,,
126.3639544,18321.0,156.13989637305696,6.4045130247220845,,,
126.364,,,,,,
126.364952,,,,34769.0,517.6336746302617,1.931868131868132
126.36586585,,,,,,
126.36594055,,,,,,
126.367818975,,,,,,
126.3697721,,,,,,
126.3698468,,,,,,
126.371725225,,,,,,
126.3717669,18321.0,156.13989637305696,6.4045130247220845,,,
126.3727645,,,,34769.0,517.6336746302617,1.931868131868132
126.37367835,,,,,,
126.37375305,,,,,,
126.375631475,,,,,,
126.3775846,,,,,,
126.3776593,,,,,,
126.379537725,,,,,,
126.3795794,18321.0,156.13989637305696,6.4045130247220845,,,
126.380577,,,,34769.0,517.6336746302617,1.931868131868132
126.38149085,,,,,,
126.38156555,,,,,,
126.383443975,,,,,,
126.384,,,,,,
126.3853971,,,,,,
126.3854718,,,,,,
126.387350225,,,,,,
126.3873919,18322.0,156.01553166069294,6.4096182563081525,,,
126.3883895,,,,34769.0,517.6336746302617,1.931868131868132
126.38930335,,,,,,
126.38937805,,,,,,
126.391256475,,,,,,
126.3932096,,,,,,
126.3932843,,,,,,
126.395162725,,,,,,
126.3952044,18322.0,156.01553166069294,6.4096182563081525,,,
126.396202,,,,34769.0,517.6336746302617,1.931868131868132
126.39711585,,,,,,
126.39719055,,,,,,
126.399068975,,,,,,
126.4010221,,,,,,
126.4010968,,,,,,
126.402975225,,,,,,
126.4030169,18322.0,156.01553166069294,6.4096182563081525,,,
126.404,,,,,,
126.4040145,,,,34769.0,517.6336746302617,1.931868131868132
126.40492835,,,,,,
126.40500305,,,,,,
126.406881475,,,,,,
126.4088346,,,,,,
126.4089093,,,,,,
126.410787725,,,,,,
126.4108294,18321.0,156.13989637305696,6.4045130247220845,,,
126.411827,,,,34770.0,517.2413793103449,1.933333333333333
126.41274085,,,,,,
126.41281555,,,,,,
126.414693975,,,,,,
126.4166471,,,,,,
126.4167218,,,,,,
126.418600225,,,,,,
126.4186419,18321.0,156.13989637305696,6.4045130247220845,,,
126.4196395,,,,34769.0,517.6336746302617,1.931868131868132
126.42055335,,,,,,
126.42062805,,,,,,
126.422506475,,,,,,
126.424,,,,,,
126.4244596,,,,,,
126.4245343,,,,,,
126.426412725,,,,,,
126.4264544,18321.0,156.13989637305696,6.4045130247220845,,,
126.427452,,,,34769.0,517.6336746302617,1.931868131868132
126.42836585,,,,,,
126.42844055,,,,,,
126.430318975,,,,,,
126.4322721,,,,,,
126.4323468,,,,,,
126.434225225,,,,,,
126.4342669,18321.0,156.13989637305696,6.4045130247220845,,,
126.4352645,,,,34769.0,517.6336746302617,1.931868131868132
126.43617835,,,,,,
126.43625305,,,,,,
126.438131475,,,,,,
126.4400846,,,,,,
126.4401593,,,,,,
126.442037725,,,,,,
126.4420794,18321.0,156.13989637305696,6.4045130247220845,,,
126.443077,,,,34769.0,517.6336746302617,1.931868131868132
126.44399085,,,,,,
126.444,,,,,,
126.44406555,,,,,,
126.445943975,,,,,,
126.4478971,,,,,,
126.4479718,,,,,,
126.449850225,,,,,,
126.4498919,18321.0,156.13989637305696,6.4045130247220845,,,
126.4508895,,,,34769.0,517.6336746302617,1.931868131868132
126.45180335,,,,,,
126.45187805,,,,,,
126.453756475,,,,,,
126.4557096,,,,,,
126.4557843,,,,,,
126.457662725,,,,,,
126.4577044,18321.0,156.13989637305696,6.4045130247220845,,,
126.458702,,,,34769.0,517.6336746302617,1.931868131868132
126.45961585,,,,,,
126.45969055,,,,,,
126.461568975,,,,,,
126.4635221,,,,,,
126.4635968,,,,,,
126.464,,,,,,
126.465475225,,,,,,
126.4655169,18321.0,156.13989637305696,6.4045130247220845,,,
126.4665145,,,,34769.0,517.6336746302617,1.931868131868132
126.46742835,,,,,,
126.46750305,,,,,,
126.469381475,,,,,,
126.4713346,,,,,,
126.4714093,,,,,,
126.473287725,,,,,,
126.4733294,18321.0,156.13989637305696,6.4045130247220845,,,
126.474327,,,,34770.0,517.2413793103449,1.933333333333333
126.47524085,,,,,,
126.47531555,,,,,,
126.477193975,,,,,,
126.4791471,,,,,,
126.4792218,,,,,,
126.481100225,,,,,,
126.4811419,18322.0,156.01553166069294,6.4096182563081525,,,
126.4821395,,,,34769.0,517.6336746302617,1.931868131868132
126.48305335,,,,,,
126.48312805,,,,,,
126.484,,,,,,
126.485006475,,,,,,
126.4869596,,,,,,
126.4870343,,,,,,
126.488912725,,,,,,
126.4889544,18321.0,156.13989637305696,6.4045130247220845,,,
126.489952,,,,34769.0,517.6336746302617,1.931868131868132
126.49086585,,,,,,
126.49094055,,,,,,
126.492818975,,,,,,
126.4947721,,,,,,
126.4948468,,,,,,
126.496725225,,,,,,
126.4967669,18321.0,156.13989637305696,6.4045130247220845,,,
126.4977645,,,,34769.0,517.6336746302617,1.931868131868132
126.49867835,,,,,,
126.49875305,,,,,,
126.500631475,,,,,,
126.5025846,,,,,,
126.5026593,,,,,,
126.504,,,,,,
126.504537725,,,,,,
126.5045794,18321.0,156.13989637305696,6.4045130247220845,,,
126.505577,,,,34769.0,517.6336746302617,1.931868131868132
126.50649085,,,,,,
126.50656555,,,,,,
126.508443975,,,,,,
126.5103971,,,,,,
126.5104718,,,,,,
126.512350225,,,,,,
126.5123919,18321.0,156.13989637305696,6.4045130247220845,,,
126.5133895,,,,34769.0,517.6336746302617,1.931868131868132
126.51430335,,,,,,
126.51437805,,,,,,
126.516256475,,,,,,
126.5182096,,,,,,
126.5182843,,,,,,
126.520162725,,,,,,
126.5202044,18321.0,156.13989637305696,6.4045130247220845,,,
126.521202,,,,34769.0,517.6336746302617,1.931868131868132
126.52211585,,,,,,
126.52219055,,,,,,
126.524,,,,,,
126.524068975,,,,,,
126.5260221,,,,,,
126.5260968,,,,,,
126.527975225,,,,,,
126.5280169,18320.0,156.26445951336257,6.399407793136017,,,
126.5290145,,,,34769.0,517.6336746302617,1.931868131868132
126.52992835,,,,,,
126.53000305,,,,,,
126.531881475,,,,,,
126.5338346,,,,,,
126.5339093,,,,,,
126.535787725,,,,,,
126.5358294,18320.0,156.26445951336257,6.399407793136017,,,
126.536827,,,,34770.0,517.2413793103449,1.933333333333333
126.53774085,,,,,,
126.53781555,,,,,,
126.539693975,,,,,,
126.5416471,,,,,,
126.5417218,,,,,,
126.543600225,,,,,,
126.5436419,18322.0,156.01553166069294,6.4096182563081525,,,
126.544,,,,,,
126.5446395,,,,34769.0,517.6336746302617,1.931868131868132
126.54555335,,,,,,
126.54562805,,,,,,
126.547506475,,,,,,
126.5494596,,,,,,
126.5495343,,,,,,
126.551412725,,,,,,
126.5514544,18321.0,156.13989637305696,6.4045130247220845,,,
126.552452,,,,34770.0,517.2413793103449,1.933333333333333
126.55336585,,,,,,
126.55344055,,,,,,
126.555318975,,,,,,
126.5572721,,,,,,
126.5573468,,,,,,
126.559225225,,,,,,
126.5592669,18321.0,156.13989637305696,6.4045130247220845,,,
126.5602645,,,,34769.0,517.6336746302617,1.931868131868132
126.56117835,,,,,,
126.56125305,,,,,,
126.563131475,,,,,,
126.564,,,,,,
126.5650846,,,,,,
126.5651593,,,,,,
126.567037725,,,,,,
126.5670794,18320.0,156.26445951336257,6.399407793136017,,,
126.568077,,,,34770.0,517.2413793103449,1.933333333333333
126.56899085,,,,,,
126.56906555,,,,,,
126.570943975,,,,,,
126.5728971,,,,,,
126.5729718,,,,,,
126.574850225,,,,,,
126.5748919,18321.0,156.13989637305696,6.4045130247220845,,,
126.5758895,,,,34769.0,517.6336746302617,1.931868131868132
126.57680335,,,,,,
126.57687805,,,,,,
126.578756475,,,,,,
126.5807096,,,,,,
126.5807843,,,,,,
126.582662725,,,,,,
126.5827044,18321.0,156.13989637305696,6.4045130247220845,,,
126.58278539999999,,,,,,
126.583702,,,,34769.0,517.6336746302617,1.931868131868132
126.584,,,,,,
126.58461585,,,,,,
126.58469055,,,,,,
126.586568975,,,,,,
126.5885221,,,,,,
126.5885968,,,,,,
126.590475225,,,,,,
126.5905169,18320.0,156.26445951336257,6.399407793136017,,,
126.5915145,,,,34769.0,517.6336746302617,1.931868131868132
126.59242835,,,,,,
126.59250305,,,,,,
126.594381475,,,,,,
126.5963346,,,,,,
126.5964093,,,,,,
126.598287725,,,,,,
126.5983294,18321.0,156.13989637305696,6.4045130247220845,,,
126.599327,,,,34770.0,517.2413793103449,1.933333333333333
126.60024085,,,,,,
126.60031555,,,,,,
126.602193975,,,,,,
126.604,,,,,,
126.6041471,,,,,,
126.6042218,,,,,,
126.606100225,,,,,,
126.6061419,18321.0,156.13989637305696,6.4045130247220845,,,
126.6071395,,,,34769.0,517.6336746302617,1.931868131868132
126.60805335,,,,,,
126.60812805,,,,,,
126.610006475,,,,,,
126.6119596,,,,,,
126.6120343,,,,,,
126.613912725,,,,,,
126.6139544,18321.0,156.13989637305696,6.4045130247220845,,,
126.614952,,,,34769.0,517.6336746302617,1.931868131868132
126.61586585,,,,,,
126.61594055,,,,,,
126.617818975,,,,,,
126.6197721,,,,,,
126.6198468,,,,,,
126.621725225,,,,,,
126.6217669,18321.0,156.13989637305696,6.4045130247220845,,,
126.6227645,,,,34768.0,518.0265654648957,1.9304029304029304
126.623,,,,,,
126.62367835,,,,,,
126.62375305,,,,,,
126.625631475,,,,,,
126.6275846,,,,,,
126.6276593,,,,,,
126.629537725,,,,,,
126.6295794,18321.0,156.13989637305696,6.4045130247220845,,,
126.630577,,,,34769.0,517.6336746302617,1.931868131868132
126.63149085,,,,,,
126.63156555,,,,,,
126.633443975,,,,,,
126.6353971,,,,,,
126.6354718,,,,,,
126.637350225,,,,,,
126.6373919,18321.0,156.13989637305696,6.4045130247220845,,,
126.6383895,,,,34769.0,517.6336746302617,1.931868131868132
126.63930335,,,,,,
126.63937805,,,,,,
126.641256475,,,,,,
126.643,,,,,,
126.6432096,,,,,,
126.6432843,,,,,,
126.645162725,,,,,,
126.6452044,18321.0,156.13989637305696,6.4045130247220845,,,
126.646202,,,,34769.0,517.6336746302617,1.931868131868132
126.64711585,,,,,,
126.64719055,,,,,,
126.649068975,,,,,,
126.6510221,,,,,,
126.6510968,,,,,,
126.652975225,,,,,,
126.6530169,18320.0,156.26445951336257,6.399407793136017,,,
126.6540145,,,,34769.0,517.6336746302617,1.931868131868132
126.65492835,,,,,,
126.65500305,,,,,,
126.656881475,,,,,,
126.6588346,,,,,,
126.6589093,,,,,,
126.660787725,,,,,,
126.6608294,18320.0,156.26445951336257,6.399407793136017,,,
126.661827,,,,34769.0,517.6336746302617,1.931868131868132
126.66274085,,,,,,
126.66281555,,,,,,
126.663,,,,,,
126.664693975,,,,,,
126.6666471,,,,,,
126.6667218,,,,,,
126.668600225,,,,,,
126.6686419,18322.0,156.01553166069294,6.4096182563081525,,,
126.6696395,,,,34769.0,517.6336746302617,1.931868131868132
126.67055335,,,,,,
126.67062805,,,,,,
126.672506475,,,,,,
126.6744596,,,,,,
126.6745343,,,,,,
126.676412725,,,,,,
126.6764544,18321.0,156.13989637305696,6.4045130247220845,,,
126.677452,,,,34769.0,517.6336746302617,1.931868131868132
126.67836585,,,,,,
126.67844055,,,,,,
126.680318975,,,,,,
126.6822721,,,,,,
126.6823468,,,,,,
126.683,,,,,,
126.684225225,,,,,,
126.6842669,18320.0,156.26445951336257,6.399407793136017,,,
126.6852645,,,,34768.0,518.0265654648957,1.9304029304029304
126.68617835,,,,,,
126.68625305,,,,,,
126.688131475,,,,,,
126.6900846,,,,,,
126.6901593,,,,,,
126.692037725,,,,,,
126.6920794,18321.0,156.13989637305696,6.4045130247220845,,,
126.693077,,,,34770.0,517.2413793103449,1.933333333333333
126.69399085,,,,,,
126.69406555,,,,,,
126.695943975,,,,,,
126.6978971,,,,,,
126.6979718,,,,,,
126.699850225,,,,,,
126.6998919,18321.0,156.13989637305696,6.4045130247220845,,,
126.7008895,,,,34769.0,517.6336746302617,1.931868131868132
126.70180335,,,,,,
126.70187805,,,,,,
126.703,,,,,,
126.703756475,,,,,,
126.7057096,,,,,,
126.7057843,,,,,,
126.707662725,,,,,,
126.7077044,18321.0,156.13989637305696,6.4045130247220845,,,
126.708702,,,,34769.0,517.6336746302617,1.931868131868132
126.70961585,,,,,,
126.70969055,,,,,,
126.711568975,,,,,,
126.7135221,,,,,,
126.7135968,,,,,,
126.715475225,,,,,,
126.7155169,18321.0,156.13989637305696,6.4045130247220845,,,
126.7165145,,,,34769.0,517.6336746302617,1.931868131868132
126.71742835,,,,,,
126.71750305,,,,,,
126.719381475,,,,,,
126.7213346,,,,,,
126.7214093,,,,,,
126.723,,,,,,
126.723287725,,,,,,
126.7233294,18321.0,156.13989637305696,6.4045130247220845,,,
126.724327,,,,34769.0,517.6336746302617,1.931868131868132
126.72524085,,,,,,
126.72531555,,,,,,
126.727193975,,,,,,
126.7291471,,,,,,
126.7292218,,,,,,
126.731100225,,,,,,
126.7311419,18321.0,156.13989637305696,6.4045130247220845,,,
126.7321395,,,,34769.0,517.6336746302617,1.931868131868132
126.73305335,,,,,,
126.73312805,,,,,,
126.735006475,,,,,,
126.7369596,,,,,,
126.7370343,,,,,,
126.738912725,,,,,,
126.7389544,18321.0,156.13989637305696,6.4045130247220845,,,
126.739952,,,,34769.0,517.6336746302617,1.931868131868132
126.74086585,,,,,,
126.74094055,,,,,,
126.742818975,,,,,,
126.743,,,,,,
126.7447721,,,,,,
126.7448468,,,,,,
126.746725225,,,,,,
126.7467669,18320.0,156.26445951336257,6.399407793136017,,,
126.7477645,,,,34769.0,517.6336746302617,1.931868131868132
126.74867835,,,,,,
126.74875305,,,,,,
126.750631475,,,,,,
126.7525846,,,,,,
126.7526593,,,,,,
126.754537725,,,,,,
126.7545794,18321.0,156.13989637305696,6.4045130247220845,,,
126.755577,,,,34769.0,517.6336746302617,1.931868131868132
126.75649085,,,,,,
126.75656555,,,,,,
126.758443975,,,,,,
126.7603971,,,,,,
126.7604718,,,,,,
126.762350225,,,,,,
126.7623919,18321.0,156.13989637305696,6.4045130247220845,,,
126.763,,,,,,
126.7633895,,,,34769.0,517.6336746302617,1.931868131868132
126.76430335,,,,,,
126.76437805,,,,,,
126.766256475,,,,,,
126.7682096,,,,,,
126.7682843,,,,,,
126.770162725,,,,,,
126.7702044,18322.0,156.01553166069294,6.4096182563081525,,,
126.771202,,,,34768.0,518.0265654648957,1.9304029304029304
126.77211585,,,,,,
126.77219055,,,,,,
126.774068975,,,,,,
126.7760221,,,,,,
126.7760968,,,,,,
126.777975225,,,,,,
126.7780169,18322.0,156.01553166069294,6.4096182563081525,,,
126.7790145,,,,34769.0,517.6336746302617,1.931868131868132
126.77992835,,,,,,
126.78000305,,,,,,
126.781881475,,,,,,
126.783,,,,,,
126.7838346,,,,,,
126.7839093,,,,,,
126.785787725,,,,,,
126.7858294,18320.0,156.26445951336257,6.399407793136017,,,
126.786827,,,,34769.0,517.6336746302617,1.931868131868132
126.78774085,,,,,,
126.78781555,,,,,,
126.789693975,,,,,,
126.7916471,,,,,,
126.7917218,,,,,,
126.793600225,,,,,,
126.7936419,18322.0,156.01553166069294,6.4096182563081525,,,
126.7946395,,,,34768.0,518.0265654648957,1.9304029304029304
126.79555335,,,,,,
126.79562805,,,,,,
126.797506475,,,,,,
126.7994596,,,,,,
126.7995343,,,,,,
126.801412725,,,,,,
126.8014544,18321.0,156.13989637305696,6.4045130247220845,,,
126.802452,,,,34770.0,517.2413793103449,1.933333333333333
126.803,,,,,,
126.80336585,,,,,,
126.80344055,,,,,,
126.805318975,,,,,,
126.8072721,,,,,,
126.8073468,,,,,,
126.809225225,,,,,,
126.8092669,18321.0,156.13989637305696,6.4045130247220845,,,
126.8102645,,,,34769.0,517.6336746302617,1.931868131868132
126.81117835,,,,,,
126.81125305,,,,,,
126.813131475,,,,,,
126.8150846,,,,,,
126.8151593,,,,,,
126.817037725,,,,,,
126.8170794,18321.0,156.13989637305696,6.4045130247220845,,,
126.818077,,,,34769.0,517.6336746302617,1.931868131868132
126.81899085,,,,,,
126.81906555,,,,,,
126.820943975,,,,,,
126.8228971,,,,,,
126.8229718,,,,,,
126.823,,,,,,
126.824850225,,,,,,
126.8248919,18321.0,156.13989637305696,6.4045130247220845,,,
126.8258895,,,,34768.0,518.0265654648957,1.9304029304029304
126.82680335,,,,,,
126.82687805,,,,,,
126.828756475,,,,,,
126.8307096,,,,,,
126.8307843,,,,,,
126.832662725,,,,,,
126.8327044,18322.0,156.01553166069294,6.4096182563081525,,,
126.833702,,,,34768.0,518.0265654648957,1.9304029304029304
126.83461585,,,,,,
126.83469055,,,,,,
126.836568975,,,,,,
126.8385221,,,,,,
126.8385968,,,,,,
126.840475225,,,,,,
126.8405169,18321.0,156.13989637305696,6.4045130247220845,,,
126.8415145,,,,34768.0,518.0265654648957,1.9304029304029304
126.84242835,,,,,,
126.84250305,,,,,,
126.843,,,,,,
126.844381475,,,,,,
126.8463346,,,,,,
126.8464093,,,,,,
126.848287725,,,,,,
126.8483294,18321.0,156.13989637305696,6.4045130247220845,,,
126.849327,,,,34769.0,517.6336746302617,1.931868131868132
126.85024085,,,,,,
126.85031555,,,,,,
126.852193975,,,,,,
126.8541471,,,,,,
126.8542218,,,,,,
126.856100225,,,,,,
126.8561419,18320.0,156.26445951336257,6.399407793136017,,,
126.8571395,,,,34768.0,518.0265654648957,1.9304029304029304
126.85805335,,,,,,
126.85812805,,,,,,
126.860006475,,,,,,
126.8619596,,,,,,
126.8620343,,,,,,
126.863,,,,,,
126.863912725,,,,,,
126.8639544,18321.0,156.13989637305696,6.4045130247220845,,,
126.864952,,,,34769.0,517.6336746302617,1.931868131868132
126.86586585,,,,,,
126.86594055,,,,,,
126.867818975,,,,,,
126.8697721,,,,,,
126.8698468,,,,,,
126.871725225,,,,,,
126.8717669,18321.0,156.13989637305696,6.4045130247220845,,,
126.8727645,,,,34770.0,517.2413793103449,1.933333333333333
126.87367835,,,,,,
126.87375305,,,,,,
126.875631475,,,,,,
126.8775846,,,,,,
126.8776593,,,,,,
126.879537725,,,,,,
126.8795794,18320.0,156.26445951336257,6.399407793136017,,,
126.880577,,,,34769.0,517.6336746302617,1.931868131868132
126.88149085,,,,,,
126.88156555,,,,,,
126.883,,,,,,
126.883443975,,,,,,
126.8853971,,,,,,
126.8854718,,,,,,
126.887350225,,,,,,
126.8873919,18321.0,156.13989637305696,6.4045130247220845,,,
126.8883895,,,,34768.0,518.0265654648957,1.9304029304029304
126.88930335,,,,,,
126.88937805,,,,,,
126.891256475,,,,,,
126.8932096,,,,,,
126.8932843,,,,,,
126.895162725,,,,,,
126.8952044,18322.0,156.01553166069294,6.4096182563081525,,,
126.896202,,,,34769.0,517.6336746302617,1.931868131868132
126.89711585,,,,,,
126.89719055,,,,,,
126.899068975,,,,,,
126.9010221,,,,,,
126.9010968,,,,,,
126.902975225,,,,,,
126.903,,,,,,
126.9030169,18320.0,156.26445951336257,6.399407793136017,,,
126.9040145,,,,34768.0,518.0265654648957,1.9304029304029304
126.90492835,,,,,,
126.90500305,,,,,,
126.906881475,,,,,,
126.9088346,,,,,,
126.9089093,,,,,,
126.910787725,,,,,,
126.9108294,18321.0,156.13989637305696,6.4045130247220845,,,
126.911827,,,,34769.0,517.6336746302617,1.931868131868132
126.91274085,,,,,,
126.91281555,,,,,,
126.914693975,,,,,,
126.9166471,,,,,,
126.9167218,,,,,,
126.918600225,,,,,,
126.9186419,18322.0,156.01553166069294,6.4096182563081525,,,
126.9196395,,,,34768.0,518.0265654648957,1.9304029304029304
126.92055335,,,,,,
126.92062805,,,,,,
126.922506475,,,,,,
126.923,,,,,,
126.9244596,,,,,,
126.9245343,,,,,,
126.926412725,,,,,,
126.9264544,18321.0,156.13989637305696,6.4045130247220845,,,
126.927452,,,,34768.0,518.0265654648957,1.9304029304029304
126.92836585,,,,,,
126.92844055,,,,,,
126.930318975,,,,,,
126.9322721,,,,,,
126.9323468,,,,,,
126.934225225,,,,,,
126.9342669,18320.0,156.26445951336257,6.399407793136017,,,
126.9352645,,,,34768.0,518.0265654648957,1.9304029304029304
126.93617835,,,,,,
126.93625305,,,,,,
126.938131475,,,,,,
126.9400846,,,,,,
126.9401593,,,,,,
126.942037725,,,,,,
126.9420794,18320.0,156.26445951336257,6.399407793136017,,,
126.943,,,,,,
126.943077,,,,34769.0,517.6336746302617,1.931868131868132
126.94399085,,,,,,
126.94406555,,,,,,
126.945943975,,,,,,
126.9478971,,,,,,
126.9479718,,,,,,
126.949850225,,,,,,
126.9498919,18321.0,156.13989637305696,6.4045130247220845,,,
126.9508895,,,,34768.0,518.0265654648957,1.9304029304029304
126.95180335,,,,,,
126.95187805,,,,,,
126.953756475,,,,,,
126.9557096,,,,,,
126.9557843,,,,,,
126.957662725,,,,,,
126.9577044,18321.0,156.13989637305696,6.4045130247220845,,,
126.958702,,,,34769.0,517.6336746302617,1.931868131868132
126.95961585,,,,,,
126.95969055,,,,,,
126.961568975,,,,,,
126.963,,,,,,
126.9635221,,,,,,
126.9635968,,,,,,
126.965475225,,,,,,
126.9655169,18320.0,156.26445951336257,6.399407793136017,,,
126.9665145,,,,34768.0,518.0265654648957,1.9304029304029304
126.96742835,,,,,,
126.96750305,,,,,,
126.969381475,,,,,,
126.9713346,,,,,,
126.9714093,,,,,,
126.973287725,,,,,,
126.9733294,18321.0,156.13989637305696,6.4045130247220845,,,
126.974327,,,,34769.0,517.6336746302617,1.931868131868132
126.97524085,,,,,,
126.97531555,,,,,,
126.977193975,,,,,,
126.9791471,,,,,,
126.9792218,,,,,,
126.981100225,,,,,,
126.9811419,18322.0,156.01553166069294,6.4096182563081525,,,
126.9821395,,,,34769.0,517.6336746302617,1.931868131868132
126.983,,,,,,
126.98305335,,,,,,
126.98312805,,,,,,
126.985006475,,,,,,
126.9869596,,,,,,
126.9870343,,,,,,
126.988912725,,,,,,
126.9889544,18321.0,156.13989637305696,6.4045130247220845,,,
126.989952,,,,34769.0,517.6336746302617,1.931868131868132
126.99086585,,,,,,
126.99094055,,,,,,
126.992818975,,,,,,
126.9947721,,,,,,
126.9948468,,,,,,
126.996725225,,,,,,
126.9967669,18320.0,156.26445951336257,6.399407793136017,,,
126.9977645,,,,34768.0,518.0265654648957,1.9304029304029304
126.99867835,,,,,,
126.99875305,,,,,,
127.000631475,,,,,,
127.0025846,,,,,,
127.0026593,,,,,,
127.003,,,,,,
127.004537725,,,,,,
127.0045794,18320.0,156.26445951336257,6.399407793136017,,,
127.005577,,,,34769.0,517.6336746302617,1.931868131868132
127.00649085,,,,,,
127.00656555,,,,,,
127.008443975,,,,,,
127.0103971,,,,,,
127.0104718,,,,,,
127.012350225,,,,,,
127.0123919,18321.0,156.13989637305696,6.4045130247220845,,,
127.0133895,,,,34768.0,518.0265654648957,1.9304029304029304
127.01430335,,,,,,
127.01437805,,,,,,
127.016256475,,,,,,
127.0182096,,,,,,
127.0182843,,,,,,
127.020162725,,,,,,
127.0202044,18321.0,156.13989637305696,6.4045130247220845,,,
127.021202,,,,34768.0,518.0265654648957,1.9304029304029304
127.02211585,,,,,,
127.02219055,,,,,,
127.023,,,,,,
127.024068975,,,,,,
127.0260221,,,,,,
127.0260968,,,,,,
127.027975225,,,,,,
127.0280169,18320.0,156.26445951336257,6.399407793136017,,,
127.0290145,,,,34768.0,518.0265654648957,1.9304029304029304
127.02992835,,,,,,
127.03000305,,,,,,
127.031881475,,,,,,
127.0338346,,,,,,
127.0339093,,,,,,
127.035787725,,,,,,
127.0358294,18320.0,156.26445951336257,6.399407793136017,,,
127.036827,,,,34769.0,517.6336746302617,1.931868131868132
127.03774085,,,,,,
127.03781555,,,,,,
127.039693975,,,,,,
127.0416471,,,,,,
127.0417218,,,,,,
127.043,,,,,,
127.043600225,,,,,,
127.0436419,18321.0,156.13989637305696,6.4045130247220845,,,
127.0446395,,,,34768.0,518.0265654648957,1.9304029304029304
127.04555335,,,,,,
127.04562805,,,,,,
127.047506475,,,,,,
127.0494596,,,,,,
127.0495343,,,,,,
127.051412725,,,,,,
127.0514544,18320.0,156.26445951336257,6.399407793136017,,,
127.052452,,,,34768.0,518.0265654648957,1.9304029304029304
127.05336585,,,,,,
127.05344055,,,,,,
127.055318975,,,,,,
127.0572721,,,,,,
127.0573468,,,,,,
127.059225225,,,,,,
127.0592669,18321.0,156.13989637305696,6.4045130247220845,,,
127.0602645,,,,34768.0,518.0265654648957,1.9304029304029304
127.06117835,,,,,,
127.06125305,,,,,,
127.063,,,,,,
127.063131475,,,,,,
127.0650846,,,,,,
127.0651593,,,,,,
127.067037725,,,,,,
127.0670794,18321.0,156.13989637305696,6.4045130247220845,,,
127.068077,,,,34768.0,518.0265654648957,1.9304029304029304
127.06899085,,,,,,
127.06906555,,,,,,
127.070943975,,,,,,
127.0728971,,,,,,
127.0729718,,,,,,
127.074850225,,,,,,
127.0748919,18321.0,156.13989637305696,6.4045130247220845,,,
127.0758895,,,,34769.0,517.6336746302617,1.931868131868132
127.07680335,,,,,,
127.07687805,,,,,,
127.078756475,,,,,,
127.0807096,,,,,,
127.0807843,,,,,,
127.082662725,,,,,,
127.0827044,18321.0,156.13989637305696,6.4045130247220845,,,
127.083,,,,,,
127.083702,,,,34768.0,518.0265654648957,1.9304029304029304
127.08461585,,,,,,
127.08469055,,,,,,
127.086568975,,,,,,
127.0885221,,,,,,
127.0885968,,,,,,
127.090475225,,,,,,
127.0905169,18320.0,156.26445951336257,6.399407793136017,,,
127.0915145,,,,34767.0,518.4200531712876,1.9289377289377287
127.09242835,,,,,,
127.09250305,,,,,,
127.094381475,,,,,,
127.0963346,,,,,,
127.0964093,,,,,,
127.098287725,,,,,,
127.0983294,18321.0,156.13989637305696,6.4045130247220845,,,
127.099327,,,,34768.0,518.0265654648957,1.9304029304029304
127.10024085,,,,,,
127.10031555,,,,,,
127.102193975,,,,,,
127.103,,,,,,
127.1041471,,,,,,
127.1042218,,,,,,
127.106100225,,,,,,
127.1061419,18322.0,156.01553166069294,6.4096182563081525,,,
127.1071395,,,,34768.0,518.0265654648957,1.9304029304029304
127.10805335,,,,,,
127.10812805,,,,,,
127.110006475,,,,,,
127.1119596,,,,,,
127.1120343,,,,,,
127.113912725,,,,,,
127.1139544,18321.0,156.13989637305696,6.4045130247220845,,,
127.114952,,,,34769.0,517.6336746302617,1.931868131868132
127.11586585,,,,,,
127.11594055,,,,,,
127.117818975,,,,,,
127.1197721,,,,,,
127.1198468,,,,,,
127.121725225,,,,,,
127.1217669,18321.0,156.13989637305696,6.4045130247220845,,,
127.1227645,,,,34768.0,518.0265654648957,1.9304029304029304
127.123,,,,,,
127.12367835,,,,,,
127.12375305,,,,,,
127.125631475,,,,,,
127.1275846,,,,,,
127.1276593,,,,,,
127.129537725,,,,,,
127.1295794,18321.0,156.13989637305696,6.4045130247220845,,,
127.130577,,,,34769.0,517.6336746302617,1.931868131868132
127.13149085,,,,,,
127.13156555,,,,,,
127.133443975,,,,,,
127.1353971,,,,,,
127.1354718,,,,,,
127.137350225,,,,,,
127.1373919,18321.0,156.13989637305696,6.4045130247220845,,,
127.1383895,,,,34769.0,517.6336746302617,1.931868131868132
127.13930335,,,,,,
127.13937805,,,,,,
127.141256475,,,,,,
127.143,,,,,,
127.1432096,,,,,,
127.1432843,,,,,,
127.145162725,,,,,,
127.1452044,18320.0,156.26445951336257,6.399407793136017,,,
127.146202,,,,34768.0,518.0265654648957,1.9304029304029304
127.14711585,,,,,,
127.14719055,,,,,,
127.149068975,,,,,,
127.1510221,,,,,,
127.1510968,,,,,,
127.152975225,,,,,,
127.1530169,18320.0,156.26445951336257,6.399407793136017,,,
127.1540145,,,,34768.0,518.0265654648957,1.9304029304029304
127.15492835,,,,,,
127.15500305,,,,,,
127.156881475,,,,,,
127.1588346,,,,,,
127.1589093,,,,,,
127.160787725,,,,,,
127.1608294,18320.0,156.26445951336257,6.399407793136017,,,
127.161827,,,,34770.0,517.2413793103449,1.933333333333333
127.16274085,,,,,,
127.16281555,,,,,,
127.163,,,,,,
127.164693975,,,,,,
127.1666471,,,,,,
127.1667218,,,,,,
127.168600225,,,,,,
127.1686419,18321.0,156.13989637305696,6.4045130247220845,,,
127.1696395,,,,34769.0,517.6336746302617,1.931868131868132
127.17055335,,,,,,
127.17062805,,,,,,
127.172506475,,,,,,
127.1744596,,,,,,
127.1745343,,,,,,
127.176412725,,,,,,
127.1764544,18321.0,156.13989637305696,6.4045130247220845,,,
127.177452,,,,34768.0,518.0265654648957,1.9304029304029304
127.17836585,,,,,,
127.17844055,,,,,,
127.180318975,,,,,,
127.1822721,,,,,,
127.1823468,,,,,,
127.183,,,,,,
127.184225225,,,,,,
127.1842669,18321.0,156.13989637305696,6.4045130247220845,,,
127.1852645,,,,34768.0,518.0265654648957,1.9304029304029304
127.18617835,,,,,,
127.18625305,,,,,,
127.188131475,,,,,,
127.1900846,,,,,,
127.1901593,,,,,,
127.192037725,,,,,,
127.1920794,18320.0,156.26445951336257,6.399407793136017,,,
127.193077,,,,34769.0,517.6336746302617,1.931868131868132
127.19399085,,,,,,
127.19406555,,,,,,
127.195943975,,,,,,
127.1978971,,,,,,
127.1979718,,,,,,
127.199850225,,,,,,
127.1998919,18321.0,156.13989637305696,6.4045130247220845,,,
127.2008895,,,,34768.0,518.0265654648957,1.9304029304029304
127.20180335,,,,,,
127.20187805,,,,,,
127.203,,,,,,
127.203756475,,,,,,
127.2057096,,,,,,
127.2057843,,,,,,
127.207662725,,,,,,
127.2077044,18320.0,156.26445951336257,6.399407793136017,,,
127.208702,,,,34768.0,518.0265654648957,1.9304029304029304
127.20961585,,,,,,
127.20969055,,,,,,
127.211568975,,,,,,
127.2135221,,,,,,
127.2135968,,,,,,
127.215475225,,,,,,
127.2155169,18321.0,156.13989637305696,6.4045130247220845,,,
127.2165145,,,,34768.0,518.0265654648957,1.9304029304029304
127.21742835,,,,,,
127.21750305,,,,,,
127.219381475,,,,,,
127.2213346,,,,,,
127.2214093,,,,,,
127.223,,,,,,
127.223287725,,,,,,
127.2233294,18320.0,156.26445951336257,6.399407793136017,,,
127.224327,,,,34768.0,518.0265654648957,1.9304029304029304
127.22524085,,,,,,
127.22531555,,,,,,
127.227193975,,,,,,
127.2291471,,,,,,
127.2292218,,,,,,
127.231100225,,,,,,
127.2311419,18322.0,156.01553166069294,6.4096182563081525,,,
127.2321395,,,,34769.0,517.6336746302617,1.931868131868132
127.23305335,,,,,,
127.23312805,,,,,,
127.235006475,,,,,,
127.2369596,,,,,,
127.2370343,,,,,,
127.238912725,,,,,,
127.2389544,18320.0,156.26445951336257,6.399407793136017,,,
127.239952,,,,34768.0,518.0265654648957,1.9304029304029304
127.24086585,,,,,,
127.24094055,,,,,,
127.242818975,,,,,,
127.243,,,,,,
127.2447721,,,,,,
127.2448468,,,,,,
127.246725225,,,,,,
127.2467669,18320.0,156.26445951336257,6.399407793136017,,,
127.2477645,,,,34768.0,518.0265654648957,1.9304029304029304
127.24867835,,,,,,
127.24875305,,,,,,
127.250631475,,,,,,
127.2525846,,,,,,
127.2526593,,,,,,
127.254537725,,,,,,
127.2545794,18321.0,156.13989637305696,6.4045130247220845,,,
127.255577,,,,34768.0,518.0265654648957,1.9304029304029304
127.25649085,,,,,,
127.25656555,,,,,,
127.258443975,,,,,,
127.2603971,,,,,,
127.2604718,,,,,,
127.262350225,,,,,,
127.2623919,18320.0,156.26445951336257,6.399407793136017,,,
127.263,,,,,,
127.2633895,,,,34768.0,518.0265654648957,1.9304029304029304
127.26430335,,,,,,
127.26437805,,,,,,
127.266256475,,,,,,
127.2682096,,,,,,
127.2682843,,,,,,
127.270162725,,,,,,
127.2702044,18321.0,156.13989637305696,6.4045130247220845,,,
127.271202,,,,34768.0,518.0265654648957,1.9304029304029304
127.27211585,,,,,,
127.27219055,,,,,,
127.274068975,,,,,,
127.2760221,,,,,,
127.2760968,,,,,,
127.277975225,,,,,,
127.2780169,18320.0,156.26445951336257,6.399407793136017,,,
127.2790145,,,,34768.0,518.0265654648957,1.9304029304029304
127.27992835,,,,,,
127.28000305,,,,,,
127.281881475,,,,,,
127.283,,,,,,
127.2838346,,,,,,
127.2839093,,,,,,
127.285787725,,,,,,
127.2858294,18320.0,156.26445951336257,6.399407793136017,,,
127.286827,,,,34768.0,518.0265654648957,1.9304029304029304
127.28774085,,,,,,
127.28781555,,,,,,
127.289693975,,,,,,
127.2916471,,,,,,
127.2917218,,,,,,
127.293600225,,,,,,
127.2936419,18321.0,156.13989637305696,6.4045130247220845,,,
127.2946395,,,,34768.0,518.0265654648957,1.9304029304029304
127.29555335,,,,,,
127.29562805,,,,,,
127.297506475,,,,,,
127.2994596,,,,,,
127.2995343,,,,,,
127.301412725,,,,,,
127.3014544,18320.0,156.26445951336257,6.399407793136017,,,
127.302452,,,,34768.0,518.0265654648957,1.9304029304029304
127.303,,,,,,
127.30336585,,,,,,
127.30344055,,,,,,
127.305318975,,,,,,
127.3072721,,,,,,
127.3073468,,,,,,
127.309225225,,,,,,
127.3092669,18321.0,156.13989637305696,6.4045130247220845,,,
127.3102645,,,,34768.0,518.0265654648957,1.9304029304029304
127.31117835,,,,,,
127.31125305,,,,,,
127.313131475,,,,,,
127.3150846,,,,,,
127.3151593,,,,,,
127.317037725,,,,,,
127.3170794,18320.0,156.26445951336257,6.399407793136017,,,
127.318077,,,,34769.0,517.6336746302617,1.931868131868132
127.31899085,,,,,,
127.31906555,,,,,,
127.320943975,,,,,,
127.3228971,,,,,,
127.3229718,,,,,,
127.323,,,,,,
127.324850225,,,,,,
127.3248919,18321.0,156.13989637305696,6.4045130247220845,,,
127.3258895,,,,34768.0,518.0265654648957,1.9304029304029304
127.32680335,,,,,,
127.32687805,,,,,,
127.328756475,,,,,,
127.3307096,,,,,,
127.3307843,,,,,,
127.332662725,,,,,,
127.3327044,18320.0,156.26445951336257,6.399407793136017,,,
127.333702,,,,34768.0,518.0265654648957,1.9304029304029304
127.33461585,,,,,,
127.33469055,,,,,,
127.336568975,,,,,,
127.3385221,,,,,,
127.3385968,,,,,,
127.340475225,,,,,,
127.3405169,18320.0,156.26445951336257,6.399407793136017,,,
127.3415145,,,,34768.0,518.0265654648957,1.9304029304029304
127.34242835,,,,,,
127.34250305,,,,,,
127.343,,,,,,
127.344381475,,,,,,
127.3463346,,,,,,
127.3464093,,,,,,
127.348287725,,,,,,
127.3483294,18320.0,156.26445951336257,6.399407793136017,,,
127.349327,,,,34768.0,518.0265654648957,1.9304029304029304
127.35024085,,,,,,
127.35031555,,,,,,
127.352193975,,,,,,
127.3541471,,,,,,
127.3542218,,,,,,
127.356100225,,,,,,
127.3561419,18321.0,156.13989637305696,6.4045130247220845,,,
127.3571395,,,,34768.0,518.0265654648957,1.9304029304029304
127.35805335,,,,,,
127.35812805,,,,,,
127.360006475,,,,,,
127.3619596,,,,,,
127.3620343,,,,,,
127.363,,,,,,
127.363912725,,,,,,
127.3639544,18321.0,156.13989637305696,6.4045130247220845,,,
127.364952,,,,34769.0,517.6336746302617,1.931868131868132
127.36586585,,,,,,
127.36594055,,,,,,
127.367818975,,,,,,
127.3697721,,,,,,
127.3698468,,,,,,
127.371725225,,,,,,
127.3717669,18320.0,156.26445951336257,6.399407793136017,,,
127.3727645,,,,34769.0,517.6336746302617,1.931868131868132
127.37367835,,,,,,
127.37375305,,,,,,
127.375631475,,,,,,
127.3775846,,,,,,
127.3776593,,,,,,
127.379537725,,,,,,
127.3795794,18320.0,156.26445951336257,6.399407793136017,,,
127.380577,,,,34768.0,518.0265654648957,1.9304029304029304
127.38149085,,,,,,
127.38156555,,,,,,
127.383,,,,,,
127.383443975,,,,,,
127.3853971,,,,,,
127.3854718,,,,,,
127.387350225,,,,,,
127.3873919,18322.0,156.01553166069294,6.4096182563081525,,,
127.3883895,,,,34768.0,518.0265654648957,1.9304029304029304
127.38930335,,,,,,
127.38937805,,,,,,
127.391256475,,,,,,
127.3932096,,,,,,
127.3932843,,,,,,
127.395162725,,,,,,
127.3952044,18320.0,156.26445951336257,6.399407793136017,,,
127.396202,,,,34768.0,518.0265654648957,1.9304029304029304
127.39711585,,,,,,
127.39719055,,,,,,
127.399068975,,,,,,
127.4010221,,,,,,
127.4010968,,,,,,
127.402975225,,,,,,
127.403,,,,,,
127.4030169,18320.0,156.26445951336257,6.399407793136017,,,
127.4040145,,,,34768.0,518.0265654648957,1.9304029304029304
127.40492835,,,,,,
127.40500305,,,,,,
127.406881475,,,,,,
127.4088346,,,,,,
127.4089093,,,,,,
127.410787725,,,,,,
127.4108294,18320.0,156.26445951336257,6.399407793136017,,,
127.411827,,,,34769.0,517.6336746302617,1.931868131868132
127.41274085,,,,,,
127.41281555,,,,,,
127.414693975,,,,,,
127.4166471,,,,,,
127.4167218,,,,,,
127.418600225,,,,,,
127.4186419,18320.0,156.26445951336257,6.399407793136017,,,
127.4196395,,,,34768.0,518.0265654648957,1.9304029304029304
127.42055335,,,,,,
127.42062805,,,,,,
127.422506475,,,,,,
127.423,,,,,,
127.4244596,,,,,,
127.4245343,,,,,,
127.426412725,,,,,,
127.4264544,18320.0,156.26445951336257,6.399407793136017,,,
127.427452,,,,34768.0,518.0265654648957,1.9304029304029304
127.42836585,,,,,,
127.42844055,,,,,,
127.430318975,,,,,,
127.4322721,,,,,,
127.4323468,,,,,,
127.434225225,,,,,,
127.4342669,18321.0,156.13989637305696,6.4045130247220845,,,
127.4352645,,,,34768.0,518.0265654648957,1.9304029304029304
127.43617835,,,,,,
127.43625305,,,,,,
127.438131475,,,,,,
127.4400846,,,,,,
127.4401593,,,,,,
127.442037725,,,,,,
127.4420794,18321.0,156.13989637305696,6.4045130247220845,,,
127.443,,,,,,
127.443077,,,,34769.0,517.6336746302617,1.931868131868132
127.44399085,,,,,,
127.44406555,,,,,,
127.445943975,,,,,,
127.4478971,,,,,,
127.4479718,,,,,,
127.449850225,,,,,,
127.4498919,18321.0,156.13989637305696,6.4045130247220845,,,
127.4508895,,,,34768.0,518.0265654648957,1.9304029304029304
127.45180335,,,,,,
127.45187805,,,,,,
127.453756475,,,,,,
127.4557096,,,,,,
127.4557843,,,,,,
127.457662725,,,,,,
127.4577044,18321.0,156.13989637305696,6.4045130247220845,,,
127.458702,,,,34768.0,518.0265654648957,1.9304029304029304
127.45961585,,,,,,
127.45969055,,,,,,
127.461568975,,,,,,
127.463,,,,,,
127.4635221,,,,,,
127.4635968,,,,,,
127.465475225,,,,,,
127.4655169,18320.0,156.26445951336257,6.399407793136017,,,
127.4665145,,,,34768.0,518.0265654648957,1.9304029304029304
127.46742835,,,,,,
127.46750305,,,,,,
127.469381475,,,,,,
127.4713346,,,,,,
127.4714093,,,,,,
127.473287725,,,,,,
127.4733294,18320.0,156.26445951336257,6.399407793136017,,,
127.474327,,,,34769.0,517.6336746302617,1.931868131868132
127.47524085,,,,,,
127.47531555,,,,,,
127.477193975,,,,,,
127.4791471,,,,,,
127.4792218,,,,,,
127.481100225,,,,,,
127.4811419,18322.0,156.01553166069294,6.4096182563081525,,,
127.4821395,,,,34768.0,518.0265654648957,1.9304029304029304
127.483,,,,,,
127.48305335,,,,,,
127.48312805,,,,,,
127.485006475,,,,,,
127.4869596,,,,,,
127.4870343,,,,,,
127.488912725,,,,,,
127.4889544,18320.0,156.26445951336257,6.399407793136017,,,
127.489952,,,,34769.0,517.6336746302617,1.931868131868132
127.49086585,,,,,,
127.49094055,,,,,,
127.492818975,,,,,,
127.4947721,,,,,,
127.4948468,,,,,,
127.496725225,,,,,,
127.4967669,18320.0,156.26445951336257,6.399407793136017,,,
127.4977645,,,,34768.0,518.0265654648957,1.9304029304029304
127.49867835,,,,,,
127.49875305,,,,,,
127.500631475,,,,,,
127.5025846,,,,,,
127.5026593,,,,,,
127.503,,,,,,
127.504537725,,,,,,
127.5045794,18320.0,156.26445951336257,6.399407793136017,,,
127.505577,,,,34769.0,517.6336746302617,1.931868131868132
127.50649085,,,,,,
127.50656555,,,,,,
127.508443975,,,,,,
127.5103971,,,,,,
127.5104718,,,,,,
127.512350225,,,,,,
127.5123919,18321.0,156.13989637305696,6.4045130247220845,,,
127.5133895,,,,34769.0,517.6336746302617,1.931868131868132
127.51430335,,,,,,
127.51437805,,,,,,
127.516256475,,,,,,
127.5182096,,,,,,
127.5182843,,,,,,
127.520162725,,,,,,
127.5202044,18320.0,156.26445951336257,6.399407793136017,,,
127.521202,,,,34768.0,518.0265654648957,1.9304029304029304
127.52211585,,,,,,
127.52219055,,,,,,
127.523,,,,,,
127.524068975,,,,,,
127.5260221,,,,,,
127.5260968,,,,,,
127.527975225,,,,,,
127.5280169,18320.0,156.26445951336257,6.399407793136017,,,
127.5290145,,,,34768.0,518.0265654648957,1.9304029304029304
127.52992835,,,,,,
127.53000305,,,,,,
127.531881475,,,,,,
127.5338346,,,,,,
127.5339093,,,,,,
127.535787725,,,,,,
127.5358294,18321.0,156.13989637305696,6.4045130247220845,,,
127.536827,,,,34769.0,517.6336746302617,1.931868131868132
127.53774085,,,,,,
127.53781555,,,,,,
127.539693975,,,,,,
127.5416471,,,,,,
127.5417218,,,,,,
127.543,,,,,,
127.543600225,,,,,,
127.5436419,18321.0,156.13989637305696,6.4045130247220845,,,
127.5446395,,,,34768.0,518.0265654648957,1.9304029304029304
127.54555335,,,,,,
127.54562805,,,,,,
127.547506475,,,,,,
127.5494596,,,,,,
127.5495343,,,,,,
127.551412725,,,,,,
127.5514544,18320.0,156.26445951336257,6.399407793136017,,,
127.552452,,,,34768.0,518.0265654648957,1.9304029304029304
127.55336585,,,,,,
127.55344055,,,,,,
127.555318975,,,,,,
127.5572721,,,,,,
127.5573468,,,,,,
127.559225225,,,,,,
127.5592669,18320.0,156.26445951336257,6.399407793136017,,,
127.5602645,,,,34768.0,518.0265654648957,1.9304029304029304
127.56117835,,,,,,
127.56125305,,,,,,
127.563,,,,,,
127.563131475,,,,,,
127.5650846,,,,,,
127.5651593,,,,,,
127.567037725,,,,,,
127.5670794,18320.0,156.26445951336257,6.399407793136017,,,
127.568077,,,,34769.0,517.6336746302617,1.931868131868132
127.56899085,,,,,,
127.56906555,,,,,,
127.570943975,,,,,,
127.5728971,,,,,,
127.5729718,,,,,,
127.574850225,,,,,,
127.5748919,18321.0,156.13989637305696,6.4045130247220845,,,
127.5758895,,,,34768.0,518.0265654648957,1.9304029304029304
127.57680335,,,,,,
127.57687805,,,,,,
127.578756475,,,,,,
127.5807096,,,,,,
127.5807843,,,,,,
127.582662725,,,,,,
127.5827044,18321.0,156.13989637305696,6.4045130247220845,,,
127.583,,,,,,
127.583702,,,,34768.0,518.0265654648957,1.9304029304029304
127.58461585,,,,,,
127.58469055,,,,,,
127.586568975,,,,,,
127.5885221,,,,,,
127.5885968,,,,,,
127.590475225,,,,,,
127.5905169,18320.0,156.26445951336257,6.399407793136017,,,
127.5915145,,,,34768.0,518.0265654648957,1.9304029304029304
127.59242835,,,,,,
127.59250305,,,,,,
127.594381475,,,,,,
127.5963346,,,,,,
127.5964093,,,,,,
127.598287725,,,,,,
127.5983294,18320.0,156.26445951336257,6.399407793136017,,,
127.599327,,,,34768.0,518.0265654648957,1.9304029304029304
127.60024085,,,,,,
127.60031555,,,,,,
127.602193975,,,,,,
127.603,,,,,,
127.6030559,,,,,,
127.6041471,,,,,,
127.6042218,,,,,,
127.606100225,,,,,,
127.6061419,18321.0,156.13989637305696,6.4045130247220845,,,
127.6071395,,,,34769.0,517.6336746302617,1.931868131868132
127.60805335,,,,,,
127.60812805,,,,,,
127.610006475,,,,,,
127.6119596,,,,,,
127.6120343,,,,,,
127.613912725,,,,,,
127.6139544,18320.0,156.26445951336257,6.399407793136017,,,
127.614952,,,,34769.0,517.6336746302617,1.931868131868132
127.61586585,,,,,,
127.61594055,,,,,,
127.617818975,,,,,,
127.6197721,,,,,,
127.6198468,,,,,,
127.621725225,,,,,,
127.6217669,18320.0,156.26445951336257,6.399407793136017,,,
127.6227645,,,,34768.0,518.0265654648957,1.9304029304029304
127.623,,,,,,
127.62367835,,,,,,
127.62375305,,,,,,
127.625631475,,,,,,
127.6275846,,,,,,
127.6276593,,,,,,
127.629537725,,,,,,
127.6295794,18321.0,156.13989637305696,6.4045130247220845,,,
127.630577,,,,34769.0,517.6336746302617,1.931868131868132
127.63149085,,,,,,
127.63156555,,,,,,
127.633443975,,,,,,
127.6353971,,,,,,
127.6354718,,,,,,
127.637350225,,,,,,
127.6373919,18321.0,156.13989637305696,6.4045130247220845,,,
127.6383895,,,,34769.0,517.6336746302617,1.931868131868132
127.63930335,,,,,,
127.63937805,,,,,,
127.641256475,,,,,,
127.643,,,,,,
127.6432096,,,,,,
127.6432843,,,,,,
127.645162725,,,,,,
127.6452044,18320.0,156.26445951336257,6.399407793136017,,,
127.646202,,,,34769.0,517.6336746302617,1.931868131868132
127.64711585,,,,,,
127.64719055,,,,,,
127.649068975,,,,,,
127.6510221,,,,,,
127.6510968,,,,,,
127.652975225,,,,,,
127.6530169,18320.0,156.26445951336257,6.399407793136017,,,
127.6540145,,,,34768.0,518.0265654648957,1.9304029304029304
127.65492835,,,,,,
127.65500305,,,,,,
127.656881475,,,,,,
127.6588346,,,,,,
127.6589093,,,,,,
127.660787725,,,,,,
127.6608294,18320.0,156.26445951336257,6.399407793136017,,,
127.661827,,,,34769.0,517.6336746302617,1.931868131868132
127.66274085,,,,,,
127.66281555,,,,,,
127.663,,,,,,
127.664693975,,,,,,
127.6666471,,,,,,
127.6667218,,,,,,
127.668600225,,,,,,
127.6686419,18322.0,156.01553166069294,6.4096182563081525,,,
127.6696395,,,,34768.0,518.0265654648957,1.9304029304029304
127.67055335,,,,,,
127.67062805,,,,,,
127.672506475,,,,,,
127.6744596,,,,,,
127.6745343,,,,,,
127.676412725,,,,,,
127.6764544,18320.0,156.26445951336257,6.399407793136017,,,
127.677452,,,,34770.0,517.2413793103449,1.933333333333333
127.67836585,,,,,,
127.67844055,,,,,,
127.680318975,,,,,,
127.6822721,,,,,,
127.6823468,,,,,,
127.683,,,,,,
127.684225225,,,,,,
127.6842669,18320.0,156.26445951336257,6.399407793136017,,,
127.6852645,,,,34768.0,518.0265654648957,1.9304029304029304
127.68617835,,,,,,
127.68625305,,,,,,
127.688131475,,,,,,
127.6900846,,,,,,
127.6901593,,,,,,
127.692037725,,,,,,
127.6920794,18319.0,156.38922155688624,6.3943025615499485,,,
127.693077,,,,34769.0,517.6336746302617,1.931868131868132
127.69399085,,,,,,
127.69406555,,,,,,
127.695943975,,,,,,
127.6978971,,,,,,
127.6979718,,,,,,
127.699850225,,,,,,
127.6998919,18321.0,156.13989637305696,6.4045130247220845,,,
127.7008895,,,,34768.0,518.0265654648957,1.9304029304029304
127.70180335,,,,,,
127.70187805,,,,,,
127.703,,,,,,
127.703756475,,,,,,
127.7057096,,,,,,
127.7057843,,,,,,
127.707662725,,,,,,
127.7077044,18319.0,156.38922155688624,6.3943025615499485,,,
127.708702,,,,34768.0,518.0265654648957,1.9304029304029304
127.70961585,,,,,,
127.70969055,,,,,,
127.711568975,,,,,,
127.7135221,,,,,,
127.7135968,,,,,,
127.715475225,,,,,,
127.7155169,18320.0,156.26445951336257,6.399407793136017,,,
127.7165145,,,,34769.0,517.6336746302617,1.931868131868132
127.71742835,,,,,,
127.71750305,,,,,,
127.719381475,,,,,,
127.7213346,,,,,,
127.7214093,,,,,,
127.723,,,,,,
127.723287725,,,,,,
127.7233294,18320.0,156.26445951336257,6.399407793136017,,,
127.724327,,,,34769.0,517.6336746302617,1.931868131868132
127.72524085,,,,,,
127.72531555,,,,,,
127.727193975,,,,,,
127.7291471,,,,,,
127.7292218,,,,,,
127.731100225,,,,,,
127.7311419,18320.0,156.26445951336257,6.399407793136017,,,
127.7321395,,,,34768.0,518.0265654648957,1.9304029304029304
127.73305335,,,,,,
127.73312805,,,,,,
127.735006475,,,,,,
127.7369596,,,,,,
127.7370343,,,,,,
127.738912725,,,,,,
127.7389544,18320.0,156.26445951336257,6.399407793136017,,,
127.739952,,,,34769.0,517.6336746302617,1.931868131868132
127.74086585,,,,,,
127.74094055,,,,,,
127.742818975,,,,,,
127.743,,,,,,
127.7447721,,,,,,
127.7448468,,,,,,
127.746725225,,,,,,
127.7467669,18320.0,156.26445951336257,6.399407793136017,,,
127.7477645,,,,34768.0,518.0265654648957,1.9304029304029304
127.74867835,,,,,,
127.74875305,,,,,,
127.750631475,,,,,,
127.7525846,,,,,,
127.7526593,,,,,,
127.754537725,,,,,,
127.7545794,18320.0,156.26445951336257,6.399407793136017,,,
127.755577,,,,34768.0,518.0265654648957,1.9304029304029304
127.75649085,,,,,,
127.75656555,,,,,,
127.758443975,,,,,,
127.7603971,,,,,,
127.7604718,,,,,,
127.762350225,,,,,,
127.7623919,18320.0,156.26445951336257,6.399407793136017,,,
127.763,,,,,,
127.7633895,,,,34768.0,518.0265654648957,1.9304029304029304
127.76430335,,,,,,
127.76437805,,,,,,
127.766256475,,,,,,
127.7682096,,,,,,
127.7682843,,,,,,
127.770162725,,,,,,
127.7702044,18320.0,156.26445951336257,6.399407793136017,,,
127.771202,,,,34767.0,518.4200531712876,1.9289377289377287
127.77211585,,,,,,
127.77219055,,,,,,
127.774068975,,,,,,
127.7760221,,,,,,
127.7760968,,,,,,
127.777975225,,,,,,
127.7780169,18320.0,156.26445951336257,6.399407793136017,,,
127.7790145,,,,34768.0,518.0265654648957,1.9304029304029304
127.77992835,,,,,,
127.78000305,,,,,,
127.781881475,,,,,,
127.783,,,,,,
127.7838346,,,,,,
127.7839093,,,,,,
127.785787725,,,,,,
127.7858294,18319.0,156.38922155688624,6.3943025615499485,,,
127.786827,,,,34769.0,517.6336746302617,1.931868131868132
127.78774085,,,,,,
127.78781555,,,,,,
127.789693975,,,,,,
127.7916471,,,,,,
127.7917218,,,,,,
127.793600225,,,,,,
127.7936419,18321.0,156.13989637305696,6.4045130247220845,,,
127.7946395,,,,34768.0,518.0265654648957,1.9304029304029304
127.79555335,,,,,,
127.79562805,,,,,,
127.797506475,,,,,,
127.7994596,,,,,,
127.7995343,,,,,,
127.801412725,,,,,,
127.8014544,18320.0,156.26445951336257,6.399407793136017,,,
127.802452,,,,34767.0,518.4200531712876,1.9289377289377287
127.803,,,,,,
127.80336585,,,,,,
127.80344055,,,,,,
127.805318975,,,,,,
127.8072721,,,,,,
127.8073468,,,,,,
127.809225225,,,,,,
127.8092669,18320.0,156.26445951336257,6.399407793136017,,,
127.8102645,,,,34768.0,518.0265654648957,1.9304029304029304
127.81117835,,,,,,
127.81125305,,,,,,
127.813131475,,,,,,
127.8150846,,,,,,
127.8151593,,,,,,
127.817037725,,,,,,
127.8170794,18320.0,156.26445951336257,6.399407793136017,,,
127.818077,,,,34768.0,518.0265654648957,1.9304029304029304
127.81899085,,,,,,
127.81906555,,,,,,
127.820943975,,,,,,
127.8228971,,,,,,
127.8229718,,,,,,
127.823,,,,,,
127.824850225,,,,,,
127.8248919,18320.0,156.26445951336257,6.399407793136017,,,
127.8258895,,,,34768.0,518.0265654648957,1.9304029304029304
127.82680335,,,,,,
127.82687805,,,,,,
127.828756475,,,,,,
127.8307096,,,,,,
127.8307843,,,,,,
127.832662725,,,,,,
127.8327044,18320.0,156.26445951336257,6.399407793136017,,,
127.833702,,,,34768.0,518.0265654648957,1.9304029304029304
127.83461585,,,,,,
127.83469055,,,,,,
127.836568975,,,,,,
127.8385221,,,,,,
127.8385968,,,,,,
127.840475225,,,,,,
127.8405169,18321.0,156.13989637305696,6.4045130247220845,,,
127.8415145,,,,34768.0,518.0265654648957,1.9304029304029304
127.84242835,,,,,,
127.84250305,,,,,,
127.843,,,,,,
127.844381475,,,,,,
127.8463346,,,,,,
127.8464093,,,,,,
127.848287725,,,,,,
127.8483294,18320.0,156.26445951336257,6.399407793136017,,,
127.849327,,,,34768.0,518.0265654648957,1.9304029304029304
127.85024085,,,,,,
127.85031555,,,,,,
127.852193975,,,,,,
127.8541471,,,,,,
127.8542218,,,,,,
127.856100225,,,,,,
127.8561419,18320.0,156.26445951336257,6.399407793136017,,,
127.8571395,,,,34768.0,518.0265654648957,1.9304029304029304
127.85805335,,,,,,
127.85812805,,,,,,
127.860006475,,,,,,
127.8619596,,,,,,
127.8620343,,,,,,
127.863,,,,,,
127.863912725,,,,,,
127.8639544,18320.0,156.26445951336257,6.399407793136017,,,
127.864952,,,,34767.0,518.4200531712876,1.9289377289377287
127.86586585,,,,,,
127.86594055,,,,,,
127.867818975,,,,,,
127.8697721,,,,,,
127.8698468,,,,,,
127.871725225,,,,,,
127.8717669,18319.0,156.38922155688624,6.3943025615499485,,,
127.8727645,,,,34768.0,518.0265654648957,1.9304029304029304
127.87367835,,,,,,
127.87375305,,,,,,
127.875631475,,,,,,
127.8775846,,,,,,
127.8776593,,,,,,
127.879537725,,,,,,
127.8795794,18320.0,156.26445951336257,6.399407793136017,,,
127.880577,,,,34769.0,517.6336746302617,1.931868131868132
127.88149085,,,,,,
127.88156555,,,,,,
127.883,,,,,,
127.883443975,,,,,,
127.8853971,,,,,,
127.8854718,,,,,,
127.887350225,,,,,,
127.8873919,18320.0,156.26445951336257,6.399407793136017,,,
127.8883895,,,,34768.0,518.0265654648957,1.9304029304029304
127.88930335,,,,,,
127.88937805,,,,,,
127.891256475,,,,,,
127.8932096,,,,,,
127.8932843,,,,,,
127.895162725,,,,,,
127.8952044,18320.0,156.26445951336257,6.399407793136017,,,
127.896202,,,,34768.0,518.0265654648957,1.9304029304029304
127.89711585,,,,,,
127.89719055,,,,,,
127.899068975,,,,,,
127.9010221,,,,,,
127.9010968,,,,,,
127.902975225,,,,,,
127.903,,,,,,
127.9030169,18320.0,156.26445951336257,6.399407793136017,,,
127.9040145,,,,34767.0,518.4200531712876,1.9289377289377287
127.90492835,,,,,,
127.90500305,,,,,,
127.906881475,,,,,,
127.9088346,,,,,,
127.9089093,,,,,,
127.910787725,,,,,,
127.9108294,18319.0,156.38922155688624,6.3943025615499485,,,
127.911827,,,,34769.0,517.6336746302617,1.931868131868132
127.91274085,,,,,,
127.91281555,,,,,,
127.914693975,,,,,,
127.9166471,,,,,,
127.9167218,,,,,,
127.918600225,,,,,,
127.9186419,18320.0,156.26445951336257,6.399407793136017,,,
127.9196395,,,,34768.0,518.0265654648957,1.9304029304029304
127.92055335,,,,,,
127.92062805,,,,,,
127.922506475,,,,,,
127.923,,,,,,
127.9244596,,,,,,
127.9245343,,,,,,
127.926412725,,,,,,
127.9264544,18319.0,156.38922155688624,6.3943025615499485,,,
127.927452,,,,34768.0,518.0265654648957,1.9304029304029304
127.92836585,,,,,,
127.92844055,,,,,,
127.930318975,,,,,,
127.9322721,,,,,,
127.9323468,,,,,,
127.934225225,,,,,,
127.9342669,18319.0,156.38922155688624,6.3943025615499485,,,
127.9352645,,,,34768.0,518.0265654648957,1.9304029304029304
127.93617835,,,,,,
127.93625305,,,,,,
127.938131475,,,,,,
127.9400846,,,,,,
127.9401593,,,,,,
127.942037725,,,,,,
127.9420794,18320.0,156.26445951336257,6.399407793136017,,,
127.943,,,,,,
127.943077,,,,34768.0,518.0265654648957,1.9304029304029304
127.94399085,,,,,,
127.94406555,,,,,,
127.945943975,,,,,,
127.9478971,,,,,,
127.9479718,,,,,,
127.949850225,,,,,,
127.9498919,18321.0,156.13989637305696,6.4045130247220845,,,
127.9508895,,,,34768.0,518.0265654648957,1.9304029304029304
127.95180335,,,,,,
127.95187805,,,,,,
127.953756475,,,,,,
127.9557096,,,,,,
127.9557843,,,,,,
127.957662725,,,,,,
127.9577044,18320.0,156.26445951336257,6.399407793136017,,,
127.958702,,,,34767.0,518.4200531712876,1.9289377289377287
127.95961585,,,,,,
127.95969055,,,,,,
127.961568975,,,,,,
127.963,,,,,,
127.9635221,,,,,,
127.9635968,,,,,,
127.965475225,,,,,,
127.9655169,18319.0,156.38922155688624,6.3943025615499485,,,
127.9665145,,,,34768.0,518.0265654648957,1.9304029304029304
127.96742835,,,,,,
127.96750305,,,,,,
127.969381475,,,,,,
127.9713346,,,,,,
127.9714093,,,,,,
127.973287725,,,,,,
127.9733294,18319.0,156.38922155688624,6.3943025615499485,,,
127.974327,,,,34769.0,517.6336746302617,1.931868131868132
127.97524085,,,,,,
127.97531555,,,,,,
127.977193975,,,,,,
127.9791471,,,,,,
127.9792218,,,,,,
127.981100225,,,,,,
127.9811419,18320.0,156.26445951336257,6.399407793136017,,,
127.9821395,,,,34769.0,517.6336746302617,1.931868131868132
127.983,,,,,,
127.98305335,,,,,,
127.98312805,,,,,,
127.985006475,,,,,,
127.9869596,,,,,,
127.9870343,,,,,,
127.988912725,,,,,,
127.9889544,18319.0,156.38922155688624,6.3943025615499485,,,
127.989952,,,,34768.0,518.0265654648957,1.9304029304029304
127.99086585,,,,,,
127.99094055,,,,,,
127.992818975,,,,,,
127.9947721,,,,,,
127.9948468,,,,,,
127.996725225,,,,,,
127.9967669,18319.0,156.38922155688624,6.3943025615499485,,,
127.9977645,,,,34768.0,518.0265654648957,1.9304029304029304
127.99867835,,,,,,
127.99875305,,,,,,
128.000631475,,,,,,
128.0025846,,,,,,
128.0026593,,,,,,
128.003,,,,,,
128.004537725,,,,,,
128.0045794,18319.0,156.38922155688624,6.3943025615499485,,,
128.00557700000002,,,,34769.0,517.6336746302617,1.931868131868132
128.00649085,,,,,,
128.00656555,,,,,,
128.008443975,,,,,,
128.0103971,,,,,,
128.0104718,,,,,,
128.012350225,,,,,,
128.0123919,18320.0,156.26445951336257,6.399407793136017,,,
128.01338950000002,,,,34768.0,518.0265654648957,1.9304029304029304
128.01430335,,,,,,
128.01437805,,,,,,
128.016256475,,,,,,
128.0182096,,,,,,
128.0182843,,,,,,
128.020162725,,,,,,
128.0202044,18320.0,156.26445951336257,6.399407793136017,,,
128.02120200000002,,,,34768.0,518.0265654648957,1.9304029304029304
128.02211585,,,,,,
128.02219055,,,,,,
128.023,,,,,,
128.024068975,,,,,,
128.0260221,,,,,,
128.0260968,,,,,,
128.027975225,,,,,,
128.0280169,18319.0,156.38922155688624,6.3943025615499485,,,
128.02901450000002,,,,34768.0,518.0265654648957,1.9304029304029304
128.02992835,,,,,,
128.03000305,,,,,,
128.031881475,,,,,,
128.0338346,,,,,,
128.0339093,,,,,,
128.035787725,,,,,,
128.0358294,18319.0,156.38922155688624,6.3943025615499485,,,
128.03682700000002,,,,34769.0,517.6336746302617,1.931868131868132
128.03774085,,,,,,
128.03781555,,,,,,
128.039693975,,,,,,
128.0416471,,,,,,
128.0417218,,,,,,
128.043,,,,,,
128.043600225,,,,,,
128.0436419,18320.0,156.26445951336257,6.399407793136017,,,
128.04463950000002,,,,34768.0,518.0265654648957,1.9304029304029304
128.04555335,,,,,,
128.04562805,,,,,,
128.047506475,,,,,,
128.0494596,,,,,,
128.0495343,,,,,,
128.051412725,,,,,,
128.0514544,18320.0,156.26445951336257,6.399407793136017,,,
128.05245200000002,,,,34768.0,518.0265654648957,1.9304029304029304
128.05336585,,,,,,
128.05344055,,,,,,
128.055318975,,,,,,
128.0572721,,,,,,
128.0573468,,,,,,
128.059225225,,,,,,
128.0592669,18319.0,156.38922155688624,6.3943025615499485,,,
128.06026450000002,,,,34768.0,518.0265654648957,1.9304029304029304
128.06117835,,,,,,
128.06125305,,,,,,
128.063,,,,,,
128.063131475,,,,,,
128.0650846,,,,,,
128.0651593,,,,,,
128.067037725,,,,,,
128.0670794,18319.0,156.38922155688624,6.3943025615499485,,,
128.06807700000002,,,,34770.0,517.2413793103449,1.933333333333333
128.06899085,,,,,,
128.06906555,,,,,,
128.070943975,,,,,,
128.0728971,,,,,,
128.0729718,,,,,,
128.074850225,,,,,,
128.0748919,18320.0,156.26445951336257,6.399407793136017,,,
128.07588950000002,,,,34768.0,518.0265654648957,1.9304029304029304
128.07680335,,,,,,
128.07687805,,,,,,
128.078756475,,,,,,
128.0807096,,,,,,
128.0807843,,,,,,
128.082662725,,,,,,
128.0827044,18319.0,156.38922155688624,6.3943025615499485,,,
128.083,,,,,,
128.08370200000002,,,,34770.0,517.2413793103449,1.933333333333333
128.08461585,,,,,,
128.08469055,,,,,,
128.086568975,,,,,,
128.0885221,,,,,,
128.0885968,,,,,,
128.090475225,,,,,,
128.0905169,18319.0,156.38922155688624,6.3943025615499485,,,
128.09151450000002,,,,34768.0,518.0265654648957,1.9304029304029304
128.09242835,,,,,,
128.09250305,,,,,,
128.094381475,,,,,,
128.0963346,,,,,,
128.0964093,,,,,,
128.098287725,,,,,,
128.0983294,18319.0,156.38922155688624,6.3943025615499485,,,
128.09932700000002,,,,34768.0,518.0265654648957,1.9304029304029304
128.10024085,,,,,,
128.10031555,,,,,,
128.102193975,,,,,,
128.103,,,,,,
128.1041471,,,,,,
128.1042218,,,,,,
128.106100225,,,,,,
128.1061419,18320.0,156.26445951336257,6.399407793136017,,,
128.10713950000002,,,,34768.0,518.0265654648957,1.9304029304029304
128.10805335,,,,,,
128.10812805,,,,,,
128.110006475,,,,,,
128.1119596,,,,,,
128.1120343,,,,,,
128.113912725,,,,,,
128.1139544,18319.0,156.38922155688624,6.3943025615499485,,,
128.11495200000002,,,,34768.0,518.0265654648957,1.9304029304029304
128.11586585,,,,,,
128.11594055,,,,,,
128.117818975,,,,,,
128.1197721,,,,,,
128.1198468,,,,,,
128.121725225,,,,,,
128.1217669,18319.0,156.38922155688624,6.3943025615499485,,,
128.12276450000002,,,,34768.0,518.0265654648957,1.9304029304029304
128.123,,,,,,
128.12367835,,,,,,
128.12375305,,,,,,
128.125631475,,,,,,
128.1275846,,,,,,
128.1276593,,,,,,
128.129537725,,,,,,
128.1295794,18319.0,156.38922155688624,6.3943025615499485,,,
128.13057700000002,,,,34768.0,518.0265654648957,1.9304029304029304
128.13149085,,,,,,
128.13156555,,,,,,
128.133443975,,,,,,
128.1353971,,,,,,
128.1354718,,,,,,
128.137350225,,,,,,
128.1373919,18320.0,156.26445951336257,6.399407793136017,,,
128.13838950000002,,,,34768.0,518.0265654648957,1.9304029304029304
128.13930335,,,,,,
128.13937805,,,,,,
128.141256475,,,,,,
128.143,,,,,,
128.1432096,,,,,,
128.1432843,,,,,,
128.145162725,,,,,,
128.1452044,18319.0,156.38922155688624,6.3943025615499485,,,
128.14620200000002,,,,34768.0,518.0265654648957,1.9304029304029304
128.14711585,,,,,,
128.14719055,,,,,,
128.149068975,,,,,,
128.1510221,,,,,,
128.1510968,,,,,,
128.152975225,,,,,,
128.1530169,18319.0,156.38922155688624,6.3943025615499485,,,
128.15401450000002,,,,34767.0,518.4200531712876,1.9289377289377287
128.15492835,,,,,,
128.15500305,,,,,,
128.156881475,,,,,,
128.1588346,,,,,,
128.1589093,,,,,,
128.160787725,,,,,,
128.1608294,18319.0,156.38922155688624,6.3943025615499485,,,
128.16182700000002,,,,34769.0,517.6336746302617,1.931868131868132
128.16274085,,,,,,
128.16281555,,,,,,
128.163,,,,,,
128.164693975,,,,,,
128.1666471,,,,,,
128.1667218,,,,,,
128.168600225,,,,,,
128.1686419,18319.0,156.38922155688624,6.3943025615499485,,,
128.16963950000002,,,,34768.0,518.0265654648957,1.9304029304029304
128.17055335,,,,,,
128.17062805,,,,,,
128.172506475,,,,,,
128.1744596,,,,,,
128.1745343,,,,,,
128.176412725,,,,,,
128.1764544,18320.0,156.26445951336257,6.399407793136017,,,
128.17745200000002,,,,34767.0,518.4200531712876,1.9289377289377287
128.17836585,,,,,,
128.17844055,,,,,,
128.180318975,,,,,,
128.1822721,,,,,,
128.1823468,,,,,,
128.183,,,,,,
128.184225225,,,,,,
128.1842669,18319.0,156.38922155688624,6.3943025615499485,,,
128.18526450000002,,,,34768.0,518.0265654648957,1.9304029304029304
128.18617835,,,,,,
128.18625305,,,,,,
128.188131475,,,,,,
128.1900846,,,,,,
128.1901593,,,,,,
128.192037725,,,,,,
128.1920794,18319.0,156.38922155688624,6.3943025615499485,,,
128.19307700000002,,,,34768.0,518.0265654648957,1.9304029304029304
128.19399085,,,,,,
128.19406555,,,,,,
128.195943975,,,,,,
128.1978971,,,,,,
128.1979718,,,,,,
128.199850225,,,,,,
128.1998919,18320.0,156.26445951336257,6.399407793136017,,,
128.20088950000002,,,,34768.0,518.0265654648957,1.9304029304029304
128.20180335,,,,,,
128.20187805,,,,,,
128.203,,,,,,
128.203756475,,,,,,
128.2057096,,,,,,
128.2057843,,,,,,
128.207662725,,,,,,
128.2077044,18319.0,156.38922155688624,6.3943025615499485,,,
128.20870200000002,,,,34767.0,518.4200531712876,1.9289377289377287
128.20961585,,,,,,
128.20969055,,,,,,
128.211568975,,,,,,
128.2135221,,,,,,
128.2135968,,,,,,
128.215475225,,,,,,
128.2155169,18319.0,156.38922155688624,6.3943025615499485,,,
128.21651450000002,,,,34767.0,518.4200531712876,1.9289377289377287
128.21742835,,,,,,
128.21750305,,,,,,
128.219381475,,,,,,
128.2213346,,,,,,
128.2214093,,,,,,
128.223,,,,,,
128.223287725,,,,,,
128.2233294,18319.0,156.38922155688624,6.3943025615499485,,,
128.22432700000002,,,,34768.0,518.0265654648957,1.9304029304029304
128.22524085,,,,,,
128.22531555,,,,,,
128.227193975,,,,,,
128.2291471,,,,,,
128.2292218,,,,,,
128.231100225,,,,,,
128.2311419,18319.0,156.38922155688624,6.3943025615499485,,,
128.23213950000002,,,,34768.0,518.0265654648957,1.9304029304029304
128.23305335,,,,,,
128.23312805,,,,,,
128.235006475,,,,,,
128.2369596,,,,,,
128.2370343,,,,,,
128.238912725,,,,,,
128.2389544,18319.0,156.38922155688624,6.3943025615499485,,,
128.23995200000002,,,,34768.0,518.0265654648957,1.9304029304029304
128.24086585,,,,,,
128.24094055,,,,,,
128.242818975,,,,,,
128.243,,,,,,
128.2447721,,,,,,
128.2448468,,,,,,
128.246725225,,,,,,
128.2467669,18320.0,156.26445951336257,6.399407793136017,,,
128.24776450000002,,,,34767.0,518.4200531712876,1.9289377289377287
128.24867835,,,,,,
128.24875305,,,,,,
128.250631475,,,,,,
128.2525846,,,,,,
128.2526593,,,,,,
128.254537725,,,,,,
128.2545794,18319.0,156.38922155688624,6.3943025615499485,,,
128.25557700000002,,,,34768.0,518.0265654648957,1.9304029304029304
128.25649085,,,,,,
128.25656555,,,,,,
128.258443975,,,,,,
128.2603971,,,,,,
128.2604718,,,,,,
128.262350225,,,,,,
128.2623919,18320.0,156.26445951336257,6.399407793136017,,,
128.263,,,,,,
128.26338950000002,,,,34767.0,518.4200531712876,1.9289377289377287
128.26430335,,,,,,
128.26437805,,,,,,
128.266256475,,,,,,
128.2682096,,,,,,
128.2682843,,,,,,
128.270162725,,,,,,
128.2702044,18319.0,156.38922155688624,6.3943025615499485,,,
128.27120200000002,,,,34768.0,518.0265654648957,1.9304029304029304
128.27211585,,,,,,
128.27219055,,,,,,
128.274068975,,,,,,
128.2760221,,,,,,
128.2760968,,,,,,
128.277975225,,,,,,
128.2780169,18319.0,156.38922155688624,6.3943025615499485,,,
128.27901450000002,,,,34768.0,518.0265654648957,1.9304029304029304
128.27992835,,,,,,
128.28000305,,,,,,
128.281881475,,,,,,
128.283,,,,,,
128.2838346,,,,,,
128.2839093,,,,,,
128.285787725,,,,,,
128.2858294,18319.0,156.38922155688624,6.3943025615499485,,,
128.28682700000002,,,,34768.0,518.0265654648957,1.9304029304029304
128.28774085,,,,,,
128.28781555,,,,,,
128.289693975,,,,,,
128.2916471,,,,,,
128.2917218,,,,,,
128.293600225,,,,,,
128.2936419,18320.0,156.26445951336257,6.399407793136017,,,
128.29463950000002,,,,34768.0,518.0265654648957,1.9304029304029304
128.29555335,,,,,,
128.29562805,,,,,,
128.297506475,,,,,,
128.2994596,,,,,,
128.2995343,,,,,,
128.301412725,,,,,,
128.3014544,18319.0,156.38922155688624,6.3943025615499485,,,
128.302,,,,,,
128.30245200000002,,,,34768.0,518.0265654648957,1.9304029304029304
128.30336585,,,,,,
128.30344055,,,,,,
128.305318975,,,,,,
128.3072721,,,,,,
128.3073468,,,,,,
128.309225225,,,,,,
128.3092669,18319.0,156.38922155688624,6.3943025615499485,,,
128.31026450000002,,,,34768.0,518.0265654648957,1.9304029304029304
128.31117835,,,,,,
128.31125305,,,,,,
128.313131475,,,,,,
128.3150846,,,,,,
128.3151593,,,,,,
128.317037725,,,,,,
128.3170794,18320.0,156.26445951336257,6.399407793136017,,,
128.31807700000002,,,,34768.0,518.0265654648957,1.9304029304029304
128.31899085,,,,,,
128.31906555,,,,,,
128.320943975,,,,,,
128.322,,,,,,
128.3228971,,,,,,
128.3229718,,,,,,
128.324850225,,,,,,
128.3248919,18319.0,156.38922155688624,6.3943025615499485,,,
128.32588950000002,,,,34768.0,518.0265654648957,1.9304029304029304
128.32680335,,,,,,
128.32687805,,,,,,
128.328756475,,,,,,
128.3307096,,,,,,
128.3307843,,,,,,
128.332662725,,,,,,
128.3327044,18319.0,156.38922155688624,6.3943025615499485,,,
128.33370200000002,,,,34768.0,518.0265654648957,1.9304029304029304
128.33461585,,,,,,
128.33469055,,,,,,
128.336568975,,,,,,
128.3385221,,,,,,
128.3385968,,,,,,
128.340475225,,,,,,
128.3405169,18320.0,156.26445951336257,6.399407793136017,,,
128.34151450000002,,,,34767.0,518.4200531712876,1.9289377289377287
128.342,,,,,,
128.34242835,,,,,,
128.34250305,,,,,,
128.344381475,,,,,,
128.3463346,,,,,,
128.3464093,,,,,,
128.348287725,,,,,,
128.3483294,18319.0,156.38922155688624,6.3943025615499485,,,
128.34932700000002,,,,34768.0,518.0265654648957,1.9304029304029304
128.35024085,,,,,,
128.35031555,,,,,,
128.352193975,,,,,,
128.3541471,,,,,,
128.3542218,,,,,,
128.356100225,,,,,,
128.3561419,18320.0,156.26445951336257,6.399407793136017,,,
128.35713950000002,,,,34768.0,518.0265654648957,1.9304029304029304
128.35805335,,,,,,
128.35812805,,,,,,
128.360006475,,,,,,
128.3619596,,,,,,
128.362,,,,,,
128.3620343,,,,,,
128.363912725,,,,,,
128.3639544,18319.0,156.38922155688624,6.3943025615499485,,,
128.36495200000002,,,,34769.0,517.6336746302617,1.931868131868132
128.36586585,,,,,,
128.36594055,,,,,,
128.367818975,,,,,,
128.3697721,,,,,,
128.3698468,,,,,,
128.371725225,,,,,,
128.3717669,18319.0,156.38922155688624,6.3943025615499485,,,
128.37276450000002,,,,34767.0,518.4200531712876,1.9289377289377287
128.37367835,,,,,,
128.37375305,,,,,,
128.375631475,,,,,,
128.3775846,,,,,,
128.3776593,,,,,,
128.379537725,,,,,,
128.3795794,18319.0,156.38922155688624,6.3943025615499485,,,
128.38057700000002,,,,34769.0,517.6336746302617,1.931868131868132
128.38149085,,,,,,
128.38156555,,,,,,
128.382,,,,,,
128.383443975,,,,,,
128.3853971,,,,,,
128.3854718,,,,,,
128.387350225,,,,,,
128.3873919,18320.0,156.26445951336257,6.399407793136017,,,
128.38838950000002,,,,34767.0,518.4200531712876,1.9289377289377287
128.38930335,,,,,,
128.38937805,,,,,,
128.391256475,,,,,,
128.3932096,,,,,,
128.3932843,,,,,,
128.395162725,,,,,,
128.3952044,18319.0,156.38922155688624,6.3943025615499485,,,
128.39620200000002,,,,34768.0,518.0265654648957,1.9304029304029304
128.39711585,,,,,,
128.39719055,,,,,,
128.399068975,,,,,,
128.4010221,,,,,,
128.4010968,,,,,,
128.402,,,,,,
128.402975225,,,,,,
128.4030169,18319.0,156.38922155688624,6.3943025615499485,,,
128.40401450000002,,,,34767.0,518.4200531712876,1.9289377289377287
128.40492835,,,,,,
128.40500305,,,,,,
128.406881475,,,,,,
128.4088346,,,,,,
128.4089093,,,,,,
128.410787725,,,,,,
128.4108294,18319.0,156.38922155688624,6.3943025615499485,,,
128.41182700000002,,,,34768.0,518.0265654648957,1.9304029304029304
128.41274085,,,,,,
128.41281555,,,,,,
128.414693975,,,,,,
128.4166471,,,,,,
128.4167218,,,,,,
128.418600225,,,,,,
128.4186419,18320.0,156.26445951336257,6.399407793136017,,,
128.41963950000002,,,,34767.0,518.4200531712876,1.9289377289377287
128.42055335,,,,,,
128.42062805,,,,,,
128.422,,,,,,
128.422506475,,,,,,
128.4244596,,,,,,
128.4245343,,,,,,
128.426412725,,,,,,
128.4264544,18319.0,156.38922155688624,6.3943025615499485,,,
128.42745200000002,,,,34767.0,518.4200531712876,1.9289377289377287
128.42836585,,,,,,
128.42844055,,,,,,
128.430318975,,,,,,
128.4322721,,,,,,
128.4323468,,,,,,
128.434225225,,,,,,
128.4342669,18319.0,156.38922155688624,6.3943025615499485,,,
128.43526450000002,,,,34768.0,518.0265654648957,1.9304029304029304
128.43617835,,,,,,
128.43625305,,,,,,
128.438131475,,,,,,
128.4400846,,,,,,
128.4401593,,,,,,
128.442,,,,,,
128.442037725,,,,,,
128.4420794,18318.0,156.51418298042353,6.38919732996388,,,
128.44307700000002,,,,34768.0,518.0265654648957,1.9304029304029304
128.44399085,,,,,,
128.44406555,,,,,,
128.445943975,,,,,,
128.4478971,,,,,,
128.4479718,,,,,,
128.449850225,,,,,,
128.4498919,18320.0,156.26445951336257,6.399407793136017,,,
128.45088950000002,,,,34767.0,518.4200531712876,1.9289377289377287
128.45180335,,,,,,
128.45187805,,,,,,
128.453756475,,,,,,
128.4557096,,,,,,
128.4557843,,,,,,
128.457662725,,,,,,
128.4577044,18319.0,156.38922155688624,6.3943025615499485,,,
128.45870200000002,,,,34768.0,518.0265654648957,1.9304029304029304
128.45961585,,,,,,
128.45969055,,,,,,
128.461568975,,,,,,
128.462,,,,,,
128.4635221,,,,,,
128.4635968,,,,,,
128.465475225,,,,,,
128.4655169,18319.0,156.38922155688624,6.3943025615499485,,,
128.46651450000002,,,,34769.0,517.6336746302617,1.931868131868132
128.46742835,,,,,,
128.46750305,,,,,,
128.469381475,,,,,,
128.4713346,,,,,,
128.4714093,,,,,,
128.473287725,,,,,,
128.4733294,18319.0,156.38922155688624,6.3943025615499485,,,
128.47432700000002,,,,34769.0,517.6336746302617,1.931868131868132
128.47524085,,,,,,
128.47531555,,,,,,
128.477193975,,,,,,
128.4791471,,,,,,
128.4792218,,,,,,
128.481100225,,,,,,
128.4811419,18320.0,156.26445951336257,6.399407793136017,,,
128.482,,,,,,
128.48213950000002,,,,34768.0,518.0265654648957,1.9304029304029304
128.48305335,,,,,,
128.48312805,,,,,,
128.485006475,,,,,,
128.4869596,,,,,,
128.4870343,,,,,,
128.488912725,,,,,,
128.4889544,18320.0,156.26445951336257,6.399407793136017,,,
128.48995200000002,,,,34768.0,518.0265654648957,1.9304029304029304
128.49086585,,,,,,
128.49094055,,,,,,
128.492818975,,,,,,
128.4947721,,,,,,
128.4948468,,,,,,
128.496725225,,,,,,
128.4967669,18320.0,156.26445951336257,6.399407793136017,,,
128.49776450000002,,,,34768.0,518.0265654648957,1.9304029304029304
128.49867835,,,,,,
128.49875305,,,,,,
128.500631475,,,,,,
128.502,,,,,,
128.5025846,,,,,,
128.5026593,,,,,,
128.504537725,,,,,,
128.5045794,18319.0,156.38922155688624,6.3943025615499485,,,
128.50557700000002,,,,34768.0,518.0265654648957,1.9304029304029304
128.50649085,,,,,,
128.50656555,,,,,,
128.508443975,,,,,,
128.5103971,,,,,,
128.5104718,,,,,,
128.512350225,,,,,,
128.5123919,18320.0,156.26445951336257,6.399407793136017,,,
128.51338950000002,,,,34768.0,518.0265654648957,1.9304029304029304
128.51430335,,,,,,
128.51437805,,,,,,
128.516256475,,,,,,
128.5182096,,,,,,
128.5182843,,,,,,
128.520162725,,,,,,
128.5202044,18319.0,156.38922155688624,6.3943025615499485,,,
128.52120200000002,,,,34768.0,518.0265654648957,1.9304029304029304
128.522,,,,,,
128.52211585,,,,,,
128.52219055,,,,,,
128.524068975,,,,,,
128.5260221,,,,,,
128.5260968,,,,,,
128.527975225,,,,,,
128.5280169,18320.0,156.26445951336257,6.399407793136017,,,
128.52901450000002,,,,34768.0,518.0265654648957,1.9304029304029304
128.52992835,,,,,,
128.53000305,,,,,,
128.531881475,,,,,,
128.5338346,,,,,,
128.5339093,,,,,,
128.535787725,,,,,,
128.5358294,18319.0,156.38922155688624,6.3943025615499485,,,
128.53682700000002,,,,34768.0,518.0265654648957,1.9304029304029304
128.53774085,,,,,,
128.53781555,,,,,,
128.539693975,,,,,,
128.5416471,,,,,,
128.5417218,,,,,,
128.542,,,,,,
128.543600225,,,,,,
128.5436419,18320.0,156.26445951336257,6.399407793136017,,,
128.54463950000002,,,,34768.0,518.0265654648957,1.9304029304029304
128.54555335,,,,,,
128.54562805,,,,,,
128.547506475,,,,,,
128.5494596,,,,,,
128.5495343,,,,,,
128.551412725,,,,,,
128.5514544,18319.0,156.38922155688624,6.3943025615499485,,,
128.55245200000002,,,,34767.0,518.4200531712876,1.9289377289377287
128.55336585,,,,,,
128.55344055,,,,,,
128.555318975,,,,,,
128.5572721,,,,,,
128.5573468,,,,,,
128.559225225,,,,,,
128.5592669,18318.0,156.51418298042353,6.38919732996388,,,
128.56026450000002,,,,34767.0,518.4200531712876,1.9289377289377287
128.56117835,,,,,,
128.56125305,,,,,,
128.562,,,,,,
128.563131475,,,,,,
128.5650846,,,,,,
128.5651593,,,,,,
128.567037725,,,,,,
128.5670794,18320.0,156.26445951336257,6.399407793136017,,,
128.56807700000002,,,,34769.0,517.6336746302617,1.931868131868132
128.56899085,,,,,,
128.56906555,,,,,,
128.570943975,,,,,,
128.5728971,,,,,,
128.5729718,,,,,,
128.574850225,,,,,,
128.5748919,18320.0,156.26445951336257,6.399407793136017,,,
128.57588950000002,,,,34768.0,518.0265654648957,1.9304029304029304
128.57680335,,,,,,
128.57687805,,,,,,
128.578756475,,,,,,
128.5807096,,,,,,
128.5807843,,,,,,
128.582,,,,,,
128.582662725,,,,,,
128.5827044,18319.0,156.38922155688624,6.3943025615499485,,,
128.58370200000002,,,,34767.0,518.4200531712876,1.9289377289377287
128.58461585,,,,,,
128.58469055,,,,,,
128.586568975,,,,,,
128.5885221,,,,,,
128.5885968,,,,,,
128.590475225,,,,,,
128.5905169,18319.0,156.38922155688624,6.3943025615499485,,,
128.59151450000002,,,,34767.0,518.4200531712876,1.9289377289377287
128.59242835,,,,,,
128.59250305,,,,,,
128.594381475,,,,,,
128.5963346,,,,,,
128.5964093,,,,,,
128.598287725,,,,,,
128.5983294,18319.0,156.38922155688624,6.3943025615499485,,,
128.59932700000002,,,,34768.0,518.0265654648957,1.9304029304029304
128.60024085,,,,,,
128.60031555,,,,,,
128.602,,,,,,
128.602193975,,,,,,
128.6041471,,,,,,
128.6042218,,,,,,
128.606100225,,,,,,
128.6061419,18319.0,156.38922155688624,6.3943025615499485,,,
128.60713950000002,,,,34767.0,518.4200531712876,1.9289377289377287
128.60805335,,,,,,
128.60812805,,,,,,
128.610006475,,,,,,
128.6119596,,,,,,
128.6120343,,,,,,
128.613912725,,,,,,
128.6139544,18319.0,156.38922155688624,6.3943025615499485,,,
128.61495200000002,,,,34768.0,518.0265654648957,1.9304029304029304
128.61586585,,,,,,
128.61594055,,,,,,
128.617818975,,,,,,
128.6197721,,,,,,
128.6198468,,,,,,
128.621725225,,,,,,
128.6217669,18320.0,156.26445951336257,6.399407793136017,,,
128.622,,,,,,
128.62276450000002,,,,34769.0,517.6336746302617,1.931868131868132
128.62367835,,,,,,
128.62375305,,,,,,
128.625631475,,,,,,
128.6275846,,,,,,
128.6276593,,,,,,
128.629537725,,,,,,
128.6295794,18318.0,156.51418298042353,6.38919732996388,,,
128.6303085,,,,,,
128.63057700000002,,,,34768.0,518.0265654648957,1.9304029304029304
128.63149085,,,,,,
128.63156555,,,,,,
128.633443975,,,,,,
128.6353971,,,,,,
128.6354718,,,,,,
128.637350225,,,,,,
128.6373919,18319.0,156.38922155688624,6.3943025615499485,,,
128.63838950000002,,,,34768.0,518.0265654648957,1.9304029304029304
128.63930335,,,,,,
128.63937805,,,,,,
128.641256475,,,,,,
128.642,,,,,,
128.6432096,,,,,,
128.6432843,,,,,,
128.645162725,,,,,,
128.6452044,18319.0,156.38922155688624,6.3943025615499485,,,
128.64620200000002,,,,34768.0,518.0265654648957,1.9304029304029304
128.64711585,,,,,,
128.64719055,,,,,,
128.649068975,,,,,,
128.6510221,,,,,,
128.6510968,,,,,,
128.652975225,,,,,,
128.6530169,18318.0,156.51418298042353,6.38919732996388,,,
128.65401450000002,,,,34767.0,518.4200531712876,1.9289377289377287
128.65492835,,,,,,
128.65500305,,,,,,
128.656881475,,,,,,
128.6588346,,,,,,
128.6589093,,,,,,
128.660787725,,,,,,
128.6608294,18319.0,156.38922155688624,6.3943025615499485,,,
128.66182700000002,,,,34768.0,518.0265654648957,1.9304029304029304
128.662,,,,,,
128.66274085,,,,,,
128.66281555,,,,,,
128.664693975,,,,,,
128.6666471,,,,,,
128.6667218,,,,,,
128.668600225,,,,,,
128.6686419,18319.0,156.38922155688624,6.3943025615499485,,,
128.66963950000002,,,,34768.0,518.0265654648957,1.9304029304029304
128.67055335,,,,,,
128.67062805,,,,,,
128.672506475,,,,,,
128.6744596,,,,,,
128.6745343,,,,,,
128.676412725,,,,,,
128.6764544,18320.0,156.26445951336257,6.399407793136017,,,
128.67745200000002,,,,34767.0,518.4200531712876,1.9289377289377287
128.67836585,,,,,,
128.67844055,,,,,,
128.680318975,,,,,,
128.682,,,,,,
128.6822721,,,,,,
128.6823468,,,,,,
128.684225225,,,,,,
128.6842669,18318.0,156.51418298042353,6.38919732996388,,,
128.68526450000002,,,,34767.0,518.4200531712876,1.9289377289377287
128.68617835,,,,,,
128.68625305,,,,,,
128.688131475,,,,,,
128.6900846,,,,,,
128.6901593,,,,,,
128.692037725,,,,,,
128.6920794,18319.0,156.38922155688624,6.3943025615499485,,,
128.69307700000002,,,,34768.0,518.0265654648957,1.9304029304029304
128.69399085,,,,,,
128.69406555,,,,,,
128.695943975,,,,,,
128.6978971,,,,,,
128.6979718,,,,,,
128.699850225,,,,,,
128.6998919,18320.0,156.26445951336257,6.399407793136017,,,
128.70088950000002,,,,34768.0,518.0265654648957,1.9304029304029304
128.70180335,,,,,,
128.70187805,,,,,,
128.702,,,,,,
128.703756475,,,,,,
128.7057096,,,,,,
128.7057843,,,,,,
128.707662725,,,,,,
128.7077044,18319.0,156.38922155688624,6.3943025615499485,,,
128.70870200000002,,,,34767.0,518.4200531712876,1.9289377289377287
128.70961585,,,,,,
128.70969055,,,,,,
128.711568975,,,,,,
128.7135221,,,,,,
128.7135968,,,,,,
128.715475225,,,,,,
128.7155169,18318.0,156.51418298042353,6.38919732996388,,,
128.71651450000002,,,,34767.0,518.4200531712876,1.9289377289377287
128.71742835,,,,,,
128.71750305,,,,,,
128.719381475,,,,,,
128.7213346,,,,,,
128.7214093,,,,,,
128.722,,,,,,
128.723287725,,,,,,
128.7233294,18318.0,156.51418298042353,6.38919732996388,,,
128.72432700000002,,,,34769.0,517.6336746302617,1.931868131868132
128.72524085,,,,,,
128.72531555,,,,,,
128.727193975,,,,,,
128.7291471,,,,,,
128.7292218,,,,,,
128.731100225,,,,,,
128.7311419,18319.0,156.38922155688624,6.3943025615499485,,,
128.73213950000002,,,,34767.0,518.4200531712876,1.9289377289377287
128.73305335,,,,,,
128.73312805,,,,,,
128.735006475,,,,,,
128.7369596,,,,,,
128.7370343,,,,,,
128.738912725,,,,,,
128.7389544,18319.0,156.38922155688624,6.3943025615499485,,,
128.73995200000002,,,,34767.0,518.4200531712876,1.9289377289377287
128.74086585,,,,,,
128.74094055,,,,,,
128.742,,,,,,
128.742818975,,,,,,
128.7447721,,,,,,
128.7448468,,,,,,
128.746725225,,,,,,
128.7467669,18318.0,156.51418298042353,6.38919732996388,,,
128.74776450000002,,,,34767.0,518.4200531712876,1.9289377289377287
128.74867835,,,,,,
128.74875305,,,,,,
128.750631475,,,,,,
128.7525846,,,,,,
128.7526593,,,,,,
128.754537725,,,,,,
128.7545794,18318.0,156.51418298042353,6.38919732996388,,,
128.75557700000002,,,,34768.0,518.0265654648957,1.9304029304029304
128.75649085,,,,,,
128.75656555,,,,,,
128.758443975,,,,,,
128.7603971,,,,,,
128.7604718,,,,,,
128.762,,,,,,
128.762350225,,,,,,
128.7623919,18319.0,156.38922155688624,6.3943025615499485,,,
128.76338950000002,,,,34767.0,518.4200531712876,1.9289377289377287
128.76430335,,,,,,
128.76437805,,,,,,
128.766256475,,,,,,
128.7682096,,,,,,
128.7682843,,,,,,
128.770162725,,,,,,
128.7702044,18318.0,156.51418298042353,6.38919732996388,,,
128.77120200000002,,,,34767.0,518.4200531712876,1.9289377289377287
128.77211585,,,,,,
128.77219055,,,,,,
128.774068975,,,,,,
128.7760221,,,,,,
128.7760968,,,,,,
128.777975225,,,,,,
128.7780169,18318.0,156.51418298042353,6.38919732996388,,,
128.77901450000002,,,,34766.0,518.8141391106044,1.9274725274725275
128.77992835,,,,,,
128.78000305,,,,,,
128.781881475,,,,,,
128.782,,,,,,
128.7838346,,,,,,
128.7839093,,,,,,
128.785787725,,,,,,
128.7858294,18318.0,156.51418298042353,6.38919732996388,,,
128.78682700000002,,,,34768.0,518.0265654648957,1.9304029304029304
128.78774085,,,,,,
128.78781555,,,,,,
128.789693975,,,,,,
128.7916471,,,,,,
128.7917218,,,,,,
128.793600225,,,,,,
128.7936419,18319.0,156.38922155688624,6.3943025615499485,,,
128.79463950000002,,,,34768.0,518.0265654648957,1.9304029304029304
128.79555335,,,,,,
128.79562805,,,,,,
128.797506475,,,,,,
128.7994596,,,,,,
128.7995343,,,,,,
128.801412725,,,,,,
128.8014544,18318.0,156.51418298042353,6.38919732996388,,,
128.802,,,,,,
128.80245200000002,,,,34767.0,518.4200531712876,1.9289377289377287
128.80336585,,,,,,
128.80344055,,,,,,
128.805318975,,,,,,
128.8072721,,,,,,
128.8073468,,,,,,
128.809225225,,,,,,
128.8092669,18318.0,156.51418298042353,6.38919732996388,,,
128.81026450000002,,,,34767.0,518.4200531712876,1.9289377289377287
128.81117835,,,,,,
128.81125305,,,,,,
128.813131475,,,,,,
128.8150846,,,,,,
128.8151593,,,,,,
128.817037725,,,,,,
128.8170794,18318.0,156.51418298042353,6.38919732996388,,,
128.81807700000002,,,,34768.0,518.0265654648957,1.9304029304029304
128.81899085,,,,,,
128.81906555,,,,,,
128.820943975,,,,,,
128.822,,,,,,
128.8228971,,,,,,
128.8229718,,,,,,
128.824850225,,,,,,
128.8248919,18319.0,156.38922155688624,6.3943025615499485,,,
128.82588950000002,,,,34768.0,518.0265654648957,1.9304029304029304
128.82680335,,,,,,
128.82687805,,,,,,
128.828756475,,,,,,
128.8307096,,,,,,
128.8307843,,,,,,
128.832662725,,,,,,
128.8327044,18318.0,156.51418298042353,6.38919732996388,,,
128.83370200000002,,,,34767.0,518.4200531712876,1.9289377289377287
128.83461585,,,,,,
128.83469055,,,,,,
128.836568975,,,,,,
128.8385221,,,,,,
128.8385968,,,,,,
128.840475225,,,,,,
128.8405169,18318.0,156.51418298042353,6.38919732996388,,,
128.84151450000002,,,,34766.0,518.8141391106044,1.9274725274725275
128.842,,,,,,
128.84242835,,,,,,
128.84250305,,,,,,
128.844381475,,,,,,
128.8463346,,,,,,
128.8464093,,,,,,
128.848287725,,,,,,
128.8483294,18318.0,156.51418298042353,6.38919732996388,,,
128.84932700000002,,,,34768.0,518.0265654648957,1.9304029304029304
128.85024085,,,,,,
128.85031555,,,,,,
128.852193975,,,,,,
128.8541471,,,,,,
128.8542218,,,,,,
128.856100225,,,,,,
128.8561419,18318.0,156.51418298042353,6.38919732996388,,,
128.85713950000002,,,,34767.0,518.4200531712876,1.9289377289377287
128.85805335,,,,,,
128.85812805,,,,,,
128.860006475,,,,,,
128.8619596,,,,,,
128.862,,,,,,
128.8620343,,,,,,
128.863912725,,,,,,
128.8639544,18319.0,156.38922155688624,6.3943025615499485,,,
128.86495200000002,,,,34767.0,518.4200531712876,1.9289377289377287
128.86586585,,,,,,
128.86594055,,,,,,
128.867818975,,,,,,
128.8697721,,,,,,
128.8698468,,,,,,
128.871725225,,,,,,
128.8717669,18318.0,156.51418298042353,6.38919732996388,,,
128.87276450000002,,,,34766.0,518.8141391106044,1.9274725274725275
128.87367835,,,,,,
128.87375305,,,,,,
128.875631475,,,,,,
128.8775846,,,,,,
128.8776593,,,,,,
128.879537725,,,,,,
128.8795794,18319.0,156.38922155688624,6.3943025615499485,,,
128.88057700000002,,,,34767.0,518.4200531712876,1.9289377289377287
128.88149085,,,,,,
128.88156555,,,,,,
128.882,,,,,,
128.883443975,,,,,,
128.8853971,,,,,,
128.8854718,,,,,,
128.887350225,,,,,,
128.8873919,18319.0,156.38922155688624,6.3943025615499485,,,
128.88838950000002,,,,34767.0,518.4200531712876,1.9289377289377287
128.88930335,,,,,,
128.88937805,,,,,,
128.891256475,,,,,,
128.8932096,,,,,,
128.8932843,,,,,,
128.895162725,,,,,,
128.8952044,18319.0,156.38922155688624,6.3943025615499485,,,
128.89620200000002,,,,34767.0,518.4200531712876,1.9289377289377287
128.89711585,,,,,,
128.89719055,,,,,,
128.899068975,,,,,,
128.9010221,,,,,,
128.9010968,,,,,,
128.902,,,,,,
128.902975225,,,,,,
128.9030169,18319.0,156.38922155688624,6.3943025615499485,,,
128.90401450000002,,,,34766.0,518.8141391106044,1.9274725274725275
128.90492835,,,,,,
128.90500305,,,,,,
128.906881475,,,,,,
128.9088346,,,,,,
128.9089093,,,,,,
128.910787725,,,,,,
128.9108294,18318.0,156.51418298042353,6.38919732996388,,,
128.91182700000002,,,,34768.0,518.0265654648957,1.9304029304029304
128.91274085,,,,,,
128.91281555,,,,,,
128.914693975,,,,,,
128.9166471,,,,,,
128.9167218,,,,,,
128.918600225,,,,,,
128.9186419,18319.0,156.38922155688624,6.3943025615499485,,,
128.91963950000002,,,,34767.0,518.4200531712876,1.9289377289377287
128.92055335,,,,,,
128.92062805,,,,,,
128.922,,,,,,
128.922506475,,,,,,
128.9244596,,,,,,
128.9245343,,,,,,
128.926412725,,,,,,
128.9264544,18318.0,156.51418298042353,6.38919732996388,,,
128.92745200000002,,,,34766.0,518.8141391106044,1.9274725274725275
128.92836585,,,,,,
128.92844055,,,,,,
128.930318975,,,,,,
128.9322721,,,,,,
128.9323468,,,,,,
128.934225225,,,,,,
128.9342669,18318.0,156.51418298042353,6.38919732996388,,,
128.93526450000002,,,,34767.0,518.4200531712876,1.9289377289377287
128.93617835,,,,,,
128.93625305,,,,,,
128.938131475,,,,,,
128.9400846,,,,,,
128.9401593,,,,,,
128.942,,,,,,
128.942037725,,,,,,
128.9420794,18318.0,156.51418298042353,6.38919732996388,,,
128.94307700000002,,,,34767.0,518.4200531712876,1.9289377289377287
128.94399085,,,,,,
128.94406555,,,,,,
128.945943975,,,,,,
128.9478971,,,,,,
128.9479718,,,,,,
128.949850225,,,,,,
128.9498919,18319.0,156.38922155688624,6.3943025615499485,,,
128.95088950000002,,,,34767.0,518.4200531712876,1.9289377289377287
128.95180335,,,,,,
128.95187805,,,,,,
128.953756475,,,,,,
128.9557096,,,,,,
128.9557843,,,,,,
128.957662725,,,,,,
128.9577044,18319.0,156.38922155688624,6.3943025615499485,,,
128.95870200000002,,,,34767.0,518.4200531712876,1.9289377289377287
128.95961585,,,,,,
128.95969055,,,,,,
128.961568975,,,,,,
128.962,,,,,,
128.9635221,,,,,,
128.9635968,,,,,,
128.965475225,,,,,,
128.9655169,18318.0,156.51418298042353,6.38919732996388,,,
128.96651450000002,,,,34767.0,518.4200531712876,1.9289377289377287
128.96742835,,,,,,
128.96750305,,,,,,
128.969381475,,,,,,
128.9713346,,,,,,
128.9714093,,,,,,
128.973287725,,,,,,
128.9733294,18318.0,156.51418298042353,6.38919732996388,,,
128.97432700000002,,,,34767.0,518.4200531712876,1.9289377289377287
128.97524085,,,,,,
128.97531555,,,,,,
128.977193975,,,,,,
128.9791471,,,,,,
128.9792218,,,,,,
128.981100225,,,,,,
128.9811419,18319.0,156.38922155688624,6.3943025615499485,,,
128.982,,,,,,
128.98213950000002,,,,34767.0,518.4200531712876,1.9289377289377287
128.98305335,,,,,,
128.98312805,,,,,,
128.985006475,,,,,,
128.9869596,,,,,,
128.9870343,,,,,,
128.988912725,,,,,,
128.9889544,18318.0,156.51418298042353,6.38919732996388,,,
128.98995200000002,,,,34767.0,518.4200531712876,1.9289377289377287
128.99086585,,,,,,
128.99094055,,,,,,
128.992818975,,,,,,
128.9947721,,,,,,
128.9948468,,,,,,
128.996725225,,,,,,
128.9967669,18319.0,156.38922155688624,6.3943025615499485,,,
128.99776450000002,,,,34767.0,518.4200531712876,1.9289377289377287
128.99867835,,,,,,
128.99875305,,,,,,
129.000631475,,,,,,
129.002,,,,,,
129.0025846,,,,,,
129.0026593,,,,,,
129.004537725,,,,,,
129.0045794,18318.0,156.51418298042353,6.38919732996388,,,
129.00557700000002,,,,34767.0,518.4200531712876,1.9289377289377287
129.00649085,,,,,,
129.00656555,,,,,,
129.008443975,,,,,,
129.0103971,,,,,,
129.0104718,,,,,,
129.012350225,,,,,,
129.0123919,18319.0,156.38922155688624,6.3943025615499485,,,
129.01338950000002,,,,34767.0,518.4200531712876,1.9289377289377287
129.01430335,,,,,,
129.01437805,,,,,,
129.016256475,,,,,,
129.0182096,,,,,,
129.0182843,,,,,,
129.020162725,,,,,,
129.0202044,18318.0,156.51418298042353,6.38919732996388,,,
129.02120200000002,,,,34766.0,518.8141391106044,1.9274725274725275
129.022,,,,,,
129.02211585,,,,,,
129.02219055,,,,,,
129.024068975,,,,,,
129.0260221,,,,,,
129.0260968,,,,,,
129.027975225,,,,,,
129.0280169,18318.0,156.51418298042353,6.38919732996388,,,
129.02901450000002,,,,34767.0,518.4200531712876,1.9289377289377287
129.02992835,,,,,,
129.03000305,,,,,,
129.031881475,,,,,,
129.0338346,,,,,,
129.0339093,,,,,,
129.035787725,,,,,,
129.0358294,18318.0,156.51418298042353,6.38919732996388,,,
129.03682700000002,,,,34768.0,518.0265654648957,1.9304029304029304
129.03774085,,,,,,
129.03781555,,,,,,
129.039693975,,,,,,
129.0416471,,,,,,
129.0417218,,,,,,
129.042,,,,,,
129.043600225,,,,,,
129.0436419,18319.0,156.38922155688624,6.3943025615499485,,,
129.04463950000002,,,,34767.0,518.4200531712876,1.9289377289377287
129.04555335,,,,,,
129.04562805,,,,,,
129.047506475,,,,,,
129.0494596,,,,,,
129.0495343,,,,,,
129.051412725,,,,,,
129.0514544,18318.0,156.51418298042353,6.38919732996388,,,
129.05245200000002,,,,34767.0,518.4200531712876,1.9289377289377287
129.05336585,,,,,,
129.05344055,,,,,,
129.055318975,,,,,,
129.0572721,,,,,,
129.0573468,,,,,,
129.059225225,,,,,,
129.0592669,18318.0,156.51418298042353,6.38919732996388,,,
129.06026450000002,,,,34767.0,518.4200531712876,1.9289377289377287
129.06117835,,,,,,
129.06125305,,,,,,
129.062,,,,,,
129.063131475,,,,,,
129.0650846,,,,,,
129.0651593,,,,,,
129.067037725,,,,,,
129.0670794,18318.0,156.51418298042353,6.38919732996388,,,
129.06807700000002,,,,34768.0,518.0265654648957,1.9304029304029304
129.06899085,,,,,,
129.06906555,,,,,,
129.070943975,,,,,,
129.0728971,,,,,,
129.0729718,,,,,,
129.074850225,,,,,,
129.0748919,18318.0,156.51418298042353,6.38919732996388,,,
129.07588950000002,,,,34766.0,518.8141391106044,1.9274725274725275
129.07680335,,,,,,
129.07687805,,,,,,
129.078756475,,,,,,
129.0807096,,,,,,
129.0807843,,,,,,
129.082,,,,,,
129.082662725,,,,,,
129.0827044,18318.0,156.51418298042353,6.38919732996388,,,
129.08370200000002,,,,34766.0,518.8141391106044,1.9274725274725275
129.08461585,,,,,,
129.08469055,,,,,,
129.086568975,,,,,,
129.0885221,,,,,,
129.0885968,,,,,,
129.090475225,,,,,,
129.0905169,18319.0,156.38922155688624,6.3943025615499485,,,
129.09151450000002,,,,34767.0,518.4200531712876,1.9289377289377287
129.09242835,,,,,,
129.09250305,,,,,,
129.094381475,,,,,,
129.0963346,,,,,,
129.0964093,,,,,,
129.098287725,,,,,,
129.0983294,18317.0,156.63934426229514,6.384092098377812,,,
129.09932700000002,,,,34767.0,518.4200531712876,1.9289377289377287
129.10024085,,,,,,
129.10031555,,,,,,
129.102,,,,,,
129.102193975,,,,,,
129.1041471,,,,,,
129.1042218,,,,,,
129.106100225,,,,,,
129.1061419,18319.0,156.38922155688624,6.3943025615499485,,,
129.10713950000002,,,,34767.0,518.4200531712876,1.9289377289377287
129.10805335,,,,,,
129.10812805,,,,,,
129.110006475,,,,,,
129.1119596,,,,,,
129.1120343,,,,,,
129.113912725,,,,,,
129.1139544,18318.0,156.51418298042353,6.38919732996388,,,
129.11495200000002,,,,34767.0,518.4200531712876,1.9289377289377287
129.11586585,,,,,,
129.11594055,,,,,,
129.117818975,,,,,,
129.1197721,,,,,,
129.1198468,,,,,,
129.121725225,,,,,,
129.1217669,18318.0,156.51418298042353,6.38919732996388,,,
129.122,,,,,,
129.12276450000002,,,,34767.0,518.4200531712876,1.9289377289377287
129.12367835,,,,,,
129.12375305,,,,,,
129.125631475,,,,,,
129.1275846,,,,,,
129.1276593,,,,,,
129.129537725,,,,,,
129.1295794,18317.0,156.63934426229514,6.384092098377812,,,
129.13057700000002,,,,34767.0,518.4200531712876,1.9289377289377287
129.13149085,,,,,,
129.13156555,,,,,,
129.133443975,,,,,,
129.1353971,,,,,,
129.1354718,,,,,,
129.137350225,,,,,,
129.1373919,18318.0,156.51418298042353,6.38919732996388,,,
129.13838950000002,,,,34767.0,518.4200531712876,1.9289377289377287
129.13930335,,,,,,
129.13937805,,,,,,
129.141256475,,,,,,
129.142,,,,,,
129.1432096,,,,,,
129.1432843,,,,,,
129.145162725,,,,,,
129.1452044,18318.0,156.51418298042353,6.38919732996388,,,
129.14620200000002,,,,34767.0,518.4200531712876,1.9289377289377287
129.14711585,,,,,,
129.14719055,,,,,,
129.149068975,,,,,,
129.1510221,,,,,,
129.1510968,,,,,,
129.152975225,,,,,,
129.1530169,18318.0,156.51418298042353,6.38919732996388,,,
129.15401450000002,,,,34767.0,518.4200531712876,1.9289377289377287
129.15492835,,,,,,
129.15500305,,,,,,
129.156881475,,,,,,
129.1588346,,,,,,
129.1589093,,,,,,
129.160787725,,,,,,
129.1608294,18317.0,156.63934426229514,6.384092098377812,,,
129.16182700000002,,,,34767.0,518.4200531712876,1.9289377289377287
129.162,,,,,,
129.16274085,,,,,,
129.16281555,,,,,,
129.164693975,,,,,,
129.1666471,,,,,,
129.1667218,,,,,,
129.168600225,,,,,,
129.1686419,18318.0,156.51418298042353,6.38919732996388,,,
129.16963950000002,,,,34766.0,518.8141391106044,1.9274725274725275
129.17055335,,,,,,
129.17062805,,,,,,
129.172506475,,,,,,
129.1744596,,,,,,
129.1745343,,,,,,
129.176412725,,,,,,
129.1764544,18318.0,156.51418298042353,6.38919732996388,,,
129.17745200000002,,,,34767.0,518.4200531712876,1.9289377289377287
129.17836585,,,,,,
129.17844055,,,,,,
129.180318975,,,,,,
129.182,,,,,,
129.1822721,,,,,,
129.1823468,,,,,,
129.184225225,,,,,,
129.1842669,18318.0,156.51418298042353,6.38919732996388,,,
129.18526450000002,,,,34767.0,518.4200531712876,1.9289377289377287
129.18617835,,,,,,
129.18625305,,,,,,
129.188131475,,,,,,
129.1900846,,,,,,
129.1901593,,,,,,
129.192037725,,,,,,
129.1920794,18317.0,156.63934426229514,6.384092098377812,,,
129.19307700000002,,,,34768.0,518.0265654648957,1.9304029304029304
129.19399085,,,,,,
129.19406555,,,,,,
129.195943975,,,,,,
129.1978971,,,,,,
129.1979718,,,,,,
129.199850225,,,,,,
129.1998919,18318.0,156.51418298042353,6.38919732996388,,,
129.20088950000002,,,,34767.0,518.4200531712876,1.9289377289377287
129.20180335,,,,,,
129.20187805,,,,,,
129.202,,,,,,
129.203756475,,,,,,
129.2057096,,,,,,
129.2057843,,,,,,
129.207662725,,,,,,
129.2077044,18318.0,156.51418298042353,6.38919732996388,,,
129.20870200000002,,,,34767.0,518.4200531712876,1.9289377289377287
129.20961585,,,,,,
129.20969055,,,,,,
129.211568975,,,,,,
129.2135221,,,,,,
129.2135968,,,,,,
129.215475225,,,,,,
129.2155169,18318.0,156.51418298042353,6.38919732996388,,,
129.21651450000002,,,,34766.0,518.8141391106044,1.9274725274725275
129.21742835,,,,,,
129.21750305,,,,,,
129.219381475,,,,,,
129.2213346,,,,,,
129.2214093,,,,,,
129.222,,,,,,
129.223287725,,,,,,
129.2233294,18317.0,156.63934426229514,6.384092098377812,,,
129.22432700000002,,,,34767.0,518.4200531712876,1.9289377289377287
129.22524085,,,,,,
129.22531555,,,,,,
129.227193975,,,,,,
129.2291471,,,,,,
129.2292218,,,,,,
129.231100225,,,,,,
129.2311419,18318.0,156.51418298042353,6.38919732996388,,,
129.23213950000002,,,,34767.0,518.4200531712876,1.9289377289377287
129.23305335,,,,,,
129.23312805,,,,,,
129.235006475,,,,,,
129.2369596,,,,,,
129.2370343,,,,,,
129.238912725,,,,,,
129.2389544,18317.0,156.63934426229514,6.384092098377812,,,
129.23995200000002,,,,34767.0,518.4200531712876,1.9289377289377287
129.24086585,,,,,,
129.24094055,,,,,,
129.242,,,,,,
129.242818975,,,,,,
129.2447721,,,,,,
129.2448468,,,,,,
129.246725225,,,,,,
129.2467669,18318.0,156.51418298042353,6.38919732996388,,,
129.24776450000002,,,,34766.0,518.8141391106044,1.9274725274725275
129.24867835,,,,,,
129.24875305,,,,,,
129.250631475,,,,,,
129.2525846,,,,,,
129.2526593,,,,,,
129.254537725,,,,,,
129.2545794,18317.0,156.63934426229514,6.384092098377812,,,
129.25557700000002,,,,34767.0,518.4200531712876,1.9289377289377287
129.25649085,,,,,,
129.25656555,,,,,,
129.258443975,,,,,,
129.2603971,,,,,,
129.2604718,,,,,,
129.262,,,,,,
129.262350225,,,,,,
129.2623919,18318.0,156.51418298042353,6.38919732996388,,,
129.26338950000002,,,,34767.0,518.4200531712876,1.9289377289377287
129.26430335,,,,,,
129.26437805,,,,,,
129.266256475,,,,,,
129.2682096,,,,,,
129.2682843,,,,,,
129.270162725,,,,,,
129.2702044,18317.0,156.63934426229514,6.384092098377812,,,
129.27120200000002,,,,34766.0,518.8141391106044,1.9274725274725275
129.27211585,,,,,,
129.27219055,,,,,,
129.274068975,,,,,,
129.2760221,,,,,,
129.2760968,,,,,,
129.277975225,,,,,,
129.2780169,18317.0,156.63934426229514,6.384092098377812,,,
129.27901450000002,,,,34766.0,518.8141391106044,1.9274725274725275
129.27992835,,,,,,
129.28000305,,,,,,
129.281881475,,,,,,
129.282,,,,,,
129.2838346,,,,,,
129.2839093,,,,,,
129.285787725,,,,,,
129.2858294,18316.0,156.76470588235296,6.378986866791744,,,
129.28682700000002,,,,34767.0,518.4200531712876,1.9289377289377287
129.28774085,,,,,,
129.28781555,,,,,,
129.289693975,,,,,,
129.2916471,,,,,,
129.2917218,,,,,,
129.293600225,,,,,,
129.2936419,18318.0,156.51418298042353,6.38919732996388,,,
129.29463950000002,,,,34767.0,518.4200531712876,1.9289377289377287
129.29555335,,,,,,
129.29562805,,,,,,
129.297506475,,,,,,
129.2994596,,,,,,
129.2995343,,,,,,
129.301412725,,,,,,
129.3014544,18318.0,156.51418298042353,6.38919732996388,,,
129.302,,,,,,
129.30245200000002,,,,34766.0,518.8141391106044,1.9274725274725275
129.30336585,,,,,,
129.30344055,,,,,,
129.305318975,,,,,,
129.3072721,,,,,,
129.3073468,,,,,,
129.309225225,,,,,,
129.3092669,18317.0,156.63934426229514,6.384092098377812,,,
129.31026450000002,,,,34767.0,518.4200531712876,1.9289377289377287
129.31117835,,,,,,
129.31125305,,,,,,
129.313131475,,,,,,
129.3150846,,,,,,
129.3151593,,,,,,
129.317037725,,,,,,
129.3170794,18317.0,156.63934426229514,6.384092098377812,,,
129.31807700000002,,,,34768.0,518.0265654648957,1.9304029304029304
129.31899085,,,,,,
129.31906555,,,,,,
129.320943975,,,,,,
129.322,,,,,,
129.3228971,,,,,,
129.3229718,,,,,,
129.324850225,,,,,,
129.3248919,18318.0,156.51418298042353,6.38919732996388,,,
129.32588950000002,,,,34766.0,518.8141391106044,1.9274725274725275
129.32680335,,,,,,
129.32687805,,,,,,
129.328756475,,,,,,
129.3307096,,,,,,
129.3307843,,,,,,
129.332662725,,,,,,
129.3327044,18317.0,156.63934426229514,6.384092098377812,,,
129.33370200000002,,,,34766.0,518.8141391106044,1.9274725274725275
129.33461585,,,,,,
129.33469055,,,,,,
129.336568975,,,,,,
129.3385221,,,,,,
129.3385968,,,,,,
129.340475225,,,,,,
129.3405169,18317.0,156.63934426229514,6.384092098377812,,,
129.34151450000002,,,,34766.0,518.8141391106044,1.9274725274725275
129.342,,,,,,
129.34242835,,,,,,
129.34250305,,,,,,
129.344381475,,,,,,
129.3463346,,,,,,
129.3464093,,,,,,
129.348287725,,,,,,
129.3483294,18317.0,156.63934426229514,6.384092098377812,,,
129.34932700000002,,,,34767.0,518.4200531712876,1.9289377289377287
129.35024085,,,,,,
129.35031555,,,,,,
129.352193975,,,,,,
129.3541471,,,,,,
129.3542218,,,,,,
129.356100225,,,,,,
129.3561419,18317.0,156.63934426229514,6.384092098377812,,,
129.35713950000002,,,,34767.0,518.4200531712876,1.9289377289377287
129.35805335,,,,,,
129.35812805,,,,,,
129.360006475,,,,,,
129.3619596,,,,,,
129.362,,,,,,
129.3620343,,,,,,
129.363912725,,,,,,
129.3639544,18317.0,156.63934426229514,6.384092098377812,,,
129.36495200000002,,,,34766.0,518.8141391106044,1.9274725274725275
129.36586585,,,,,,
129.36594055,,,,,,
129.367818975,,,,,,
129.3697721,,,,,,
129.3698468,,,,,,
129.371725225,,,,,,
129.3717669,18316.0,156.76470588235296,6.378986866791744,,,
129.37276450000002,,,,34766.0,518.8141391106044,1.9274725274725275
129.37367835,,,,,,
129.37375305,,,,,,
129.375631475,,,,,,
129.3775846,,,,,,
129.3776593,,,,,,
129.379537725,,,,,,
129.3795794,18318.0,156.51418298042353,6.38919732996388,,,
129.38057700000002,,,,34767.0,518.4200531712876,1.9289377289377287
129.38149085,,,,,,
129.38156555,,,,,,
129.382,,,,,,
129.383443975,,,,,,
129.3853971,,,,,,
129.3854718,,,,,,
129.387350225,,,,,,
129.3873919,18317.0,156.63934426229514,6.384092098377812,,,
129.38838950000002,,,,34767.0,518.4200531712876,1.9289377289377287
129.38930335,,,,,,
129.38937805,,,,,,
129.391256475,,,,,,
129.3932096,,,,,,
129.3932843,,,,,,
129.395162725,,,,,,
129.3952044,18317.0,156.63934426229514,6.384092098377812,,,
129.39620200000002,,,,34766.0,518.8141391106044,1.9274725274725275
129.39711585,,,,,,
129.39719055,,,,,,
129.399068975,,,,,,
129.4010221,,,,,,
129.4010968,,,,,,
129.402,,,,,,
129.402975225,,,,,,
129.4030169,18317.0,156.63934426229514,6.384092098377812,,,
129.40401450000002,,,,34767.0,518.4200531712876,1.9289377289377287
129.40492835,,,,,,
129.40500305,,,,,,
129.406881475,,,,,,
129.4088346,,,,,,
129.4089093,,,,,,
129.410787725,,,,,,
129.4108294,18317.0,156.63934426229514,6.384092098377812,,,
129.41182700000002,,,,34767.0,518.4200531712876,1.9289377289377287
129.41274085,,,,,,
129.41281555,,,,,,
129.414693975,,,,,,
129.4166471,,,,,,
129.4167218,,,,,,
129.418600225,,,,,,
129.4186419,18317.0,156.63934426229514,6.384092098377812,,,
129.41963950000002,,,,34767.0,518.4200531712876,1.9289377289377287
129.42055335,,,,,,
129.42062805,,,,,,
129.422,,,,,,
129.422506475,,,,,,
129.4244596,,,,,,
129.4245343,,,,,,
129.426412725,,,,,,
129.4264544,18317.0,156.63934426229514,6.384092098377812,,,
129.42745200000002,,,,34766.0,518.8141391106044,1.9274725274725275
129.42836585,,,,,,
129.42844055,,,,,,
129.430318975,,,,,,
129.4322721,,,,,,
129.4323468,,,,,,
129.434225225,,,,,,
129.4342669,18316.0,156.76470588235296,6.378986866791744,,,
129.43526450000002,,,,34766.0,518.8141391106044,1.9274725274725275
129.43617835,,,,,,
129.43625305,,,,,,
129.438131475,,,,,,
129.4400846,,,,,,
129.4401593,,,,,,
129.442,,,,,,
129.442037725,,,,,,
129.4420794,18317.0,156.63934426229514,6.384092098377812,,,
129.44307700000002,,,,34767.0,518.4200531712876,1.9289377289377287
129.44399085,,,,,,
129.44406555,,,,,,
129.445943975,,,,,,
129.4478971,,,,,,
129.4479718,,,,,,
129.449850225,,,,,,
129.4498919,18317.0,156.63934426229514,6.384092098377812,,,
129.45088950000002,,,,34767.0,518.4200531712876,1.9289377289377287
129.45180335,,,,,,
129.45187805,,,,,,
129.453756475,,,,,,
129.4557096,,,,,,
129.4557843,,,,,,
129.457662725,,,,,,
129.4577044,18316.0,156.76470588235296,6.378986866791744,,,
129.45870200000002,,,,34766.0,518.8141391106044,1.9274725274725275
129.45961585,,,,,,
129.45969055,,,,,,
129.461568975,,,,,,
129.462,,,,,,
129.4635221,,,,,,
129.4635968,,,,,,
129.465475225,,,,,,
129.4655169,18316.0,156.76470588235296,6.378986866791744,,,
129.46651450000002,,,,34766.0,518.8141391106044,1.9274725274725275
129.46742835,,,,,,
129.46750305,,,,,,
129.469381475,,,,,,
129.4713346,,,,,,
129.4714093,,,,,,
129.473287725,,,,,,
129.4733294,18316.0,156.76470588235296,6.378986866791744,,,
129.47432700000002,,,,34767.0,518.4200531712876,1.9289377289377287
129.47524085,,,,,,
129.47531555,,,,,,
129.477193975,,,,,,
129.4791471,,,,,,
129.4792218,,,,,,
129.481100225,,,,,,
129.4811419,18317.0,156.63934426229514,6.384092098377812,,,
129.482,,,,,,
129.48213950000002,,,,34766.0,518.8141391106044,1.9274725274725275
129.48305335,,,,,,
129.48312805,,,,,,
129.485006475,,,,,,
129.4869596,,,,,,
129.4870343,,,,,,
129.488912725,,,,,,
129.4889544,18318.0,156.51418298042353,6.38919732996388,,,
129.48995200000002,,,,34766.0,518.8141391106044,1.9274725274725275
129.49086585,,,,,,
129.49094055,,,,,,
129.492818975,,,,,,
129.4947721,,,,,,
129.4948468,,,,,,
129.496725225,,,,,,
129.4967669,18317.0,156.63934426229514,6.384092098377812,,,
129.49776450000002,,,,34766.0,518.8141391106044,1.9274725274725275
129.49867835,,,,,,
129.49875305,,,,,,
129.500631475,,,,,,
129.502,,,,,,
129.5025846,,,,,,
129.5026593,,,,,,
129.504537725,,,,,,
129.5045794,18317.0,156.63934426229514,6.384092098377812,,,
129.50557700000002,,,,34767.0,518.4200531712876,1.9289377289377287
129.50649085,,,,,,
129.50656555,,,,,,
129.508443975,,,,,,
129.5103971,,,,,,
129.5104718,,,,,,
129.512350225,,,,,,
129.5123919,18317.0,156.63934426229514,6.384092098377812,,,
129.51338950000002,,,,34766.0,518.8141391106044,1.9274725274725275
129.51430335,,,,,,
129.51437805,,,,,,
129.516256475,,,,,,
129.5182096,,,,,,
129.5182843,,,,,,
129.520162725,,,,,,
129.5202044,18317.0,156.63934426229514,6.384092098377812,,,
129.52120200000002,,,,34766.0,518.8141391106044,1.9274725274725275
129.522,,,,,,
129.52211585,,,,,,
129.52219055,,,,,,
129.524068975,,,,,,
129.5260221,,,,,,
129.5260968,,,,,,
129.527975225,,,,,,
129.5280169,18316.0,156.76470588235296,6.378986866791744,,,
129.52901450000002,,,,34766.0,518.8141391106044,1.9274725274725275
129.52992835,,,,,,
129.53000305,,,,,,
129.531881475,,,,,,
129.5338346,,,,,,
129.5339093,,,,,,
129.535787725,,,,,,
129.5358294,18316.0,156.76470588235296,6.378986866791744,,,
129.53682700000002,,,,34767.0,518.4200531712876,1.9289377289377287
129.53774085,,,,,,
129.53781555,,,,,,
129.539693975,,,,,,
129.5416471,,,,,,
129.5417218,,,,,,
129.542,,,,,,
129.543600225,,,,,,
129.5436419,18317.0,156.63934426229514,6.384092098377812,,,
129.54463950000002,,,,34767.0,518.4200531712876,1.9289377289377287
129.54555335,,,,,,
129.54562805,,,,,,
129.547506475,,,,,,
129.5494596,,,,,,
129.5495343,,,,,,
129.551412725,,,,,,
129.5514544,18317.0,156.63934426229514,6.384092098377812,,,
129.55245200000002,,,,34766.0,518.8141391106044,1.9274725274725275
129.55336585,,,,,,
129.55344055,,,,,,
129.555318975,,,,,,
129.5572721,,,,,,
129.5573468,,,,,,
129.559225225,,,,,,
129.5592669,18318.0,156.51418298042353,6.38919732996388,,,
129.56026450000002,,,,34767.0,518.4200531712876,1.9289377289377287
129.56117835,,,,,,
129.56125305,,,,,,
129.562,,,,,,
129.563131475,,,,,,
129.5650846,,,,,,
129.5651593,,,,,,
129.567037725,,,,,,
129.5670794,18316.0,156.76470588235296,6.378986866791744,,,
129.56807700000002,,,,34767.0,518.4200531712876,1.9289377289377287
129.56899085,,,,,,
129.56906555,,,,,,
129.570943975,,,,,,
129.5728971,,,,,,
129.5729718,,,,,,
129.574850225,,,,,,
129.5748919,18317.0,156.63934426229514,6.384092098377812,,,
129.57588950000002,,,,34766.0,518.8141391106044,1.9274725274725275
129.57680335,,,,,,
129.57687805,,,,,,
129.578756475,,,,,,
129.5807096,,,,,,
129.5807843,,,,,,
129.582,,,,,,
129.582662725,,,,,,
129.5827044,18317.0,156.63934426229514,6.384092098377812,,,
129.58370200000002,,,,34766.0,518.8141391106044,1.9274725274725275
129.58461585,,,,,,
129.58469055,,,,,,
129.586568975,,,,,,
129.5885221,,,,,,
129.5885968,,,,,,
129.590475225,,,,,,
129.5905169,18316.0,156.76470588235296,6.378986866791744,,,
129.59151450000002,,,,34765.0,519.2088246481552,1.9260073260073256
129.59242835,,,,,,
129.59250305,,,,,,
129.594381475,,,,,,
129.5963346,,,,,,
129.5964093,,,,,,
129.598287725,,,,,,
129.5983294,18316.0,156.76470588235296,6.378986866791744,,,
129.59932700000002,,,,34767.0,518.4200531712876,1.9289377289377287
129.60024085,,,,,,
129.60031555,,,,,,
129.602,,,,,,
129.602193975,,,,,,
129.6041471,,,,,,
129.6042218,,,,,,
129.606100225,,,,,,
129.6061419,18317.0,156.63934426229514,6.384092098377812,,,
129.60713950000002,,,,34767.0,518.4200531712876,1.9289377289377287
129.60805335,,,,,,
129.60812805,,,,,,
129.610006475,,,,,,
129.6119596,,,,,,
129.6120343,,,,,,
129.613912725,,,,,,
129.6139544,18317.0,156.63934426229514,6.384092098377812,,,
129.61495200000002,,,,34766.0,518.8141391106044,1.9274725274725275
129.61586585,,,,,,
129.61594055,,,,,,
129.617818975,,,,,,
129.6197721,,,,,,
129.6198468,,,,,,
129.621725225,,,,,,
129.6217669,18316.0,156.76470588235296,6.378986866791744,,,
129.622,,,,,,
129.62276450000002,,,,34766.0,518.8141391106044,1.9274725274725275
129.62367835,,,,,,
129.62375305,,,,,,
129.625631475,,,,,,
129.6275846,,,,,,
129.6276593,,,,,,
129.629537725,,,,,,
129.6295794,18316.0,156.76470588235296,6.378986866791744,,,
129.63057700000002,,,,34767.0,518.4200531712876,1.9289377289377287
129.63149085,,,,,,
129.63156555,,,,,,
129.633443975,,,,,,
129.6353971,,,,,,
129.6354718,,,,,,
129.637350225,,,,,,
129.6373919,18318.0,156.51418298042353,6.38919732996388,,,
129.63838950000002,,,,34766.0,518.8141391106044,1.9274725274725275
129.63930335,,,,,,
129.63937805,,,,,,
129.641256475,,,,,,
129.642,,,,,,
129.6432096,,,,,,
129.6432843,,,,,,
129.645162725,,,,,,
129.6452044,18317.0,156.63934426229514,6.384092098377812,,,
129.64620200000002,,,,34767.0,518.4200531712876,1.9289377289377287
129.64711585,,,,,,
129.64719055,,,,,,
129.649068975,,,,,,
129.6510221,,,,,,
129.6510968,,,,,,
129.652975225,,,,,,
129.6530169,18317.0,156.63934426229514,6.384092098377812,,,
129.65401450000002,,,,34766.0,518.8141391106044,1.9274725274725275
129.65492835,,,,,,
129.65500305,,,,,,
129.656881475,,,,,,
129.65855770000002,,,,,,
129.6588346,,,,,,
129.6589093,,,,,,
129.660787725,,,,,,
129.6608294,18317.0,156.63934426229514,6.384092098377812,,,
129.66182700000002,,,,34767.0,518.4200531712876,1.9289377289377287
129.662,,,,,,
129.66274085,,,,,,
129.66281555,,,,,,
129.664693975,,,,,,
129.6666471,,,,,,
129.6667218,,,,,,
129.668600225,,,,,,
129.6686419,18317.0,156.63934426229514,6.384092098377812,,,
129.66963950000002,,,,34766.0,518.8141391106044,1.9274725274725275
129.67055335,,,,,,
129.67062805,,,,,,
129.672506475,,,,,,
129.6744596,,,,,,
129.6745343,,,,,,
129.676412725,,,,,,
129.6764544,18316.0,156.76470588235296,6.378986866791744,,,
129.67745200000002,,,,34766.0,518.8141391106044,1.9274725274725275
129.67836585,,,,,,
129.67844055,,,,,,
129.680318975,,,,,,
129.682,,,,,,
129.6822721,,,,,,
129.6823468,,,,,,
129.684225225,,,,,,
129.6842669,18316.0,156.76470588235296,6.378986866791744,,,
129.68526450000002,,,,34766.0,518.8141391106044,1.9274725274725275
129.68617835,,,,,,
129.68625305,,,,,,
129.688131475,,,,,,
129.6900846,,,,,,
129.6901593,,,,,,
129.692037725,,,,,,
129.6920794,18317.0,156.63934426229514,6.384092098377812,,,
129.69307700000002,,,,34767.0,518.4200531712876,1.9289377289377287
129.69399085,,,,,,
129.69406555,,,,,,
129.695943975,,,,,,
129.6978971,,,,,,
129.6979718,,,,,,
129.699850225,,,,,,
129.6998919,18317.0,156.63934426229514,6.384092098377812,,,
129.70088950000002,,,,34766.0,518.8141391106044,1.9274725274725275
129.70180335,,,,,,
129.70187805,,,,,,
129.702,,,,,,
129.703756475,,,,,,
129.7057096,,,,,,
129.7057843,,,,,,
129.707662725,,,,,,
129.7077044,18317.0,156.63934426229514,6.384092098377812,,,
129.70870200000002,,,,34767.0,518.4200531712876,1.9289377289377287
129.70961585,,,,,,
129.70969055,,,,,,
129.711568975,,,,,,
129.7135221,,,,,,
129.7135968,,,,,,
129.715475225,,,,,,
129.7155169,18316.0,156.76470588235296,6.378986866791744,,,
129.71651450000002,,,,34766.0,518.8141391106044,1.9274725274725275
129.71742835,,,,,,
129.71750305,,,,,,
129.719381475,,,,,,
129.7213346,,,,,,
129.7214093,,,,,,
129.722,,,,,,
129.723287725,,,,,,
129.7233294,18317.0,156.63934426229514,6.384092098377812,,,
129.72432700000002,,,,34766.0,518.8141391106044,1.9274725274725275
129.72524085,,,,,,
129.72531555,,,,,,
129.727193975,,,,,,
129.7291471,,,,,,
129.7292218,,,,,,
129.731100225,,,,,,
129.7311419,18317.0,156.63934426229514,6.384092098377812,,,
129.73213950000002,,,,34766.0,518.8141391106044,1.9274725274725275
129.73305335,,,,,,
129.73312805,,,,,,
129.735006475,,,,,,
129.7369596,,,,,,
129.7370343,,,,,,
129.738912725,,,,,,
129.7389544,18317.0,156.63934426229514,6.384092098377812,,,
129.73995200000002,,,,34766.0,518.8141391106044,1.9274725274725275
129.74086585,,,,,,
129.74094055,,,,,,
129.742,,,,,,
129.742818975,,,,,,
129.7447721,,,,,,
129.7448468,,,,,,
129.746725225,,,,,,
129.7467669,18316.0,156.76470588235296,6.378986866791744,,,
129.74776450000002,,,,34765.0,519.2088246481552,1.9260073260073256
129.74867835,,,,,,
129.74875305,,,,,,
129.750631475,,,,,,
129.7525846,,,,,,
129.7526593,,,,,,
129.754537725,,,,,,
129.7545794,18316.0,156.76470588235296,6.378986866791744,,,
129.75557700000002,,,,34767.0,518.4200531712876,1.9289377289377287
129.75649085,,,,,,
129.75656555,,,,,,
129.758443975,,,,,,
129.7603971,,,,,,
129.7604718,,,,,,
129.762,,,,,,
129.762350225,,,,,,
129.7623919,18317.0,156.63934426229514,6.384092098377812,,,
129.76338950000002,,,,34766.0,518.8141391106044,1.9274725274725275
129.76430335,,,,,,
129.76437805,,,,,,
129.766256475,,,,,,
129.7682096,,,,,,
129.7682843,,,,,,
129.770162725,,,,,,
129.7702044,18316.0,156.76470588235296,6.378986866791744,,,
129.77120200000002,,,,34766.0,518.8141391106044,1.9274725274725275
129.77211585,,,,,,
129.77219055,,,,,,
129.774068975,,,,,,
129.7760221,,,,,,
129.7760968,,,,,,
129.777975225,,,,,,
129.7780169,18316.0,156.76470588235296,6.378986866791744,,,
129.77901450000002,,,,34766.0,518.8141391106044,1.9274725274725275
129.77992835,,,,,,
129.78000305,,,,,,
129.781881475,,,,,,
129.782,,,,,,
129.7838346,,,,,,
129.7839093,,,,,,
129.785787725,,,,,,
129.7858294,18316.0,156.76470588235296,6.378986866791744,,,
129.78682700000002,,,,34767.0,518.4200531712876,1.9289377289377287
129.78774085,,,,,,
129.78781555,,,,,,
129.789693975,,,,,,
129.7916471,,,,,,
129.7917218,,,,,,
129.793600225,,,,,,
129.7936419,18317.0,156.63934426229514,6.384092098377812,,,
129.79463950000002,,,,34766.0,518.8141391106044,1.9274725274725275
129.79555335,,,,,,
129.79562805,,,,,,
129.797506475,,,,,,
129.7994596,,,,,,
129.7995343,,,,,,
129.801412725,,,,,,
129.8014544,18316.0,156.76470588235296,6.378986866791744,,,
129.802,,,,,,
129.80245200000002,,,,34766.0,518.8141391106044,1.9274725274725275
129.80336585,,,,,,
129.80344055,,,,,,
129.805318975,,,,,,
129.8072721,,,,,,
129.8073468,,,,,,
129.809225225,,,,,,
129.8092669,18317.0,156.63934426229514,6.384092098377812,,,
129.81026450000002,,,,34766.0,518.8141391106044,1.9274725274725275
129.81117835,,,,,,
129.81125305,,,,,,
129.813131475,,,,,,
129.8150846,,,,,,
129.8151593,,,,,,
129.817037725,,,,,,
129.8170794,18316.0,156.76470588235296,6.378986866791744,,,
129.81807700000002,,,,34766.0,518.8141391106044,1.9274725274725275
129.81899085,,,,,,
129.81906555,,,,,,
129.820943975,,,,,,
129.822,,,,,,
129.8228971,,,,,,
129.8229718,,,,,,
129.824850225,,,,,,
129.8248919,18317.0,156.63934426229514,6.384092098377812,,,
129.82588950000002,,,,34767.0,518.4200531712876,1.9289377289377287
129.82680335,,,,,,
129.82687805,,,,,,
129.828756475,,,,,,
129.8307096,,,,,,
129.8307843,,,,,,
129.832662725,,,,,,
129.8327044,18316.0,156.76470588235296,6.378986866791744,,,
129.83370200000002,,,,34766.0,518.8141391106044,1.9274725274725275
129.83461585,,,,,,
129.83469055,,,,,,
129.836568975,,,,,,
129.8385221,,,,,,
129.8385968,,,,,,
129.840475225,,,,,,
129.8405169,18316.0,156.76470588235296,6.378986866791744,,,
129.84151450000002,,,,34765.0,519.2088246481552,1.9260073260073256
129.842,,,,,,
129.84242835,,,,,,
129.84250305,,,,,,
129.844381475,,,,,,
129.8463346,,,,,,
129.8464093,,,,,,
129.848287725,,,,,,
129.8483294,18316.0,156.76470588235296,6.378986866791744,,,
129.84932700000002,,,,34767.0,518.4200531712876,1.9289377289377287
129.85024085,,,,,,
129.85031555,,,,,,
129.852193975,,,,,,
129.8541471,,,,,,
129.8542218,,,,,,
129.856100225,,,,,,
129.8561419,18317.0,156.63934426229514,6.384092098377812,,,
129.85713950000002,,,,34766.0,518.8141391106044,1.9274725274725275
129.85805335,,,,,,
129.85812805,,,,,,
129.860006475,,,,,,
129.8619596,,,,,,
129.862,,,,,,
129.8620343,,,,,,
129.863912725,,,,,,
129.8639544,18317.0,156.63934426229514,6.384092098377812,,,
129.86495200000002,,,,34766.0,518.8141391106044,1.9274725274725275
129.86586585,,,,,,
129.86594055,,,,,,
129.867818975,,,,,,
129.8697721,,,,,,
129.8698468,,,,,,
129.871725225,,,,,,
129.8717669,18317.0,156.63934426229514,6.384092098377812,,,
129.87276450000002,,,,34767.0,518.4200531712876,1.9289377289377287
129.87367835,,,,,,
129.87375305,,,,,,
129.875631475,,,,,,
129.8775846,,,,,,
129.8776593,,,,,,
129.879537725,,,,,,
129.8795794,18316.0,156.76470588235296,6.378986866791744,,,
129.88057700000002,,,,34767.0,518.4200531712876,1.9289377289377287
129.88149085,,,,,,
129.88156555,,,,,,
129.882,,,,,,
129.883443975,,,,,,
129.8853971,,,,,,
129.8854718,,,,,,
129.887350225,,,,,,
129.8873919,18316.0,156.76470588235296,6.378986866791744,,,
129.88838950000002,,,,34767.0,518.4200531712876,1.9289377289377287
129.88930335,,,,,,
129.88937805,,,,,,
129.891256475,,,,,,
129.8932096,,,,,,
129.8932843,,,,,,
129.895162725,,,,,,
129.8952044,18316.0,156.76470588235296,6.378986866791744,,,
129.89620200000002,,,,34766.0,518.8141391106044,1.9274725274725275
129.89711585,,,,,,
129.89719055,,,,,,
129.899068975,,,,,,
129.9010221,,,,,,
129.9010968,,,,,,
129.902,,,,,,
129.902975225,,,,,,
129.9030169,18315.0,156.8902683219864,6.373881635205676,,,
129.90401450000002,,,,34766.0,518.8141391106044,1.9274725274725275
129.90492835,,,,,,
129.90500305,,,,,,
129.906881475,,,,,,
129.9088346,,,,,,
129.9089093,,,,,,
129.910787725,,,,,,
129.9108294,18316.0,156.76470588235296,6.378986866791744,,,
129.91182700000002,,,,34767.0,518.4200531712876,1.9289377289377287
129.91274085,,,,,,
129.91281555,,,,,,
129.914693975,,,,,,
129.9166471,,,,,,
129.9167218,,,,,,
129.918600225,,,,,,
129.9186419,18316.0,156.76470588235296,6.378986866791744,,,
129.91963950000002,,,,34766.0,518.8141391106044,1.9274725274725275
129.92055335,,,,,,
129.92062805,,,,,,
129.922,,,,,,
129.922506475,,,,,,
129.9244596,,,,,,
129.9245343,,,,,,
129.926412725,,,,,,
129.9264544,18316.0,156.76470588235296,6.378986866791744,,,
129.92745200000002,,,,34766.0,518.8141391106044,1.9274725274725275
129.92836585,,,,,,
129.92844055,,,,,,
129.930318975,,,,,,
129.9322721,,,,,,
129.9323468,,,,,,
129.934225225,,,,,,
129.9342669,18316.0,156.76470588235296,6.378986866791744,,,
129.93526450000002,,,,34766.0,518.8141391106044,1.9274725274725275
129.93617835,,,,,,
129.93625305,,,,,,
129.938131475,,,,,,
129.9400846,,,,,,
129.9401593,,,,,,
129.942,,,,,,
129.942037725,,,,,,
129.9420794,18315.0,156.8902683219864,6.373881635205676,,,
129.94307700000002,,,,34767.0,518.4200531712876,1.9289377289377287
129.94399085,,,,,,
129.94406555,,,,,,
129.945943975,,,,,,
129.9478971,,,,,,
129.9479718,,,,,,
129.949850225,,,,,,
129.9498919,18317.0,156.63934426229514,6.384092098377812,,,
129.95088950000002,,,,34766.0,518.8141391106044,1.9274725274725275
129.95180335,,,,,,
129.95187805,,,,,,
129.953756475,,,,,,
129.9557096,,,,,,
129.9557843,,,,,,
129.957662725,,,,,,
129.9577044,18316.0,156.76470588235296,6.378986866791744,,,
129.95870200000002,,,,34766.0,518.8141391106044,1.9274725274725275
129.95961585,,,,,,
129.95969055,,,,,,
129.961568975,,,,,,
129.962,,,,,,
129.9635221,,,,,,
129.9635968,,,,,,
129.965475225,,,,,,
129.9655169,18316.0,156.76470588235296,6.378986866791744,,,
129.96651450000002,,,,34766.0,518.8141391106044,1.9274725274725275
129.96742835,,,,,,
129.96750305,,,,,,
129.969381475,,,,,,
129.9713346,,,,,,
129.9714093,,,,,,
129.973287725,,,,,,
129.9733294,18316.0,156.76470588235296,6.378986866791744,,,
129.97432700000002,,,,34767.0,518.4200531712876,1.9289377289377287
129.97524085,,,,,,
129.97531555,,,,,,
129.977193975,,,,,,
129.9791471,,,,,,
129.9792218,,,,,,
129.981,,,,,,
129.981100225,,,,,,
129.9811419,18316.0,156.76470588235296,6.378986866791744,,,
129.98213950000002,,,,34766.0,518.8141391106044,1.9274725274725275
129.98305335,,,,,,
129.98312805,,,,,,
129.985006475,,,,,,
129.9869596,,,,,,
129.9870343,,,,,,
129.988912725,,,,,,
129.9889544,18316.0,156.76470588235296,6.378986866791744,,,
129.98995200000002,,,,34765.0,519.2088246481552,1.9260073260073256
129.99086585,,,,,,
129.99094055,,,,,,
129.992818975,,,,,,
129.9947721,,,,,,
129.9948468,,,,,,
129.996725225,,,,,,
129.9967669,18316.0,156.76470588235296,6.378986866791744,,,
129.99776450000002,,,,34766.0,518.8141391106044,1.9274725274725275
129.99867835,,,,,,
129.99875305,,,,,,
130.000631475,,,,,,
130.001,,,,,,
130.0025846,,,,,,
130.0026593,,,,,,
130.004537725,,,,,,
130.0045794,18316.0,156.76470588235296,6.378986866791744,,,
130.00557700000002,,,,34767.0,518.4200531712876,1.9289377289377287
130.00649085,,,,,,
130.00656555,,,,,,
130.008443975,,,,,,
130.0103971,,,,,,
130.0104718,,,,,,
130.012350225,,,,,,
130.0123919,18317.0,156.63934426229514,6.384092098377812,,,
130.01338950000002,,,,34766.0,518.8141391106044,1.9274725274725275
130.01430335,,,,,,
130.01437805,,,,,,
130.016256475,,,,,,
130.0182096,,,,,,
130.0182843,,,,,,
130.020162725,,,,,,
130.0202044,18316.0,156.76470588235296,6.378986866791744,,,
130.021,,,,,,
130.02120200000002,,,,34766.0,518.8141391106044,1.9274725274725275
130.02211585,,,,,,
130.02219055,,,,,,
130.024068975,,,,,,
130.0260221,,,,,,
130.0260968,,,,,,
130.027975225,,,,,,
130.0280169,18316.0,156.76470588235296,6.378986866791744,,,
130.02901450000002,,,,34766.0,518.8141391106044,1.9274725274725275
130.02992835,,,,,,
130.03000305,,,,,,
130.031881475,,,,,,
130.0338346,,,,,,
130.0339093,,,,,,
130.035787725,,,,,,
130.0358294,18315.0,156.8902683219864,6.373881635205676,,,
130.03682700000002,,,,34766.0,518.8141391106044,1.9274725274725275
130.03774085,,,,,,
130.03781555,,,,,,
130.039693975,,,,,,
130.041,,,,,,
130.0416471,,,,,,
130.0417218,,,,,,
130.043600225,,,,,,
130.0436419,18317.0,156.63934426229514,6.384092098377812,,,
130.04463950000002,,,,34766.0,518.8141391106044,1.9274725274725275
130.04555335,,,,,,
130.04562805,,,,,,
130.047506475,,,,,,
130.0494596,,,,,,
130.0495343,,,,,,
130.051412725,,,,,,
130.0514544,18315.0,156.8902683219864,6.373881635205676,,,
130.05245200000002,,,,34766.0,518.8141391106044,1.9274725274725275
130.05336585,,,,,,
130.05344055,,,,,,
130.055318975,,,,,,
130.0572721,,,,,,
130.0573468,,,,,,
130.059225225,,,,,,
130.0592669,18317.0,156.63934426229514,6.384092098377812,,,
130.06026450000002,,,,34766.0,518.8141391106044,1.9274725274725275
130.061,,,,,,
130.06117835,,,,,,
130.06125305,,,,,,
130.063131475,,,,,,
130.0650846,,,,,,
130.0651593,,,,,,
130.067037725,,,,,,
130.0670794,18316.0,156.76470588235296,6.378986866791744,,,
130.06807700000002,,,,34767.0,518.4200531712876,1.9289377289377287
130.06899085,,,,,,
130.06906555,,,,,,
130.070943975,,,,,,
130.0728971,,,,,,
130.0729718,,,,,,
130.074850225,,,,,,
130.0748919,18316.0,156.76470588235296,6.378986866791744,,,
130.07588950000002,,,,34766.0,518.8141391106044,1.9274725274725275
130.07680335,,,,,,
130.07687805,,,,,,
130.078756475,,,,,,
130.0807096,,,,,,
130.0807843,,,,,,
130.081,,,,,,
130.082662725,,,,,,
130.0827044,18316.0,156.76470588235296,6.378986866791744,,,
130.08370200000002,,,,34766.0,518.8141391106044,1.9274725274725275
130.08461585,,,,,,
130.08469055,,,,,,
130.086568975,,,,,,
130.0885221,,,,,,
130.0885968,,,,,,
130.090475225,,,,,,
130.0905169,18316.0,156.76470588235296,6.378986866791744,,,
130.09151450000002,,,,34766.0,518.8141391106044,1.9274725274725275
130.09242835,,,,,,
130.09250305,,,,,,
130.094381475,,,,,,
130.0963346,,,,,,
130.0964093,,,,,,
130.098287725,,,,,,
130.0983294,18315.0,156.8902683219864,6.373881635205676,,,
130.09932700000002,,,,34767.0,518.4200531712876,1.9289377289377287
130.10024085,,,,,,
130.10031555,,,,,,
130.101,,,,,,
130.102193975,,,,,,
130.1041471,,,,,,
130.1042218,,,,,,
130.106100225,,,,,,
130.1061419,18317.0,156.63934426229514,6.384092098377812,,,
130.10713950000002,,,,34767.0,518.4200531712876,1.9289377289377287
130.10805335,,,,,,
130.10812805,,,,,,
130.110006475,,,,,,
130.1119596,,,,,,
130.1120343,,,,,,
130.113912725,,,,,,
130.1139544,18317.0,156.63934426229514,6.384092098377812,,,
130.11495200000002,,,,34766.0,518.8141391106044,1.9274725274725275
130.11586585,,,,,,
130.11594055,,,,,,
130.117818975,,,,,,
130.1197721,,,,,,
130.1198468,,,,,,
130.121,,,,,,
130.121725225,,,,,,
130.1217669,18316.0,156.76470588235296,6.378986866791744,,,
130.12276450000002,,,,34766.0,518.8141391106044,1.9274725274725275
130.12367835,,,,,,
130.12375305,,,,,,
130.125631475,,,,,,
130.1275846,,,,,,
130.1276593,,,,,,
130.129537725,,,,,,
130.1295794,18315.0,156.8902683219864,6.373881635205676,,,
130.13057700000002,,,,34767.0,518.4200531712876,1.9289377289377287
130.13149085,,,,,,
130.13156555,,,,,,
130.133443975,,,,,,
130.1353971,,,,,,
130.1354718,,,,,,
130.137350225,,,,,,
130.1373919,18316.0,156.76470588235296,6.378986866791744,,,
130.13838950000002,,,,34767.0,518.4200531712876,1.9289377289377287
130.13930335,,,,,,
130.13937805,,,,,,
130.141,,,,,,
130.141256475,,,,,,
130.1432096,,,,,,
130.1432843,,,,,,
130.145162725,,,,,,
130.1452044,18316.0,156.76470588235296,6.378986866791744,,,
130.14620200000002,,,,34767.0,518.4200531712876,1.9289377289377287
130.14711585,,,,,,
130.14719055,,,,,,
130.149068975,,,,,,
130.1510221,,,,,,
130.1510968,,,,,,
130.152975225,,,,,,
130.1530169,18316.0,156.76470588235296,6.378986866791744,,,
130.15401450000002,,,,34766.0,518.8141391106044,1.9274725274725275
130.15492835,,,,,,
130.15500305,,,,,,
130.156881475,,,,,,
130.1588346,,,,,,
130.1589093,,,,,,
130.160787725,,,,,,
130.1608294,18315.0,156.8902683219864,6.373881635205676,,,
130.161,,,,,,
130.16182700000002,,,,34767.0,518.4200531712876,1.9289377289377287
130.16274085,,,,,,
130.16281555,,,,,,
130.164693975,,,,,,
130.1666471,,,,,,
130.1667218,,,,,,
130.168600225,,,,,,
130.1686419,18316.0,156.76470588235296,6.378986866791744,,,
130.16963950000002,,,,34766.0,518.8141391106044,1.9274725274725275
130.17055335,,,,,,
130.17062805,,,,,,
130.172506475,,,,,,
130.1744596,,,,,,
130.1745343,,,,,,
130.176412725,,,,,,
130.1764544,18316.0,156.76470588235296,6.378986866791744,,,
130.17745200000002,,,,34767.0,518.4200531712876,1.9289377289377287
130.17836585,,,,,,
130.17844055,,,,,,
130.180318975,,,,,,
130.181,,,,,,
130.1822721,,,,,,
130.1823468,,,,,,
130.184225225,,,,,,
130.1842669,18315.0,156.8902683219864,6.373881635205676,,,
130.18526450000002,,,,34766.0,518.8141391106044,1.9274725274725275
130.18617835,,,,,,
130.18625305,,,,,,
130.188131475,,,,,,
130.1900846,,,,,,
130.1901593,,,,,,
130.192037725,,,,,,
130.1920794,18315.0,156.8902683219864,6.373881635205676,,,
130.19307700000002,,,,34767.0,518.4200531712876,1.9289377289377287
130.19399085,,,,,,
130.19406555,,,,,,
130.195943975,,,,,,
130.1978971,,,,,,
130.1979718,,,,,,
130.199850225,,,,,,
130.1998919,18317.0,156.63934426229514,6.384092098377812,,,
130.20088950000002,,,,34766.0,518.8141391106044,1.9274725274725275
130.201,,,,,,
130.20180335,,,,,,
130.20187805,,,,,,
130.203756475,,,,,,
130.2057096,,,,,,
130.2057843,,,,,,
130.207662725,,,,,,
130.2077044,18315.0,156.8902683219864,6.373881635205676,,,
130.20870200000002,,,,34766.0,518.8141391106044,1.9274725274725275
130.20961585,,,,,,
130.20969055,,,,,,
130.211568975,,,,,,
130.2135221,,,,,,
130.2135968,,,,,,
130.215475225,,,,,,
130.2155169,18315.0,156.8902683219864,6.373881635205676,,,
130.21651450000002,,,,34766.0,518.8141391106044,1.9274725274725275
130.21742835,,,,,,
130.21750305,,,,,,
130.219381475,,,,,,
130.221,,,,,,
130.2213346,,,,,,
130.2214093,,,,,,
130.223287725,,,,,,
130.2233294,18315.0,156.8902683219864,6.373881635205676,,,
130.22432700000002,,,,34766.0,518.8141391106044,1.9274725274725275
130.22524085,,,,,,
130.22531555,,,,,,
130.227193975,,,,,,
130.2291471,,,,,,
130.2292218,,,,,,
130.231100225,,,,,,
130.2311419,18316.0,156.76470588235296,6.378986866791744,,,
130.23213950000002,,,,34766.0,518.8141391106044,1.9274725274725275
130.23305335,,,,,,
130.23312805,,,,,,
130.235006475,,,,,,
130.2369596,,,,,,
130.2370343,,,,,,
130.238912725,,,,,,
130.2389544,18315.0,156.8902683219864,6.373881635205676,,,
130.23995200000002,,,,34766.0,518.8141391106044,1.9274725274725275
130.24086585,,,,,,
130.24094055,,,,,,
130.241,,,,,,
130.242818975,,,,,,
130.2447721,,,,,,
130.2448468,,,,,,
130.246725225,,,,,,
130.2467669,18316.0,156.76470588235296,6.378986866791744,,,
130.24776450000002,,,,34767.0,518.4200531712876,1.9289377289377287
130.24867835,,,,,,
130.24875305,,,,,,
130.250631475,,,,,,
130.2525846,,,,,,
130.2526593,,,,,,
130.254537725,,,,,,
130.2545794,18315.0,156.8902683219864,6.373881635205676,,,
130.25557700000002,,,,34766.0,518.8141391106044,1.9274725274725275
130.25649085,,,,,,
130.25656555,,,,,,
130.258443975,,,,,,
130.2603971,,,,,,
130.2604718,,,,,,
130.261,,,,,,
130.262350225,,,,,,
130.2623919,18315.0,156.8902683219864,6.373881635205676,,,
130.26338950000002,,,,34766.0,518.8141391106044,1.9274725274725275
130.26430335,,,,,,
130.26437805,,,,,,
130.266256475,,,,,,
130.2682096,,,,,,
130.2682843,,,,,,
130.270162725,,,,,,
130.2702044,18315.0,156.8902683219864,6.373881635205676,,,
130.27120200000002,,,,34766.0,518.8141391106044,1.9274725274725275
130.27211585,,,,,,
130.27219055,,,,,,
130.274068975,,,,,,
130.2760221,,,,,,
130.2760968,,,,,,
130.277975225,,,,,,
130.2780169,18316.0,156.76470588235296,6.378986866791744,,,
130.27901450000002,,,,34767.0,518.4200531712876,1.9289377289377287
130.27992835,,,,,,
130.28000305,,,,,,
130.281,,,,,,
130.281881475,,,,,,
130.2838346,,,,,,
130.2839093,,,,,,
130.285787725,,,,,,
130.2858294,18315.0,156.8902683219864,6.373881635205676,,,
130.28682700000002,,,,34767.0,518.4200531712876,1.9289377289377287
130.28774085,,,,,,
130.28781555,,,,,,
130.289693975,,,,,,
130.2916471,,,,,,
130.2917218,,,,,,
130.293600225,,,,,,
130.2936419,18316.0,156.76470588235296,6.378986866791744,,,
130.29463950000002,,,,34767.0,518.4200531712876,1.9289377289377287
130.29555335,,,,,,
130.29562805,,,,,,
130.297506475,,,,,,
130.2994596,,,,,,
130.2995343,,,,,,
130.301,,,,,,
130.301412725,,,,,,
130.3014544,18315.0,156.8902683219864,6.373881635205676,,,
130.30245200000002,,,,34766.0,518.8141391106044,1.9274725274725275
130.30336585,,,,,,
130.30344055,,,,,,
130.305318975,,,,,,
130.3072721,,,,,,
130.3073468,,,,,,
130.309225225,,,,,,
130.3092669,18315.0,156.8902683219864,6.373881635205676,,,
130.31026450000002,,,,34766.0,518.8141391106044,1.9274725274725275
130.31117835,,,,,,
130.31125305,,,,,,
130.313131475,,,,,,
130.3150846,,,,,,
130.3151593,,,,,,
130.317037725,,,,,,
130.3170794,18316.0,156.76470588235296,6.378986866791744,,,
130.31807700000002,,,,34766.0,518.8141391106044,1.9274725274725275
130.31899085,,,,,,
130.31906555,,,,,,
130.320943975,,,,,,
130.321,,,,,,
130.3228971,,,,,,
130.3229718,,,,,,
130.324850225,,,,,,
130.3248919,18316.0,156.76470588235296,6.378986866791744,,,
130.32588950000002,,,,34766.0,518.8141391106044,1.9274725274725275
130.32680335,,,,,,
130.32687805,,,,,,
130.328756475,,,,,,
130.3307096,,,,,,
130.3307843,,,,,,
130.332662725,,,,,,
130.3327044,18315.0,156.8902683219864,6.373881635205676,,,
130.33370200000002,,,,34766.0,518.8141391106044,1.9274725274725275
130.33461585,,,,,,
130.33469055,,,,,,
130.336568975,,,,,,
130.3385221,,,,,,
130.3385968,,,,,,
130.340475225,,,,,,
130.3405169,18315.0,156.8902683219864,6.373881635205676,,,
130.341,,,,,,
130.34151450000002,,,,34765.0,519.2088246481552,1.9260073260073256
130.34242835,,,,,,
130.34250305,,,,,,
130.344381475,,,,,,
130.3463346,,,,,,
130.3464093,,,,,,
130.348287725,,,,,,
130.3483294,18315.0,156.8902683219864,6.373881635205676,,,
130.34932700000002,,,,34767.0,518.4200531712876,1.9289377289377287
130.35024085,,,,,,
130.35031555,,,,,,
130.352193975,,,,,,
130.3541471,,,,,,
130.3542218,,,,,,
130.356100225,,,,,,
130.3561419,18316.0,156.76470588235296,6.378986866791744,,,
130.35713950000002,,,,34766.0,518.8141391106044,1.9274725274725275
130.35805335,,,,,,
130.35812805,,,,,,
130.360006475,,,,,,
130.361,,,,,,
130.3619596,,,,,,
130.3620343,,,,,,
130.363912725,,,,,,
130.3639544,18316.0,156.76470588235296,6.378986866791744,,,
130.36495200000002,,,,34765.0,519.2088246481552,1.9260073260073256
130.36586585,,,,,,
130.36594055,,,,,,
130.367818975,,,,,,
130.3697721,,,,,,
130.3698468,,,,,,
130.371725225,,,,,,
130.3717669,18316.0,156.76470588235296,6.378986866791744,,,
130.37276450000002,,,,34766.0,518.8141391106044,1.9274725274725275
130.37367835,,,,,,
130.37375305,,,,,,
130.375631475,,,,,,
130.3775846,,,,,,
130.3776593,,,,,,
130.379537725,,,,,,
130.3795794,18315.0,156.8902683219864,6.373881635205676,,,
130.38057700000002,,,,34766.0,518.8141391106044,1.9274725274725275
130.381,,,,,,
130.38149085,,,,,,
130.38156555,,,,,,
130.383443975,,,,,,
130.3853971,,,,,,
130.3854718,,,,,,
130.387350225,,,,,,
130.3873919,18316.0,156.76470588235296,6.378986866791744,,,
130.38838950000002,,,,34766.0,518.8141391106044,1.9274725274725275
130.38930335,,,,,,
130.38937805,,,,,,
130.391256475,,,,,,
130.3932096,,,,,,
130.3932843,,,,,,
130.395162725,,,,,,
130.3952044,18315.0,156.8902683219864,6.373881635205676,,,
130.39620200000002,,,,34767.0,518.4200531712876,1.9289377289377287
130.39711585,,,,,,
130.39719055,,,,,,
130.399068975,,,,,,
130.401,,,,,,
130.4010221,,,,,,
130.4010968,,,,,,
130.402975225,,,,,,
130.4030169,18315.0,156.8902683219864,6.373881635205676,,,
130.40401450000002,,,,34766.0,518.8141391106044,1.9274725274725275
130.40492835,,,,,,
130.40500305,,,,,,
130.406881475,,,,,,
130.4088346,,,,,,
130.4089093,,,,,,
130.410787725,,,,,,
130.4108294,18315.0,156.8902683219864,6.373881635205676,,,
130.41182700000002,,,,34766.0,518.8141391106044,1.9274725274725275
130.41274085,,,,,,
130.41281555,,,,,,
130.414693975,,,,,,
130.4166471,,,,,,
130.4167218,,,,,,
130.418600225,,,,,,
130.4186419,18315.0,156.8902683219864,6.373881635205676,,,
130.41963950000002,,,,34766.0,518.8141391106044,1.9274725274725275
130.42055335,,,,,,
130.42062805,,,,,,
130.421,,,,,,
130.422506475,,,,,,
130.4244596,,,,,,
130.4245343,,,,,,
130.426412725,,,,,,
130.4264544,18316.0,156.76470588235296,6.378986866791744,,,
130.42745200000002,,,,34766.0,518.8141391106044,1.9274725274725275
130.42836585,,,,,,
130.42844055,,,,,,
130.430318975,,,,,,
130.4322721,,,,,,
130.4323468,,,,,,
130.434225225,,,,,,
130.4342669,18315.0,156.8902683219864,6.373881635205676,,,
130.43526450000002,,,,34765.0,519.2088246481552,1.9260073260073256
130.43617835,,,,,,
130.43625305,,,,,,
130.438131475,,,,,,
130.4400846,,,,,,
130.4401593,,,,,,
130.441,,,,,,
130.442037725,,,,,,
130.4420794,18314.0,157.0160320641283,6.368776403619608,,,
130.44307700000002,,,,34766.0,518.8141391106044,1.9274725274725275
130.44399085,,,,,,
130.44406555,,,,,,
130.445943975,,,,,,
130.4478971,,,,,,
130.4479718,,,,,,
130.449850225,,,,,,
130.4498919,18315.0,156.8902683219864,6.373881635205676,,,
130.45088950000002,,,,34767.0,518.4200531712876,1.9289377289377287
130.45180335,,,,,,
130.45187805,,,,,,
130.453756475,,,,,,
130.4557096,,,,,,
130.4557843,,,,,,
130.457662725,,,,,,
130.4577044,18316.0,156.76470588235296,6.378986866791744,,,
130.45870200000002,,,,34765.0,519.2088246481552,1.9260073260073256
130.45961585,,,,,,
130.45969055,,,,,,
130.461,,,,,,
130.461568975,,,,,,
130.4635221,,,,,,
130.4635968,,,,,,
130.465475225,,,,,,
130.4655169,18315.0,156.8902683219864,6.373881635205676,,,
130.46651450000002,,,,34765.0,519.2088246481552,1.9260073260073256
130.46742835,,,,,,
130.46750305,,,,,,
130.469381475,,,,,,
130.4713346,,,,,,
130.4714093,,,,,,
130.473287725,,,,,,
130.4733294,18315.0,156.8902683219864,6.373881635205676,,,
130.47432700000002,,,,34766.0,518.8141391106044,1.9274725274725275
130.47524085,,,,,,
130.47531555,,,,,,
130.477193975,,,,,,
130.4791471,,,,,,
130.4792218,,,,,,
130.481,,,,,,
130.481100225,,,,,,
130.4811419,18316.0,156.76470588235296,6.378986866791744,,,
130.48213950000002,,,,34766.0,518.8141391106044,1.9274725274725275
130.48305335,,,,,,
130.48312805,,,,,,
130.485006475,,,,,,
130.4869596,,,,,,
130.4870343,,,,,,
130.488912725,,,,,,
130.4889544,18315.0,156.8902683219864,6.373881635205676,,,
130.48995200000002,,,,34766.0,518.8141391106044,1.9274725274725275
130.49086585,,,,,,
130.49094055,,,,,,
130.492818975,,,,,,
130.4947721,,,,,,
130.4948468,,,,,,
130.496725225,,,,,,
130.4967669,18315.0,156.8902683219864,6.373881635205676,,,
130.49776450000002,,,,34766.0,518.8141391106044,1.9274725274725275
130.49867835,,,,,,
130.49875305,,,,,,
130.500631475,,,,,,
130.501,,,,,,
130.5025846,,,,,,
130.5026593,,,,,,
130.504537725,,,,,,
130.5045794,18315.0,156.8902683219864,6.373881635205676,,,
130.50557700000002,,,,34766.0,518.8141391106044,1.9274725274725275
130.50649085,,,,,,
130.50656555,,,,,,
130.508443975,,,,,,
130.5103971,,,,,,
130.5104718,,,,,,
130.512350225,,,,,,
130.5123919,18316.0,156.76470588235296,6.378986866791744,,,
130.51338950000002,,,,34766.0,518.8141391106044,1.9274725274725275
130.51430335,,,,,,
130.51437805,,,,,,
130.516256475,,,,,,
130.5182096,,,,,,
130.5182843,,,,,,
130.520162725,,,,,,
130.5202044,18315.0,156.8902683219864,6.373881635205676,,,
130.521,,,,,,
130.52120200000002,,,,34765.0,519.2088246481552,1.9260073260073256
130.52211585,,,,,,
130.52219055,,,,,,
130.524068975,,,,,,
130.5260221,,,,,,
130.5260968,,,,,,
130.527975225,,,,,,
130.5280169,18316.0,156.76470588235296,6.378986866791744,,,
130.52901450000002,,,,34765.0,519.2088246481552,1.9260073260073256
130.52992835,,,,,,
130.53000305,,,,,,
130.531881475,,,,,,
130.5338346,,,,,,
130.5339093,,,,,,
130.535787725,,,,,,
130.5358294,18315.0,156.8902683219864,6.373881635205676,,,
130.53682700000002,,,,34766.0,518.8141391106044,1.9274725274725275
130.53774085,,,,,,
130.53781555,,,,,,
130.539693975,,,,,,
130.541,,,,,,
130.5416471,,,,,,
130.5417218,,,,,,
130.543600225,,,,,,
130.5436419,18315.0,156.8902683219864,6.373881635205676,,,
130.54463950000002,,,,34766.0,518.8141391106044,1.9274725274725275
130.54555335,,,,,,
130.54562805,,,,,,
130.547506475,,,,,,
130.5494596,,,,,,
130.5495343,,,,,,
130.551412725,,,,,,
130.5514544,18315.0,156.8902683219864,6.373881635205676,,,
130.55245200000002,,,,34766.0,518.8141391106044,1.9274725274725275
130.55336585,,,,,,
130.55344055,,,,,,
130.555318975,,,,,,
130.5572721,,,,,,
130.5573468,,,,,,
130.559225225,,,,,,
130.5592669,18315.0,156.8902683219864,6.373881635205676,,,
130.56026450000002,,,,34766.0,518.8141391106044,1.9274725274725275
130.561,,,,,,
130.56117835,,,,,,
130.56125305,,,,,,
130.563131475,,,,,,
130.5650846,,,,,,
130.5651593,,,,,,
130.567037725,,,,,,
130.5670794,18315.0,156.8902683219864,6.373881635205676,,,
130.56807700000002,,,,34766.0,518.8141391106044,1.9274725274725275
130.56899085,,,,,,
130.56906555,,,,,,
130.570943975,,,,,,
130.5728971,,,,,,
130.5729718,,,,,,
130.574850225,,,,,,
130.5748919,18316.0,156.76470588235296,6.378986866791744,,,
130.57588950000002,,,,34765.0,519.2088246481552,1.9260073260073256
130.57680335,,,,,,
130.57687805,,,,,,
130.578756475,,,,,,
130.5807096,,,,,,
130.5807843,,,,,,
130.581,,,,,,
130.582662725,,,,,,
130.5827044,18315.0,156.8902683219864,6.373881635205676,,,
130.58370200000002,,,,34765.0,519.2088246481552,1.9260073260073256
130.58461585,,,,,,
130.58469055,,,,,,
130.586568975,,,,,,
130.5885221,,,,,,
130.5885968,,,,,,
130.590475225,,,,,,
130.5905169,18315.0,156.8902683219864,6.373881635205676,,,
130.59151450000002,,,,34765.0,519.2088246481552,1.9260073260073256
130.59242835,,,,,,
130.59250305,,,,,,
130.594381475,,,,,,
130.5963346,,,,,,
130.5964093,,,,,,
130.598287725,,,,,,
130.5983294,18315.0,156.8902683219864,6.373881635205676,,,
130.59932700000002,,,,34766.0,518.8141391106044,1.9274725274725275
130.60024085,,,,,,
130.60031555,,,,,,
130.601,,,,,,
130.602193975,,,,,,
130.6041471,,,,,,
130.6042218,,,,,,
130.606100225,,,,,,
130.6061419,18315.0,156.8902683219864,6.373881635205676,,,
130.60713950000002,,,,34766.0,518.8141391106044,1.9274725274725275
130.60805335,,,,,,
130.60812805,,,,,,
130.610006475,,,,,,
130.6119596,,,,,,
130.6120343,,,,,,
130.613912725,,,,,,
130.6139544,18315.0,156.8902683219864,6.373881635205676,,,
130.61495200000002,,,,34765.0,519.2088246481552,1.9260073260073256
130.61586585,,,,,,
130.61594055,,,,,,
130.617818975,,,,,,
130.6197721,,,,,,
130.6198468,,,,,,
130.621,,,,,,
130.621725225,,,,,,
130.6217669,18316.0,156.76470588235296,6.378986866791744,,,
130.62276450000002,,,,34766.0,518.8141391106044,1.9274725274725275
130.62367835,,,,,,
130.62375305,,,,,,
130.625631475,,,,,,
130.6275846,,,,,,
130.6276593,,,,,,
130.629537725,,,,,,
130.6295794,18316.0,156.76470588235296,6.378986866791744,,,
130.63057700000002,,,,34766.0,518.8141391106044,1.9274725274725275
130.63149085,,,,,,
130.63156555,,,,,,
130.633443975,,,,,,
130.6353971,,,,,,
130.6354718,,,,,,
130.637350225,,,,,,
130.6373919,18316.0,156.76470588235296,6.378986866791744,,,
130.63838950000002,,,,34766.0,518.8141391106044,1.9274725274725275
130.63930335,,,,,,
130.63937805,,,,,,
130.641,,,,,,
130.641256475,,,,,,
130.6432096,,,,,,
130.6432843,,,,,,
130.645162725,,,,,,
130.6452044,18316.0,156.76470588235296,6.378986866791744,,,
130.64620200000002,,,,34766.0,518.8141391106044,1.9274725274725275
130.64711585,,,,,,
130.64719055,,,,,,
130.649068975,,,,,,
130.6510221,,,,,,
130.6510968,,,,,,
130.652975225,,,,,,
130.6530169,18315.0,156.8902683219864,6.373881635205676,,,
130.65401450000002,,,,34766.0,518.8141391106044,1.9274725274725275
130.65492835,,,,,,
130.65500305,,,,,,
130.656881475,,,,,,
130.6588346,,,,,,
130.6589093,,,,,,
130.660787725,,,,,,
130.6608294,18315.0,156.8902683219864,6.373881635205676,,,
130.661,,,,,,
130.66182700000002,,,,34767.0,518.4200531712876,1.9289377289377287
130.66274085,,,,,,
130.66281555,,,,,,
130.664693975,,,,,,
130.6666471,,,,,,
130.6667218,,,,,,
130.668600225,,,,,,
130.6686419,18316.0,156.76470588235296,6.378986866791744,,,
130.66963950000002,,,,34766.0,518.8141391106044,1.9274725274725275
130.67055335,,,,,,
130.67062805,,,,,,
130.672506475,,,,,,
130.6744596,,,,,,
130.6745343,,,,,,
130.676412725,,,,,,
130.6764544,18315.0,156.8902683219864,6.373881635205676,,,
130.67745200000002,,,,34767.0,518.4200531712876,1.9289377289377287
130.67836585,,,,,,
130.67844055,,,,,,
130.680318975,,,,,,
130.681,,,,,,
130.6822721,,,,,,
130.6823468,,,,,,
130.6828185,,,,,,
130.684225225,,,,,,
130.6842669,18315.0,156.8902683219864,6.373881635205676,,,
130.68526450000002,,,,34766.0,518.8141391106044,1.9274725274725275
130.68617835,,,,,,
130.68625305,,,,,,
130.688131475,,,,,,
130.6900846,,,,,,
130.6901593,,,,,,
130.692037725,,,,,,
130.6920794,18315.0,156.8902683219864,6.373881635205676,,,
130.69307700000002,,,,34766.0,518.8141391106044,1.9274725274725275
130.69399085,,,,,,
130.69406555,,,,,,
130.695943975,,,,,,
130.6978971,,,,,,
130.6979718,,,,,,
130.699850225,,,,,,
130.6998919,18316.0,156.76470588235296,6.378986866791744,,,
130.70088950000002,,,,34766.0,518.8141391106044,1.9274725274725275
130.701,,,,,,
130.70180335,,,,,,
130.70187805,,,,,,
130.703756475,,,,,,
130.7057096,,,,,,
130.7057843,,,,,,
130.707662725,,,,,,
130.7077044,18315.0,156.8902683219864,6.373881635205676,,,
130.70870200000002,,,,34765.0,519.2088246481552,1.9260073260073256
130.70961585,,,,,,
130.70969055,,,,,,
130.711568975,,,,,,
130.7135221,,,,,,
130.7135968,,,,,,
130.715475225,,,,,,
130.7155169,18315.0,156.8902683219864,6.373881635205676,,,
130.71651450000002,,,,34765.0,519.2088246481552,1.9260073260073256
130.71742835,,,,,,
130.71750305,,,,,,
130.719381475,,,,,,
130.721,,,,,,
130.7213346,,,,,,
130.7214093,,,,,,
130.723287725,,,,,,
130.7233294,18316.0,156.76470588235296,6.378986866791744,,,
130.72432700000002,,,,34766.0,518.8141391106044,1.9274725274725275
130.72524085,,,,,,
130.72531555,,,,,,
130.727193975,,,,,,
130.7291471,,,,,,
130.7292218,,,,,,
130.731100225,,,,,,
130.7311419,18315.0,156.8902683219864,6.373881635205676,,,
130.73213950000002,,,,34765.0,519.2088246481552,1.9260073260073256
130.73305335,,,,,,
130.73312805,,,,,,
130.735006475,,,,,,
130.7369596,,,,,,
130.7370343,,,,,,
130.738912725,,,,,,
130.7389544,18315.0,156.8902683219864,6.373881635205676,,,
130.73995200000002,,,,34766.0,518.8141391106044,1.9274725274725275
130.74086585,,,,,,
130.74094055,,,,,,
130.741,,,,,,
130.742818975,,,,,,
130.7447721,,,,,,
130.7448468,,,,,,
130.746725225,,,,,,
130.7467669,18315.0,156.8902683219864,6.373881635205676,,,
130.74776450000002,,,,34765.0,519.2088246481552,1.9260073260073256
130.74867835,,,,,,
130.74875305,,,,,,
130.750631475,,,,,,
130.7525846,,,,,,
130.7526593,,,,,,
130.754537725,,,,,,
130.7545794,18315.0,156.8902683219864,6.373881635205676,,,
130.75557700000002,,,,34766.0,518.8141391106044,1.9274725274725275
130.75649085,,,,,,
130.75656555,,,,,,
130.758443975,,,,,,
130.7603971,,,,,,
130.7604718,,,,,,
130.761,,,,,,
130.762350225,,,,,,
130.7623919,18316.0,156.76470588235296,6.378986866791744,,,
130.76338950000002,,,,34766.0,518.8141391106044,1.9274725274725275
130.76430335,,,,,,
130.76437805,,,,,,
130.766256475,,,,,,
130.7682096,,,,,,
130.7682843,,,,,,
130.770162725,,,,,,
130.7702044,18315.0,156.8902683219864,6.373881635205676,,,
130.77120200000002,,,,34767.0,518.4200531712876,1.9289377289377287
130.77211585,,,,,,
130.77219055,,,,,,
130.774068975,,,,,,
130.7760221,,,,,,
130.7760968,,,,,,
130.777975225,,,,,,
130.7780169,18315.0,156.8902683219864,6.373881635205676,,,
130.77901450000002,,,,34765.0,519.2088246481552,1.9260073260073256
130.77992835,,,,,,
130.78000305,,,,,,
130.781,,,,,,
130.781881475,,,,,,
130.7838346,,,,,,
130.7839093,,,,,,
130.785787725,,,,,,
130.7858294,18315.0,156.8902683219864,6.373881635205676,,,
130.78682700000002,,,,34765.0,519.2088246481552,1.9260073260073256
130.78774085,,,,,,
130.78781555,,,,,,
130.789693975,,,,,,
130.7916471,,,,,,
130.7917218,,,,,,
130.793600225,,,,,,
130.7936419,18315.0,156.8902683219864,6.373881635205676,,,
130.79463950000002,,,,34766.0,518.8141391106044,1.9274725274725275
130.79555335,,,,,,
130.79562805,,,,,,
130.797506475,,,,,,
130.7994596,,,,,,
130.7995343,,,,,,
130.801,,,,,,
130.801412725,,,,,,
130.8014544,18315.0,156.8902683219864,6.373881635205676,,,
130.80245200000002,,,,34767.0,518.4200531712876,1.9289377289377287
130.80336585,,,,,,
130.80344055,,,,,,
130.805318975,,,,,,
130.8072721,,,,,,
130.8073468,,,,,,
130.809225225,,,,,,
130.8092669,18314.0,157.0160320641283,6.368776403619608,,,
130.81026450000002,,,,34766.0,518.8141391106044,1.9274725274725275
130.81117835,,,,,,
130.81125305,,,,,,
130.813131475,,,,,,
130.8150846,,,,,,
130.8151593,,,,,,
130.817037725,,,,,,
130.8170794,18315.0,156.8902683219864,6.373881635205676,,,
130.81807700000002,,,,34767.0,518.4200531712876,1.9289377289377287
130.81899085,,,,,,
130.81906555,,,,,,
130.820943975,,,,,,
130.821,,,,,,
130.8228971,,,,,,
130.8229718,,,,,,
130.824850225,,,,,,
130.8248919,18316.0,156.76470588235296,6.378986866791744,,,
130.82588950000002,,,,34766.0,518.8141391106044,1.9274725274725275
130.82680335,,,,,,
130.82687805,,,,,,
130.828756475,,,,,,
130.8307096,,,,,,
130.8307843,,,,,,
130.832662725,,,,,,
130.8327044,18315.0,156.8902683219864,6.373881635205676,,,
130.83370200000002,,,,34766.0,518.8141391106044,1.9274725274725275
130.83461585,,,,,,
130.83469055,,,,,,
130.836568975,,,,,,
130.8385221,,,,,,
130.8385968,,,,,,
130.840475225,,,,,,
130.8405169,18316.0,156.76470588235296,6.378986866791744,,,
130.841,,,,,,
130.84151450000002,,,,34766.0,518.8141391106044,1.9274725274725275
130.84242835,,,,,,
130.84250305,,,,,,
130.844381475,,,,,,
130.8463346,,,,,,
130.8464093,,,,,,
130.848287725,,,,,,
130.8483294,18315.0,156.8902683219864,6.373881635205676,,,
130.84932700000002,,,,34766.0,518.8141391106044,1.9274725274725275
130.85024085,,,,,,
130.85031555,,,,,,
130.852193975,,,,,,
130.8541471,,,,,,
130.8542218,,,,,,
130.856100225,,,,,,
130.8561419,18315.0,156.8902683219864,6.373881635205676,,,
130.85713950000002,,,,34765.0,519.2088246481552,1.9260073260073256
130.85805335,,,,,,
130.85812805,,,,,,
130.860006475,,,,,,
130.861,,,,,,
130.8619596,,,,,,
130.8620343,,,,,,
130.863912725,,,,,,
130.8639544,18316.0,156.76470588235296,6.378986866791744,,,
130.86495200000002,,,,34765.0,519.2088246481552,1.9260073260073256
130.86586585,,,,,,
130.86594055,,,,,,
130.867818975,,,,,,
130.8697721,,,,,,
130.8698468,,,,,,
130.871725225,,,,,,
130.8717669,18315.0,156.8902683219864,6.373881635205676,,,
130.87276450000002,,,,34766.0,518.8141391106044,1.9274725274725275
130.87367835,,,,,,
130.87375305,,,,,,
130.875631475,,,,,,
130.8775846,,,,,,
130.8776593,,,,,,
130.879537725,,,,,,
130.8795794,18314.0,157.0160320641283,6.368776403619608,,,
130.88057700000002,,,,34766.0,518.8141391106044,1.9274725274725275
130.881,,,,,,
130.88149085,,,,,,
130.88156555,,,,,,
130.883443975,,,,,,
130.8853971,,,,,,
130.8854718,,,,,,
130.887350225,,,,,,
130.8873919,18315.0,156.8902683219864,6.373881635205676,,,
130.88838950000002,,,,34766.0,518.8141391106044,1.9274725274725275
130.88930335,,,,,,
130.88937805,,,,,,
130.891256475,,,,,,
130.8932096,,,,,,
130.8932843,,,,,,
130.895162725,,,,,,
130.8952044,18315.0,156.8902683219864,6.373881635205676,,,
130.89620200000002,,,,34766.0,518.8141391106044,1.9274725274725275
130.89711585,,,,,,
130.89719055,,,,,,
130.899068975,,,,,,
130.901,,,,,,
130.9010221,,,,,,
130.9010968,,,,,,
130.902975225,,,,,,
130.9030169,18315.0,156.8902683219864,6.373881635205676,,,
130.90401450000002,,,,34766.0,518.8141391106044,1.9274725274725275
130.90492835,,,,,,
130.90500305,,,,,,
130.906881475,,,,,,
130.9088346,,,,,,
130.9089093,,,,,,
130.910787725,,,,,,
130.9108294,18314.0,157.0160320641283,6.368776403619608,,,
130.91182700000002,,,,34766.0,518.8141391106044,1.9274725274725275
130.91274085,,,,,,
130.91281555,,,,,,
130.914693975,,,,,,
130.9166471,,,,,,
130.9167218,,,,,,
130.918600225,,,,,,
130.9186419,18315.0,156.8902683219864,6.373881635205676,,,
130.91963950000002,,,,34766.0,518.8141391106044,1.9274725274725275
130.92055335,,,,,,
130.92062805,,,,,,
130.921,,,,,,
130.922506475,,,,,,
130.9244596,,,,,,
130.9245343,,,,,,
130.926412725,,,,,,
130.9264544,18315.0,156.8902683219864,6.373881635205676,,,
130.92745200000002,,,,34765.0,519.2088246481552,1.9260073260073256
130.92836585,,,,,,
130.92844055,,,,,,
130.930318975,,,,,,
130.9322721,,,,,,
130.9323468,,,,,,
130.934225225,,,,,,
130.9342669,18315.0,156.8902683219864,6.373881635205676,,,
130.93526450000002,,,,34765.0,519.2088246481552,1.9260073260073256
130.93617835,,,,,,
130.93625305,,,,,,
130.938131475,,,,,,
130.9400846,,,,,,
130.9401593,,,,,,
130.941,,,,,,
130.942037725,,,,,,
130.9420794,18315.0,156.8902683219864,6.373881635205676,,,
130.94307700000002,,,,34766.0,518.8141391106044,1.9274725274725275
130.94399085,,,,,,
130.94406555,,,,,,
130.945943975,,,,,,
130.9478971,,,,,,
130.9479718,,,,,,
130.949850225,,,,,,
130.9498919,18315.0,156.8902683219864,6.373881635205676,,,
130.95088950000002,,,,34765.0,519.2088246481552,1.9260073260073256
130.95180335,,,,,,
130.95187805,,,,,,
130.953756475,,,,,,
130.9557096,,,,,,
130.9557843,,,,,,
130.957662725,,,,,,
130.9577044,18315.0,156.8902683219864,6.373881635205676,,,
130.95870200000002,,,,34765.0,519.2088246481552,1.9260073260073256
130.95961585,,,,,,
130.95969055,,,,,,
130.961,,,,,,
130.961568975,,,,,,
130.9635221,,,,,,
130.9635968,,,,,,
130.965475225,,,,,,
130.9655169,18315.0,156.8902683219864,6.373881635205676,,,
130.96651450000002,,,,34764.0,519.604111153407,1.9245421245421244
130.96742835,,,,,,
130.96750305,,,,,,
130.969381475,,,,,,
130.9713346,,,,,,
130.9714093,,,,,,
130.973287725,,,,,,
130.9733294,18315.0,156.8902683219864,6.373881635205676,,,
130.97432700000002,,,,34767.0,518.4200531712876,1.9289377289377287
130.97524085,,,,,,
130.97531555,,,,,,
130.977193975,,,,,,
130.9791471,,,,,,
130.9792218,,,,,,
130.981,,,,,,
130.981100225,,,,,,
130.9811419,18316.0,156.76470588235296,6.378986866791744,,,
130.98213950000002,,,,34766.0,518.8141391106044,1.9274725274725275
130.98305335,,,,,,
130.98312805,,,,,,
130.985006475,,,,,,
130.9869596,,,,,,
130.9870343,,,,,,
130.988912725,,,,,,
130.9889544,18314.0,157.0160320641283,6.368776403619608,,,
130.98995200000002,,,,34765.0,519.2088246481552,1.9260073260073256
130.99086585,,,,,,
130.99094055,,,,,,
130.992818975,,,,,,
130.9947721,,,,,,
130.9948468,,,,,,
130.996725225,,,,,,
130.9967669,18314.0,157.0160320641283,6.368776403619608,,,
130.99776450000002,,,,34765.0,519.2088246481552,1.9260073260073256
130.99867835,,,,,,
130.99875305,,,,,,
131.000631475,,,,,,
131.001,,,,,,
131.0025846,,,,,,
131.0026593,,,,,,
131.004537725,,,,,,
131.0045794,18315.0,156.8902683219864,6.373881635205676,,,
131.00557700000002,,,,34766.0,518.8141391106044,1.9274725274725275
131.00649085,,,,,,
131.00656555,,,,,,
131.008443975,,,,,,
131.0103971,,,,,,
131.0104718,,,,,,
131.012350225,,,,,,
131.0123919,18315.0,156.8902683219864,6.373881635205676,,,
131.01338950000002,,,,34766.0,518.8141391106044,1.9274725274725275
131.01430335,,,,,,
131.01437805,,,,,,
131.016256475,,,,,,
131.0182096,,,,,,
131.0182843,,,,,,
131.020162725,,,,,,
131.0202044,18315.0,156.8902683219864,6.373881635205676,,,
131.021,,,,,,
131.02120200000002,,,,34766.0,518.8141391106044,1.9274725274725275
131.02211585,,,,,,
131.02219055,,,,,,
131.024068975,,,,,,
131.0260221,,,,,,
131.0260968,,,,,,
131.027975225,,,,,,
131.0280169,18315.0,156.8902683219864,6.373881635205676,,,
131.02901450000002,,,,34765.0,519.2088246481552,1.9260073260073256
131.02992835,,,,,,
131.03000305,,,,,,
131.031881475,,,,,,
131.0338346,,,,,,
131.0339093,,,,,,
131.035787725,,,,,,
131.0358294,18314.0,157.0160320641283,6.368776403619608,,,
131.03682700000002,,,,34766.0,518.8141391106044,1.9274725274725275
131.03774085,,,,,,
131.03781555,,,,,,
131.039693975,,,,,,
131.041,,,,,,
131.0416471,,,,,,
131.0417218,,,,,,
131.043600225,,,,,,
131.0436419,18315.0,156.8902683219864,6.373881635205676,,,
131.04463950000002,,,,34765.0,519.2088246481552,1.9260073260073256
131.04555335,,,,,,
131.04562805,,,,,,
131.047506475,,,,,,
131.0494596,,,,,,
131.0495343,,,,,,
131.051412725,,,,,,
131.0514544,18315.0,156.8902683219864,6.373881635205676,,,
131.05245200000002,,,,34766.0,518.8141391106044,1.9274725274725275
131.05336585,,,,,,
131.05344055,,,,,,
131.055318975,,,,,,
131.0572721,,,,,,
131.0573468,,,,,,
131.059225225,,,,,,
131.0592669,18314.0,157.0160320641283,6.368776403619608,,,
131.06026450000002,,,,34765.0,519.2088246481552,1.9260073260073256
131.061,,,,,,
131.06117835,,,,,,
131.06125305,,,,,,
131.063131475,,,,,,
131.0650846,,,,,,
131.0651593,,,,,,
131.067037725,,,,,,
131.0670794,18314.0,157.0160320641283,6.368776403619608,,,
131.06807700000002,,,,34766.0,518.8141391106044,1.9274725274725275
131.06899085,,,,,,
131.06906555,,,,,,
131.070943975,,,,,,
131.0728971,,,,,,
131.0729718,,,,,,
131.074850225,,,,,,
131.07489189999998,18315.0,156.8902683219864,6.373881635205676,,,
131.0758895,,,,34766.0,518.8141391106044,1.9274725274725275
131.07680335,,,,,,
131.07687805,,,,,,
131.078756475,,,,,,
131.0807096,,,,,,
131.0807843,,,,,,
131.081,,,,,,
131.082662725,,,,,,
131.08270439999998,18314.0,157.0160320641283,6.368776403619608,,,
131.083702,,,,34766.0,518.8141391106044,1.9274725274725275
131.08461585,,,,,,
131.08469055,,,,,,
131.086568975,,,,,,
131.0885221,,,,,,
131.0885968,,,,,,
131.090475225,,,,,,
131.09051689999998,18314.0,157.0160320641283,6.368776403619608,,,
131.0915145,,,,34765.0,519.2088246481552,1.9260073260073256
131.09242835,,,,,,
131.09250305,,,,,,
131.094381475,,,,,,
131.0963346,,,,,,
131.0964093,,,,,,
131.098287725,,,,,,
131.09832939999998,18314.0,157.0160320641283,6.368776403619608,,,
131.099327,,,,34766.0,518.8141391106044,1.9274725274725275
131.10024085,,,,,,
131.10031555,,,,,,
131.101,,,,,,
131.102193975,,,,,,
131.1041471,,,,,,
131.1042218,,,,,,
131.106100225,,,,,,
131.10614189999998,18315.0,156.8902683219864,6.373881635205676,,,
131.1071395,,,,34765.0,519.2088246481552,1.9260073260073256
131.10805335,,,,,,
131.10812805,,,,,,
131.110006475,,,,,,
131.1119596,,,,,,
131.1120343,,,,,,
131.113912725,,,,,,
131.11395439999998,18314.0,157.0160320641283,6.368776403619608,,,
131.114952,,,,34766.0,518.8141391106044,1.9274725274725275
131.11586585,,,,,,
131.11594055,,,,,,
131.117818975,,,,,,
131.1197721,,,,,,
131.1198468,,,,,,
131.121,,,,,,
131.121725225,,,,,,
131.12176689999998,18315.0,156.8902683219864,6.373881635205676,,,
131.1227645,,,,34765.0,519.2088246481552,1.9260073260073256
131.12367835,,,,,,
131.12375305,,,,,,
131.125631475,,,,,,
131.1275846,,,,,,
131.1276593,,,,,,
131.129537725,,,,,,
131.12957939999998,18314.0,157.0160320641283,6.368776403619608,,,
131.130577,,,,34766.0,518.8141391106044,1.9274725274725275
131.13149085,,,,,,
131.13156555,,,,,,
131.133443975,,,,,,
131.1353971,,,,,,
131.1354718,,,,,,
131.137350225,,,,,,
131.13739189999998,18315.0,156.8902683219864,6.373881635205676,,,
131.1383895,,,,34766.0,518.8141391106044,1.9274725274725275
131.13930335,,,,,,
131.13937805,,,,,,
131.141,,,,,,
131.141256475,,,,,,
131.1432096,,,,,,
131.1432843,,,,,,
131.145162725,,,,,,
131.14520439999998,18314.0,157.0160320641283,6.368776403619608,,,
131.146202,,,,34764.0,519.604111153407,1.9245421245421244
131.14711585,,,,,,
131.14719055,,,,,,
131.149068975,,,,,,
131.1510221,,,,,,
131.1510968,,,,,,
131.152975225,,,,,,
131.15301689999998,18314.0,157.0160320641283,6.368776403619608,,,
131.1540145,,,,34765.0,519.2088246481552,1.9260073260073256
131.15492835,,,,,,
131.15500305,,,,,,
131.156881475,,,,,,
131.1588346,,,,,,
131.1589093,,,,,,
131.160787725,,,,,,
131.16082939999998,18314.0,157.0160320641283,6.368776403619608,,,
131.161,,,,,,
131.161827,,,,34766.0,518.8141391106044,1.9274725274725275
131.16274085,,,,,,
131.16281555,,,,,,
131.164693975,,,,,,
131.1666471,,,,,,
131.1667218,,,,,,
131.168600225,,,,,,
131.16864189999998,18314.0,157.0160320641283,6.368776403619608,,,
131.1696395,,,,34766.0,518.8141391106044,1.9274725274725275
131.17055335,,,,,,
131.17062805,,,,,,
131.172506475,,,,,,
131.1744596,,,,,,
131.1745343,,,,,,
131.176412725,,,,,,
131.17645439999998,18315.0,156.8902683219864,6.373881635205676,,,
131.177452,,,,34765.0,519.2088246481552,1.9260073260073256
131.17836585,,,,,,
131.17844055,,,,,,
131.180318975,,,,,,
131.181,,,,,,
131.1822721,,,,,,
131.1823468,,,,,,
131.184225225,,,,,,
131.18426689999998,18314.0,157.0160320641283,6.368776403619608,,,
131.1852645,,,,34765.0,519.2088246481552,1.9260073260073256
131.18617835,,,,,,
131.18625305,,,,,,
131.188131475,,,,,,
131.1900846,,,,,,
131.1901593,,,,,,
131.192037725,,,,,,
131.19207939999998,18314.0,157.0160320641283,6.368776403619608,,,
131.193077,,,,34765.0,519.2088246481552,1.9260073260073256
131.19399085,,,,,,
131.19406555,,,,,,
131.195943975,,,,,,
131.1978971,,,,,,
131.1979718,,,,,,
131.199850225,,,,,,
131.19989189999998,18315.0,156.8902683219864,6.373881635205676,,,
131.2008895,,,,34766.0,518.8141391106044,1.9274725274725275
131.201,,,,,,
131.20180335,,,,,,
131.20187805,,,,,,
131.203756475,,,,,,
131.2057096,,,,,,
131.2057843,,,,,,
131.207662725,,,,,,
131.20770439999998,18315.0,156.8902683219864,6.373881635205676,,,
131.208702,,,,34765.0,519.2088246481552,1.9260073260073256
131.20961585,,,,,,
131.20969055,,,,,,
131.211568975,,,,,,
131.2135221,,,,,,
131.2135968,,,,,,
131.215475225,,,,,,
131.21551689999998,18313.0,157.14199759326112,6.36367117203354,,,
131.2165145,,,,34765.0,519.2088246481552,1.9260073260073256
131.21742835,,,,,,
131.21750305,,,,,,
131.219381475,,,,,,
131.221,,,,,,
131.2213346,,,,,,
131.2214093,,,,,,
131.223287725,,,,,,
131.22332939999998,18314.0,157.0160320641283,6.368776403619608,,,
131.224327,,,,34766.0,518.8141391106044,1.9274725274725275
131.22524085,,,,,,
131.22531555,,,,,,
131.227193975,,,,,,
131.2291471,,,,,,
131.2292218,,,,,,
131.231100225,,,,,,
131.23114189999998,18315.0,156.8902683219864,6.373881635205676,,,
131.2321395,,,,34766.0,518.8141391106044,1.9274725274725275
131.23305335,,,,,,
131.23312805,,,,,,
131.235006475,,,,,,
131.2369596,,,,,,
131.2370343,,,,,,
131.238912725,,,,,,
131.23895439999998,18314.0,157.0160320641283,6.368776403619608,,,
131.239952,,,,34766.0,518.8141391106044,1.9274725274725275
131.24086585,,,,,,
131.24094055,,,,,,
131.241,,,,,,
131.242818975,,,,,,
131.2447721,,,,,,
131.2448468,,,,,,
131.246725225,,,,,,
131.24676689999998,18315.0,156.8902683219864,6.373881635205676,,,
131.2477645,,,,34766.0,518.8141391106044,1.9274725274725275
131.24867835,,,,,,
131.24875305,,,,,,
131.250631475,,,,,,
131.2525846,,,,,,
131.2526593,,,,,,
131.254537725,,,,,,
131.25457939999998,18314.0,157.0160320641283,6.368776403619608,,,
131.255577,,,,34766.0,518.8141391106044,1.9274725274725275
131.25649085,,,,,,
131.25656555,,,,,,
131.258443975,,,,,,
131.2603971,,,,,,
131.2604718,,,,,,
131.261,,,,,,
131.262350225,,,,,,
131.26239189999998,18314.0,157.0160320641283,6.368776403619608,,,
131.2633895,,,,34765.0,519.2088246481552,1.9260073260073256
131.26430335,,,,,,
131.26437805,,,,,,
131.266256475,,,,,,
131.2682096,,,,,,
131.2682843,,,,,,
131.270162725,,,,,,
131.27020439999998,18315.0,156.8902683219864,6.373881635205676,,,
131.271202,,,,34766.0,518.8141391106044,1.9274725274725275
131.27211585,,,,,,
131.27219055,,,,,,
131.274068975,,,,,,
131.2760221,,,,,,
131.2760968,,,,,,
131.277975225,,,,,,
131.27801689999998,18314.0,157.0160320641283,6.368776403619608,,,
131.2790145,,,,34765.0,519.2088246481552,1.9260073260073256
131.27992835,,,,,,
131.28000305,,,,,,
131.281,,,,,,
131.281881475,,,,,,
131.2838346,,,,,,
131.2839093,,,,,,
131.285787725,,,,,,
131.28582939999998,18313.0,157.14199759326112,6.36367117203354,,,
131.286827,,,,34766.0,518.8141391106044,1.9274725274725275
131.28774085,,,,,,
131.28781555,,,,,,
131.289693975,,,,,,
131.2916471,,,,,,
131.2917218,,,,,,
131.293600225,,,,,,
131.29364189999998,18315.0,156.8902683219864,6.373881635205676,,,
131.2946395,,,,34765.0,519.2088246481552,1.9260073260073256
131.29555335,,,,,,
131.29562805,,,,,,
131.297506475,,,,,,
131.2994596,,,,,,
131.2995343,,,,,,
131.301,,,,,,
131.301412725,,,,,,
131.30145439999998,18314.0,157.0160320641283,6.368776403619608,,,
131.302452,,,,34766.0,518.8141391106044,1.9274725274725275
131.30336585,,,,,,
131.30344055,,,,,,
131.305318975,,,,,,
131.3072721,,,,,,
131.3073468,,,,,,
131.309225225,,,,,,
131.30926689999998,18315.0,156.8902683219864,6.373881635205676,,,
131.3102645,,,,34766.0,518.8141391106044,1.9274725274725275
131.31117835,,,,,,
131.31125305,,,,,,
131.313131475,,,,,,
131.3150846,,,,,,
131.3151593,,,,,,
131.317037725,,,,,,
131.31707939999998,18314.0,157.0160320641283,6.368776403619608,,,
131.318077,,,,34766.0,518.8141391106044,1.9274725274725275
131.31899085,,,,,,
131.31906555,,,,,,
131.320943975,,,,,,
131.321,,,,,,
131.3228971,,,,,,
131.3229718,,,,,,
131.324850225,,,,,,
131.32489189999998,18315.0,156.8902683219864,6.373881635205676,,,
131.3258895,,,,34765.0,519.2088246481552,1.9260073260073256
131.32680335,,,,,,
131.32687805,,,,,,
131.328756475,,,,,,
131.3307096,,,,,,
131.3307843,,,,,,
131.332662725,,,,,,
131.33270439999998,18313.0,157.14199759326112,6.36367117203354,,,
131.333702,,,,34766.0,518.8141391106044,1.9274725274725275
131.33461585,,,,,,
131.33469055,,,,,,
131.336568975,,,,,,
131.3385221,,,,,,
131.3385968,,,,,,
131.340475225,,,,,,
131.34051689999998,18314.0,157.0160320641283,6.368776403619608,,,
131.341,,,,,,
131.3415145,,,,34766.0,518.8141391106044,1.9274725274725275
131.34242835,,,,,,
131.34250305,,,,,,
131.344381475,,,,,,
131.3463346,,,,,,
131.3464093,,,,,,
131.348287725,,,,,,
131.34832939999998,18313.0,157.14199759326112,6.36367117203354,,,
131.349327,,,,34766.0,518.8141391106044,1.9274725274725275
131.35024085,,,,,,
131.35031555,,,,,,
131.352193975,,,,,,
131.3541471,,,,,,
131.3542218,,,,,,
131.356100225,,,,,,
131.35614189999998,18315.0,156.8902683219864,6.373881635205676,,,
131.3571395,,,,34766.0,518.8141391106044,1.9274725274725275
131.35805335,,,,,,
131.35812805,,,,,,
131.360006475,,,,,,
131.361,,,,,,
131.3619596,,,,,,
131.3620343,,,,,,
131.363912725,,,,,,
131.36395439999998,18314.0,157.0160320641283,6.368776403619608,,,
131.364952,,,,34765.0,519.2088246481552,1.9260073260073256
131.36586585,,,,,,
131.36594055,,,,,,
131.367818975,,,,,,
131.3697721,,,,,,
131.3698468,,,,,,
131.371725225,,,,,,
131.37176689999998,18314.0,157.0160320641283,6.368776403619608,,,
131.3727645,,,,34765.0,519.2088246481552,1.9260073260073256
131.37367835,,,,,,
131.37375305,,,,,,
131.375631475,,,,,,
131.3775846,,,,,,
131.3776593,,,,,,
131.379537725,,,,,,
131.37957939999998,18314.0,157.0160320641283,6.368776403619608,,,
131.380577,,,,34766.0,518.8141391106044,1.9274725274725275
131.381,,,,,,
131.38149085,,,,,,
131.38156555,,,,,,
131.383443975,,,,,,
131.3853971,,,,,,
131.3854718,,,,,,
131.387350225,,,,,,
131.38739189999998,18314.0,157.0160320641283,6.368776403619608,,,
131.3883895,,,,34766.0,518.8141391106044,1.9274725274725275
131.38930335,,,,,,
131.38937805,,,,,,
131.391256475,,,,,,
131.3932096,,,,,,
131.3932843,,,,,,
131.395162725,,,,,,
131.39520439999998,18314.0,157.0160320641283,6.368776403619608,,,
131.396202,,,,34765.0,519.2088246481552,1.9260073260073256
131.39711585,,,,,,
131.39719055,,,,,,
131.399068975,,,,,,
131.401,,,,,,
131.4010221,,,,,,
131.4010968,,,,,,
131.402975225,,,,,,
131.40301689999998,18314.0,157.0160320641283,6.368776403619608,,,
131.4040145,,,,34764.0,519.604111153407,1.9245421245421244
131.40492835,,,,,,
131.40500305,,,,,,
131.406881475,,,,,,
131.4088346,,,,,,
131.4089093,,,,,,
131.410787725,,,,,,
131.41082939999998,18313.0,157.14199759326112,6.36367117203354,,,
131.411827,,,,34766.0,518.8141391106044,1.9274725274725275
131.41274085,,,,,,
131.41281555,,,,,,
131.414693975,,,,,,
131.4166471,,,,,,
131.4167218,,,,,,
131.418600225,,,,,,
131.41864189999998,18313.0,157.14199759326112,6.36367117203354,,,
131.4196395,,,,34765.0,519.2088246481552,1.9260073260073256
131.42055335,,,,,,
131.42062805,,,,,,
131.421,,,,,,
131.422506475,,,,,,
131.4244596,,,,,,
131.4245343,,,,,,
131.426412725,,,,,,
131.42645439999998,18314.0,157.0160320641283,6.368776403619608,,,
131.427452,,,,34765.0,519.2088246481552,1.9260073260073256
131.42836585,,,,,,
131.42844055,,,,,,
131.430318975,,,,,,
131.4322721,,,,,,
131.4323468,,,,,,
131.434225225,,,,,,
131.43426689999998,18313.0,157.14199759326112,6.36367117203354,,,
131.4352645,,,,34765.0,519.2088246481552,1.9260073260073256
131.43617835,,,,,,
131.43625305,,,,,,
131.438131475,,,,,,
131.4400846,,,,,,
131.4401593,,,,,,
131.441,,,,,,
131.442037725,,,,,,
131.44207939999998,18313.0,157.14199759326112,6.36367117203354,,,
131.443077,,,,34766.0,518.8141391106044,1.9274725274725275
131.44399085,,,,,,
131.44406555,,,,,,
131.445943975,,,,,,
131.4478971,,,,,,
131.4479718,,,,,,
131.449850225,,,,,,
131.44989189999998,18314.0,157.0160320641283,6.368776403619608,,,
131.4508895,,,,34766.0,518.8141391106044,1.9274725274725275
131.45180335,,,,,,
131.45187805,,,,,,
131.453756475,,,,,,
131.4557096,,,,,,
131.4557843,,,,,,
131.457662725,,,,,,
131.45770439999998,18314.0,157.0160320641283,6.368776403619608,,,
131.458702,,,,34765.0,519.2088246481552,1.9260073260073256
131.45961585,,,,,,
131.45969055,,,,,,
131.461,,,,,,
131.461568975,,,,,,
131.4635221,,,,,,
131.4635968,,,,,,
131.465475225,,,,,,
131.46551689999998,18314.0,157.0160320641283,6.368776403619608,,,
131.4665145,,,,34765.0,519.2088246481552,1.9260073260073256
131.46742835,,,,,,
131.46750305,,,,,,
131.469381475,,,,,,
131.4713346,,,,,,
131.4714093,,,,,,
131.473287725,,,,,,
131.47332939999998,18314.0,157.0160320641283,6.368776403619608,,,
131.474327,,,,34766.0,518.8141391106044,1.9274725274725275
131.47524085,,,,,,
131.47531555,,,,,,
131.477193975,,,,,,
131.4791471,,,,,,
131.4792218,,,,,,
131.481,,,,,,
131.481100225,,,,,,
131.48114189999998,18314.0,157.0160320641283,6.368776403619608,,,
131.4821395,,,,34765.0,519.2088246481552,1.9260073260073256
131.48305335,,,,,,
131.48312805,,,,,,
131.485006475,,,,,,
131.4869596,,,,,,
131.4870343,,,,,,
131.488912725,,,,,,
131.48895439999998,18314.0,157.0160320641283,6.368776403619608,,,
131.489952,,,,34766.0,518.8141391106044,1.9274725274725275
131.49086585,,,,,,
131.49094055,,,,,,
131.492818975,,,,,,
131.4947721,,,,,,
131.4948468,,,,,,
131.496725225,,,,,,
131.49676689999998,18314.0,157.0160320641283,6.368776403619608,,,
131.4977645,,,,34766.0,518.8141391106044,1.9274725274725275
131.49867835,,,,,,
131.49875305,,,,,,
131.500631475,,,,,,
131.501,,,,,,
131.5025846,,,,,,
131.5026593,,,,,,
131.504537725,,,,,,
131.50457939999998,18313.0,157.14199759326112,6.36367117203354,,,
131.505577,,,,34766.0,518.8141391106044,1.9274725274725275
131.50649085,,,,,,
131.50656555,,,,,,
131.508443975,,,,,,
131.5103971,,,,,,
131.5104718,,,,,,
131.512350225,,,,,,
131.51239189999998,18314.0,157.0160320641283,6.368776403619608,,,
131.5133895,,,,34765.0,519.2088246481552,1.9260073260073256
131.51430335,,,,,,
131.51437805,,,,,,
131.516256475,,,,,,
131.5182096,,,,,,
131.5182843,,,,,,
131.520162725,,,,,,
131.52020439999998,18313.0,157.14199759326112,6.36367117203354,,,
131.521,,,,,,
131.521202,,,,34765.0,519.2088246481552,1.9260073260073256
131.52211585,,,,,,
131.52219055,,,,,,
131.524068975,,,,,,
131.5260221,,,,,,
131.5260968,,,,,,
131.527975225,,,,,,
131.52801689999998,18313.0,157.14199759326112,6.36367117203354,,,
131.5290145,,,,34766.0,518.8141391106044,1.9274725274725275
131.52992835,,,,,,
131.53000305,,,,,,
131.531881475,,,,,,
131.5338346,,,,,,
131.5339093,,,,,,
131.535787725,,,,,,
131.53582939999998,18314.0,157.0160320641283,6.368776403619608,,,
131.536827,,,,34766.0,518.8141391106044,1.9274725274725275
131.53774085,,,,,,
131.53781555,,,,,,
131.539693975,,,,,,
131.541,,,,,,
131.5416471,,,,,,
131.5417218,,,,,,
131.543600225,,,,,,
131.54364189999998,18313.0,157.14199759326112,6.36367117203354,,,
131.5446395,,,,34765.0,519.2088246481552,1.9260073260073256
131.54555335,,,,,,
131.54562805,,,,,,
131.547506475,,,,,,
131.5494596,,,,,,
131.5495343,,,,,,
131.551412725,,,,,,
131.55145439999998,18313.0,157.14199759326112,6.36367117203354,,,
131.552452,,,,34765.0,519.2088246481552,1.9260073260073256
131.55336585,,,,,,
131.55344055,,,,,,
131.555318975,,,,,,
131.5572721,,,,,,
131.5573468,,,,,,
131.559225225,,,,,,
131.55926689999998,18313.0,157.14199759326112,6.36367117203354,,,
131.5602645,,,,34765.0,519.2088246481552,1.9260073260073256
131.561,,,,,,
131.56117835,,,,,,
131.56125305,,,,,,
131.563131475,,,,,,
131.5650846,,,,,,
131.5651593,,,,,,
131.567037725,,,,,,
131.56707939999998,18313.0,157.14199759326112,6.36367117203354,,,
131.568077,,,,34766.0,518.8141391106044,1.9274725274725275
131.56899085,,,,,,
131.56906555,,,,,,
131.570943975,,,,,,
131.5728971,,,,,,
131.5729718,,,,,,
131.574850225,,,,,,
131.57489189999998,18313.0,157.14199759326112,6.36367117203354,,,
131.5758895,,,,34765.0,519.2088246481552,1.9260073260073256
131.57680335,,,,,,
131.57687805,,,,,,
131.578756475,,,,,,
131.5807096,,,,,,
131.5807843,,,,,,
131.581,,,,,,
131.582662725,,,,,,
131.58270439999998,18313.0,157.14199759326112,6.36367117203354,,,
131.583702,,,,34765.0,519.2088246481552,1.9260073260073256
131.58461585,,,,,,
131.58469055,,,,,,
131.586568975,,,,,,
131.5885221,,,,,,
131.5885968,,,,,,
131.590475225,,,,,,
131.59051689999998,18313.0,157.14199759326112,6.36367117203354,,,
131.5915145,,,,34764.0,519.604111153407,1.9245421245421244
131.59242835,,,,,,
131.59250305,,,,,,
131.594381475,,,,,,
131.5963346,,,,,,
131.5964093,,,,,,
131.598287725,,,,,,
131.59832939999998,18313.0,157.14199759326112,6.36367117203354,,,
131.599327,,,,34766.0,518.8141391106044,1.9274725274725275
131.60024085,,,,,,
131.60031555,,,,,,
131.601,,,,,,
131.602193975,,,,,,
131.6041471,,,,,,
131.6042218,,,,,,
131.606100225,,,,,,
131.60614189999998,18314.0,157.0160320641283,6.368776403619608,,,
131.6071395,,,,34766.0,518.8141391106044,1.9274725274725275
131.60805335,,,,,,
131.60812805,,,,,,
131.610006475,,,,,,
131.6119596,,,,,,
131.6120343,,,,,,
131.613912725,,,,,,
131.61395439999998,18313.0,157.14199759326112,6.36367117203354,,,
131.614952,,,,34767.0,518.4200531712876,1.9289377289377287
131.61586585,,,,,,
131.61594055,,,,,,
131.617818975,,,,,,
131.6197721,,,,,,
131.6198468,,,,,,
131.621,,,,,,
131.621725225,,,,,,
131.62176689999998,18313.0,157.14199759326112,6.36367117203354,,,
131.6227645,,,,34765.0,519.2088246481552,1.9260073260073256
131.62367835,,,,,,
131.62375305,,,,,,
131.625631475,,,,,,
131.6275846,,,,,,
131.6276593,,,,,,
131.629537725,,,,,,
131.62957939999998,18313.0,157.14199759326112,6.36367117203354,,,
131.630577,,,,34767.0,518.4200531712876,1.9289377289377287
131.63149085,,,,,,
131.63156555,,,,,,
131.633443975,,,,,,
131.6353971,,,,,,
131.6354718,,,,,,
131.637350225,,,,,,
131.63739189999998,18314.0,157.0160320641283,6.368776403619608,,,
131.6383895,,,,34765.0,519.2088246481552,1.9260073260073256
131.63930335,,,,,,
131.63937805,,,,,,
131.64,,,,,,
131.641256475,,,,,,
131.6432096,,,,,,
131.6432843,,,,,,
131.645162725,,,,,,
131.64520439999998,18313.0,157.14199759326112,6.36367117203354,,,
131.646202,,,,34764.0,519.604111153407,1.9245421245421244
131.64711585,,,,,,
131.64719055,,,,,,
131.649068975,,,,,,
131.6510221,,,,,,
131.6510968,,,,,,
131.652975225,,,,,,
131.65301689999998,18313.0,157.14199759326112,6.36367117203354,,,
131.6540145,,,,34765.0,519.2088246481552,1.9260073260073256
131.65492835,,,,,,
131.65500305,,,,,,
131.656881475,,,,,,
131.6588346,,,,,,
131.6589093,,,,,,
131.66,,,,,,
131.660787725,,,,,,
131.66082939999998,18313.0,157.14199759326112,6.36367117203354,,,
131.661827,,,,34766.0,518.8141391106044,1.9274725274725275
131.66274085,,,,,,
131.66281555,,,,,,
131.664693975,,,,,,
131.6666471,,,,,,
131.6667218,,,,,,
131.668600225,,,,,,
131.66864189999998,18313.0,157.14199759326112,6.36367117203354,,,
131.6696395,,,,34766.0,518.8141391106044,1.9274725274725275
131.67055335,,,,,,
131.67062805,,,,,,
131.672506475,,,,,,
131.6744596,,,,,,
131.6745343,,,,,,
131.676412725,,,,,,
131.67645439999998,18312.0,157.26816539542352,6.358565940447472,,,
131.677452,,,,34765.0,519.2088246481552,1.9260073260073256
131.67836585,,,,,,
131.67844055,,,,,,
131.68,,,,,,
131.680318975,,,,,,
131.6822721,,,,,,
131.6823468,,,,,,
131.684225225,,,,,,
131.68426689999998,18312.0,157.26816539542352,6.358565940447472,,,
131.6852645,,,,34765.0,519.2088246481552,1.9260073260073256
131.68617835,,,,,,
131.68625305,,,,,,
131.688131475,,,,,,
131.6900846,,,,,,
131.6901593,,,,,,
131.692037725,,,,,,
131.69207939999998,18312.0,157.26816539542352,6.358565940447472,,,
131.693077,,,,34766.0,518.8141391106044,1.9274725274725275
131.69399085,,,,,,
131.69406555,,,,,,
131.695943975,,,,,,
131.6978971,,,,,,
131.6979718,,,,,,
131.699850225,,,,,,
131.69989189999998,18313.0,157.14199759326112,6.36367117203354,,,
131.7,,,,,,
131.7008895,,,,34766.0,518.8141391106044,1.9274725274725275
131.70180335,,,,,,
131.70187805,,,,,,
131.703756475,,,,,,
131.7057096,,,,,,
131.7057843,,,,,,
131.707662725,,,,,,
131.70770439999998,18313.0,157.14199759326112,6.36367117203354,,,
131.708702,,,,34765.0,519.2088246481552,1.9260073260073256
131.70961585,,,,,,
131.70969055,,,,,,
131.7100692,,,,,,
131.711568975,,,,,,
131.7135221,,,,,,
131.7135968,,,,,,
131.715475225,,,,,,
131.71551689999998,18313.0,157.14199759326112,6.36367117203354,,,
131.7165145,,,,34765.0,519.2088246481552,1.9260073260073256
131.71742835,,,,,,
131.71750305,,,,,,
131.719381475,,,,,,
131.72,,,,,,
131.7213346,,,,,,
131.7214093,,,,,,
131.723287725,,,,,,
131.72332939999998,18313.0,157.14199759326112,6.36367117203354,,,
131.724327,,,,34766.0,518.8141391106044,1.9274725274725275
131.72524085,,,,,,
131.72531555,,,,,,
131.727193975,,,,,,
131.7291471,,,,,,
131.7292218,,,,,,
131.731100225,,,,,,
131.73114189999998,18314.0,157.0160320641283,6.368776403619608,,,
131.7321395,,,,34765.0,519.2088246481552,1.9260073260073256
131.73305335,,,,,,
131.73312805,,,,,,
131.735006475,,,,,,
131.7369596,,,,,,
131.7370343,,,,,,
131.738912725,,,,,,
131.73895439999998,18313.0,157.14199759326112,6.36367117203354,,,
131.739952,,,,34766.0,518.8141391106044,1.9274725274725275
131.74,,,,,,
131.74086585,,,,,,
131.74094055,,,,,,
131.742818975,,,,,,
131.7447721,,,,,,
131.7448468,,,,,,
131.746725225,,,,,,
131.74676689999998,18314.0,157.0160320641283,6.368776403619608,,,
131.7477645,,,,34765.0,519.2088246481552,1.9260073260073256
131.74867835,,,,,,
131.74875305,,,,,,
131.750631475,,,,,,
131.7525846,,,,,,
131.7526593,,,,,,
131.754537725,,,,,,
131.75457939999998,18312.0,157.26816539542352,6.358565940447472,,,
131.755577,,,,34766.0,518.8141391106044,1.9274725274725275
131.75649085,,,,,,
131.75656555,,,,,,
131.758443975,,,,,,
131.76,,,,,,
131.7603971,,,,,,
131.7604718,,,,,,
131.762350225,,,,,,
131.76239189999998,18313.0,157.14199759326112,6.36367117203354,,,
131.7633895,,,,34765.0,519.2088246481552,1.9260073260073256
131.76430335,,,,,,
131.76437805,,,,,,
131.766256475,,,,,,
131.7682096,,,,,,
131.7682843,,,,,,
131.770162725,,,,,,
131.77020439999998,18312.0,157.26816539542352,6.358565940447472,,,
131.771202,,,,34766.0,518.8141391106044,1.9274725274725275
131.77211585,,,,,,
131.77219055,,,,,,
131.774068975,,,,,,
131.7760221,,,,,,
131.7760968,,,,,,
131.777975225,,,,,,
131.77801689999998,18314.0,157.0160320641283,6.368776403619608,,,
131.7790145,,,,34766.0,518.8141391106044,1.9274725274725275
131.77992835,,,,,,
131.78,,,,,,
131.78000305,,,,,,
131.781881475,,,,,,
131.7838346,,,,,,
131.7839093,,,,,,
131.785787725,,,,,,
131.78582939999998,18313.0,157.14199759326112,6.36367117203354,,,
131.786827,,,,34766.0,518.8141391106044,1.9274725274725275
131.78774085,,,,,,
131.78781555,,,,,,
131.789693975,,,,,,
131.7916471,,,,,,
131.7917218,,,,,,
131.793600225,,,,,,
131.79364189999998,18313.0,157.14199759326112,6.36367117203354,,,
131.7946395,,,,34765.0,519.2088246481552,1.9260073260073256
131.79555335,,,,,,
131.79562805,,,,,,
131.797506475,,,,,,
131.7994596,,,,,,
131.7995343,,,,,,
131.8,,,,,,
131.801412725,,,,,,
131.80145439999998,18313.0,157.14199759326112,6.36367117203354,,,
131.802452,,,,34765.0,519.2088246481552,1.9260073260073256
131.80336585,,,,,,
131.80344055,,,,,,
131.805318975,,,,,,
131.8072721,,,,,,
131.8073468,,,,,,
131.809225225,,,,,,
131.80926689999998,18312.0,157.26816539542352,6.358565940447472,,,
131.8102645,,,,34766.0,518.8141391106044,1.9274725274725275
131.81117835,,,,,,
131.81125305,,,,,,
131.813131475,,,,,,
131.8150846,,,,,,
131.8151593,,,,,,
131.817037725,,,,,,
131.81707939999998,18312.0,157.26816539542352,6.358565940447472,,,
131.818077,,,,34765.0,519.2088246481552,1.9260073260073256
131.81899085,,,,,,
131.81906555,,,,,,
131.82,,,,,,
131.820943975,,,,,,
131.8228971,,,,,,
131.8229718,,,,,,
131.824850225,,,,,,
131.82489189999998,18314.0,157.0160320641283,6.368776403619608,,,
131.8258895,,,,34765.0,519.2088246481552,1.9260073260073256
131.82680335,,,,,,
131.82687805,,,,,,
131.828756475,,,,,,
131.8307096,,,,,,
131.8307843,,,,,,
131.832662725,,,,,,
131.83270439999998,18313.0,157.14199759326112,6.36367117203354,,,
131.833702,,,,34765.0,519.2088246481552,1.9260073260073256
131.83461585,,,,,,
131.83469055,,,,,,
131.836568975,,,,,,
131.8385221,,,,,,
131.8385968,,,,,,
131.84,,,,,,
131.840475225,,,,,,
131.84051689999998,18312.0,157.26816539542352,6.358565940447472,,,
131.8415145,,,,34766.0,518.8141391106044,1.9274725274725275
131.84242835,,,,,,
131.84250305,,,,,,
131.844381475,,,,,,
131.8463346,,,,,,
131.8464093,,,,,,
131.848287725,,,,,,
131.84832939999998,18312.0,157.26816539542352,6.358565940447472,,,
131.849327,,,,34765.0,519.2088246481552,1.9260073260073256
131.85024085,,,,,,
131.85031555,,,,,,
131.852193975,,,,,,
131.8541471,,,,,,
131.8542218,,,,,,
131.856100225,,,,,,
131.85614189999998,18313.0,157.14199759326112,6.36367117203354,,,
131.8571395,,,,34765.0,519.2088246481552,1.9260073260073256
131.85805335,,,,,,
131.85812805,,,,,,
131.86,,,,,,
131.860006475,,,,,,
131.8619596,,,,,,
131.8620343,,,,,,
131.863912725,,,,,,
131.86395439999998,18312.0,157.26816539542352,6.358565940447472,,,
131.864952,,,,34765.0,519.2088246481552,1.9260073260073256
131.86586585,,,,,,
131.86594055,,,,,,
131.867818975,,,,,,
131.8697721,,,,,,
131.8698468,,,,,,
131.871725225,,,,,,
131.87176689999998,18313.0,157.14199759326112,6.36367117203354,,,
131.8727645,,,,34765.0,519.2088246481552,1.9260073260073256
131.87367835,,,,,,
131.87375305,,,,,,
131.875631475,,,,,,
131.8775846,,,,,,
131.8776593,,,,,,
131.879537725,,,,,,
131.87957939999998,18312.0,157.26816539542352,6.358565940447472,,,
131.88,,,,,,
131.880577,,,,34765.0,519.2088246481552,1.9260073260073256
131.88149085,,,,,,
131.88156555,,,,,,
131.883443975,,,,,,
131.8853971,,,,,,
131.8854718,,,,,,
131.887350225,,,,,,
131.88739189999998,18313.0,157.14199759326112,6.36367117203354,,,
131.8883895,,,,34766.0,518.8141391106044,1.9274725274725275
131.88930335,,,,,,
131.88937805,,,,,,
131.891256475,,,,,,
131.8932096,,,,,,
131.8932843,,,,,,
131.895162725,,,,,,
131.89520439999998,18313.0,157.14199759326112,6.36367117203354,,,
131.896202,,,,34766.0,518.8141391106044,1.9274725274725275
131.89711585,,,,,,
131.89719055,,,,,,
131.899068975,,,,,,
131.9,,,,,,
131.9010221,,,,,,
131.9010968,,,,,,
131.902975225,,,,,,
131.90301689999998,18312.0,157.26816539542352,6.358565940447472,,,
131.9040145,,,,34765.0,519.2088246481552,1.9260073260073256
131.90492835,,,,,,
131.90500305,,,,,,
131.906881475,,,,,,
131.9088346,,,,,,
131.9089093,,,,,,
131.910787725,,,,,,
131.91082939999998,18312.0,157.26816539542352,6.358565940447472,,,
131.911827,,,,34765.0,519.2088246481552,1.9260073260073256
131.91274085,,,,,,
131.91281555,,,,,,
131.914693975,,,,,,
131.9166471,,,,,,
131.9167218,,,,,,
131.918600225,,,,,,
131.91864189999998,18313.0,157.14199759326112,6.36367117203354,,,
131.9196395,,,,34765.0,519.2088246481552,1.9260073260073256
131.92,,,,,,
131.92055335,,,,,,
131.92062805,,,,,,
131.922506475,,,,,,
131.9244596,,,,,,
131.9245343,,,,,,
131.926412725,,,,,,
131.92645439999998,18312.0,157.26816539542352,6.358565940447472,,,
131.927452,,,,34765.0,519.2088246481552,1.9260073260073256
131.92836585,,,,,,
131.92844055,,,,,,
131.930318975,,,,,,
131.9322721,,,,,,
131.9323468,,,,,,
131.934225225,,,,,,
131.93426689999998,18313.0,157.14199759326112,6.36367117203354,,,
131.9352645,,,,34765.0,519.2088246481552,1.9260073260073256
131.93617835,,,,,,
131.93625305,,,,,,
131.938131475,,,,,,
131.94,,,,,,
131.9400846,,,,,,
131.9401593,,,,,,
131.942037725,,,,,,
131.94207939999998,18312.0,157.26816539542352,6.358565940447472,,,
131.943077,,,,34766.0,518.8141391106044,1.9274725274725275
131.94399085,,,,,,
131.94406555,,,,,,
131.945943975,,,,,,
131.9478971,,,,,,
131.9479718,,,,,,
131.949850225,,,,,,
131.94989189999998,18313.0,157.14199759326112,6.36367117203354,,,
131.9508895,,,,34765.0,519.2088246481552,1.9260073260073256
131.95180335,,,,,,
131.95187805,,,,,,
131.953756475,,,,,,
131.9557096,,,,,,
131.9557843,,,,,,
131.957662725,,,,,,
131.95770439999998,18312.0,157.26816539542352,6.358565940447472,,,
131.958702,,,,34765.0,519.2088246481552,1.9260073260073256
131.95961585,,,,,,
131.95969055,,,,,,
131.96,,,,,,
131.961568975,,,,,,
131.9635221,,,,,,
131.9635968,,,,,,
131.965475225,,,,,,
131.96551689999998,18312.0,157.26816539542352,6.358565940447472,,,
131.9665145,,,,34766.0,518.8141391106044,1.9274725274725275
131.96742835,,,,,,
131.96750305,,,,,,
131.969381475,,,,,,
131.9713346,,,,,,
131.9714093,,,,,,
131.973287725,,,,,,
131.97332939999998,18312.0,157.26816539542352,6.358565940447472,,,
131.974327,,,,34766.0,518.8141391106044,1.9274725274725275
131.97524085,,,,,,
131.97531555,,,,,,
131.977193975,,,,,,
131.9791471,,,,,,
131.9792218,,,,,,
131.98,,,,,,
131.981100225,,,,,,
131.98114189999998,18313.0,157.14199759326112,6.36367117203354,,,
131.9821395,,,,34765.0,519.2088246481552,1.9260073260073256
131.98305335,,,,,,
131.98312805,,,,,,
131.985006475,,,,,,
131.9869596,,,,,,
131.9870343,,,,,,
131.988912725,,,,,,
131.98895439999998,18313.0,157.14199759326112,6.36367117203354,,,
131.989952,,,,34765.0,519.2088246481552,1.9260073260073256
131.99086585,,,,,,
131.99094055,,,,,,
131.992818975,,,,,,
131.9947721,,,,,,
131.9948468,,,,,,
131.996725225,,,,,,
131.99676689999998,18312.0,157.26816539542352,6.358565940447472,,,
131.9977645,,,,34765.0,519.2088246481552,1.9260073260073256
131.99867835,,,,,,
131.99875305,,,,,,
132.0,,,,,,
132.000631475,,,,,,
132.0025846,,,,,,
132.0026593,,,,,,
132.004537725,,,,,,
132.00457939999998,18312.0,157.26816539542352,6.358565940447472,,,
132.005577,,,,34766.0,518.8141391106044,1.9274725274725275
132.00649085,,,,,,
132.00656555,,,,,,
132.008443975,,,,,,
132.0103971,,,,,,
132.0104718,,,,,,
132.012350225,,,,,,
132.01239189999998,18313.0,157.14199759326112,6.36367117203354,,,
132.0133895,,,,34766.0,518.8141391106044,1.9274725274725275
132.01430335,,,,,,
132.01437805,,,,,,
132.016256475,,,,,,
132.0182096,,,,,,
132.0182843,,,,,,
132.02,,,,,,
132.020162725,,,,,,
132.02020439999998,18312.0,157.26816539542352,6.358565940447472,,,
132.021202,,,,34765.0,519.2088246481552,1.9260073260073256
132.02211585,,,,,,
132.02219055,,,,,,
132.024068975,,,,,,
132.0260221,,,,,,
132.0260968,,,,,,
132.027975225,,,,,,
132.02801689999998,18311.0,157.39453595821618,6.353460708861404,,,
132.0290145,,,,34765.0,519.2088246481552,1.9260073260073256
132.02992835,,,,,,
132.03000305,,,,,,
132.031881475,,,,,,
132.0338346,,,,,,
132.0339093,,,,,,
132.035787725,,,,,,
132.03582939999998,18312.0,157.26816539542352,6.358565940447472,,,
132.036827,,,,34766.0,518.8141391106044,1.9274725274725275
132.03774085,,,,,,
132.03781555,,,,,,
132.039693975,,,,,,
132.04,,,,,,
132.0416471,,,,,,
132.0417218,,,,,,
132.043600225,,,,,,
132.04364189999998,18312.0,157.26816539542352,6.358565940447472,,,
132.0446395,,,,34765.0,519.2088246481552,1.9260073260073256
132.04555335,,,,,,
132.04562805,,,,,,
132.047506475,,,,,,
132.0494596,,,,,,
132.0495343,,,,,,
132.051412725,,,,,,
132.05145439999998,18313.0,157.14199759326112,6.36367117203354,,,
132.052452,,,,34766.0,518.8141391106044,1.9274725274725275
132.05336585,,,,,,
132.05344055,,,,,,
132.055318975,,,,,,
132.0572721,,,,,,
132.0573468,,,,,,
132.059225225,,,,,,
132.05926689999998,18312.0,157.26816539542352,6.358565940447472,,,
132.06,,,,,,
132.0602645,,,,34765.0,519.2088246481552,1.9260073260073256
132.06117835,,,,,,
132.06125305,,,,,,
132.063131475,,,,,,
132.0650846,,,,,,
132.0651593,,,,,,
132.067037725,,,,,,
132.06707939999998,18312.0,157.26816539542352,6.358565940447472,,,
132.068077,,,,34765.0,519.2088246481552,1.9260073260073256
132.06899085,,,,,,
132.06906555,,,,,,
132.070943975,,,,,,
132.0728971,,,,,,
132.0729718,,,,,,
132.074850225,,,,,,
132.07489189999998,18313.0,157.14199759326112,6.36367117203354,,,
132.0758895,,,,34766.0,518.8141391106044,1.9274725274725275
132.07680335,,,,,,
132.07687805,,,,,,
132.078756475,,,,,,
132.08,,,,,,
132.0807096,,,,,,
132.0807843,,,,,,
132.082662725,,,,,,
132.08270439999998,18312.0,157.26816539542352,6.358565940447472,,,
132.083702,,,,34765.0,519.2088246481552,1.9260073260073256
132.08461585,,,,,,
132.08469055,,,,,,
132.086568975,,,,,,
132.0885221,,,,,,
132.0885968,,,,,,
132.090475225,,,,,,
132.09051689999998,18312.0,157.26816539542352,6.358565940447472,,,
132.0915145,,,,34765.0,519.2088246481552,1.9260073260073256
132.09242835,,,,,,
132.09250305,,,,,,
132.094381475,,,,,,
132.0963346,,,,,,
132.0964093,,,,,,
132.098287725,,,,,,
132.09832939999998,18312.0,157.26816539542352,6.358565940447472,,,
132.099327,,,,34766.0,518.8141391106044,1.9274725274725275
132.1,,,,,,
132.10024085,,,,,,
132.10031555,,,,,,
132.102193975,,,,,,
132.1041471,,,,,,
132.1042218,,,,,,
132.106100225,,,,,,
132.10614189999998,18313.0,157.14199759326112,6.36367117203354,,,
132.1071395,,,,34765.0,519.2088246481552,1.9260073260073256
132.10805335,,,,,,
132.10812805,,,,,,
132.110006475,,,,,,
132.1119596,,,,,,
132.1120343,,,,,,
132.113912725,,,,,,
132.11395439999998,18313.0,157.14199759326112,6.36367117203354,,,
132.114952,,,,34766.0,518.8141391106044,1.9274725274725275
132.11586585,,,,,,
132.11594055,,,,,,
132.117818975,,,,,,
132.1197721,,,,,,
132.1198468,,,,,,
132.12,,,,,,
132.121725225,,,,,,
132.12176689999998,18312.0,157.26816539542352,6.358565940447472,,,
132.1227645,,,,34766.0,518.8141391106044,1.9274725274725275
132.12367835,,,,,,
132.12375305,,,,,,
132.125631475,,,,,,
132.1275846,,,,,,
132.1276593,,,,,,
132.129537725,,,,,,
132.12957939999998,18312.0,157.26816539542352,6.358565940447472,,,
132.130577,,,,34765.0,519.2088246481552,1.9260073260073256
132.13149085,,,,,,
132.13156555,,,,,,
132.133443975,,,,,,
132.1353971,,,,,,
132.1354718,,,,,,
132.137350225,,,,,,
132.13739189999998,18313.0,157.14199759326112,6.36367117203354,,,
132.1383895,,,,34765.0,519.2088246481552,1.9260073260073256
132.13930335,,,,,,
132.13937805,,,,,,
132.14,,,,,,
132.141256475,,,,,,
132.1432096,,,,,,
132.1432843,,,,,,
132.145162725,,,,,,
132.14520439999998,18312.0,157.26816539542352,6.358565940447472,,,
132.146202,,,,34767.0,518.4200531712876,1.9289377289377287
132.14711585,,,,,,
132.14719055,,,,,,
132.149068975,,,,,,
132.1510221,,,,,,
132.1510968,,,,,,
132.152975225,,,,,,
132.15301689999998,18312.0,157.26816539542352,6.358565940447472,,,
132.1540145,,,,34765.0,519.2088246481552,1.9260073260073256
132.15492835,,,,,,
132.15500305,,,,,,
132.156881475,,,,,,
132.1588346,,,,,,
132.1589093,,,,,,
132.16,,,,,,
132.160787725,,,,,,
132.16082939999998,18312.0,157.26816539542352,6.358565940447472,,,
132.161827,,,,34765.0,519.2088246481552,1.9260073260073256
132.16274085,,,,,,
132.16281555,,,,,,
132.164693975,,,,,,
132.1666471,,,,,,
132.1667218,,,,,,
132.168600225,,,,,,
132.16864189999998,18312.0,157.26816539542352,6.358565940447472,,,
132.1696395,,,,34765.0,519.2088246481552,1.9260073260073256
132.17055335,,,,,,
132.17062805,,,,,,
132.172506475,,,,,,
132.1744596,,,,,,
132.1745343,,,,,,
132.176412725,,,,,,
132.17645439999998,18313.0,157.14199759326112,6.36367117203354,,,
132.177452,,,,34765.0,519.2088246481552,1.9260073260073256
132.17836585,,,,,,
132.17844055,,,,,,
132.18,,,,,,
132.180318975,,,,,,
132.1822721,,,,,,
132.1823468,,,,,,
132.184225225,,,,,,
132.18426689999998,18312.0,157.26816539542352,6.358565940447472,,,
132.1852645,,,,34765.0,519.2088246481552,1.9260073260073256
132.18617835,,,,,,
132.18625305,,,,,,
132.188131475,,,,,,
132.1900846,,,,,,
132.1901593,,,,,,
132.192037725,,,,,,
132.19207939999998,18312.0,157.26816539542352,6.358565940447472,,,
132.193077,,,,34766.0,518.8141391106044,1.9274725274725275
132.19399085,,,,,,
132.19406555,,,,,,
132.195943975,,,,,,
132.1978971,,,,,,
132.1979718,,,,,,
132.199850225,,,,,,
132.19989189999998,18313.0,157.14199759326112,6.36367117203354,,,
132.2,,,,,,
132.2008895,,,,34766.0,518.8141391106044,1.9274725274725275
132.20180335,,,,,,
132.20187805,,,,,,
132.203756475,,,,,,
132.2057096,,,,,,
132.2057843,,,,,,
132.207662725,,,,,,
132.20770439999998,18312.0,157.26816539542352,6.358565940447472,,,
132.208702,,,,34765.0,519.2088246481552,1.9260073260073256
132.20961585,,,,,,
132.20969055,,,,,,
132.211568975,,,,,,
132.2135221,,,,,,
132.2135968,,,,,,
132.215475225,,,,,,
132.21551689999998,18312.0,157.26816539542352,6.358565940447472,,,
132.2165145,,,,34767.0,518.4200531712876,1.9289377289377287
132.21742835,,,,,,
132.21750305,,,,,,
132.219381475,,,,,,
132.22,,,,,,
132.2213346,,,,,,
132.2214093,,,,,,
132.223287725,,,,,,
132.22332939999998,18312.0,157.26816539542352,6.358565940447472,,,
132.224327,,,,34766.0,518.8141391106044,1.9274725274725275
132.22524085,,,,,,
132.22531555,,,,,,
132.227193975,,,,,,
132.2291471,,,,,,
132.2292218,,,,,,
132.231100225,,,,,,
132.23114189999998,18314.0,157.0160320641283,6.368776403619608,,,
132.2321395,,,,34765.0,519.2088246481552,1.9260073260073256
132.23305335,,,,,,
132.23312805,,,,,,
132.235006475,,,,,,
132.2369596,,,,,,
132.2370343,,,,,,
132.238912725,,,,,,
132.23895439999998,18312.0,157.26816539542352,6.358565940447472,,,
132.239952,,,,34765.0,519.2088246481552,1.9260073260073256
132.24,,,,,,
132.24086585,,,,,,
132.24094055,,,,,,
132.242818975,,,,,,
132.2447721,,,,,,
132.2448468,,,,,,
132.246725225,,,,,,
132.24676689999998,18312.0,157.26816539542352,6.358565940447472,,,
132.2477645,,,,34764.0,519.604111153407,1.9245421245421244
132.24867835,,,,,,
132.24875305,,,,,,
132.250631475,,,,,,
132.2525846,,,,,,
132.2526593,,,,,,
132.254537725,,,,,,
132.25457939999998,18312.0,157.26816539542352,6.358565940447472,,,
132.255577,,,,34765.0,519.2088246481552,1.9260073260073256
132.25649085,,,,,,
132.25656555,,,,,,
132.258443975,,,,,,
132.26,,,,,,
132.2603971,,,,,,
132.2604718,,,,,,
132.262350225,,,,,,
132.26239189999998,18313.0,157.14199759326112,6.36367117203354,,,
132.2633895,,,,34765.0,519.2088246481552,1.9260073260073256
132.26430335,,,,,,
132.26437805,,,,,,
132.266256475,,,,,,
132.2682096,,,,,,
132.2682843,,,,,,
132.270162725,,,,,,
132.27020439999998,18312.0,157.26816539542352,6.358565940447472,,,
132.271202,,,,34765.0,519.2088246481552,1.9260073260073256
132.27211585,,,,,,
132.27219055,,,,,,
132.274068975,,,,,,
132.2760221,,,,,,
132.2760968,,,,,,
132.277975225,,,,,,
132.27801689999998,18312.0,157.26816539542352,6.358565940447472,,,
132.2790145,,,,34765.0,519.2088246481552,1.9260073260073256
132.27992835,,,,,,
132.28,,,,,,
132.28000305,,,,,,
132.281881475,,,,,,
132.2838346,,,,,,
132.2839093,,,,,,
132.285787725,,,,,,
132.28582939999998,18312.0,157.26816539542352,6.358565940447472,,,
132.286827,,,,34765.0,519.2088246481552,1.9260073260073256
132.28774085,,,,,,
132.28781555,,,,,,
132.289693975,,,,,,
132.2916471,,,,,,
132.2917218,,,,,,
132.293600225,,,,,,
132.29364189999998,18313.0,157.14199759326112,6.36367117203354,,,
132.2946395,,,,34765.0,519.2088246481552,1.9260073260073256
132.29555335,,,,,,
132.29562805,,,,,,
132.297506475,,,,,,
132.2994596,,,,,,
132.2995343,,,,,,
132.3,,,,,,
132.301412725,,,,,,
132.30145439999998,18312.0,157.26816539542352,6.358565940447472,,,
132.302452,,,,34764.0,519.604111153407,1.9245421245421244
132.30336585,,,,,,
132.30344055,,,,,,
132.305318975,,,,,,
132.3072721,,,,,,
132.3073468,,,,,,
132.309225225,,,,,,
132.30926689999998,18312.0,157.26816539542352,6.358565940447472,,,
132.3102645,,,,34765.0,519.2088246481552,1.9260073260073256
132.31117835,,,,,,
132.31125305,,,,,,
132.313131475,,,,,,
132.3150846,,,,,,
132.3151593,,,,,,
132.317037725,,,,,,
132.31707939999998,18313.0,157.14199759326112,6.36367117203354,,,
132.318077,,,,34765.0,519.2088246481552,1.9260073260073256
132.31899085,,,,,,
132.31906555,,,,,,
132.32,,,,,,
132.320943975,,,,,,
132.3228971,,,,,,
132.3229718,,,,,,
132.324850225,,,,,,
132.32489189999998,18313.0,157.14199759326112,6.36367117203354,,,
132.3258895,,,,34765.0,519.2088246481552,1.9260073260073256
132.32680335,,,,,,
132.32687805,,,,,,
132.328756475,,,,,,
132.3307096,,,,,,
132.3307843,,,,,,
132.332662725,,,,,,
132.33270439999998,18312.0,157.26816539542352,6.358565940447472,,,
132.333702,,,,34765.0,519.2088246481552,1.9260073260073256
132.33461585,,,,,,
132.33469055,,,,,,
132.336568975,,,,,,
132.3385221,,,,,,
132.3385968,,,,,,
132.34,,,,,,
132.340475225,,,,,,
132.34051689999998,18312.0,157.26816539542352,6.358565940447472,,,
132.3415145,,,,34765.0,519.2088246481552,1.9260073260073256
132.34242835,,,,,,
132.34250305,,,,,,
132.344381475,,,,,,
132.3463346,,,,,,
132.3464093,,,,,,
132.348287725,,,,,,
132.34832939999998,18312.0,157.26816539542352,6.358565940447472,,,
132.349327,,,,34766.0,518.8141391106044,1.9274725274725275
132.35024085,,,,,,
132.35031555,,,,,,
132.352193975,,,,,,
132.3541471,,,,,,
132.3542218,,,,,,
132.356100225,,,,,,
132.35614189999998,18313.0,157.14199759326112,6.36367117203354,,,
132.3571395,,,,34765.0,519.2088246481552,1.9260073260073256
132.35805335,,,,,,
132.35812805,,,,,,
132.36,,,,,,
132.360006475,,,,,,
132.3619596,,,,,,
132.3620343,,,,,,
132.363912725,,,,,,
132.36395439999998,18312.0,157.26816539542352,6.358565940447472,,,
132.364952,,,,34765.0,519.2088246481552,1.9260073260073256
132.36586585,,,,,,
132.36594055,,,,,,
132.367818975,,,,,,
132.3697721,,,,,,
132.3698468,,,,,,
132.371725225,,,,,,
132.37176689999998,18312.0,157.26816539542352,6.358565940447472,,,
132.3727645,,,,34765.0,519.2088246481552,1.9260073260073256
132.37367835,,,,,,
132.37375305,,,,,,
132.375631475,,,,,,
132.3775846,,,,,,
132.3776593,,,,,,
132.379537725,,,,,,
132.37957939999998,18311.0,157.39453595821618,6.353460708861404,,,
132.38,,,,,,
132.380577,,,,34766.0,518.8141391106044,1.9274725274725275
132.38149085,,,,,,
132.38156555,,,,,,
132.383443975,,,,,,
132.3853971,,,,,,
132.3854718,,,,,,
132.387350225,,,,,,
132.38739189999998,18313.0,157.14199759326112,6.36367117203354,,,
132.3883895,,,,34765.0,519.2088246481552,1.9260073260073256
132.38930335,,,,,,
132.38937805,,,,,,
132.391256475,,,,,,
132.3932096,,,,,,
132.3932843,,,,,,
132.395162725,,,,,,
132.39520439999998,18312.0,157.26816539542352,6.358565940447472,,,
132.396202,,,,34765.0,519.2088246481552,1.9260073260073256
132.39711585,,,,,,
132.39719055,,,,,,
132.399068975,,,,,,
132.4,,,,,,
132.4010221,,,,,,
132.4010968,,,,,,
132.402975225,,,,,,
132.40301689999998,18311.0,157.39453595821618,6.353460708861404,,,
132.4040145,,,,34765.0,519.2088246481552,1.9260073260073256
132.40492835,,,,,,
132.40500305,,,,,,
132.406881475,,,,,,
132.4088346,,,,,,
132.4089093,,,,,,
132.410787725,,,,,,
132.41082939999998,18312.0,157.26816539542352,6.358565940447472,,,
132.411827,,,,34765.0,519.2088246481552,1.9260073260073256
132.41274085,,,,,,
132.41281555,,,,,,
132.414693975,,,,,,
132.4166471,,,,,,
132.4167218,,,,,,
132.418600225,,,,,,
132.41864189999998,18312.0,157.26816539542352,6.358565940447472,,,
132.4196395,,,,34765.0,519.2088246481552,1.9260073260073256
132.42,,,,,,
132.42055335,,,,,,
132.42062805,,,,,,
132.422506475,,,,,,
132.4244596,,,,,,
132.4245343,,,,,,
132.426412725,,,,,,
132.42645439999998,18312.0,157.26816539542352,6.358565940447472,,,
132.427452,,,,34766.0,518.8141391106044,1.9274725274725275
132.42836585,,,,,,
132.42844055,,,,,,
132.430318975,,,,,,
132.4322721,,,,,,
132.4323468,,,,,,
132.434225225,,,,,,
132.43426689999998,18312.0,157.26816539542352,6.358565940447472,,,
132.4352645,,,,34765.0,519.2088246481552,1.9260073260073256
132.43617835,,,,,,
132.43625305,,,,,,
132.438131475,,,,,,
132.44,,,,,,
132.4400846,,,,,,
132.4401593,,,,,,
132.442037725,,,,,,
132.44207939999998,18312.0,157.26816539542352,6.358565940447472,,,
132.443077,,,,34766.0,518.8141391106044,1.9274725274725275
132.44399085,,,,,,
132.44406555,,,,,,
132.445943975,,,,,,
132.4478971,,,,,,
132.4479718,,,,,,
132.449850225,,,,,,
132.44989189999998,18312.0,157.26816539542352,6.358565940447472,,,
132.4508895,,,,34765.0,519.2088246481552,1.9260073260073256
132.45180335,,,,,,
132.45187805,,,,,,
132.453756475,,,,,,
132.4557096,,,,,,
132.4557843,,,,,,
132.457662725,,,,,,
132.45770439999998,18312.0,157.26816539542352,6.358565940447472,,,
132.458702,,,,34765.0,519.2088246481552,1.9260073260073256
132.45961585,,,,,,
132.45969055,,,,,,
132.46,,,,,,
132.461568975,,,,,,
132.4635221,,,,,,
132.4635968,,,,,,
132.465475225,,,,,,
132.46551689999998,18311.0,157.39453595821618,6.353460708861404,,,
132.4665145,,,,34765.0,519.2088246481552,1.9260073260073256
132.46742835,,,,,,
132.46750305,,,,,,
132.469381475,,,,,,
132.4713346,,,,,,
132.4714093,,,,,,
132.473287725,,,,,,
132.47332939999998,18311.0,157.39453595821618,6.353460708861404,,,
132.474327,,,,34766.0,518.8141391106044,1.9274725274725275
132.47524085,,,,,,
132.47531555,,,,,,
132.477193975,,,,,,
132.4791471,,,,,,
132.4792218,,,,,,
132.48,,,,,,
132.481100225,,,,,,
132.48114189999998,18312.0,157.26816539542352,6.358565940447472,,,
132.4821395,,,,34765.0,519.2088246481552,1.9260073260073256
132.48305335,,,,,,
132.48312805,,,,,,
132.485006475,,,,,,
132.4869596,,,,,,
132.4870343,,,,,,
132.488912725,,,,,,
132.48895439999998,18313.0,157.14199759326112,6.36367117203354,,,
132.489952,,,,34765.0,519.2088246481552,1.9260073260073256
132.49086585,,,,,,
132.49094055,,,,,,
132.492818975,,,,,,
132.4947721,,,,,,
132.4948468,,,,,,
132.496725225,,,,,,
132.49676689999998,18312.0,157.26816539542352,6.358565940447472,,,
132.4977645,,,,34765.0,519.2088246481552,1.9260073260073256
132.49867835,,,,,,
132.49875305,,,,,,
132.5,,,,,,
132.500631475,,,,,,
132.5025846,,,,,,
132.5026593,,,,,,
132.504537725,,,,,,
132.50457939999998,18311.0,157.39453595821618,6.353460708861404,,,
132.505577,,,,34765.0,519.2088246481552,1.9260073260073256
132.50649085,,,,,,
132.50656555,,,,,,
132.508443975,,,,,,
132.5103971,,,,,,
132.5104718,,,,,,
132.512350225,,,,,,
132.51239189999998,18312.0,157.26816539542352,6.358565940447472,,,
132.5133895,,,,34765.0,519.2088246481552,1.9260073260073256
132.51430335,,,,,,
132.51437805,,,,,,
132.516256475,,,,,,
132.5182096,,,,,,
132.5182843,,,,,,
132.52,,,,,,
132.520162725,,,,,,
132.52020439999998,18312.0,157.26816539542352,6.358565940447472,,,
132.521202,,,,34765.0,519.2088246481552,1.9260073260073256
132.52211585,,,,,,
132.52219055,,,,,,
132.524068975,,,,,,
132.5260221,,,,,,
132.5260968,,,,,,
132.527975225,,,,,,
132.52801689999998,18311.0,157.39453595821618,6.353460708861404,,,
132.5290145,,,,34765.0,519.2088246481552,1.9260073260073256
132.52992835,,,,,,
132.53000305,,,,,,
132.531881475,,,,,,
132.5338346,,,,,,
132.5339093,,,,,,
132.535787725,,,,,,
132.53582939999998,18311.0,157.39453595821618,6.353460708861404,,,
132.536827,,,,34765.0,519.2088246481552,1.9260073260073256
132.53774085,,,,,,
132.53781555,,,,,,
132.539693975,,,,,,
132.54,,,,,,
132.5416471,,,,,,
132.5417218,,,,,,
132.543600225,,,,,,
132.54364189999998,18312.0,157.26816539542352,6.358565940447472,,,
132.5446395,,,,34765.0,519.2088246481552,1.9260073260073256
132.54555335,,,,,,
132.54562805,,,,,,
132.547506475,,,,,,
132.5494596,,,,,,
132.5495343,,,,,,
132.551412725,,,,,,
132.55145439999998,18311.0,157.39453595821618,6.353460708861404,,,
132.552452,,,,34765.0,519.2088246481552,1.9260073260073256
132.55336585,,,,,,
132.55344055,,,,,,
132.555318975,,,,,,
132.5572721,,,,,,
132.5573468,,,,,,
132.559225225,,,,,,
132.55926689999998,18311.0,157.39453595821618,6.353460708861404,,,
132.56,,,,,,
132.5602645,,,,34764.0,519.604111153407,1.9245421245421244
132.56117835,,,,,,
132.56125305,,,,,,
132.563131475,,,,,,
132.5650846,,,,,,
132.5651593,,,,,,
132.567037725,,,,,,
132.56707939999998,18311.0,157.39453595821618,6.353460708861404,,,
132.568077,,,,34766.0,518.8141391106044,1.9274725274725275
132.56899085,,,,,,
132.56906555,,,,,,
132.570943975,,,,,,
132.5728971,,,,,,
132.5729718,,,,,,
132.574850225,,,,,,
132.57489189999998,18313.0,157.14199759326112,6.36367117203354,,,
132.5758895,,,,34765.0,519.2088246481552,1.9260073260073256
132.57680335,,,,,,
132.57687805,,,,,,
132.578756475,,,,,,
132.58,,,,,,
132.5807096,,,,,,
132.5807843,,,,,,
132.582662725,,,,,,
132.58270439999998,18311.0,157.39453595821618,6.353460708861404,,,
132.583702,,,,34765.0,519.2088246481552,1.9260073260073256
132.58461585,,,,,,
132.58469055,,,,,,
132.586568975,,,,,,
132.5885221,,,,,,
132.5885968,,,,,,
132.590475225,,,,,,
132.59051689999998,18312.0,157.26816539542352,6.358565940447472,,,
132.5915145,,,,34764.0,519.604111153407,1.9245421245421244
132.59242835,,,,,,
132.59250305,,,,,,
132.594381475,,,,,,
132.5963346,,,,,,
132.5964093,,,,,,
132.598287725,,,,,,
132.59832939999998,18311.0,157.39453595821618,6.353460708861404,,,
132.599327,,,,34766.0,518.8141391106044,1.9274725274725275
132.6,,,,,,
132.60024085,,,,,,
132.60031555,,,,,,
132.602193975,,,,,,
132.6041471,,,,,,
132.6042218,,,,,,
132.606100225,,,,,,
132.60614189999998,18312.0,157.26816539542352,6.358565940447472,,,
132.6071395,,,,34764.0,519.604111153407,1.9245421245421244
132.60805335,,,,,,
132.60812805,,,,,,
132.610006475,,,,,,
132.6119596,,,,,,
132.6120343,,,,,,
132.613912725,,,,,,
132.61395439999998,18311.0,157.39453595821618,6.353460708861404,,,
132.614952,,,,34765.0,519.2088246481552,1.9260073260073256
132.61586585,,,,,,
132.61594055,,,,,,
132.617818975,,,,,,
132.6197721,,,,,,
132.6198468,,,,,,
132.62,,,,,,
132.621725225,,,,,,
132.62176689999998,18311.0,157.39453595821618,6.353460708861404,,,
132.6227645,,,,34765.0,519.2088246481552,1.9260073260073256
132.62367835,,,,,,
132.62375305,,,,,,
132.625631475,,,,,,
132.6275846,,,,,,
132.6276593,,,,,,
132.629537725,,,,,,
132.62957939999998,18311.0,157.39453595821618,6.353460708861404,,,
132.630577,,,,34765.0,519.2088246481552,1.9260073260073256
132.63149085,,,,,,
132.63156555,,,,,,
132.633443975,,,,,,
132.6353971,,,,,,
132.6354718,,,,,,
132.637350225,,,,,,
132.63739189999998,18312.0,157.26816539542352,6.358565940447472,,,
132.6383895,,,,34765.0,519.2088246481552,1.9260073260073256
132.63930335,,,,,,
132.63937805,,,,,,
132.64,,,,,,
132.641256475,,,,,,
132.6432096,,,,,,
132.6432843,,,,,,
132.645162725,,,,,,
132.64520439999998,18311.0,157.39453595821618,6.353460708861404,,,
132.646202,,,,34765.0,519.2088246481552,1.9260073260073256
132.64711585,,,,,,
132.64719055,,,,,,
132.649068975,,,,,,
132.6510221,,,,,,
132.6510968,,,,,,
132.652975225,,,,,,
132.65301689999998,18312.0,157.26816539542352,6.358565940447472,,,
132.6540145,,,,34765.0,519.2088246481552,1.9260073260073256
132.65492835,,,,,,
132.65500305,,,,,,
132.656881475,,,,,,
132.6588346,,,,,,
132.6589093,,,,,,
132.66,,,,,,
132.660787725,,,,,,
132.66082939999998,18311.0,157.39453595821618,6.353460708861404,,,
132.661827,,,,34766.0,518.8141391106044,1.9274725274725275
132.66274085,,,,,,
132.66281555,,,,,,
132.664693975,,,,,,
132.6666471,,,,,,
132.6667218,,,,,,
132.668600225,,,,,,
132.66864189999998,18312.0,157.26816539542352,6.358565940447472,,,
132.6696395,,,,34764.0,519.604111153407,1.9245421245421244
132.67055335,,,,,,
132.67062805,,,,,,
132.672506475,,,,,,
132.6744596,,,,,,
132.6745343,,,,,,
132.676412725,,,,,,
132.67645439999998,18312.0,157.26816539542352,6.358565940447472,,,
132.677452,,,,34765.0,519.2088246481552,1.9260073260073256
132.67836585,,,,,,
132.67844055,,,,,,
132.68,,,,,,
132.680318975,,,,,,
132.6822721,,,,,,
132.6823468,,,,,,
132.684225225,,,,,,
132.68426689999998,18311.0,157.39453595821618,6.353460708861404,,,
132.6852645,,,,34765.0,519.2088246481552,1.9260073260073256
132.68617835,,,,,,
132.68625305,,,,,,
132.688131475,,,,,,
132.6900846,,,,,,
132.6901593,,,,,,
132.692037725,,,,,,
132.69207939999998,18311.0,157.39453595821618,6.353460708861404,,,
132.693077,,,,34765.0,519.2088246481552,1.9260073260073256
132.69399085,,,,,,
132.69406555,,,,,,
132.695943975,,,,,,
132.6978971,,,,,,
132.6979718,,,,,,
132.699850225,,,,,,
132.69989189999998,18312.0,157.26816539542352,6.358565940447472,,,
132.7,,,,,,
132.7008895,,,,34765.0,519.2088246481552,1.9260073260073256
132.70180335,,,,,,
132.70187805,,,,,,
132.703756475,,,,,,
132.7057096,,,,,,
132.7057843,,,,,,
132.707662725,,,,,,
132.70770439999998,18311.0,157.39453595821618,6.353460708861404,,,
132.708702,,,,34764.0,519.604111153407,1.9245421245421244
132.70961585,,,,,,
132.70969055,,,,,,
132.711568975,,,,,,
132.7135221,,,,,,
132.7135968,,,,,,
132.715475225,,,,,,
132.71551689999998,18311.0,157.39453595821618,6.353460708861404,,,
132.7165145,,,,34764.0,519.604111153407,1.9245421245421244
132.71742835,,,,,,
132.71750305,,,,,,
132.719381475,,,,,,
132.72,,,,,,
132.7213346,,,,,,
132.7214093,,,,,,
132.723287725,,,,,,
132.72332939999998,18312.0,157.26816539542352,6.358565940447472,,,
132.724327,,,,34765.0,519.2088246481552,1.9260073260073256
132.72524085,,,,,,
132.72531555,,,,,,
132.727193975,,,,,,
132.72837959999998,,,,,,
132.7291471,,,,,,
132.7292218,,,,,,
132.731100225,,,,,,
132.73114189999998,18312.0,157.26816539542352,6.358565940447472,,,
132.7321395,,,,34765.0,519.2088246481552,1.9260073260073256
132.73305335,,,,,,
132.73312805,,,,,,
132.735006475,,,,,,
132.7369596,,,,,,
132.7370343,,,,,,
132.738912725,,,,,,
132.73895439999998,18312.0,157.26816539542352,6.358565940447472,,,
132.739952,,,,34765.0,519.2088246481552,1.9260073260073256
132.74,,,,,,
132.74086585,,,,,,
132.74094055,,,,,,
132.742818975,,,,,,
132.7447721,,,,,,
132.7448468,,,,,,
132.746725225,,,,,,
132.74676689999998,18312.0,157.26816539542352,6.358565940447472,,,
132.7477645,,,,34765.0,519.2088246481552,1.9260073260073256
132.74867835,,,,,,
132.74875305,,,,,,
132.750631475,,,,,,
132.7525846,,,,,,
132.7526593,,,,,,
132.754537725,,,,,,
132.75457939999998,18312.0,157.26816539542352,6.358565940447472,,,
132.755577,,,,34766.0,518.8141391106044,1.9274725274725275
132.75649085,,,,,,
132.75656555,,,,,,
132.758443975,,,,,,
132.76,,,,,,
132.7603971,,,,,,
132.7604718,,,,,,
132.762350225,,,,,,
132.76239189999998,18312.0,157.26816539542352,6.358565940447472,,,
132.7633895,,,,34764.0,519.604111153407,1.9245421245421244
132.76430335,,,,,,
132.76437805,,,,,,
132.766256475,,,,,,
132.7682096,,,,,,
132.7682843,,,,,,
132.770162725,,,,,,
132.77020439999998,18312.0,157.26816539542352,6.358565940447472,,,
132.771202,,,,34765.0,519.2088246481552,1.9260073260073256
132.77211585,,,,,,
132.77219055,,,,,,
132.774068975,,,,,,
132.7760221,,,,,,
132.7760968,,,,,,
132.777975225,,,,,,
132.77801689999998,18311.0,157.39453595821618,6.353460708861404,,,
132.7790145,,,,34765.0,519.2088246481552,1.9260073260073256
132.77992835,,,,,,
132.78,,,,,,
132.78000305,,,,,,
132.781881475,,,,,,
132.7838346,,,,,,
132.7839093,,,,,,
132.785787725,,,,,,
132.78582939999998,18310.0,157.52110977080827,6.348355477275336,,,
132.786827,,,,34766.0,518.8141391106044,1.9274725274725275
132.78774085,,,,,,
132.78781555,,,,,,
132.789693975,,,,,,
132.7916471,,,,,,
132.7917218,,,,,,
132.793600225,,,,,,
132.79364189999998,18312.0,157.26816539542352,6.358565940447472,,,
132.7946395,,,,34765.0,519.2088246481552,1.9260073260073256
132.79555335,,,,,,
132.79562805,,,,,,
132.797506475,,,,,,
132.7994596,,,,,,
132.7995343,,,,,,
132.8,,,,,,
132.801412725,,,,,,
132.80145439999998,18310.0,157.52110977080827,6.348355477275336,,,
132.802452,,,,34764.0,519.604111153407,1.9245421245421244
132.80336585,,,,,,
132.80344055,,,,,,
132.805318975,,,,,,
132.8072721,,,,,,
132.8073468,,,,,,
132.809225225,,,,,,
132.80926689999998,18311.0,157.39453595821618,6.353460708861404,,,
132.8102645,,,,34765.0,519.2088246481552,1.9260073260073256
132.81117835,,,,,,
132.81125305,,,,,,
132.813131475,,,,,,
132.8150846,,,,,,
132.8151593,,,,,,
132.817037725,,,,,,
132.81707939999998,18310.0,157.52110977080827,6.348355477275336,,,
132.818077,,,,34766.0,518.8141391106044,1.9274725274725275
132.81899085,,,,,,
132.81906555,,,,,,
132.82,,,,,,
132.820943975,,,,,,
132.8228971,,,,,,
132.8229718,,,,,,
132.824850225,,,,,,
132.82489189999998,18311.0,157.39453595821618,6.353460708861404,,,
132.8258895,,,,34765.0,519.2088246481552,1.9260073260073256
132.82680335,,,,,,
132.82687805,,,,,,
132.828756475,,,,,,
132.8307096,,,,,,
132.8307843,,,,,,
132.832662725,,,,,,
132.83270439999998,18312.0,157.26816539542352,6.358565940447472,,,
132.833702,,,,34765.0,519.2088246481552,1.9260073260073256
132.83461585,,,,,,
132.83469055,,,,,,
132.836568975,,,,,,
132.8385221,,,,,,
132.8385968,,,,,,
132.84,,,,,,
132.840475225,,,,,,
132.84051689999998,18311.0,157.39453595821618,6.353460708861404,,,
132.8415145,,,,34765.0,519.2088246481552,1.9260073260073256
132.84242835,,,,,,
132.84250305,,,,,,
132.844381475,,,,,,
132.8463346,,,,,,
132.8464093,,,,,,
132.848287725,,,,,,
132.84832939999998,18311.0,157.39453595821618,6.353460708861404,,,
132.849327,,,,34766.0,518.8141391106044,1.9274725274725275
132.85024085,,,,,,
132.85031555,,,,,,
132.852193975,,,,,,
132.8541471,,,,,,
132.8542218,,,,,,
132.856100225,,,,,,
132.85614189999998,18312.0,157.26816539542352,6.358565940447472,,,
132.8571395,,,,34765.0,519.2088246481552,1.9260073260073256
132.85805335,,,,,,
132.85812805,,,,,,
132.86,,,,,,
132.860006475,,,,,,
132.8619596,,,,,,
132.8620343,,,,,,
132.863912725,,,,,,
132.86395439999998,18312.0,157.26816539542352,6.358565940447472,,,
132.864952,,,,34765.0,519.2088246481552,1.9260073260073256
132.86586585,,,,,,
132.86594055,,,,,,
132.867818975,,,,,,
132.8697721,,,,,,
132.8698468,,,,,,
132.871725225,,,,,,
132.87176689999998,18311.0,157.39453595821618,6.353460708861404,,,
132.8727645,,,,34765.0,519.2088246481552,1.9260073260073256
132.87367835,,,,,,
132.87375305,,,,,,
132.875631475,,,,,,
132.8775846,,,,,,
132.8776593,,,,,,
132.879537725,,,,,,
132.87957939999998,18311.0,157.39453595821618,6.353460708861404,,,
132.88,,,,,,
132.880577,,,,34766.0,518.8141391106044,1.9274725274725275
132.88149085,,,,,,
132.88156555,,,,,,
132.883443975,,,,,,
132.8853971,,,,,,
132.8854718,,,,,,
132.887350225,,,,,,
132.88739189999998,18312.0,157.26816539542352,6.358565940447472,,,
132.8883895,,,,34765.0,519.2088246481552,1.9260073260073256
132.88930335,,,,,,
132.88937805,,,,,,
132.891256475,,,,,,
132.8932096,,,,,,
132.8932843,,,,,,
132.895162725,,,,,,
132.89520439999998,18311.0,157.39453595821618,6.353460708861404,,,
132.896202,,,,34765.0,519.2088246481552,1.9260073260073256
132.89711585,,,,,,
132.89719055,,,,,,
132.899068975,,,,,,
132.9,,,,,,
132.9010221,,,,,,
132.9010968,,,,,,
132.902975225,,,,,,
132.90301689999998,18311.0,157.39453595821618,6.353460708861404,,,
132.9040145,,,,34765.0,519.2088246481552,1.9260073260073256
132.90492835,,,,,,
132.90500305,,,,,,
132.906881475,,,,,,
132.9088346,,,,,,
132.9089093,,,,,,
132.910787725,,,,,,
132.91082939999998,18310.0,157.52110977080827,6.348355477275336,,,
132.911827,,,,34765.0,519.2088246481552,1.9260073260073256
132.91274085,,,,,,
132.91281555,,,,,,
132.914693975,,,,,,
132.9166471,,,,,,
132.9167218,,,,,,
132.918600225,,,,,,
132.91864189999998,18311.0,157.39453595821618,6.353460708861404,,,
132.9196395,,,,34765.0,519.2088246481552,1.9260073260073256
132.92,,,,,,
132.92055335,,,,,,
132.92062805,,,,,,
132.922506475,,,,,,
132.9244596,,,,,,
132.9245343,,,,,,
132.926412725,,,,,,
132.92645439999998,18311.0,157.39453595821618,6.353460708861404,,,
132.927452,,,,34764.0,519.604111153407,1.9245421245421244
132.92836585,,,,,,
132.92844055,,,,,,
132.930318975,,,,,,
132.9322721,,,,,,
132.9323468,,,,,,
132.934225225,,,,,,
132.93426689999998,18311.0,157.39453595821618,6.353460708861404,,,
132.9352645,,,,34765.0,519.2088246481552,1.9260073260073256
132.93617835,,,,,,
132.93625305,,,,,,
132.938131475,,,,,,
132.94,,,,,,
132.9400846,,,,,,
132.9401593,,,,,,
132.942037725,,,,,,
132.94207939999998,18310.0,157.52110977080827,6.348355477275336,,,
132.943077,,,,34765.0,519.2088246481552,1.9260073260073256
132.94399085,,,,,,
132.94406555,,,,,,
132.945943975,,,,,,
132.9478971,,,,,,
132.9479718,,,,,,
132.949850225,,,,,,
132.94989189999998,18311.0,157.39453595821618,6.353460708861404,,,
132.9508895,,,,34765.0,519.2088246481552,1.9260073260073256
132.95180335,,,,,,
132.95187805,,,,,,
132.953756475,,,,,,
132.9557096,,,,,,
132.9557843,,,,,,
132.957662725,,,,,,
132.95770439999998,18312.0,157.26816539542352,6.358565940447472,,,
132.958702,,,,34765.0,519.2088246481552,1.9260073260073256
132.95961585,,,,,,
132.95969055,,,,,,
132.96,,,,,,
132.961568975,,,,,,
132.9635221,,,,,,
132.9635968,,,,,,
132.965475225,,,,,,
132.96551689999998,18311.0,157.39453595821618,6.353460708861404,,,
132.9665145,,,,34765.0,519.2088246481552,1.9260073260073256
132.96742835,,,,,,
132.96750305,,,,,,
132.969381475,,,,,,
132.9713346,,,,,,
132.9714093,,,,,,
132.973287725,,,,,,
132.97332939999998,18311.0,157.39453595821618,6.353460708861404,,,
132.974327,,,,34765.0,519.2088246481552,1.9260073260073256
132.97524085,,,,,,
132.97531555,,,,,,
132.977193975,,,,,,
132.9791471,,,,,,
132.9792218,,,,,,
132.98,,,,,,
132.981100225,,,,,,
132.98114189999998,18312.0,157.26816539542352,6.358565940447472,,,
132.9821395,,,,34766.0,518.8141391106044,1.9274725274725275
132.98305335,,,,,,
132.98312805,,,,,,
132.985006475,,,,,,
132.9869596,,,,,,
132.9870343,,,,,,
132.988912725,,,,,,
132.98895439999998,18311.0,157.39453595821618,6.353460708861404,,,
132.989952,,,,34765.0,519.2088246481552,1.9260073260073256
132.99086585,,,,,,
132.99094055,,,,,,
132.992818975,,,,,,
132.9947721,,,,,,
132.9948468,,,,,,
132.996725225,,,,,,
132.99676689999998,18311.0,157.39453595821618,6.353460708861404,,,
132.9977645,,,,34764.0,519.604111153407,1.9245421245421244
132.99867835,,,,,,
132.99875305,,,,,,
133.0,,,,,,
133.000631475,,,,,,
133.0025846,,,,,,
133.0026593,,,,,,
133.004537725,,,,,,
133.00457939999998,18310.0,157.52110977080827,6.348355477275336,,,
133.005577,,,,34765.0,519.2088246481552,1.9260073260073256
133.00649085,,,,,,
133.00656555,,,,,,
133.008443975,,,,,,
133.0103971,,,,,,
133.0104718,,,,,,
133.012350225,,,,,,
133.01239189999998,18312.0,157.26816539542352,6.358565940447472,,,
133.0133895,,,,34765.0,519.2088246481552,1.9260073260073256
133.01430335,,,,,,
133.01437805,,,,,,
133.016256475,,,,,,
133.0182096,,,,,,
133.0182843,,,,,,
133.02,,,,,,
133.020162725,,,,,,
133.02020439999998,18311.0,157.39453595821618,6.353460708861404,,,
133.021202,,,,34766.0,518.8141391106044,1.9274725274725275
133.02211585,,,,,,
133.02219055,,,,,,
133.024068975,,,,,,
133.0260221,,,,,,
133.0260968,,,,,,
133.027975225,,,,,,
133.02801689999998,18311.0,157.39453595821618,6.353460708861404,,,
133.0290145,,,,34764.0,519.604111153407,1.9245421245421244
133.02992835,,,,,,
133.03000305,,,,,,
133.031881475,,,,,,
133.0338346,,,,,,
133.0339093,,,,,,
133.035787725,,,,,,
133.03582939999998,18310.0,157.52110977080827,6.348355477275336,,,
133.036827,,,,34765.0,519.2088246481552,1.9260073260073256
133.03774085,,,,,,
133.03781555,,,,,,
133.039693975,,,,,,
133.04,,,,,,
133.0416471,,,,,,
133.0417218,,,,,,
133.043600225,,,,,,
133.04364189999998,18312.0,157.26816539542352,6.358565940447472,,,
133.0446395,,,,34764.0,519.604111153407,1.9245421245421244
133.04555335,,,,,,
133.04562805,,,,,,
133.047506475,,,,,,
133.0494596,,,,,,
133.0495343,,,,,,
133.051412725,,,,,,
133.05145439999998,18310.0,157.52110977080827,6.348355477275336,,,
133.052452,,,,34765.0,519.2088246481552,1.9260073260073256
133.05336585,,,,,,
133.05344055,,,,,,
133.055318975,,,,,,
133.0572721,,,,,,
133.0573468,,,,,,
133.059225225,,,,,,
133.05926689999998,18311.0,157.39453595821618,6.353460708861404,,,
133.06,,,,,,
133.0602645,,,,34765.0,519.2088246481552,1.9260073260073256
133.06117835,,,,,,
133.06125305,,,,,,
133.063131475,,,,,,
133.0650846,,,,,,
133.0651593,,,,,,
133.067037725,,,,,,
133.06707939999998,18311.0,157.39453595821618,6.353460708861404,,,
133.068077,,,,34766.0,518.8141391106044,1.9274725274725275
133.06899085,,,,,,
133.06906555,,,,,,
133.070943975,,,,,,
133.0728971,,,,,,
133.0729718,,,,,,
133.074850225,,,,,,
133.07489189999998,18311.0,157.39453595821618,6.353460708861404,,,
133.0758895,,,,34766.0,518.8141391106044,1.9274725274725275
133.07680335,,,,,,
133.07687805,,,,,,
133.078756475,,,,,,
133.08,,,,,,
133.0807096,,,,,,
133.0807843,,,,,,
133.082662725,,,,,,
133.08270439999998,18310.0,157.52110977080827,6.348355477275336,,,
133.083702,,,,34764.0,519.604111153407,1.9245421245421244
133.08461585,,,,,,
133.08469055,,,,,,
133.086568975,,,,,,
133.0885221,,,,,,
133.0885968,,,,,,
133.090475225,,,,,,
133.09051689999998,18310.0,157.52110977080827,6.348355477275336,,,
133.0915145,,,,34764.0,519.604111153407,1.9245421245421244
133.09242835,,,,,,
133.09250305,,,,,,
133.094381475,,,,,,
133.0963346,,,,,,
133.0964093,,,,,,
133.098287725,,,,,,
133.09832939999998,18311.0,157.39453595821618,6.353460708861404,,,
133.099327,,,,34765.0,519.2088246481552,1.9260073260073256
133.1,,,,,,
133.10024085,,,,,,
133.10031555,,,,,,
133.102193975,,,,,,
133.1041471,,,,,,
133.1042218,,,,,,
133.106100225,,,,,,
133.10614189999998,18311.0,157.39453595821618,6.353460708861404,,,
133.1071395,,,,34765.0,519.2088246481552,1.9260073260073256
133.10805335,,,,,,
133.10812805,,,,,,
133.110006475,,,,,,
133.1119596,,,,,,
133.1120343,,,,,,
133.113912725,,,,,,
133.11395439999998,18311.0,157.39453595821618,6.353460708861404,,,
133.114952,,,,34765.0,519.2088246481552,1.9260073260073256
133.11586585,,,,,,
133.11594055,,,,,,
133.117818975,,,,,,
133.1197721,,,,,,
133.1198468,,,,,,
133.12,,,,,,
133.121725225,,,,,,
133.12176689999998,18310.0,157.52110977080827,6.348355477275336,,,
133.1227645,,,,34765.0,519.2088246481552,1.9260073260073256
133.12367835,,,,,,
133.12375305,,,,,,
133.125631475,,,,,,
133.1275846,,,,,,
133.1276593,,,,,,
133.129537725,,,,,,
133.12957939999998,18313.0,157.14199759326112,6.36367117203354,,,
133.130577,,,,34765.0,519.2088246481552,1.9260073260073256
133.13149085,,,,,,
133.13156555,,,,,,
133.133443975,,,,,,
133.1353971,,,,,,
133.1354718,,,,,,
133.137350225,,,,,,
133.13739189999998,18311.0,157.39453595821618,6.353460708861404,,,
133.1383895,,,,34764.0,519.604111153407,1.9245421245421244
133.13930335,,,,,,
133.13937805,,,,,,
133.14,,,,,,
133.141256475,,,,,,
133.1432096,,,,,,
133.1432843,,,,,,
133.145162725,,,,,,
133.14520439999998,18311.0,157.39453595821618,6.353460708861404,,,
133.146202,,,,34765.0,519.2088246481552,1.9260073260073256
133.14711585,,,,,,
133.14719055,,,,,,
133.149068975,,,,,,
133.1510221,,,,,,
133.1510968,,,,,,
133.152975225,,,,,,
133.15301689999998,18310.0,157.52110977080827,6.348355477275336,,,
133.1540145,,,,34764.0,519.604111153407,1.9245421245421244
133.15492835,,,,,,
133.15500305,,,,,,
133.156881475,,,,,,
133.1588346,,,,,,
133.1589093,,,,,,
133.16,,,,,,
133.160787725,,,,,,
133.16082939999998,18310.0,157.52110977080827,6.348355477275336,,,
133.161827,,,,34766.0,518.8141391106044,1.9274725274725275
133.16274085,,,,,,
133.16281555,,,,,,
133.164693975,,,,,,
133.1666471,,,,,,
133.1667218,,,,,,
133.168600225,,,,,,
133.16864189999998,18311.0,157.39453595821618,6.353460708861404,,,
133.1696395,,,,34765.0,519.2088246481552,1.9260073260073256
133.17055335,,,,,,
133.17062805,,,,,,
133.172506475,,,,,,
133.1744596,,,,,,
133.1745343,,,,,,
133.176412725,,,,,,
133.17645439999998,18312.0,157.26816539542352,6.358565940447472,,,
133.177452,,,,34765.0,519.2088246481552,1.9260073260073256
133.17836585,,,,,,
133.17844055,,,,,,
133.18,,,,,,
133.180318975,,,,,,
133.1822721,,,,,,
133.1823468,,,,,,
133.184225225,,,,,,
133.18426689999998,18311.0,157.39453595821618,6.353460708861404,,,
133.1852645,,,,34765.0,519.2088246481552,1.9260073260073256
133.18617835,,,,,,
133.18625305,,,,,,
133.188131475,,,,,,
133.1900846,,,,,,
133.1901593,,,,,,
133.192037725,,,,,,
133.19207939999998,18310.0,157.52110977080827,6.348355477275336,,,
133.193077,,,,34766.0,518.8141391106044,1.9274725274725275
133.19399085,,,,,,
133.19406555,,,,,,
133.195943975,,,,,,
133.1978971,,,,,,
133.1979718,,,,,,
133.199850225,,,,,,
133.19989189999998,18311.0,157.39453595821618,6.353460708861404,,,
133.2,,,,,,
133.2008895,,,,34765.0,519.2088246481552,1.9260073260073256
133.20180335,,,,,,
133.20187805,,,,,,
133.203756475,,,,,,
133.2057096,,,,,,
133.2057843,,,,,,
133.207662725,,,,,,
133.20770439999998,18311.0,157.39453595821618,6.353460708861404,,,
133.208702,,,,34764.0,519.604111153407,1.9245421245421244
133.20961585,,,,,,
133.20969055,,,,,,
133.211568975,,,,,,
133.2135221,,,,,,
133.2135968,,,,,,
133.215475225,,,,,,
133.21551689999998,18310.0,157.52110977080827,6.348355477275336,,,
133.2165145,,,,34765.0,519.2088246481552,1.9260073260073256
133.21742835,,,,,,
133.21750305,,,,,,
133.219381475,,,,,,
133.22,,,,,,
133.2213346,,,,,,
133.2214093,,,,,,
133.223287725,,,,,,
133.22332939999998,18310.0,157.52110977080827,6.348355477275336,,,
133.224327,,,,34765.0,519.2088246481552,1.9260073260073256
133.22524085,,,,,,
133.22531555,,,,,,
133.227193975,,,,,,
133.2291471,,,,,,
133.2292218,,,,,,
133.231100225,,,,,,
133.23114189999998,18311.0,157.39453595821618,6.353460708861404,,,
133.2321395,,,,34765.0,519.2088246481552,1.9260073260073256
133.23305335,,,,,,
133.23312805,,,,,,
133.235006475,,,,,,
133.2369596,,,,,,
133.2370343,,,,,,
133.238912725,,,,,,
133.23895439999998,18310.0,157.52110977080827,6.348355477275336,,,
133.239952,,,,34765.0,519.2088246481552,1.9260073260073256
133.24,,,,,,
133.24086585,,,,,,
133.24094055,,,,,,
133.242818975,,,,,,
133.2447721,,,,,,
133.2448468,,,,,,
133.246725225,,,,,,
133.24676689999998,18310.0,157.52110977080827,6.348355477275336,,,
133.2477645,,,,34765.0,519.2088246481552,1.9260073260073256
133.24867835,,,,,,
133.24875305,,,,,,
133.250631475,,,,,,
133.2525846,,,,,,
133.2526593,,,,,,
133.254537725,,,,,,
133.25457939999998,18310.0,157.52110977080827,6.348355477275336,,,
133.255577,,,,34765.0,519.2088246481552,1.9260073260073256
133.25649085,,,,,,
133.25656555,,,,,,
133.258443975,,,,,,
133.26,,,,,,
133.2603971,,,,,,
133.2604718,,,,,,
133.262350225,,,,,,
133.26239189999998,18311.0,157.39453595821618,6.353460708861404,,,
133.2633895,,,,34765.0,519.2088246481552,1.9260073260073256
133.26430335,,,,,,
133.26437805,,,,,,
133.266256475,,,,,,
133.2682096,,,,,,
133.2682843,,,,,,
133.270162725,,,,,,
133.27020439999998,18310.0,157.52110977080827,6.348355477275336,,,
133.271202,,,,34765.0,519.2088246481552,1.9260073260073256
133.27211585,,,,,,
133.27219055,,,,,,
133.274068975,,,,,,
133.2760221,,,,,,
133.2760968,,,,,,
133.277975225,,,,,,
133.27801689999998,18311.0,157.39453595821618,6.353460708861404,,,
133.279,,,,,,
133.2790145,,,,34766.0,518.8141391106044,1.9274725274725275
133.27992835,,,,,,
133.28000305,,,,,,
133.281881475,,,,,,
133.2838346,,,,,,
133.2839093,,,,,,
133.285787725,,,,,,
133.28582939999998,18311.0,157.39453595821618,6.353460708861404,,,
133.286827,,,,34767.0,518.4200531712876,1.9289377289377287
133.28774085,,,,,,
133.28781555,,,,,,
133.289693975,,,,,,
133.2916471,,,,,,
133.2917218,,,,,,
133.293600225,,,,,,
133.29364189999998,18311.0,157.39453595821618,6.353460708861404,,,
133.2946395,,,,34765.0,519.2088246481552,1.9260073260073256
133.29555335,,,,,,
133.29562805,,,,,,
133.297506475,,,,,,
133.299,,,,,,
133.2994596,,,,,,
133.2995343,,,,,,
133.301412725,,,,,,
133.30145439999998,18311.0,157.39453595821618,6.353460708861404,,,
133.302452,,,,34764.0,519.604111153407,1.9245421245421244
133.30336585,,,,,,
133.30344055,,,,,,
133.305318975,,,,,,
133.3072721,,,,,,
133.3073468,,,,,,
133.309225225,,,,,,
133.30926689999998,18311.0,157.39453595821618,6.353460708861404,,,
133.3102645,,,,34765.0,519.2088246481552,1.9260073260073256
133.31117835,,,,,,
133.31125305,,,,,,
133.313131475,,,,,,
133.3150846,,,,,,
133.3151593,,,,,,
133.317037725,,,,,,
133.31707939999998,18310.0,157.52110977080827,6.348355477275336,,,
133.318077,,,,34766.0,518.8141391106044,1.9274725274725275
133.31899085,,,,,,
133.319,,,,,,
133.31906555,,,,,,
133.320943975,,,,,,
133.3228971,,,,,,
133.3229718,,,,,,
133.324850225,,,,,,
133.32489189999998,18311.0,157.39453595821618,6.353460708861404,,,
133.3258895,,,,34765.0,519.2088246481552,1.9260073260073256
133.32680335,,,,,,
133.32687805,,,,,,
133.328756475,,,,,,
133.3307096,,,,,,
133.3307843,,,,,,
133.332662725,,,,,,
133.33270439999998,18311.0,157.39453595821618,6.353460708861404,,,
133.333702,,,,34765.0,519.2088246481552,1.9260073260073256
133.33461585,,,,,,
133.33469055,,,,,,
133.336568975,,,,,,
133.3385221,,,,,,
133.3385968,,,,,,
133.339,,,,,,
133.340475225,,,,,,
133.34051689999998,18311.0,157.39453595821618,6.353460708861404,,,
133.3415145,,,,34765.0,519.2088246481552,1.9260073260073256
133.34242835,,,,,,
133.34250305,,,,,,
133.344381475,,,,,,
133.3463346,,,,,,
133.3464093,,,,,,
133.348287725,,,,,,
133.34832939999998,18311.0,157.39453595821618,6.353460708861404,,,
133.349327,,,,34766.0,518.8141391106044,1.9274725274725275
133.35024085,,,,,,
133.35031555,,,,,,
133.352193975,,,,,,
133.3541471,,,,,,
133.3542218,,,,,,
133.356100225,,,,,,
133.35614189999998,18311.0,157.39453595821618,6.353460708861404,,,
133.3571395,,,,34765.0,519.2088246481552,1.9260073260073256
133.35805335,,,,,,
133.35812805,,,,,,
133.359,,,,,,
133.360006475,,,,,,
133.3619596,,,,,,
133.3620343,,,,,,
133.363912725,,,,,,
133.36395439999998,18310.0,157.52110977080827,6.348355477275336,,,
133.364952,,,,34764.0,519.604111153407,1.9245421245421244
133.36586585,,,,,,
133.36594055,,,,,,
133.367818975,,,,,,
133.3697721,,,,,,
133.3698468,,,,,,
133.371725225,,,,,,
133.37176689999998,18311.0,157.39453595821618,6.353460708861404,,,
133.3727645,,,,34765.0,519.2088246481552,1.9260073260073256
133.37367835,,,,,,
133.37375305,,,,,,
133.375631475,,,,,,
133.3775846,,,,,,
133.3776593,,,,,,
133.379,,,,,,
133.379537725,,,,,,
133.37957939999998,18311.0,157.39453595821618,6.353460708861404,,,
133.380577,,,,34765.0,519.2088246481552,1.9260073260073256
133.38149085,,,,,,
133.38156555,,,,,,
133.383443975,,,,,,
133.3853971,,,,,,
133.3854718,,,,,,
133.387350225,,,,,,
133.38739189999998,18312.0,157.26816539542352,6.358565940447472,,,
133.3883895,,,,34765.0,519.2088246481552,1.9260073260073256
133.38930335,,,,,,
133.38937805,,,,,,
133.391256475,,,,,,
133.3932096,,,,,,
133.3932843,,,,,,
133.395162725,,,,,,
133.39520439999998,18311.0,157.39453595821618,6.353460708861404,,,
133.396202,,,,34765.0,519.2088246481552,1.9260073260073256
133.39711585,,,,,,
133.39719055,,,,,,
133.399,,,,,,
133.399068975,,,,,,
133.4010221,,,,,,
133.4010968,,,,,,
133.402975225,,,,,,
133.40301689999998,18310.0,157.52110977080827,6.348355477275336,,,
133.4040145,,,,34765.0,519.2088246481552,1.9260073260073256
133.40492835,,,,,,
133.40500305,,,,,,
133.406881475,,,,,,
133.4088346,,,,,,
133.4089093,,,,,,
133.410787725,,,,,,
133.41082939999998,18310.0,157.52110977080827,6.348355477275336,,,
133.411827,,,,34766.0,518.8141391106044,1.9274725274725275
133.41274085,,,,,,
133.41281555,,,,,,
133.414693975,,,,,,
133.4166471,,,,,,
133.4167218,,,,,,
133.418600225,,,,,,
133.41864189999998,18311.0,157.39453595821618,6.353460708861404,,,
133.419,,,,,,
133.4196395,,,,34765.0,519.2088246481552,1.9260073260073256
133.42055335,,,,,,
133.42062805,,,,,,
133.422506475,,,,,,
133.4244596,,,,,,
133.4245343,,,,,,
133.426412725,,,,,,
133.42645439999998,18310.0,157.52110977080827,6.348355477275336,,,
133.427452,,,,34765.0,519.2088246481552,1.9260073260073256
133.42836585,,,,,,
133.42844055,,,,,,
133.430318975,,,,,,
133.4322721,,,,,,
133.4323468,,,,,,
133.434225225,,,,,,
133.43426689999998,18310.0,157.52110977080827,6.348355477275336,,,
133.4352645,,,,34764.0,519.604111153407,1.9245421245421244
133.43617835,,,,,,
133.43625305,,,,,,
133.438131475,,,,,,
133.439,,,,,,
133.4400846,,,,,,
133.4401593,,,,,,
133.442037725,,,,,,
133.44207939999998,18310.0,157.52110977080827,6.348355477275336,,,
133.443077,,,,34765.0,519.2088246481552,1.9260073260073256
133.44399085,,,,,,
133.44406555,,,,,,
133.445943975,,,,,,
133.4478971,,,,,,
133.4479718,,,,,,
133.449850225,,,,,,
133.44989189999998,18311.0,157.39453595821618,6.353460708861404,,,
133.4508895,,,,34765.0,519.2088246481552,1.9260073260073256
133.45180335,,,,,,
133.45187805,,,,,,
133.453756475,,,,,,
133.4557096,,,,,,
133.4557843,,,,,,
133.457662725,,,,,,
133.45770439999998,18310.0,157.52110977080827,6.348355477275336,,,
133.458702,,,,34765.0,519.2088246481552,1.9260073260073256
133.459,,,,,,
133.45961585,,,,,,
133.45969055,,,,,,
133.461568975,,,,,,
133.4635221,,,,,,
133.4635968,,,,,,
133.465475225,,,,,,
133.46551689999998,18311.0,157.39453595821618,6.353460708861404,,,
133.4665145,,,,34764.0,519.604111153407,1.9245421245421244
133.46742835,,,,,,
133.46750305,,,,,,
133.469381475,,,,,,
133.4713346,,,,,,
133.4714093,,,,,,
133.473287725,,,,,,
133.47332939999998,18310.0,157.52110977080827,6.348355477275336,,,
133.474327,,,,34765.0,519.2088246481552,1.9260073260073256
133.47524085,,,,,,
133.47531555,,,,,,
133.477193975,,,,,,
133.479,,,,,,
133.4791471,,,,,,
133.4792218,,,,,,
133.481100225,,,,,,
133.48114189999998,18311.0,157.39453595821618,6.353460708861404,,,
133.4821395,,,,34765.0,519.2088246481552,1.9260073260073256
133.48305335,,,,,,
133.48312805,,,,,,
133.485006475,,,,,,
133.4869596,,,,,,
133.4870343,,,,,,
133.488912725,,,,,,
133.48895439999998,18311.0,157.39453595821618,6.353460708861404,,,
133.489952,,,,34766.0,518.8141391106044,1.9274725274725275
133.49086585,,,,,,
133.49094055,,,,,,
133.492818975,,,,,,
133.4947721,,,,,,
133.4948468,,,,,,
133.496725225,,,,,,
133.49676689999998,18311.0,157.39453595821618,6.353460708861404,,,
133.4977645,,,,34765.0,519.2088246481552,1.9260073260073256
133.49867835,,,,,,
133.49875305,,,,,,
133.499,,,,,,
133.500631475,,,,,,
133.5025846,,,,,,
133.5026593,,,,,,
133.504537725,,,,,,
133.50457939999998,18311.0,157.39453595821618,6.353460708861404,,,
133.505577,,,,34765.0,519.2088246481552,1.9260073260073256
133.50649085,,,,,,
133.50656555,,,,,,
133.508443975,,,,,,
133.5103971,,,,,,
133.5104718,,,,,,
133.512350225,,,,,,
133.51239189999998,18311.0,157.39453595821618,6.353460708861404,,,
133.5133895,,,,34764.0,519.604111153407,1.9245421245421244
133.51430335,,,,,,
133.51437805,,,,,,
133.516256475,,,,,,
133.5182096,,,,,,
133.5182843,,,,,,
133.519,,,,,,
133.520162725,,,,,,
133.52020439999998,18311.0,157.39453595821618,6.353460708861404,,,
133.521202,,,,34765.0,519.2088246481552,1.9260073260073256
133.52211585,,,,,,
133.52219055,,,,,,
133.524068975,,,,,,
133.5260221,,,,,,
133.5260968,,,,,,
133.527975225,,,,,,
133.52801689999998,18311.0,157.39453595821618,6.353460708861404,,,
133.5290145,,,,34765.0,519.2088246481552,1.9260073260073256
133.52992835,,,,,,
133.53000305,,,,,,
133.531881475,,,,,,
133.5338346,,,,,,
133.5339093,,,,,,
133.535787725,,,,,,
133.53582939999998,18311.0,157.39453595821618,6.353460708861404,,,
133.536827,,,,34766.0,518.8141391106044,1.9274725274725275
133.53774085,,,,,,
133.53781555,,,,,,
133.539,,,,,,
133.539693975,,,,,,
133.5416471,,,,,,
133.5417218,,,,,,
133.543600225,,,,,,
133.54364189999998,18311.0,157.39453595821618,6.353460708861404,,,
133.5446395,,,,34765.0,519.2088246481552,1.9260073260073256
133.54555335,,,,,,
133.54562805,,,,,,
133.547506475,,,,,,
133.5494596,,,,,,
133.5495343,,,,,,
133.551412725,,,,,,
133.55145439999998,18312.0,157.26816539542352,6.358565940447472,,,
133.552452,,,,34764.0,519.604111153407,1.9245421245421244
133.55336585,,,,,,
133.55344055,,,,,,
133.555318975,,,,,,
133.5572721,,,,,,
133.5573468,,,,,,
133.559,,,,,,
133.559225225,,,,,,
133.55926689999998,18311.0,157.39453595821618,6.353460708861404,,,
133.5602645,,,,34764.0,519.604111153407,1.9245421245421244
133.56117835,,,,,,
133.56125305,,,,,,
133.563131475,,,,,,
133.5650846,,,,,,
133.5651593,,,,,,
133.567037725,,,,,,
133.56707939999998,18311.0,157.39453595821618,6.353460708861404,,,
133.568077,,,,34765.0,519.2088246481552,1.9260073260073256
133.56899085,,,,,,
133.56906555,,,,,,
133.570943975,,,,,,
133.5728971,,,,,,
133.5729718,,,,,,
133.574850225,,,,,,
133.57489189999998,18311.0,157.39453595821618,6.353460708861404,,,
133.5758895,,,,34766.0,518.8141391106044,1.9274725274725275
133.57680335,,,,,,
133.57687805,,,,,,
133.578756475,,,,,,
133.579,,,,,,
133.5807096,,,,,,
133.5807843,,,,,,
133.582662725,,,,,,
133.58270439999998,18311.0,157.39453595821618,6.353460708861404,,,
133.583702,,,,34765.0,519.2088246481552,1.9260073260073256
133.58461585,,,,,,
133.58469055,,,,,,
133.586568975,,,,,,
133.5885221,,,,,,
133.5885968,,,,,,
133.590475225,,,,,,
133.59051689999998,18310.0,157.52110977080827,6.348355477275336,,,
133.5915145,,,,34764.0,519.604111153407,1.9245421245421244
133.59242835,,,,,,
133.59250305,,,,,,
133.594381475,,,,,,
133.5963346,,,,,,
133.5964093,,,,,,
133.598287725,,,,,,
133.59832939999998,18311.0,157.39453595821618,6.353460708861404,,,
133.599,,,,,,
133.599327,,,,34765.0,519.2088246481552,1.9260073260073256
133.60024085,,,,,,
133.60031555,,,,,,
133.602193975,,,,,,
133.6041471,,,,,,
133.6042218,,,,,,
133.606100225,,,,,,
133.60614189999998,18311.0,157.39453595821618,6.353460708861404,,,
133.6071395,,,,34764.0,519.604111153407,1.9245421245421244
133.60805335,,,,,,
133.60812805,,,,,,
133.610006475,,,,,,
133.6119596,,,,,,
133.6120343,,,,,,
133.613912725,,,,,,
133.61395439999998,18311.0,157.39453595821618,6.353460708861404,,,
133.614952,,,,34766.0,518.8141391106044,1.9274725274725275
133.61586585,,,,,,
133.61594055,,,,,,
133.617818975,,,,,,
133.619,,,,,,
133.6197721,,,,,,
133.6198468,,,,,,
133.621725225,,,,,,
133.62176689999998,18310.0,157.52110977080827,6.348355477275336,,,
133.6227645,,,,34764.0,519.604111153407,1.9245421245421244
133.62367835,,,,,,
133.62375305,,,,,,
133.625631475,,,,,,
133.6275846,,,,,,
133.6276593,,,,,,
133.629537725,,,,,,
133.62957939999998,18311.0,157.39453595821618,6.353460708861404,,,
133.630577,,,,34766.0,518.8141391106044,1.9274725274725275
133.63149085,,,,,,
133.63156555,,,,,,
133.633443975,,,,,,
133.6353971,,,,,,
133.6354718,,,,,,
133.637350225,,,,,,
133.63739189999998,18311.0,157.39453595821618,6.353460708861404,,,
133.6383895,,,,34765.0,519.2088246481552,1.9260073260073256
133.639,,,,,,
133.63930335,,,,,,
133.63937805,,,,,,
133.641256475,,,,,,
133.6432096,,,,,,
133.6432843,,,,,,
133.645162725,,,,,,
133.64520439999998,18311.0,157.39453595821618,6.353460708861404,,,
133.646202,,,,34765.0,519.2088246481552,1.9260073260073256
133.64711585,,,,,,
133.64719055,,,,,,
133.649068975,,,,,,
133.6510221,,,,,,
133.6510968,,,,,,
133.652975225,,,,,,
133.65301689999998,18311.0,157.39453595821618,6.353460708861404,,,
133.6540145,,,,34764.0,519.604111153407,1.9245421245421244
133.65492835,,,,,,
133.65500305,,,,,,
133.656881475,,,,,,
133.6588346,,,,,,
133.6589093,,,,,,
133.659,,,,,,
133.660787725,,,,,,
133.66082939999998,18310.0,157.52110977080827,6.348355477275336,,,
133.661827,,,,34766.0,518.8141391106044,1.9274725274725275
133.66274085,,,,,,
133.66281555,,,,,,
133.664693975,,,,,,
133.6666471,,,,,,
133.6667218,,,,,,
133.668600225,,,,,,
133.66864189999998,18311.0,157.39453595821618,6.353460708861404,,,
133.6696395,,,,34765.0,519.2088246481552,1.9260073260073256
133.67055335,,,,,,
133.67062805,,,,,,
133.672506475,,,,,,
133.6744596,,,,,,
133.6745343,,,,,,
133.676412725,,,,,,
133.67645439999998,18311.0,157.39453595821618,6.353460708861404,,,
133.677452,,,,34764.0,519.604111153407,1.9245421245421244
133.67836585,,,,,,
133.67844055,,,,,,
133.679,,,,,,
133.680318975,,,,,,
133.6822721,,,,,,
133.6823468,,,,,,
133.684225225,,,,,,
133.68426689999998,18310.0,157.52110977080827,6.348355477275336,,,
133.6852645,,,,34766.0,518.8141391106044,1.9274725274725275
133.68617835,,,,,,
133.68625305,,,,,,
133.688131475,,,,,,
133.6900846,,,,,,
133.6901593,,,,,,
133.692037725,,,,,,
133.69207939999998,18310.0,157.52110977080827,6.348355477275336,,,
133.693077,,,,34765.0,519.2088246481552,1.9260073260073256
133.69399085,,,,,,
133.69406555,,,,,,
133.695943975,,,,,,
133.6978971,,,,,,
133.6979718,,,,,,
133.699,,,,,,
133.699850225,,,,,,
133.69989189999998,18311.0,157.39453595821618,6.353460708861404,,,
133.7008895,,,,34765.0,519.2088246481552,1.9260073260073256
133.70180335,,,,,,
133.70187805,,,,,,
133.703756475,,,,,,
133.7057096,,,,,,
133.7057843,,,,,,
133.707662725,,,,,,
133.70770439999998,18310.0,157.52110977080827,6.348355477275336,,,
133.708702,,,,34764.0,519.604111153407,1.9245421245421244
133.70961585,,,,,,
133.70969055,,,,,,
133.711568975,,,,,,
133.7135221,,,,,,
133.7135968,,,,,,
133.715475225,,,,,,
133.71551689999998,18311.0,157.39453595821618,6.353460708861404,,,
133.7165145,,,,34765.0,519.2088246481552,1.9260073260073256
133.71742835,,,,,,
133.71750305,,,,,,
133.719,,,,,,
133.719381475,,,,,,
133.7213346,,,,,,
133.7214093,,,,,,
133.723287725,,,,,,
133.72332939999998,18310.0,157.52110977080827,6.348355477275336,,,
133.724327,,,,34766.0,518.8141391106044,1.9274725274725275
133.72524085,,,,,,
133.72531555,,,,,,
133.727193975,,,,,,
133.7291471,,,,,,
133.7292218,,,,,,
133.731100225,,,,,,
133.73114189999998,18311.0,157.39453595821618,6.353460708861404,,,
133.7321395,,,,34765.0,519.2088246481552,1.9260073260073256
133.73305335,,,,,,
133.73312805,,,,,,
133.735006475,,,,,,
133.7369596,,,,,,
133.7370343,,,,,,
133.738912725,,,,,,
133.73895439999998,18311.0,157.39453595821618,6.353460708861404,,,
133.739,,,,,,
133.739952,,,,34765.0,519.2088246481552,1.9260073260073256
133.74086585,,,,,,
133.74094055,,,,,,
133.742818975,,,,,,
133.7447721,,,,,,
133.7448468,,,,,,
133.746725225,,,,,,
133.74676689999998,18310.0,157.52110977080827,6.348355477275336,,,
133.7477645,,,,34764.0,519.604111153407,1.9245421245421244
133.74867835,,,,,,
133.74875305,,,,,,
133.750631475,,,,,,
133.7525846,,,,,,
133.7526593,,,,,,
133.754537725,,,,,,
133.75457939999998,18311.0,157.39453595821618,6.353460708861404,,,
133.755577,,,,34766.0,518.8141391106044,1.9274725274725275
133.75649085,,,,,,
133.75656555,,,,,,
133.7576276,,,,,,
133.758443975,,,,,,
133.759,,,,,,
133.7603971,,,,,,
133.7604718,,,,,,
133.762350225,,,,,,
133.76239189999998,18312.0,157.26816539542352,6.358565940447472,,,
133.7633895,,,,34764.0,519.604111153407,1.9245421245421244
133.76430335,,,,,,
133.76437805,,,,,,
133.766256475,,,,,,
133.7682096,,,,,,
133.7682843,,,,,,
133.770162725,,,,,,
133.77020439999998,18310.0,157.52110977080827,6.348355477275336,,,
133.771202,,,,34764.0,519.604111153407,1.9245421245421244
133.77211585,,,,,,
133.77219055,,,,,,
133.774068975,,,,,,
133.7760221,,,,,,
133.7760968,,,,,,
133.777975225,,,,,,
133.77801689999998,18310.0,157.52110977080827,6.348355477275336,,,
133.779,,,,,,
133.7790145,,,,34765.0,519.2088246481552,1.9260073260073256
133.77992835,,,,,,
133.78000305,,,,,,
133.781881475,,,,,,
133.7838346,,,,,,
133.7839093,,,,,,
133.785787725,,,,,,
133.78582939999998,18310.0,157.52110977080827,6.348355477275336,,,
133.786827,,,,34765.0,519.2088246481552,1.9260073260073256
133.78774085,,,,,,
133.78781555,,,,,,
133.789693975,,,,,,
133.7916471,,,,,,
133.7917218,,,,,,
133.793600225,,,,,,
133.79364189999998,18311.0,157.39453595821618,6.353460708861404,,,
133.7946395,,,,34765.0,519.2088246481552,1.9260073260073256
133.79555335,,,,,,
133.79562805,,,,,,
133.797506475,,,,,,
133.799,,,,,,
133.7994596,,,,,,
133.7995343,,,,,,
133.801412725,,,,,,
133.80145439999998,18311.0,157.39453595821618,6.353460708861404,,,
133.802452,,,,34765.0,519.2088246481552,1.9260073260073256
133.80336585,,,,,,
133.80344055,,,,,,
133.805318975,,,,,,
133.8072721,,,,,,
133.8073468,,,,,,
133.809225225,,,,,,
133.80926689999998,18310.0,157.52110977080827,6.348355477275336,,,
133.8102645,,,,34765.0,519.2088246481552,1.9260073260073256
133.81117835,,,,,,
133.81125305,,,,,,
133.813131475,,,,,,
133.8150846,,,,,,
133.8151593,,,,,,
133.817037725,,,,,,
133.81707939999998,18311.0,157.39453595821618,6.353460708861404,,,
133.818077,,,,34765.0,519.2088246481552,1.9260073260073256
133.81899085,,,,,,
133.819,,,,,,
133.81906555,,,,,,
133.820943975,,,,,,
133.8228971,,,,,,
133.8229718,,,,,,
133.824850225,,,,,,
133.82489189999998,18311.0,157.39453595821618,6.353460708861404,,,
133.8258895,,,,34765.0,519.2088246481552,1.9260073260073256
133.82680335,,,,,,
133.82687805,,,,,,
133.828756475,,,,,,
133.8307096,,,,,,
133.8307843,,,,,,
133.832662725,,,,,,
133.83270439999998,18311.0,157.39453595821618,6.353460708861404,,,
133.833702,,,,34764.0,519.604111153407,1.9245421245421244
133.83461585,,,,,,
133.83469055,,,,,,
133.836568975,,,,,,
133.8385221,,,,,,
133.8385968,,,,,,
133.839,,,,,,
133.840475225,,,,,,
133.84051689999998,18311.0,157.39453595821618,6.353460708861404,,,
133.8415145,,,,34765.0,519.2088246481552,1.9260073260073256
133.84242835,,,,,,
133.84250305,,,,,,
133.844381475,,,,,,
133.8463346,,,,,,
133.8464093,,,,,,
133.848287725,,,,,,
133.84832939999998,18310.0,157.52110977080827,6.348355477275336,,,
133.849327,,,,34765.0,519.2088246481552,1.9260073260073256
133.85024085,,,,,,
133.85031555,,,,,,
133.852193975,,,,,,
133.8541471,,,,,,
133.8542218,,,,,,
133.856100225,,,,,,
133.85614189999998,18311.0,157.39453595821618,6.353460708861404,,,
133.8571395,,,,34764.0,519.604111153407,1.9245421245421244
133.85805335,,,,,,
133.85812805,,,,,,
133.859,,,,,,
133.860006475,,,,,,
133.8619596,,,,,,
133.8620343,,,,,,
133.863912725,,,,,,
133.86395439999998,18311.0,157.39453595821618,6.353460708861404,,,
133.864952,,,,34764.0,519.604111153407,1.9245421245421244
133.86586585,,,,,,
133.86594055,,,,,,
133.867818975,,,,,,
133.8697721,,,,,,
133.8698468,,,,,,
133.871725225,,,,,,
133.87176689999998,18311.0,157.39453595821618,6.353460708861404,,,
133.8727645,,,,34764.0,519.604111153407,1.9245421245421244
133.87367835,,,,,,
133.87375305,,,,,,
133.875631475,,,,,,
133.8775846,,,,,,
133.8776593,,,,,,
133.879,,,,,,
133.879537725,,,,,,
133.87957939999998,18310.0,157.52110977080827,6.348355477275336,,,
133.880577,,,,34765.0,519.2088246481552,1.9260073260073256
133.88149085,,,,,,
133.88156555,,,,,,
133.883443975,,,,,,
133.8853971,,,,,,
133.8854718,,,,,,
133.887350225,,,,,,
133.88739189999998,18311.0,157.39453595821618,6.353460708861404,,,
133.8883895,,,,34764.0,519.604111153407,1.9245421245421244
133.88930335,,,,,,
133.88937805,,,,,,
133.891256475,,,,,,
133.8932096,,,,,,
133.8932843,,,,,,
133.895162725,,,,,,
133.89520439999998,18310.0,157.52110977080827,6.348355477275336,,,
133.896202,,,,34765.0,519.2088246481552,1.9260073260073256
133.89711585,,,,,,
133.89719055,,,,,,
133.899,,,,,,
133.899068975,,,,,,
133.9010221,,,,,,
133.9010968,,,,,,
133.902975225,,,,,,
133.90301689999998,18311.0,157.39453595821618,6.353460708861404,,,
133.9040145,,,,34764.0,519.604111153407,1.9245421245421244
133.90492835,,,,,,
133.90500305,,,,,,
133.906881475,,,,,,
133.9088346,,,,,,
133.9089093,,,,,,
133.910787725,,,,,,
133.91082939999998,18310.0,157.52110977080827,6.348355477275336,,,
133.911827,,,,34766.0,518.8141391106044,1.9274725274725275
133.91274085,,,,,,
133.91281555,,,,,,
133.914693975,,,,,,
133.9166471,,,,,,
133.9167218,,,,,,
133.918600225,,,,,,
133.91864189999998,18311.0,157.39453595821618,6.353460708861404,,,
133.919,,,,,,
133.9196395,,,,34764.0,519.604111153407,1.9245421245421244
133.92055335,,,,,,
133.92062805,,,,,,
133.922506475,,,,,,
133.9244596,,,,,,
133.9245343,,,,,,
133.926412725,,,,,,
133.92645439999998,18311.0,157.39453595821618,6.353460708861404,,,
133.927452,,,,34764.0,519.604111153407,1.9245421245421244
133.92836585,,,,,,
133.92844055,,,,,,
133.930318975,,,,,,
133.9322721,,,,,,
133.9323468,,,,,,
133.934225225,,,,,,
133.93426689999998,18310.0,157.52110977080827,6.348355477275336,,,
133.9352645,,,,34765.0,519.2088246481552,1.9260073260073256
133.93617835,,,,,,
133.93625305,,,,,,
133.938131475,,,,,,
133.939,,,,,,
133.9400846,,,,,,
133.9401593,,,,,,
133.942037725,,,,,,
133.94207939999998,18310.0,157.52110977080827,6.348355477275336,,,
133.943077,,,,34765.0,519.2088246481552,1.9260073260073256
133.94399085,,,,,,
133.94406555,,,,,,
133.945943975,,,,,,
133.9478971,,,,,,
133.9479718,,,,,,
133.949850225,,,,,,
133.94989189999998,18312.0,157.26816539542352,6.358565940447472,,,
133.9508895,,,,34764.0,519.604111153407,1.9245421245421244
133.95180335,,,,,,
133.95187805,,,,,,
133.953756475,,,,,,
133.9557096,,,,,,
133.9557843,,,,,,
133.957662725,,,,,,
133.95770439999998,18311.0,157.39453595821618,6.353460708861404,,,
133.958702,,,,34765.0,519.2088246481552,1.9260073260073256
133.959,,,,,,
133.95961585,,,,,,
133.95969055,,,,,,
133.961568975,,,,,,
133.9635221,,,,,,
133.9635968,,,,,,
133.965475225,,,,,,
133.96551689999998,18310.0,157.52110977080827,6.348355477275336,,,
133.9665145,,,,34764.0,519.604111153407,1.9245421245421244
133.96742835,,,,,,
133.96750305,,,,,,
133.969381475,,,,,,
133.9713346,,,,,,
133.9714093,,,,,,
133.973287725,,,,,,
133.97332939999998,18310.0,157.52110977080827,6.348355477275336,,,
133.974327,,,,34765.0,519.2088246481552,1.9260073260073256
133.97524085,,,,,,
133.97531555,,,,,,
133.977193975,,,,,,
133.979,,,,,,
133.9791471,,,,,,
133.9792218,,,,,,
133.981100225,,,,,,
133.98114189999998,18311.0,157.39453595821618,6.353460708861404,,,
133.9821395,,,,34765.0,519.2088246481552,1.9260073260073256
133.98305335,,,,,,
133.98312805,,,,,,
133.985006475,,,,,,
133.9869596,,,,,,
133.9870343,,,,,,
133.988912725,,,,,,
133.98895439999998,18311.0,157.39453595821618,6.353460708861404,,,
133.989952,,,,34765.0,519.2088246481552,1.9260073260073256
133.99086585,,,,,,
133.99094055,,,,,,
133.992818975,,,,,,
133.9947721,,,,,,
133.9948468,,,,,,
133.996725225,,,,,,
133.99676689999998,18310.0,157.52110977080827,6.348355477275336,,,
133.9977645,,,,34764.0,519.604111153407,1.9245421245421244
133.99867835,,,,,,
133.99875305,,,,,,
133.999,,,,,,
134.000631475,,,,,,
134.0025846,,,,,,
134.0026593,,,,,,
134.004537725,,,,,,
134.00457939999998,18311.0,157.39453595821618,6.353460708861404,,,
134.005577,,,,34765.0,519.2088246481552,1.9260073260073256
134.00649085,,,,,,
134.00656555,,,,,,
134.008443975,,,,,,
134.0103971,,,,,,
134.0104718,,,,,,
134.012350225,,,,,,
134.01239189999998,18312.0,157.26816539542352,6.358565940447472,,,
134.0133895,,,,34765.0,519.2088246481552,1.9260073260073256
134.01430335,,,,,,
134.01437805,,,,,,
134.016256475,,,,,,
134.0182096,,,,,,
134.0182843,,,,,,
134.019,,,,,,
134.020162725,,,,,,
134.02020439999998,18311.0,157.39453595821618,6.353460708861404,,,
134.021202,,,,34764.0,519.604111153407,1.9245421245421244
134.02211585,,,,,,
134.02219055,,,,,,
134.024068975,,,,,,
134.0260221,,,,,,
134.0260968,,,,,,
134.027975225,,,,,,
134.02801689999998,18311.0,157.39453595821618,6.353460708861404,,,
134.0290145,,,,34765.0,519.2088246481552,1.9260073260073256
134.02992835,,,,,,
134.03000305,,,,,,
134.031881475,,,,,,
134.0338346,,,,,,
134.0339093,,,,,,
134.035787725,,,,,,
134.03582939999998,18310.0,157.52110977080827,6.348355477275336,,,
134.036827,,,,34765.0,519.2088246481552,1.9260073260073256
134.03774085,,,,,,
134.03781555,,,,,,
134.039,,,,,,
134.039693975,,,,,,
134.0416471,,,,,,
134.0417218,,,,,,
134.043600225,,,,,,
134.04364189999998,18312.0,157.26816539542352,6.358565940447472,,,
134.0446395,,,,34765.0,519.2088246481552,1.9260073260073256
134.04555335,,,,,,
134.04562805,,,,,,
134.047506475,,,,,,
134.0494596,,,,,,
134.0495343,,,,,,
134.051412725,,,,,,
134.05145439999998,18311.0,157.39453595821618,6.353460708861404,,,
134.052452,,,,34765.0,519.2088246481552,1.9260073260073256
134.05336585,,,,,,
134.05344055,,,,,,
134.055318975,,,,,,
134.0572721,,,,,,
134.0573468,,,,,,
134.059,,,,,,
134.059225225,,,,,,
134.05926689999998,18310.0,157.52110977080827,6.348355477275336,,,
134.0602645,,,,34764.0,519.604111153407,1.9245421245421244
134.06117835,,,,,,
134.06125305,,,,,,
134.063131475,,,,,,
134.0650846,,,,,,
134.0651593,,,,,,
134.067037725,,,,,,
134.06707939999998,18311.0,157.39453595821618,6.353460708861404,,,
134.068077,,,,34765.0,519.2088246481552,1.9260073260073256
134.06899085,,,,,,
134.06906555,,,,,,
134.070943975,,,,,,
134.0728971,,,,,,
134.0729718,,,,,,
134.074850225,,,,,,
134.07489189999998,18312.0,157.26816539542352,6.358565940447472,,,
134.0758895,,,,34765.0,519.2088246481552,1.9260073260073256
134.07680335,,,,,,
134.07687805,,,,,,
134.078756475,,,,,,
134.079,,,,,,
134.0807096,,,,,,
134.0807843,,,,,,
134.082662725,,,,,,
134.08270439999998,18311.0,157.39453595821618,6.353460708861404,,,
134.083702,,,,34765.0,519.2088246481552,1.9260073260073256
134.08461585,,,,,,
134.08469055,,,,,,
134.086568975,,,,,,
134.0885221,,,,,,
134.0885968,,,,,,
134.090475225,,,,,,
134.09051689999998,18311.0,157.39453595821618,6.353460708861404,,,
134.0915145,,,,34764.0,519.604111153407,1.9245421245421244
134.09242835,,,,,,
134.09250305,,,,,,
134.094381475,,,,,,
134.0963346,,,,,,
134.0964093,,,,,,
134.098287725,,,,,,
134.09832939999998,18311.0,157.39453595821618,6.353460708861404,,,
134.099,,,,,,
134.099327,,,,34765.0,519.2088246481552,1.9260073260073256
134.10024085,,,,,,
134.10031555,,,,,,
134.102193975,,,,,,
134.1041471,,,,,,
134.1042218,,,,,,
134.106100225,,,,,,
134.10614189999998,18311.0,157.39453595821618,6.353460708861404,,,
134.1071395,,,,34764.0,519.604111153407,1.9245421245421244
134.10805335,,,,,,
134.10812805,,,,,,
134.110006475,,,,,,
134.1119596,,,,,,
134.1120343,,,,,,
134.113912725,,,,,,
134.11395439999998,18311.0,157.39453595821618,6.353460708861404,,,
134.114952,,,,34765.0,519.2088246481552,1.9260073260073256
134.11586585,,,,,,
134.11594055,,,,,,
134.117818975,,,,,,
134.119,,,,,,
134.1197721,,,,,,
134.1198468,,,,,,
134.121725225,,,,,,
134.12176689999998,18311.0,157.39453595821618,6.353460708861404,,,
134.1227645,,,,34765.0,519.2088246481552,1.9260073260073256
134.12367835,,,,,,
134.12375305,,,,,,
134.125631475,,,,,,
134.1275846,,,,,,
134.1276593,,,,,,
134.129537725,,,,,,
134.12957939999998,18311.0,157.39453595821618,6.353460708861404,,,
134.130577,,,,34765.0,519.2088246481552,1.9260073260073256
134.13149085,,,,,,
134.13156555,,,,,,
134.133443975,,,,,,
134.1353971,,,,,,
134.1354718,,,,,,
134.137350225,,,,,,
134.13739189999998,18311.0,157.39453595821618,6.353460708861404,,,
134.1383895,,,,34765.0,519.2088246481552,1.9260073260073256
134.139,,,,,,
134.13930335,,,,,,
134.13937805,,,,,,
134.141256475,,,,,,
134.1432096,,,,,,
134.1432843,,,,,,
134.145162725,,,,,,
134.14520439999998,18310.0,157.52110977080827,6.348355477275336,,,
134.146202,,,,34764.0,519.604111153407,1.9245421245421244
134.14711585,,,,,,
134.14719055,,,,,,
134.149068975,,,,,,
134.1510221,,,,,,
134.1510968,,,,,,
134.152975225,,,,,,
134.15301689999998,18310.0,157.52110977080827,6.348355477275336,,,
134.1540145,,,,34764.0,519.604111153407,1.9245421245421244
134.15492835,,,,,,
134.15500305,,,,,,
134.156881475,,,,,,
134.1588346,,,,,,
134.1589093,,,,,,
134.159,,,,,,
134.160787725,,,,,,
134.16082939999998,18312.0,157.26816539542352,6.358565940447472,,,
134.161827,,,,34765.0,519.2088246481552,1.9260073260073256
134.16274085,,,,,,
134.16281555,,,,,,
134.164693975,,,,,,
134.1666471,,,,,,
134.1667218,,,,,,
134.168600225,,,,,,
134.16864189999998,18311.0,157.39453595821618,6.353460708861404,,,
134.1696395,,,,34765.0,519.2088246481552,1.9260073260073256
134.17055335,,,,,,
134.17062805,,,,,,
134.172506475,,,,,,
134.1744596,,,,,,
134.1745343,,,,,,
134.176412725,,,,,,
134.17645439999998,18312.0,157.26816539542352,6.358565940447472,,,
134.177452,,,,34766.0,518.8141391106044,1.9274725274725275
134.17836585,,,,,,
134.17844055,,,,,,
134.179,,,,,,
134.180318975,,,,,,
134.1822721,,,,,,
134.1823468,,,,,,
134.184225225,,,,,,
134.18426689999998,18311.0,157.39453595821618,6.353460708861404,,,
134.1852645,,,,34765.0,519.2088246481552,1.9260073260073256
134.18617835,,,,,,
134.18625305,,,,,,
134.188131475,,,,,,
134.1900846,,,,,,
134.1901593,,,,,,
134.192037725,,,,,,
134.19207939999998,18311.0,157.39453595821618,6.353460708861404,,,
134.193077,,,,34765.0,519.2088246481552,1.9260073260073256
134.19399085,,,,,,
134.19406555,,,,,,
134.195943975,,,,,,
134.1978971,,,,,,
134.1979718,,,,,,
134.199,,,,,,
134.199850225,,,,,,
134.19989189999998,18312.0,157.26816539542352,6.358565940447472,,,
134.2008895,,,,34765.0,519.2088246481552,1.9260073260073256
134.20180335,,,,,,
134.20187805,,,,,,
134.203756475,,,,,,
134.2057096,,,,,,
134.2057843,,,,,,
134.207662725,,,,,,
134.20770439999998,18311.0,157.39453595821618,6.353460708861404,,,
134.208702,,,,34765.0,519.2088246481552,1.9260073260073256
134.20961585,,,,,,
134.20969055,,,,,,
134.211568975,,,,,,
134.2135221,,,,,,
134.2135968,,,,,,
134.215475225,,,,,,
134.21551689999998,18311.0,157.39453595821618,6.353460708861404,,,
134.2165145,,,,34765.0,519.2088246481552,1.9260073260073256
134.21742835,,,,,,
134.21750305,,,,,,
134.219,,,,,,
134.219381475,,,,,,
134.2213346,,,,,,
134.2214093,,,,,,
134.223287725,,,,,,
134.22332939999998,18310.0,157.52110977080827,6.348355477275336,,,
134.224327,,,,34765.0,519.2088246481552,1.9260073260073256
134.22524085,,,,,,
134.22531555,,,,,,
134.227193975,,,,,,
134.2291471,,,,,,
134.2292218,,,,,,
134.231100225,,,,,,
134.23114189999998,18311.0,157.39453595821618,6.353460708861404,,,
134.2321395,,,,34765.0,519.2088246481552,1.9260073260073256
134.23305335,,,,,,
134.23312805,,,,,,
134.235006475,,,,,,
134.2369596,,,,,,
134.2370343,,,,,,
134.238912725,,,,,,
134.23895439999998,18310.0,157.52110977080827,6.348355477275336,,,
134.239,,,,,,
134.239952,,,,34765.0,519.2088246481552,1.9260073260073256
134.24086585,,,,,,
134.24094055,,,,,,
134.242818975,,,,,,
134.2447721,,,,,,
134.2448468,,,,,,
134.246725225,,,,,,
134.24676689999998,18310.0,157.52110977080827,6.348355477275336,,,
134.2477645,,,,34764.0,519.604111153407,1.9245421245421244
134.24867835,,,,,,
134.24875305,,,,,,
134.250631475,,,,,,
134.2525846,,,,,,
134.2526593,,,,,,
134.254537725,,,,,,
134.25457939999998,18310.0,157.52110977080827,6.348355477275336,,,
134.255577,,,,34766.0,518.8141391106044,1.9274725274725275
134.25649085,,,,,,
134.25656555,,,,,,
134.258443975,,,,,,
134.259,,,,,,
134.2603971,,,,,,
134.2604718,,,,,,
134.262350225,,,,,,
134.26239189999998,18311.0,157.39453595821618,6.353460708861404,,,
134.2633895,,,,34766.0,518.8141391106044,1.9274725274725275
134.26430335,,,,,,
134.26437805,,,,,,
134.266256475,,,,,,
134.2682096,,,,,,
134.2682843,,,,,,
134.270162725,,,,,,
134.27020439999998,18311.0,157.39453595821618,6.353460708861404,,,
134.271202,,,,34764.0,519.604111153407,1.9245421245421244
134.27211585,,,,,,
134.27219055,,,,,,
134.274068975,,,,,,
134.2760221,,,,,,
134.2760968,,,,,,
134.277975225,,,,,,
134.27801689999998,18311.0,157.39453595821618,6.353460708861404,,,
134.279,,,,,,
134.2790145,,,,34764.0,519.604111153407,1.9245421245421244
134.27992835,,,,,,
134.28000305,,,,,,
134.281881475,,,,,,
134.2838346,,,,,,
134.2839093,,,,,,
134.285787725,,,,,,
134.28582939999998,18311.0,157.39453595821618,6.353460708861404,,,
134.286827,,,,34765.0,519.2088246481552,1.9260073260073256
134.28774085,,,,,,
134.28781555,,,,,,
134.289693975,,,,,,
134.2916471,,,,,,
134.2917218,,,,,,
134.293600225,,,,,,
134.29364189999998,18311.0,157.39453595821618,6.353460708861404,,,
134.2946395,,,,34765.0,519.2088246481552,1.9260073260073256
134.29555335,,,,,,
134.29562805,,,,,,
134.297506475,,,,,,
134.299,,,,,,
134.2994596,,,,,,
134.2995343,,,,,,
134.301412725,,,,,,
134.30145439999998,18311.0,157.39453595821618,6.353460708861404,,,
134.302452,,,,34765.0,519.2088246481552,1.9260073260073256
134.30336585,,,,,,
134.30344055,,,,,,
134.305318975,,,,,,
134.3072721,,,,,,
134.3073468,,,,,,
134.309225225,,,,,,
134.30926689999998,18310.0,157.52110977080827,6.348355477275336,,,
134.3102645,,,,34764.0,519.604111153407,1.9245421245421244
134.31117835,,,,,,
134.31125305,,,,,,
134.313131475,,,,,,
134.3150846,,,,,,
134.3151593,,,,,,
134.317037725,,,,,,
134.31707939999998,18311.0,157.39453595821618,6.353460708861404,,,
134.318077,,,,34765.0,519.2088246481552,1.9260073260073256
134.31899085,,,,,,
134.319,,,,,,
134.31906555,,,,,,
134.320943975,,,,,,
134.3228971,,,,,,
134.3229718,,,,,,
134.324850225,,,,,,
134.32489189999998,18311.0,157.39453595821618,6.353460708861404,,,
134.3258895,,,,34764.0,519.604111153407,1.9245421245421244
134.32680335,,,,,,
134.32687805,,,,,,
134.328756475,,,,,,
134.3307096,,,,,,
134.3307843,,,,,,
134.332662725,,,,,,
134.33270439999998,18311.0,157.39453595821618,6.353460708861404,,,
134.333702,,,,34765.0,519.2088246481552,1.9260073260073256
134.33461585,,,,,,
134.33469055,,,,,,
134.336568975,,,,,,
134.3385221,,,,,,
134.3385968,,,,,,
134.339,,,,,,
134.340475225,,,,,,
134.34051689999998,18311.0,157.39453595821618,6.353460708861404,,,
134.3415145,,,,34765.0,519.2088246481552,1.9260073260073256
134.34242835,,,,,,
134.34250305,,,,,,
134.344381475,,,,,,
134.3463346,,,,,,
134.3464093,,,,,,
134.348287725,,,,,,
134.34832939999998,18311.0,157.39453595821618,6.353460708861404,,,
134.349327,,,,34766.0,518.8141391106044,1.9274725274725275
134.35024085,,,,,,
134.35031555,,,,,,
134.352193975,,,,,,
134.3541471,,,,,,
134.3542218,,,,,,
134.356100225,,,,,,
134.35614189999998,18312.0,157.26816539542352,6.358565940447472,,,
134.3571395,,,,34765.0,519.2088246481552,1.9260073260073256
134.35805335,,,,,,
134.35812805,,,,,,
134.359,,,,,,
134.360006475,,,,,,
134.3619596,,,,,,
134.3620343,,,,,,
134.363912725,,,,,,
134.36395439999998,18310.0,157.52110977080827,6.348355477275336,,,
134.364952,,,,34765.0,519.2088246481552,1.9260073260073256
134.36586585,,,,,,
134.36594055,,,,,,
134.367818975,,,,,,
134.3697721,,,,,,
134.3698468,,,,,,
134.371725225,,,,,,
134.37176689999998,18311.0,157.39453595821618,6.353460708861404,,,
134.3727645,,,,34765.0,519.2088246481552,1.9260073260073256
134.37367835,,,,,,
134.37375305,,,,,,
134.375631475,,,,,,
134.3775846,,,,,,
134.3776593,,,,,,
134.379,,,,,,
134.379537725,,,,,,
134.37957939999998,18311.0,157.39453595821618,6.353460708861404,,,
134.380577,,,,34765.0,519.2088246481552,1.9260073260073256
134.38149085,,,,,,
134.38156555,,,,,,
134.383443975,,,,,,
134.3853971,,,,,,
134.3854718,,,,,,
134.387350225,,,,,,
134.38739189999998,18312.0,157.26816539542352,6.358565940447472,,,
134.3883895,,,,34765.0,519.2088246481552,1.9260073260073256
134.38930335,,,,,,
134.38937805,,,,,,
134.391256475,,,,,,
134.3932096,,,,,,
134.3932843,,,,,,
134.395162725,,,,,,
134.39520439999998,18311.0,157.39453595821618,6.353460708861404,,,
134.396202,,,,34764.0,519.604111153407,1.9245421245421244
134.39711585,,,,,,
134.39719055,,,,,,
134.399,,,,,,
134.399068975,,,,,,
134.4010221,,,,,,
134.4010968,,,,,,
134.402975225,,,,,,
134.40301689999998,18311.0,157.39453595821618,6.353460708861404,,,
134.4040145,,,,34764.0,519.604111153407,1.9245421245421244
134.40492835,,,,,,
134.40500305,,,,,,
134.406881475,,,,,,
134.4088346,,,,,,
134.4089093,,,,,,
134.410787725,,,,,,
134.41082939999998,18310.0,157.52110977080827,6.348355477275336,,,
134.411827,,,,34766.0,518.8141391106044,1.9274725274725275
134.41274085,,,,,,
134.41281555,,,,,,
134.414693975,,,,,,
134.4166471,,,,,,
134.4167218,,,,,,
134.418600225,,,,,,
134.41864189999998,18311.0,157.39453595821618,6.353460708861404,,,
134.419,,,,,,
134.4196395,,,,34764.0,519.604111153407,1.9245421245421244
134.42055335,,,,,,
134.42062805,,,,,,
134.422506475,,,,,,
134.4244596,,,,,,
134.4245343,,,,,,
134.426412725,,,,,,
134.42645439999998,18311.0,157.39453595821618,6.353460708861404,,,
134.427452,,,,34764.0,519.604111153407,1.9245421245421244
134.42836585,,,,,,
134.42844055,,,,,,
134.430318975,,,,,,
134.4322721,,,,,,
134.4323468,,,,,,
134.434225225,,,,,,
134.43426689999998,18310.0,157.52110977080827,6.348355477275336,,,
134.4352645,,,,34765.0,519.2088246481552,1.9260073260073256
134.43617835,,,,,,
134.43625305,,,,,,
134.438131475,,,,,,
134.439,,,,,,
134.4400846,,,,,,
134.4401593,,,,,,
134.442037725,,,,,,
134.44207939999998,18311.0,157.39453595821618,6.353460708861404,,,
134.443077,,,,34765.0,519.2088246481552,1.9260073260073256
134.44399085,,,,,,
134.44406555,,,,,,
134.445943975,,,,,,
134.4478971,,,,,,
134.4479718,,,,,,
134.449850225,,,,,,
134.44989189999998,18311.0,157.39453595821618,6.353460708861404,,,
134.4508895,,,,34765.0,519.2088246481552,1.9260073260073256
134.45180335,,,,,,
134.45187805,,,,,,
134.453756475,,,,,,
134.4557096,,,,,,
134.4557843,,,,,,
134.457662725,,,,,,
134.45770439999998,18311.0,157.39453595821618,6.353460708861404,,,
134.458702,,,,34764.0,519.604111153407,1.9245421245421244
134.459,,,,,,
134.45961585,,,,,,
134.45969055,,,,,,
134.461568975,,,,,,
134.4635221,,,,,,
134.4635968,,,,,,
134.465475225,,,,,,
134.46551689999998,18310.0,157.52110977080827,6.348355477275336,,,
134.4665145,,,,34765.0,519.2088246481552,1.9260073260073256
134.46742835,,,,,,
134.46750305,,,,,,
134.469381475,,,,,,
134.4713346,,,,,,
134.4714093,,,,,,
134.473287725,,,,,,
134.47332939999998,18310.0,157.52110977080827,6.348355477275336,,,
134.474327,,,,34766.0,518.8141391106044,1.9274725274725275
134.47524085,,,,,,
134.47531555,,,,,,
134.477193975,,,,,,
134.479,,,,,,
134.4791471,,,,,,
134.4792218,,,,,,
134.481100225,,,,,,
134.48114189999998,18311.0,157.39453595821618,6.353460708861404,,,
134.4821395,,,,34765.0,519.2088246481552,1.9260073260073256
134.48305335,,,,,,
134.48312805,,,,,,
134.485006475,,,,,,
134.4869596,,,,,,
134.4870343,,,,,,
134.488912725,,,,,,
134.48895439999998,18311.0,157.39453595821618,6.353460708861404,,,
134.489952,,,,34765.0,519.2088246481552,1.9260073260073256
134.49086585,,,,,,
134.49094055,,,,,,
134.492818975,,,,,,
134.4947721,,,,,,
134.4948468,,,,,,
134.496725225,,,,,,
134.49676689999998,18310.0,157.52110977080827,6.348355477275336,,,
134.4977645,,,,34766.0,518.8141391106044,1.9274725274725275
134.49867835,,,,,,
134.49875305,,,,,,
134.499,,,,,,
134.500631475,,,,,,
134.5025846,,,,,,
134.5026593,,,,,,
134.504537725,,,,,,
134.50457939999998,18311.0,157.39453595821618,6.353460708861404,,,
134.505577,,,,34765.0,519.2088246481552,1.9260073260073256
134.50649085,,,,,,
134.50656555,,,,,,
134.508443975,,,,,,
134.5103971,,,,,,
134.5104718,,,,,,
134.512350225,,,,,,
134.51239189999998,18312.0,157.26816539542352,6.358565940447472,,,
134.5133895,,,,34765.0,519.2088246481552,1.9260073260073256
134.51430335,,,,,,
134.51437805,,,,,,
134.516256475,,,,,,
134.5182096,,,,,,
134.5182843,,,,,,
134.519,,,,,,
134.520162725,,,,,,
134.52020439999998,18311.0,157.39453595821618,6.353460708861404,,,
134.521202,,,,34765.0,519.2088246481552,1.9260073260073256
134.52211585,,,,,,
134.52219055,,,,,,
134.524068975,,,,,,
134.5260221,,,,,,
134.5260968,,,,,,
134.527975225,,,,,,
134.52801689999998,18311.0,157.39453595821618,6.353460708861404,,,
134.5290145,,,,34765.0,519.2088246481552,1.9260073260073256
134.52992835,,,,,,
134.53000305,,,,,,
134.531881475,,,,,,
134.5338346,,,,,,
134.5339093,,,,,,
134.535787725,,,,,,
134.53582939999998,18310.0,157.52110977080827,6.348355477275336,,,
134.536827,,,,34766.0,518.8141391106044,1.9274725274725275
134.53774085,,,,,,
134.53781555,,,,,,
134.539,,,,,,
134.539693975,,,,,,
134.5416471,,,,,,
134.5417218,,,,,,
134.543600225,,,,,,
134.54364189999998,18311.0,157.39453595821618,6.353460708861404,,,
134.5446395,,,,34765.0,519.2088246481552,1.9260073260073256
134.54555335,,,,,,
134.54562805,,,,,,
134.547506475,,,,,,
134.5494596,,,,,,
134.5495343,,,,,,
134.551412725,,,,,,
134.55145439999998,18311.0,157.39453595821618,6.353460708861404,,,
134.552452,,,,34765.0,519.2088246481552,1.9260073260073256
134.55336585,,,,,,
134.55344055,,,,,,
134.555318975,,,,,,
134.5572721,,,,,,
134.5573468,,,,,,
134.559,,,,,,
134.559225225,,,,,,
134.55926689999998,18312.0,157.26816539542352,6.358565940447472,,,
134.5602645,,,,34766.0,518.8141391106044,1.9274725274725275
134.56117835,,,,,,
134.56125305,,,,,,
134.563131475,,,,,,
134.5650846,,,,,,
134.5651593,,,,,,
134.567037725,,,,,,
134.56707939999998,18311.0,157.39453595821618,6.353460708861404,,,
134.568077,,,,34765.0,519.2088246481552,1.9260073260073256
134.56899085,,,,,,
134.56906555,,,,,,
134.570943975,,,,,,
134.5728971,,,,,,
134.5729718,,,,,,
134.574850225,,,,,,
134.57489189999998,18312.0,157.26816539542352,6.358565940447472,,,
134.5758895,,,,34764.0,519.604111153407,1.9245421245421244
134.57680335,,,,,,
134.57687805,,,,,,
134.578756475,,,,,,
134.579,,,,,,
134.5807096,,,,,,
134.5807843,,,,,,
134.582662725,,,,,,
134.58270439999998,18311.0,157.39453595821618,6.353460708861404,,,
134.583702,,,,34765.0,519.2088246481552,1.9260073260073256
134.58461585,,,,,,
134.58469055,,,,,,
134.586568975,,,,,,
134.5885221,,,,,,
134.5885968,,,,,,
134.590475225,,,,,,
134.59051689999998,18310.0,157.52110977080827,6.348355477275336,,,
134.5915145,,,,34764.0,519.604111153407,1.9245421245421244
134.59242835,,,,,,
134.59250305,,,,,,
134.594381475,,,,,,
134.5963346,,,,,,
134.5964093,,,,,,
134.598287725,,,,,,
134.59832939999998,18312.0,157.26816539542352,6.358565940447472,,,
134.599,,,,,,
134.599327,,,,34766.0,518.8141391106044,1.9274725274725275
134.60024085,,,,,,
134.60031555,,,,,,
134.602193975,,,,,,
134.6041471,,,,,,
134.6042218,,,,,,
134.606100225,,,,,,
134.60614189999998,18311.0,157.39453595821618,6.353460708861404,,,
134.6071395,,,,34765.0,519.2088246481552,1.9260073260073256
134.60805335,,,,,,
134.60812805,,,,,,
134.610006475,,,,,,
134.6119596,,,,,,
134.6120343,,,,,,
134.613912725,,,,,,
134.61395439999998,18311.0,157.39453595821618,6.353460708861404,,,
134.614952,,,,34766.0,518.8141391106044,1.9274725274725275
134.61586585,,,,,,
134.61594055,,,,,,
134.617818975,,,,,,
134.619,,,,,,
134.6197721,,,,,,
134.6198468,,,,,,
134.621725225,,,,,,
134.62176689999998,18311.0,157.39453595821618,6.353460708861404,,,
134.6227645,,,,34764.0,519.604111153407,1.9245421245421244
134.62367835,,,,,,
134.62375305,,,,,,
134.625631475,,,,,,
134.6275846,,,,,,
134.6276593,,,,,,
134.629537725,,,,,,
134.62957939999998,18312.0,157.26816539542352,6.358565940447472,,,
134.630577,,,,34765.0,519.2088246481552,1.9260073260073256
134.63149085,,,,,,
134.63156555,,,,,,
134.633443975,,,,,,
134.6353971,,,,,,
134.6354718,,,,,,
134.637350225,,,,,,
134.63739189999998,18312.0,157.26816539542352,6.358565940447472,,,
134.6383895,,,,34764.0,519.604111153407,1.9245421245421244
134.639,,,,,,
134.63930335,,,,,,
134.63937805,,,,,,
134.641256475,,,,,,
134.6432096,,,,,,
134.6432843,,,,,,
134.645162725,,,,,,
134.64520439999998,18311.0,157.39453595821618,6.353460708861404,,,
134.646202,,,,34765.0,519.2088246481552,1.9260073260073256
134.64711585,,,,,,
134.64719055,,,,,,
134.649068975,,,,,,
134.6510221,,,,,,
134.6510968,,,,,,
134.652975225,,,,,,
134.65301689999998,18311.0,157.39453595821618,6.353460708861404,,,
134.6540145,,,,34764.0,519.604111153407,1.9245421245421244
134.65492835,,,,,,
134.65500305,,,,,,
134.656881475,,,,,,
134.6588346,,,,,,
134.6589093,,,,,,
134.659,,,,,,
134.660787725,,,,,,
134.66082939999998,18311.0,157.39453595821618,6.353460708861404,,,
134.661827,,,,34765.0,519.2088246481552,1.9260073260073256
134.66274085,,,,,,
134.66281555,,,,,,
134.664693975,,,,,,
134.6666471,,,,,,
134.6667218,,,,,,
134.668600225,,,,,,
134.66864189999998,18312.0,157.26816539542352,6.358565940447472,,,
134.6696395,,,,34765.0,519.2088246481552,1.9260073260073256
134.67055335,,,,,,
134.67062805,,,,,,
134.672506475,,,,,,
134.6744596,,,,,,
134.6745343,,,,,,
134.676412725,,,,,,
134.67645439999998,18312.0,157.26816539542352,6.358565940447472,,,
134.677452,,,,34764.0,519.604111153407,1.9245421245421244
134.67836585,,,,,,
134.67844055,,,,,,
134.679,,,,,,
134.680318975,,,,,,
134.6822721,,,,,,
134.6823468,,,,,,
134.684225225,,,,,,
134.68426689999998,18311.0,157.39453595821618,6.353460708861404,,,
134.6852645,,,,34764.0,519.604111153407,1.9245421245421244
134.68617835,,,,,,
134.68625305,,,,,,
134.688131475,,,,,,
134.6900846,,,,,,
134.6901593,,,,,,
134.692037725,,,,,,
134.69207939999998,18311.0,157.39453595821618,6.353460708861404,,,
134.693077,,,,34765.0,519.2088246481552,1.9260073260073256
134.69399085,,,,,,
134.69406555,,,,,,
134.695943975,,,,,,
134.6978971,,,,,,
134.6979718,,,,,,
134.699,,,,,,
134.699850225,,,,,,
134.69989189999998,18311.0,157.39453595821618,6.353460708861404,,,
134.7008895,,,,34764.0,519.604111153407,1.9245421245421244
134.70180335,,,,,,
134.70187805,,,,,,
134.703756475,,,,,,
134.7057096,,,,,,
134.7057843,,,,,,
134.707662725,,,,,,
134.70770439999998,18311.0,157.39453595821618,6.353460708861404,,,
134.708702,,,,34765.0,519.2088246481552,1.9260073260073256
134.70961585,,,,,,
134.70969055,,,,,,
134.711568975,,,,,,
134.7135221,,,,,,
134.7135968,,,,,,
134.715475225,,,,,,
134.71551689999998,18311.0,157.39453595821618,6.353460708861404,,,
134.7165145,,,,34764.0,519.604111153407,1.9245421245421244
134.71742835,,,,,,
134.71750305,,,,,,
134.719,,,,,,
134.719381475,,,,,,
134.7213346,,,,,,
134.7214093,,,,,,
134.723287725,,,,,,
134.72332939999998,18311.0,157.39453595821618,6.353460708861404,,,
134.724327,,,,34764.0,519.604111153407,1.9245421245421244
134.72524085,,,,,,
134.72531555,,,,,,
134.727193975,,,,,,
134.7291471,,,,,,
134.7292218,,,,,,
134.731100225,,,,,,
134.73114189999998,18311.0,157.39453595821618,6.353460708861404,,,
134.7321395,,,,34764.0,519.604111153407,1.9245421245421244
134.73305335,,,,,,
134.73312805,,,,,,
134.735006475,,,,,,
134.7369596,,,,,,
134.7370343,,,,,,
134.738912725,,,,,,
134.73895439999998,18311.0,157.39453595821618,6.353460708861404,,,
134.739,,,,,,
134.739952,,,,34764.0,519.604111153407,1.9245421245421244
134.74086585,,,,,,
134.74094055,,,,,,
134.742818975,,,,,,
134.7447721,,,,,,
134.7448468,,,,,,
134.746725225,,,,,,
134.74676689999998,18312.0,157.26816539542352,6.358565940447472,,,
134.7477645,,,,34764.0,519.604111153407,1.9245421245421244
134.74867835,,,,,,
134.74875305,,,,,,
134.750631475,,,,,,
134.7525846,,,,,,
134.7526593,,,,,,
134.754537725,,,,,,
134.75457939999998,18310.0,157.52110977080827,6.348355477275336,,,
134.755577,,,,34766.0,518.8141391106044,1.9274725274725275
134.75649085,,,,,,
134.75656555,,,,,,
134.758443975,,,,,,
134.759,,,,,,
134.7603971,,,,,,
134.7604718,,,,,,
134.762350225,,,,,,
134.76239189999998,18311.0,157.39453595821618,6.353460708861404,,,
134.7633895,,,,34765.0,519.2088246481552,1.9260073260073256
134.76430335,,,,,,
134.76437805,,,,,,
134.766256475,,,,,,
134.7682096,,,,,,
134.7682843,,,,,,
134.770162725,,,,,,
134.77020439999998,18310.0,157.52110977080827,6.348355477275336,,,
134.771202,,,,34764.0,519.604111153407,1.9245421245421244
134.77211585,,,,,,
134.77219055,,,,,,
134.774068975,,,,,,
134.7760221,,,,,,
134.7760968,,,,,,
134.777975225,,,,,,
134.77801689999998,18312.0,157.26816539542352,6.358565940447472,,,
134.779,,,,,,
134.7790145,,,,34766.0,518.8141391106044,1.9274725274725275
134.77992835,,,,,,
134.78000305,,,,,,
134.781881475,,,,,,
134.7838346,,,,,,
134.7839093,,,,,,
134.785787725,,,,,,
134.78582939999998,18311.0,157.39453595821618,6.353460708861404,,,
134.78584160000003,,,,,,
134.786827,,,,34765.0,519.2088246481552,1.9260073260073256
134.78774085,,,,,,
134.78781555,,,,,,
134.789693975,,,,,,
134.7916471,,,,,,
134.7917218,,,,,,
134.793600225,,,,,,
134.79364189999998,18311.0,157.39453595821618,6.353460708861404,,,
134.7946395,,,,34765.0,519.2088246481552,1.9260073260073256
134.79555335,,,,,,
134.79562805,,,,,,
134.797506475,,,,,,
134.799,,,,,,
134.7994596,,,,,,
134.7995343,,,,,,
134.801412725,,,,,,
134.80145439999998,18311.0,157.39453595821618,6.353460708861404,,,
134.802452,,,,34765.0,519.2088246481552,1.9260073260073256
134.80336585,,,,,,
134.80344055,,,,,,
134.805318975,,,,,,
134.8072721,,,,,,
134.8073468,,,,,,
134.809225225,,,,,,
134.80926689999998,18310.0,157.52110977080827,6.348355477275336,,,
134.8102645,,,,34765.0,519.2088246481552,1.9260073260073256
134.81117835,,,,,,
134.81125305,,,,,,
134.813131475,,,,,,
134.8150846,,,,,,
134.8151593,,,,,,
134.817037725,,,,,,
134.81707939999998,18310.0,157.52110977080827,6.348355477275336,,,
134.818077,,,,34766.0,518.8141391106044,1.9274725274725275
134.81899085,,,,,,
134.819,,,,,,
134.81906555,,,,,,
134.820943975,,,,,,
134.8228971,,,,,,
134.8229718,,,,,,
134.824850225,,,,,,
134.82489189999998,18311.0,157.39453595821618,6.353460708861404,,,
134.8258895,,,,34765.0,519.2088246481552,1.9260073260073256
134.82680335,,,,,,
134.82687805,,,,,,
134.828756475,,,,,,
134.8307096,,,,,,
134.8307843,,,,,,
134.832662725,,,,,,
134.83270439999998,18311.0,157.39453595821618,6.353460708861404,,,
134.833702,,,,34765.0,519.2088246481552,1.9260073260073256
134.83461585,,,,,,
134.83469055,,,,,,
134.836568975,,,,,,
134.8385221,,,,,,
134.8385968,,,,,,
134.839,,,,,,
134.840475225,,,,,,
134.84051689999998,18310.0,157.52110977080827,6.348355477275336,,,
134.8415145,,,,34764.0,519.604111153407,1.9245421245421244
134.84242835,,,,,,
134.84250305,,,,,,
134.844381475,,,,,,
134.8463346,,,,,,
134.8464093,,,,,,
134.848287725,,,,,,
134.84832939999998,18310.0,157.52110977080827,6.348355477275336,,,
134.849327,,,,34765.0,519.2088246481552,1.9260073260073256
134.85024085,,,,,,
134.85031555,,,,,,
134.852193975,,,,,,
134.8541471,,,,,,
134.8542218,,,,,,
134.856100225,,,,,,
134.85614189999998,18311.0,157.39453595821618,6.353460708861404,,,
134.8571395,,,,34764.0,519.604111153407,1.9245421245421244
134.85805335,,,,,,
134.85812805,,,,,,
134.859,,,,,,
134.860006475,,,,,,
134.8619596,,,,,,
134.8620343,,,,,,
134.863912725,,,,,,
134.86395439999998,18310.0,157.52110977080827,6.348355477275336,,,
134.864952,,,,34765.0,519.2088246481552,1.9260073260073256
134.86586585,,,,,,
134.86594055,,,,,,
134.867818975,,,,,,
134.8697721,,,,,,
134.8698468,,,,,,
134.871725225,,,,,,
134.87176689999998,18310.0,157.52110977080827,6.348355477275336,,,
134.8727645,,,,34765.0,519.2088246481552,1.9260073260073256
134.87367835,,,,,,
134.87375305,,,,,,
134.875631475,,,,,,
134.8775846,,,,,,
134.8776593,,,,,,
134.879,,,,,,
134.879537725,,,,,,
134.87957939999998,18310.0,157.52110977080827,6.348355477275336,,,
134.880577,,,,34765.0,519.2088246481552,1.9260073260073256
134.88149085,,,,,,
134.88156555,,,,,,
134.883443975,,,,,,
134.8853971,,,,,,
134.8854718,,,,,,
134.887350225,,,,,,
134.88739189999998,18311.0,157.39453595821618,6.353460708861404,,,
134.8883895,,,,34765.0,519.2088246481552,1.9260073260073256
134.88930335,,,,,,
134.88937805,,,,,,
134.891256475,,,,,,
134.8932096,,,,,,
134.8932843,,,,,,
134.895162725,,,,,,
134.89520439999998,18310.0,157.52110977080827,6.348355477275336,,,
134.896202,,,,34766.0,518.8141391106044,1.9274725274725275
134.89711585,,,,,,
134.89719055,,,,,,
134.899,,,,,,
134.899068975,,,,,,
134.9010221,,,,,,
134.9010968,,,,,,
134.902975225,,,,,,
134.90301689999998,18310.0,157.52110977080827,6.348355477275336,,,
134.9040145,,,,34764.0,519.604111153407,1.9245421245421244
134.90492835,,,,,,
134.90500305,,,,,,
134.906881475,,,,,,
134.9088346,,,,,,
134.9089093,,,,,,
134.910787725,,,,,,
134.91082939999998,18309.0,157.64788732394368,6.343250245689269,,,
134.911827,,,,34766.0,518.8141391106044,1.9274725274725275
134.91274085,,,,,,
134.91281555,,,,,,
134.914693975,,,,,,
134.9166471,,,,,,
134.9167218,,,,,,
134.918600225,,,,,,
134.91864189999998,18310.0,157.52110977080827,6.348355477275336,,,
134.919,,,,,,
134.9196395,,,,34765.0,519.2088246481552,1.9260073260073256
134.92055335,,,,,,
134.92062805,,,,,,
134.922506475,,,,,,
134.9244596,,,,,,
134.9245343,,,,,,
134.926412725,,,,,,
134.92645439999998,18311.0,157.39453595821618,6.353460708861404,,,
134.927452,,,,34766.0,518.8141391106044,1.9274725274725275
134.92836585,,,,,,
134.92844055,,,,,,
134.930318975,,,,,,
134.9322721,,,,,,
134.9323468,,,,,,
134.934225225,,,,,,
134.93426689999998,18310.0,157.52110977080827,6.348355477275336,,,
134.9352645,,,,34765.0,519.2088246481552,1.9260073260073256
134.93617835,,,,,,
134.93625305,,,,,,
134.938131475,,,,,,
134.939,,,,,,
134.9400846,,,,,,
134.9401593,,,,,,
134.942037725,,,,,,
134.94207939999998,18310.0,157.52110977080827,6.348355477275336,,,
134.943077,,,,34766.0,518.8141391106044,1.9274725274725275
134.94399085,,,,,,
134.94406555,,,,,,
134.945943975,,,,,,
134.9478971,,,,,,
134.9479718,,,,,,
134.949850225,,,,,,
134.94989189999998,18310.0,157.52110977080827,6.348355477275336,,,
134.9508895,,,,34765.0,519.2088246481552,1.9260073260073256
134.95180335,,,,,,
134.95187805,,,,,,
134.953756475,,,,,,
134.9557096,,,,,,
134.9557843,,,,,,
134.957662725,,,,,,
134.95770439999998,18310.0,157.52110977080827,6.348355477275336,,,
134.958,,,,,,
134.958702,,,,34765.0,519.2088246481552,1.9260073260073256
134.95961585,,,,,,
134.95969055,,,,,,
134.961568975,,,,,,
134.9635221,,,,,,
134.9635968,,,,,,
134.965475225,,,,,,
134.96551689999998,18310.0,157.52110977080827,6.348355477275336,,,
134.9665145,,,,34765.0,519.2088246481552,1.9260073260073256
134.96742835,,,,,,
134.96750305,,,,,,
134.969381475,,,,,,
134.9713346,,,,,,
134.9714093,,,,,,
134.973287725,,,,,,
134.97332939999998,18312.0,157.26816539542352,6.358565940447472,,,
134.974327,,,,34765.0,519.2088246481552,1.9260073260073256
134.97524085,,,,,,
134.97531555,,,,,,
134.977193975,,,,,,
134.978,,,,,,
134.9791471,,,,,,
134.9792218,,,,,,
134.981100225,,,,,,
134.98114189999998,18311.0,157.39453595821618,6.353460708861404,,,
134.9821395,,,,34765.0,519.2088246481552,1.9260073260073256
134.98305335,,,,,,
134.98312805,,,,,,
134.985006475,,,,,,
134.9869596,,,,,,
134.9870343,,,,,,
134.988912725,,,,,,
134.98895439999998,18310.0,157.52110977080827,6.348355477275336,,,
134.989952,,,,34765.0,519.2088246481552,1.9260073260073256
134.99086585,,,,,,
134.99094055,,,,,,
134.992818975,,,,,,
134.9947721,,,,,,
134.9948468,,,,,,
134.996725225,,,,,,
134.99676689999998,18309.0,157.64788732394368,6.343250245689269,,,
134.9977645,,,,34766.0,518.8141391106044,1.9274725274725275
134.998,,,,,,
134.99867835,,,,,,
134.99875305,,,,,,
135.000631475,,,,,,
135.0025846,,,,,,
135.0026593,,,,,,
135.004537725,,,,,,
135.00457939999998,18310.0,157.52110977080827,6.348355477275336,,,
135.005577,,,,34765.0,519.2088246481552,1.9260073260073256
135.00649085,,,,,,
135.00656555,,,,,,
135.008443975,,,,,,
135.0103971,,,,,,
135.0104718,,,,,,
135.012350225,,,,,,
135.01239189999998,18310.0,157.52110977080827,6.348355477275336,,,
135.0133895,,,,34765.0,519.2088246481552,1.9260073260073256
135.01430335,,,,,,
135.01437805,,,,,,
135.016256475,,,,,,
135.018,,,,,,
135.0182096,,,,,,
135.0182843,,,,,,
135.020162725,,,,,,
135.02020439999998,18309.0,157.64788732394368,6.343250245689269,,,
135.021202,,,,34764.0,519.604111153407,1.9245421245421244
135.02211585,,,,,,
135.02219055,,,,,,
135.024068975,,,,,,
135.0260221,,,,,,
135.0260968,,,,,,
135.027975225,,,,,,
135.02801689999998,18310.0,157.52110977080827,6.348355477275336,,,
135.0290145,,,,34765.0,519.2088246481552,1.9260073260073256
135.02992835,,,,,,
135.03000305,,,,,,
135.031881475,,,,,,
135.0338346,,,,,,
135.0339093,,,,,,
135.035787725,,,,,,
135.03582939999998,18309.0,157.64788732394368,6.343250245689269,,,
135.036827,,,,34765.0,519.2088246481552,1.9260073260073256
135.03774085,,,,,,
135.03781555,,,,,,
135.038,,,,,,
135.039693975,,,,,,
135.0416471,,,,,,
135.0417218,,,,,,
135.043600225,,,,,,
135.04364189999998,18309.0,157.64788732394368,6.343250245689269,,,
135.0446395,,,,34765.0,519.2088246481552,1.9260073260073256
135.04555335,,,,,,
135.04562805,,,,,,
135.047506475,,,,,,
135.0494596,,,,,,
135.0495343,,,,,,
135.051412725,,,,,,
135.05145439999998,18309.0,157.64788732394368,6.343250245689269,,,
135.052452,,,,34765.0,519.2088246481552,1.9260073260073256
135.05336585,,,,,,
135.05344055,,,,,,
135.055318975,,,,,,
135.0572721,,,,,,
135.0573468,,,,,,
135.058,,,,,,
135.059225225,,,,,,
135.05926689999998,18309.0,157.64788732394368,6.343250245689269,,,
135.0602645,,,,34765.0,519.2088246481552,1.9260073260073256
135.06117835,,,,,,
135.06125305,,,,,,
135.063131475,,,,,,
135.0650846,,,,,,
135.0651593,,,,,,
135.067037725,,,,,,
135.06707939999998,18310.0,157.52110977080827,6.348355477275336,,,
135.068077,,,,34765.0,519.2088246481552,1.9260073260073256
135.06899085,,,,,,
135.06906555,,,,,,
135.070943975,,,,,,
135.0728971,,,,,,
135.0729718,,,,,,
135.074850225,,,,,,
135.07489189999998,18309.0,157.64788732394368,6.343250245689269,,,
135.0758895,,,,34765.0,519.2088246481552,1.9260073260073256
135.07680335,,,,,,
135.07687805,,,,,,
135.078,,,,,,
135.078756475,,,,,,
135.0807096,,,,,,
135.0807843,,,,,,
135.082662725,,,,,,
135.08270439999998,18310.0,157.52110977080827,6.348355477275336,,,
135.083702,,,,34765.0,519.2088246481552,1.9260073260073256
135.08461585,,,,,,
135.08469055,,,,,,
135.086568975,,,,,,
135.0885221,,,,,,
135.0885968,,,,,,
135.090475225,,,,,,
135.09051689999998,18310.0,157.52110977080827,6.348355477275336,,,
135.0915145,,,,34766.0,518.8141391106044,1.9274725274725275
135.09242835,,,,,,
135.09250305,,,,,,
135.094381475,,,,,,
135.0963346,,,,,,
135.0964093,,,,,,
135.098,,,,,,
135.098287725,,,,,,
135.09832939999998,18309.0,157.64788732394368,6.343250245689269,,,
135.099327,,,,34765.0,519.2088246481552,1.9260073260073256
135.10024085,,,,,,
135.10031555,,,,,,
135.102193975,,,,,,
135.1041471,,,,,,
135.1042218,,,,,,
135.106100225,,,,,,
135.10614189999998,18310.0,157.52110977080827,6.348355477275336,,,
135.1071395,,,,34765.0,519.2088246481552,1.9260073260073256
135.10805335,,,,,,
135.10812805,,,,,,
135.110006475,,,,,,
135.1119596,,,,,,
135.1120343,,,,,,
135.113912725,,,,,,
135.11395439999998,18309.0,157.64788732394368,6.343250245689269,,,
135.114952,,,,34766.0,518.8141391106044,1.9274725274725275
135.11586585,,,,,,
135.11594055,,,,,,
135.117818975,,,,,,
135.118,,,,,,
135.1197721,,,,,,
135.1198468,,,,,,
135.121725225,,,,,,
135.12176689999998,18309.0,157.64788732394368,6.343250245689269,,,
135.1227645,,,,34765.0,519.2088246481552,1.9260073260073256
135.12367835,,,,,,
135.12375305,,,,,,
135.125631475,,,,,,
135.1275846,,,,,,
135.1276593,,,,,,
135.129537725,,,,,,
135.12957939999998,18310.0,157.52110977080827,6.348355477275336,,,
135.130577,,,,34765.0,519.2088246481552,1.9260073260073256
135.13149085,,,,,,
135.13156555,,,,,,
135.133443975,,,,,,
135.1353971,,,,,,
135.1354718,,,,,,
135.137350225,,,,,,
135.13739189999998,18310.0,157.52110977080827,6.348355477275336,,,
135.138,,,,,,
135.1383895,,,,34765.0,519.2088246481552,1.9260073260073256
135.13930335,,,,,,
135.13937805,,,,,,
135.141256475,,,,,,
135.1432096,,,,,,
135.1432843,,,,,,
135.145162725,,,,,,
135.14520439999998,18309.0,157.64788732394368,6.343250245689269,,,
135.146202,,,,34765.0,519.2088246481552,1.9260073260073256
135.14711585,,,,,,
135.14719055,,,,,,
135.149068975,,,,,,
135.1510221,,,,,,
135.1510968,,,,,,
135.152975225,,,,,,
135.15301689999998,18309.0,157.64788732394368,6.343250245689269,,,
135.1540145,,,,34765.0,519.2088246481552,1.9260073260073256
135.15492835,,,,,,
135.15500305,,,,,,
135.156881475,,,,,,
135.158,,,,,,
135.1588346,,,,,,
135.1589093,,,,,,
135.160787725,,,,,,
135.16082939999998,18309.0,157.64788732394368,6.343250245689269,,,
135.161827,,,,34765.0,519.2088246481552,1.9260073260073256
135.16274085,,,,,,
135.16281555,,,,,,
135.164693975,,,,,,
135.1666471,,,,,,
135.1667218,,,,,,
135.168600225,,,,,,
135.16864189999998,18309.0,157.64788732394368,6.343250245689269,,,
135.1696395,,,,34765.0,519.2088246481552,1.9260073260073256
135.17055335,,,,,,
135.17062805,,,,,,
135.172506475,,,,,,
135.1744596,,,,,,
135.1745343,,,,,,
135.176412725,,,,,,
135.17645439999998,18310.0,157.52110977080827,6.348355477275336,,,
135.177452,,,,34765.0,519.2088246481552,1.9260073260073256
135.178,,,,,,
135.17836585,,,,,,
135.17844055,,,,,,
135.180318975,,,,,,
135.1822721,,,,,,
135.1823468,,,,,,
135.184225225,,,,,,
135.18426689999998,18309.0,157.64788732394368,6.343250245689269,,,
135.1852645,,,,34765.0,519.2088246481552,1.9260073260073256
135.18617835,,,,,,
135.18625305,,,,,,
135.188131475,,,,,,
135.1900846,,,,,,
135.1901593,,,,,,
135.192037725,,,,,,
135.19207939999998,18309.0,157.64788732394368,6.343250245689269,,,
135.193077,,,,34766.0,518.8141391106044,1.9274725274725275
135.19399085,,,,,,
135.19406555,,,,,,
135.195943975,,,,,,
135.1978971,,,,,,
135.1979718,,,,,,
135.198,,,,,,
135.199850225,,,,,,
135.19989189999998,18310.0,157.52110977080827,6.348355477275336,,,
135.2008895,,,,34765.0,519.2088246481552,1.9260073260073256
135.20180335,,,,,,
135.20187805,,,,,,
135.203756475,,,,,,
135.2057096,,,,,,
135.2057843,,,,,,
135.207662725,,,,,,
135.20770439999998,18309.0,157.64788732394368,6.343250245689269,,,
135.208702,,,,34764.0,519.604111153407,1.9245421245421244
135.20961585,,,,,,
135.20969055,,,,,,
135.211568975,,,,,,
135.2135221,,,,,,
135.2135968,,,,,,
135.215475225,,,,,,
135.21551689999998,18309.0,157.64788732394368,6.343250245689269,,,
135.2165145,,,,34765.0,519.2088246481552,1.9260073260073256
135.21742835,,,,,,
135.21750305,,,,,,
135.218,,,,,,
135.219381475,,,,,,
135.2213346,,,,,,
135.2214093,,,,,,
135.223287725,,,,,,
135.22332939999998,18308.0,157.77486910994767,6.338145014103201,,,
135.224327,,,,34765.0,519.2088246481552,1.9260073260073256
135.22524085,,,,,,
135.22531555,,,,,,
135.227193975,,,,,,
135.2291471,,,,,,
135.2292218,,,,,,
135.231100225,,,,,,
135.23114189999998,18309.0,157.64788732394368,6.343250245689269,,,
135.2321395,,,,34765.0,519.2088246481552,1.9260073260073256
135.23305335,,,,,,
135.23312805,,,,,,
135.235006475,,,,,,
135.2369596,,,,,,
135.2370343,,,,,,
135.238,,,,,,
135.238912725,,,,,,
135.23895439999998,18309.0,157.64788732394368,6.343250245689269,,,
135.239952,,,,34766.0,518.8141391106044,1.9274725274725275
135.24086585,,,,,,
135.24094055,,,,,,
135.242818975,,,,,,
135.2447721,,,,,,
135.2448468,,,,,,
135.246725225,,,,,,
135.24676689999998,18309.0,157.64788732394368,6.343250245689269,,,
135.2477645,,,,34765.0,519.2088246481552,1.9260073260073256
135.24867835,,,,,,
135.24875305,,,,,,
135.250631475,,,,,,
135.2525846,,,,,,
135.2526593,,,,,,
135.254537725,,,,,,
135.25457939999998,18309.0,157.64788732394368,6.343250245689269,,,
135.255577,,,,34765.0,519.2088246481552,1.9260073260073256
135.25649085,,,,,,
135.25656555,,,,,,
135.258,,,,,,
135.258443975,,,,,,
135.2603971,,,,,,
135.2604718,,,,,,
135.262350225,,,,,,
135.26239189999998,18309.0,157.64788732394368,6.343250245689269,,,
135.2633895,,,,34765.0,519.2088246481552,1.9260073260073256
135.26430335,,,,,,
135.26437805,,,,,,
135.266256475,,,,,,
135.2682096,,,,,,
135.2682843,,,,,,
135.270162725,,,,,,
135.27020439999998,18309.0,157.64788732394368,6.343250245689269,,,
135.271202,,,,34765.0,519.2088246481552,1.9260073260073256
135.27211585,,,,,,
135.27219055,,,,,,
135.274068975,,,,,,
135.2760221,,,,,,
135.2760968,,,,,,
135.277975225,,,,,,
135.278,,,,,,
135.27801689999998,18309.0,157.64788732394368,6.343250245689269,,,
135.2790145,,,,34764.0,519.604111153407,1.9245421245421244
135.27992835,,,,,,
135.28000305,,,,,,
135.281881475,,,,,,
135.2838346,,,,,,
135.2839093,,,,,,
135.285787725,,,,,,
135.28582939999998,18309.0,157.64788732394368,6.343250245689269,,,
135.286827,,,,34766.0,518.8141391106044,1.9274725274725275
135.28774085,,,,,,
135.28781555,,,,,,
135.289693975,,,,,,
135.2916471,,,,,,
135.2917218,,,,,,
135.293600225,,,,,,
135.29364189999998,18309.0,157.64788732394368,6.343250245689269,,,
135.2946395,,,,34764.0,519.604111153407,1.9245421245421244
135.29555335,,,,,,
135.29562805,,,,,,
135.297506475,,,,,,
135.298,,,,,,
135.2994596,,,,,,
135.2995343,,,,,,
135.301412725,,,,,,
135.30145439999998,18309.0,157.64788732394368,6.343250245689269,,,
135.302452,,,,34765.0,519.2088246481552,1.9260073260073256
135.30336585,,,,,,
135.30344055,,,,,,
135.305318975,,,,,,
135.3072721,,,,,,
135.3073468,,,,,,
135.309225225,,,,,,
135.30926689999998,18309.0,157.64788732394368,6.343250245689269,,,
135.3102645,,,,34765.0,519.2088246481552,1.9260073260073256
135.31117835,,,,,,
135.31125305,,,,,,
135.313131475,,,,,,
135.3150846,,,,,,
135.3151593,,,,,,
135.317037725,,,,,,
135.31707939999998,18308.0,157.77486910994767,6.338145014103201,,,
135.318,,,,,,
135.318077,,,,34766.0,518.8141391106044,1.9274725274725275
135.31899085,,,,,,
135.31906555,,,,,,
135.320943975,,,,,,
135.3228971,,,,,,
135.3229718,,,,,,
135.324850225,,,,,,
135.32489189999998,18309.0,157.64788732394368,6.343250245689269,,,
135.3258895,,,,34765.0,519.2088246481552,1.9260073260073256
135.32680335,,,,,,
135.32687805,,,,,,
135.328756475,,,,,,
135.3307096,,,,,,
135.3307843,,,,,,
135.332662725,,,,,,
135.33270439999998,18309.0,157.64788732394368,6.343250245689269,,,
135.333702,,,,34765.0,519.2088246481552,1.9260073260073256
135.33461585,,,,,,
135.33469055,,,,,,
135.336568975,,,,,,
135.338,,,,,,
135.3385221,,,,,,
135.3385968,,,,,,
135.340475225,,,,,,
135.34051689999998,18309.0,157.64788732394368,6.343250245689269,,,
135.3415145,,,,34765.0,519.2088246481552,1.9260073260073256
135.34242835,,,,,,
135.34250305,,,,,,
135.344381475,,,,,,
135.3463346,,,,,,
135.3464093,,,,,,
135.348287725,,,,,,
135.34832939999998,18309.0,157.64788732394368,6.343250245689269,,,
135.349327,,,,34766.0,518.8141391106044,1.9274725274725275
135.35024085,,,,,,
135.35031555,,,,,,
135.352193975,,,,,,
135.3541471,,,,,,
135.3542218,,,,,,
135.356100225,,,,,,
135.35614189999998,18309.0,157.64788732394368,6.343250245689269,,,
135.3571395,,,,34765.0,519.2088246481552,1.9260073260073256
135.358,,,,,,
135.35805335,,,,,,
135.35812805,,,,,,
135.360006475,,,,,,
135.3619596,,,,,,
135.3620343,,,,,,
135.363912725,,,,,,
135.36395439999998,18309.0,157.64788732394368,6.343250245689269,,,
135.364952,,,,34766.0,518.8141391106044,1.9274725274725275
135.36586585,,,,,,
135.36594055,,,,,,
135.367818975,,,,,,
135.3697721,,,,,,
135.3698468,,,,,,
135.371725225,,,,,,
135.37176689999998,18309.0,157.64788732394368,6.343250245689269,,,
135.3727645,,,,34766.0,518.8141391106044,1.9274725274725275
135.37367835,,,,,,
135.37375305,,,,,,
135.375631475,,,,,,
135.3775846,,,,,,
135.3776593,,,,,,
135.378,,,,,,
135.379537725,,,,,,
135.37957939999998,18309.0,157.64788732394368,6.343250245689269,,,
135.380577,,,,34765.0,519.2088246481552,1.9260073260073256
135.38149085,,,,,,
135.38156555,,,,,,
135.383443975,,,,,,
135.3853971,,,,,,
135.3854718,,,,,,
135.387350225,,,,,,
135.38739189999998,18309.0,157.64788732394368,6.343250245689269,,,
135.3883895,,,,34766.0,518.8141391106044,1.9274725274725275
135.38930335,,,,,,
135.38937805,,,,,,
135.391256475,,,,,,
135.3932096,,,,,,
135.3932843,,,,,,
135.395162725,,,,,,
135.39520439999998,18309.0,157.64788732394368,6.343250245689269,,,
135.396202,,,,34765.0,519.2088246481552,1.9260073260073256
135.39711585,,,,,,
135.39719055,,,,,,
135.398,,,,,,
135.399068975,,,,,,
135.4010221,,,,,,
135.4010968,,,,,,
135.402975225,,,,,,
135.40301689999998,18309.0,157.64788732394368,6.343250245689269,,,
135.4040145,,,,34766.0,518.8141391106044,1.9274725274725275
135.40492835,,,,,,
135.40500305,,,,,,
135.406881475,,,,,,
135.4088346,,,,,,
135.4089093,,,,,,
135.410787725,,,,,,
135.41082939999998,18309.0,157.64788732394368,6.343250245689269,,,
135.411827,,,,34766.0,518.8141391106044,1.9274725274725275
135.41274085,,,,,,
135.41281555,,,,,,
135.414693975,,,,,,
135.4166471,,,,,,
135.4167218,,,,,,
135.418,,,,,,
135.418600225,,,,,,
135.41864189999998,18310.0,157.52110977080827,6.348355477275336,,,
135.4196395,,,,34765.0,519.2088246481552,1.9260073260073256
135.42055335,,,,,,
135.42062805,,,,,,
135.422506475,,,,,,
135.4244596,,,,,,
135.4245343,,,,,,
135.426412725,,,,,,
135.42645439999998,18309.0,157.64788732394368,6.343250245689269,,,
135.427452,,,,34765.0,519.2088246481552,1.9260073260073256
135.42836585,,,,,,
135.42844055,,,,,,
135.430318975,,,,,,
135.4322721,,,,,,
135.4323468,,,,,,
135.434225225,,,,,,
135.43426689999998,18309.0,157.64788732394368,6.343250245689269,,,
135.4352645,,,,34765.0,519.2088246481552,1.9260073260073256
135.43617835,,,,,,
135.43625305,,,,,,
135.438,,,,,,
135.438131475,,,,,,
135.4400846,,,,,,
135.4401593,,,,,,
135.442037725,,,,,,
135.44207939999998,18309.0,157.64788732394368,6.343250245689269,,,
135.443077,,,,34765.0,519.2088246481552,1.9260073260073256
135.44399085,,,,,,
135.44406555,,,,,,
135.445943975,,,,,,
135.4478971,,,,,,
135.4479718,,,,,,
135.449850225,,,,,,
135.44989189999998,18310.0,157.52110977080827,6.348355477275336,,,
135.4508895,,,,34766.0,518.8141391106044,1.9274725274725275
135.45180335,,,,,,
135.45187805,,,,,,
135.453756475,,,,,,
135.4557096,,,,,,
135.4557843,,,,,,
135.457662725,,,,,,
135.45770439999998,18309.0,157.64788732394368,6.343250245689269,,,
135.458,,,,,,
135.458702,,,,34765.0,519.2088246481552,1.9260073260073256
135.45961585,,,,,,
135.45969055,,,,,,
135.461568975,,,,,,
135.4635221,,,,,,
135.4635968,,,,,,
135.465475225,,,,,,
135.46551689999998,18309.0,157.64788732394368,6.343250245689269,,,
135.4665145,,,,34767.0,518.4200531712876,1.9289377289377287
135.46742835,,,,,,
135.46750305,,,,,,
135.469381475,,,,,,
135.4713346,,,,,,
135.4714093,,,,,,
135.473287725,,,,,,
135.47332939999998,18310.0,157.52110977080827,6.348355477275336,,,
135.474327,,,,34766.0,518.8141391106044,1.9274725274725275
135.47524085,,,,,,
135.47531555,,,,,,
135.477193975,,,,,,
135.478,,,,,,
135.4791471,,,,,,
135.4792218,,,,,,
135.481100225,,,,,,
135.48114189999998,18310.0,157.52110977080827,6.348355477275336,,,
135.4821395,,,,34765.0,519.2088246481552,1.9260073260073256
135.48305335,,,,,,
135.48312805,,,,,,
135.485006475,,,,,,
135.4869596,,,,,,
135.4870343,,,,,,
135.488912725,,,,,,
135.48895439999998,18310.0,157.52110977080827,6.348355477275336,,,
135.489952,,,,34766.0,518.8141391106044,1.9274725274725275
135.49086585,,,,,,
135.49094055,,,,,,
135.492818975,,,,,,
135.4947721,,,,,,
135.4948468,,,,,,
135.496725225,,,,,,
135.49676689999998,18310.0,157.52110977080827,6.348355477275336,,,
135.4977645,,,,34766.0,518.8141391106044,1.9274725274725275
135.498,,,,,,
135.49867835,,,,,,
135.49875305,,,,,,
135.500631475,,,,,,
135.5025846,,,,,,
135.5026593,,,,,,
135.504537725,,,,,,
135.50457939999998,18310.0,157.52110977080827,6.348355477275336,,,
135.505577,,,,34765.0,519.2088246481552,1.9260073260073256
135.50649085,,,,,,
135.50656555,,,,,,
135.508443975,,,,,,
135.5103971,,,,,,
135.5104718,,,,,,
135.512350225,,,,,,
135.51239189999998,18311.0,157.39453595821618,6.353460708861404,,,
135.5133895,,,,34765.0,519.2088246481552,1.9260073260073256
135.51430335,,,,,,
135.51437805,,,,,,
135.516256475,,,,,,
135.518,,,,,,
135.5182096,,,,,,
135.5182843,,,,,,
135.520162725,,,,,,
135.52020439999998,18310.0,157.52110977080827,6.348355477275336,,,
135.521202,,,,34765.0,519.2088246481552,1.9260073260073256
135.52211585,,,,,,
135.52219055,,,,,,
135.524068975,,,,,,
135.5260221,,,,,,
135.5260968,,,,,,
135.527975225,,,,,,
135.52801689999998,18310.0,157.52110977080827,6.348355477275336,,,
135.5290145,,,,34766.0,518.8141391106044,1.9274725274725275
135.52992835,,,,,,
135.53000305,,,,,,
135.531881475,,,,,,
135.5338346,,,,,,
135.5339093,,,,,,
135.535787725,,,,,,
135.53582939999998,18310.0,157.52110977080827,6.348355477275336,,,
135.536827,,,,34766.0,518.8141391106044,1.9274725274725275
135.53774085,,,,,,
135.53781555,,,,,,
135.538,,,,,,
135.539693975,,,,,,
135.5416471,,,,,,
135.5417218,,,,,,
135.543600225,,,,,,
135.54364189999998,18310.0,157.52110977080827,6.348355477275336,,,
135.5446395,,,,34766.0,518.8141391106044,1.9274725274725275
135.54555335,,,,,,
135.54562805,,,,,,
135.547506475,,,,,,
135.5494596,,,,,,
135.5495343,,,,,,
135.551412725,,,,,,
135.55145439999998,18310.0,157.52110977080827,6.348355477275336,,,
135.552452,,,,34765.0,519.2088246481552,1.9260073260073256
135.55336585,,,,,,
135.55344055,,,,,,
135.555318975,,,,,,
135.5572721,,,,,,
135.5573468,,,,,,
135.558,,,,,,
135.559225225,,,,,,
135.55926689999998,18310.0,157.52110977080827,6.348355477275336,,,
135.5602645,,,,34765.0,519.2088246481552,1.9260073260073256
135.56117835,,,,,,
135.56125305,,,,,,
135.563131475,,,,,,
135.5650846,,,,,,
135.5651593,,,,,,
135.567037725,,,,,,
135.56707939999998,18310.0,157.52110977080827,6.348355477275336,,,
135.568077,,,,34766.0,518.8141391106044,1.9274725274725275
135.56899085,,,,,,
135.56906555,,,,,,
135.570943975,,,,,,
135.5728971,,,,,,
135.5729718,,,,,,
135.574850225,,,,,,
135.57489189999998,18310.0,157.52110977080827,6.348355477275336,,,
135.5758895,,,,34765.0,519.2088246481552,1.9260073260073256
135.57680335,,,,,,
135.57687805,,,,,,
135.578,,,,,,
135.578756475,,,,,,
135.5807096,,,,,,
135.5807843,,,,,,
135.582662725,,,,,,
135.58270439999998,18310.0,157.52110977080827,6.348355477275336,,,
135.583702,,,,34765.0,519.2088246481552,1.9260073260073256
135.58461585,,,,,,
135.58469055,,,,,,
135.586568975,,,,,,
135.5885221,,,,,,
135.5885968,,,,,,
135.590475225,,,,,,
135.59051689999998,18311.0,157.39453595821618,6.353460708861404,,,
135.5915145,,,,34767.0,518.4200531712876,1.9289377289377287
135.59242835,,,,,,
135.59250305,,,,,,
135.594381475,,,,,,
135.5963346,,,,,,
135.5964093,,,,,,
135.598,,,,,,
135.598287725,,,,,,
135.59832939999998,18310.0,157.52110977080827,6.348355477275336,,,
135.599327,,,,34765.0,519.2088246481552,1.9260073260073256
135.60024085,,,,,,
135.60031555,,,,,,
135.602193975,,,,,,
135.6041471,,,,,,
135.6042218,,,,,,
135.606100225,,,,,,
135.60614189999998,18310.0,157.52110977080827,6.348355477275336,,,
135.6071395,,,,34765.0,519.2088246481552,1.9260073260073256
135.60805335,,,,,,
135.60812805,,,,,,
135.610006475,,,,,,
135.6119596,,,,,,
135.6120343,,,,,,
135.613912725,,,,,,
135.61395439999998,18310.0,157.52110977080827,6.348355477275336,,,
135.614952,,,,34765.0,519.2088246481552,1.9260073260073256
135.61586585,,,,,,
135.61594055,,,,,,
135.617818975,,,,,,
135.618,,,,,,
135.6197721,,,,,,
135.6198468,,,,,,
135.621725225,,,,,,
135.62176689999998,18311.0,157.39453595821618,6.353460708861404,,,
135.6227645,,,,34765.0,519.2088246481552,1.9260073260073256
135.62367835,,,,,,
135.62375305,,,,,,
135.625631475,,,,,,
135.6275846,,,,,,
135.6276593,,,,,,
135.629537725,,,,,,
135.62957939999998,18311.0,157.39453595821618,6.353460708861404,,,
135.630577,,,,34766.0,518.8141391106044,1.9274725274725275
135.63149085,,,,,,
135.63156555,,,,,,
135.633443975,,,,,,
135.6353971,,,,,,
135.6354718,,,,,,
135.637350225,,,,,,
135.63739189999998,18311.0,157.39453595821618,6.353460708861404,,,
135.638,,,,,,
135.6383895,,,,34765.0,519.2088246481552,1.9260073260073256
135.63930335,,,,,,
135.63937805,,,,,,
135.641256475,,,,,,
135.6432096,,,,,,
135.6432843,,,,,,
135.645162725,,,,,,
135.64520439999998,18311.0,157.39453595821618,6.353460708861404,,,
135.646202,,,,34765.0,519.2088246481552,1.9260073260073256
135.64711585,,,,,,
135.64719055,,,,,,
135.649068975,,,,,,
135.6510221,,,,,,
135.6510968,,,,,,
135.652975225,,,,,,
135.65301689999998,18311.0,157.39453595821618,6.353460708861404,,,
135.6540145,,,,34765.0,519.2088246481552,1.9260073260073256
135.65492835,,,,,,
135.65500305,,,,,,
135.656881475,,,,,,
135.658,,,,,,
135.6588346,,,,,,
135.6589093,,,,,,
135.660787725,,,,,,
135.66082939999998,18310.0,157.52110977080827,6.348355477275336,,,
135.661827,,,,34765.0,519.2088246481552,1.9260073260073256
135.66274085,,,,,,
135.66281555,,,,,,
135.664693975,,,,,,
135.6666471,,,,,,
135.6667218,,,,,,
135.668600225,,,,,,
135.66864189999998,18312.0,157.26816539542352,6.358565940447472,,,
135.6696395,,,,34765.0,519.2088246481552,1.9260073260073256
135.67055335,,,,,,
135.67062805,,,,,,
135.672506475,,,,,,
135.6744596,,,,,,
135.6745343,,,,,,
135.676412725,,,,,,
135.67645439999998,18310.0,157.52110977080827,6.348355477275336,,,
135.677452,,,,34765.0,519.2088246481552,1.9260073260073256
135.678,,,,,,
135.67836585,,,,,,
135.67844055,,,,,,
135.680318975,,,,,,
135.6822721,,,,,,
135.6823468,,,,,,
135.684225225,,,,,,
135.68426689999998,18311.0,157.39453595821618,6.353460708861404,,,
135.6852645,,,,34765.0,519.2088246481552,1.9260073260073256
135.68617835,,,,,,
135.68625305,,,,,,
135.688131475,,,,,,
135.6900846,,,,,,
135.6901593,,,,,,
135.692037725,,,,,,
135.69207939999998,18312.0,157.26816539542352,6.358565940447472,,,
135.693077,,,,34765.0,519.2088246481552,1.9260073260073256
135.69399085,,,,,,
135.69406555,,,,,,
135.695943975,,,,,,
135.6978971,,,,,,
135.6979718,,,,,,
135.698,,,,,,
135.699850225,,,,,,
135.69989189999998,18311.0,157.39453595821618,6.353460708861404,,,
135.7008895,,,,34765.0,519.2088246481552,1.9260073260073256
135.70180335,,,,,,
135.70187805,,,,,,
135.703756475,,,,,,
135.7057096,,,,,,
135.7057843,,,,,,
135.707662725,,,,,,
135.70770439999998,18311.0,157.39453595821618,6.353460708861404,,,
135.708702,,,,34765.0,519.2088246481552,1.9260073260073256
135.70961585,,,,,,
135.70969055,,,,,,
135.711568975,,,,,,
135.7135221,,,,,,
135.7135968,,,,,,
135.715475225,,,,,,
135.71551689999998,18311.0,157.39453595821618,6.353460708861404,,,
135.7165145,,,,34765.0,519.2088246481552,1.9260073260073256
135.71742835,,,,,,
135.71750305,,,,,,
135.718,,,,,,
135.719381475,,,,,,
135.7213346,,,,,,
135.7214093,,,,,,
135.723287725,,,,,,
135.72332939999998,18311.0,157.39453595821618,6.353460708861404,,,
135.724327,,,,34765.0,519.2088246481552,1.9260073260073256
135.72524085,,,,,,
135.72531555,,,,,,
135.727193975,,,,,,
135.7291471,,,,,,
135.7292218,,,,,,
135.731100225,,,,,,
135.73114189999998,18311.0,157.39453595821618,6.353460708861404,,,
135.7321395,,,,34765.0,519.2088246481552,1.9260073260073256
135.73305335,,,,,,
135.73312805,,,,,,
135.735006475,,,,,,
135.7369596,,,,,,
135.7370343,,,,,,
135.738,,,,,,
135.738912725,,,,,,
135.73895439999998,18311.0,157.39453595821618,6.353460708861404,,,
135.739952,,,,34765.0,519.2088246481552,1.9260073260073256
135.74086585,,,,,,
135.74094055,,,,,,
135.742818975,,,,,,
135.7447721,,,,,,
135.7448468,,,,,,
135.746725225,,,,,,
135.74676689999998,18311.0,157.39453595821618,6.353460708861404,,,
135.7477645,,,,34765.0,519.2088246481552,1.9260073260073256
135.74867835,,,,,,
135.74875305,,,,,,
135.750631475,,,,,,
135.7525846,,,,,,
135.7526593,,,,,,
135.754537725,,,,,,
135.75457939999998,18311.0,157.39453595821618,6.353460708861404,,,
135.755577,,,,34766.0,518.8141391106044,1.9274725274725275
135.75649085,,,,,,
135.75656555,,,,,,
135.758,,,,,,
135.758443975,,,,,,
135.7603971,,,,,,
135.7604718,,,,,,
135.762350225,,,,,,
135.76239189999998,18312.0,157.26816539542352,6.358565940447472,,,
135.7633895,,,,34765.0,519.2088246481552,1.9260073260073256
135.76430335,,,,,,
135.76437805,,,,,,
135.766256475,,,,,,
135.7682096,,,,,,
135.7682843,,,,,,
135.770162725,,,,,,
135.77020439999998,18311.0,157.39453595821618,6.353460708861404,,,
135.771202,,,,34765.0,519.2088246481552,1.9260073260073256
135.77211585,,,,,,
135.77219055,,,,,,
135.774068975,,,,,,
135.7760221,,,,,,
135.7760968,,,,,,
135.777975225,,,,,,
135.778,,,,,,
135.77801689999998,18311.0,157.39453595821618,6.353460708861404,,,
135.7790145,,,,34765.0,519.2088246481552,1.9260073260073256
135.77992835,,,,,,
135.78000305,,,,,,
135.781881475,,,,,,
135.7838346,,,,,,
135.7839093,,,,,,
135.785787725,,,,,,
135.78582939999998,18311.0,157.39453595821618,6.353460708861404,,,
135.786827,,,,34765.0,519.2088246481552,1.9260073260073256
135.78774085,,,,,,
135.78781555,,,,,,
135.789693975,,,,,,
135.7916471,,,,,,
135.7917218,,,,,,
135.793600225,,,,,,
135.79364189999998,18312.0,157.26816539542352,6.358565940447472,,,
135.7946395,,,,34765.0,519.2088246481552,1.9260073260073256
135.79555335,,,,,,
135.79562805,,,,,,
135.797506475,,,,,,
135.798,,,,,,
135.7994596,,,,,,
135.7995343,,,,,,
135.801412725,,,,,,
135.80145439999998,18312.0,157.26816539542352,6.358565940447472,,,
135.802452,,,,34765.0,519.2088246481552,1.9260073260073256
135.80336585,,,,,,
135.80344055,,,,,,
135.805318975,,,,,,
135.8072721,,,,,,
135.8073468,,,,,,
135.80810680000002,,,,,,
135.809225225,,,,,,
135.80926689999998,18312.0,157.26816539542352,6.358565940447472,,,
135.8102645,,,,34765.0,519.2088246481552,1.9260073260073256
135.81117835,,,,,,
135.81125305,,,,,,
135.813131475,,,,,,
135.8150846,,,,,,
135.8151593,,,,,,
135.817037725,,,,,,
135.81707939999998,18312.0,157.26816539542352,6.358565940447472,,,
135.818,,,,,,
135.818077,,,,34766.0,518.8141391106044,1.9274725274725275
135.81899085,,,,,,
135.81906555,,,,,,
135.820943975,,,,,,
135.8228971,,,,,,
135.8229718,,,,,,
135.824850225,,,,,,
135.82489189999998,18312.0,157.26816539542352,6.358565940447472,,,
135.8258895,,,,34764.0,519.604111153407,1.9245421245421244
135.82680335,,,,,,
135.82687805,,,,,,
135.828756475,,,,,,
135.8307096,,,,,,
135.8307843,,,,,,
135.832662725,,,,,,
135.83270439999998,18312.0,157.26816539542352,6.358565940447472,,,
135.833702,,,,34764.0,519.604111153407,1.9245421245421244
135.83461585,,,,,,
135.83469055,,,,,,
135.836568975,,,,,,
135.838,,,,,,
135.8385221,,,,,,
135.8385968,,,,,,
135.840475225,,,,,,
135.84051689999998,18311.0,157.39453595821618,6.353460708861404,,,
135.8415145,,,,34765.0,519.2088246481552,1.9260073260073256
135.84242835,,,,,,
135.84250305,,,,,,
135.844381475,,,,,,
135.8463346,,,,,,
135.8464093,,,,,,
135.848287725,,,,,,
135.84832939999998,18312.0,157.26816539542352,6.358565940447472,,,
135.849327,,,,34766.0,518.8141391106044,1.9274725274725275
135.85024085,,,,,,
135.85031555,,,,,,
135.852193975,,,,,,
135.8541471,,,,,,
135.8542218,,,,,,
135.856100225,,,,,,
135.85614189999998,18312.0,157.26816539542352,6.358565940447472,,,
135.8571395,,,,34765.0,519.2088246481552,1.9260073260073256
135.858,,,,,,
135.85805335,,,,,,
135.85812805,,,,,,
135.860006475,,,,,,
135.8619596,,,,,,
135.8620343,,,,,,
135.863912725,,,,,,
135.86395439999998,18312.0,157.26816539542352,6.358565940447472,,,
135.864952,,,,34765.0,519.2088246481552,1.9260073260073256
135.86586585,,,,,,
135.86594055,,,,,,
135.867818975,,,,,,
135.8697721,,,,,,
135.8698468,,,,,,
135.871725225,,,,,,
135.87176689999998,18313.0,157.14199759326112,6.36367117203354,,,
135.8727645,,,,34766.0,518.8141391106044,1.9274725274725275
135.87367835,,,,,,
135.87375305,,,,,,
135.875631475,,,,,,
135.8775846,,,,,,
135.8776593,,,,,,
135.878,,,,,,
135.879537725,,,,,,
135.87957939999998,18312.0,157.26816539542352,6.358565940447472,,,
135.880577,,,,34765.0,519.2088246481552,1.9260073260073256
135.88149085,,,,,,
135.88156555,,,,,,
135.883443975,,,,,,
135.8853971,,,,,,
135.8854718,,,,,,
135.887350225,,,,,,
135.88739189999998,18313.0,157.14199759326112,6.36367117203354,,,
135.8883895,,,,34765.0,519.2088246481552,1.9260073260073256
135.88930335,,,,,,
135.88937805,,,,,,
135.891256475,,,,,,
135.8932096,,,,,,
135.8932843,,,,,,
135.895162725,,,,,,
135.89520439999998,18313.0,157.14199759326112,6.36367117203354,,,
135.896202,,,,34764.0,519.604111153407,1.9245421245421244
135.89711585,,,,,,
135.89719055,,,,,,
135.898,,,,,,
135.899068975,,,,,,
135.9010221,,,,,,
135.9010968,,,,,,
135.902975225,,,,,,
135.90301689999998,18312.0,157.26816539542352,6.358565940447472,,,
135.9040145,,,,34765.0,519.2088246481552,1.9260073260073256
135.90492835,,,,,,
135.90500305,,,,,,
135.906881475,,,,,,
135.9088346,,,,,,
135.9089093,,,,,,
135.910787725,,,,,,
135.91082939999998,18312.0,157.26816539542352,6.358565940447472,,,
135.911827,,,,34765.0,519.2088246481552,1.9260073260073256
135.91274085,,,,,,
135.91281555,,,,,,
135.914693975,,,,,,
135.9166471,,,,,,
135.9167218,,,,,,
135.918,,,,,,
135.918600225,,,,,,
135.91864189999998,18312.0,157.26816539542352,6.358565940447472,,,
135.9196395,,,,34764.0,519.604111153407,1.9245421245421244
135.92055335,,,,,,
135.92062805,,,,,,
135.922506475,,,,,,
135.9244596,,,,,,
135.9245343,,,,,,
135.926412725,,,,,,
135.92645439999998,18312.0,157.26816539542352,6.358565940447472,,,
135.927452,,,,34764.0,519.604111153407,1.9245421245421244
135.92836585,,,,,,
135.92844055,,,,,,
135.930318975,,,,,,
135.9322721,,,,,,
135.9323468,,,,,,
135.934225225,,,,,,
135.93426689999998,18312.0,157.26816539542352,6.358565940447472,,,
135.9352645,,,,34766.0,518.8141391106044,1.9274725274725275
135.93617835,,,,,,
135.93625305,,,,,,
135.938,,,,,,
135.938131475,,,,,,
135.9400846,,,,,,
135.9401593,,,,,,
135.942037725,,,,,,
135.94207939999998,18312.0,157.26816539542352,6.358565940447472,,,
135.943077,,,,34765.0,519.2088246481552,1.9260073260073256
135.94399085,,,,,,
135.94406555,,,,,,
135.945943975,,,,,,
135.9478971,,,,,,
135.9479718,,,,,,
135.949850225,,,,,,
135.94989189999998,18313.0,157.14199759326112,6.36367117203354,,,
135.9508895,,,,34765.0,519.2088246481552,1.9260073260073256
135.95180335,,,,,,
135.95187805,,,,,,
135.953756475,,,,,,
135.9557096,,,,,,
135.9557843,,,,,,
135.957662725,,,,,,
135.95770439999998,18313.0,157.14199759326112,6.36367117203354,,,
135.958,,,,,,
135.958702,,,,34765.0,519.2088246481552,1.9260073260073256
135.95961585,,,,,,
135.95969055,,,,,,
135.961568975,,,,,,
135.9635221,,,,,,
135.9635968,,,,,,
135.965475225,,,,,,
135.96551689999998,18312.0,157.26816539542352,6.358565940447472,,,
135.9665145,,,,34766.0,518.8141391106044,1.9274725274725275
135.96742835,,,,,,
135.96750305,,,,,,
135.969381475,,,,,,
135.9713346,,,,,,
135.9714093,,,,,,
135.973287725,,,,,,
135.97332939999998,18312.0,157.26816539542352,6.358565940447472,,,
135.974327,,,,34765.0,519.2088246481552,1.9260073260073256
135.97524085,,,,,,
135.97531555,,,,,,
135.977193975,,,,,,
135.978,,,,,,
135.9791471,,,,,,
135.9792218,,,,,,
135.981100225,,,,,,
135.98114189999998,18312.0,157.26816539542352,6.358565940447472,,,
135.9821395,,,,34766.0,518.8141391106044,1.9274725274725275
135.98305335,,,,,,
135.98312805,,,,,,
135.985006475,,,,,,
135.9869596,,,,,,
135.9870343,,,,,,
135.988912725,,,,,,
135.98895439999998,18311.0,157.39453595821618,6.353460708861404,,,
135.989952,,,,34765.0,519.2088246481552,1.9260073260073256
135.99086585,,,,,,
135.99094055,,,,,,
135.992818975,,,,,,
135.9947721,,,,,,
135.9948468,,,,,,
135.996725225,,,,,,
135.99676689999998,18312.0,157.26816539542352,6.358565940447472,,,
135.9977645,,,,34767.0,518.4200531712876,1.9289377289377287
135.998,,,,,,
135.99867835,,,,,,
135.99875305,,,,,,
136.000631475,,,,,,
136.0025846,,,,,,
136.0026593,,,,,,
136.004537725,,,,,,
136.00457939999998,18312.0,157.26816539542352,6.358565940447472,,,
136.005577,,,,34766.0,518.8141391106044,1.9274725274725275
136.00649085,,,,,,
136.00656555,,,,,,
136.008443975,,,,,,
136.0103971,,,,,,
136.0104718,,,,,,
136.012350225,,,,,,
136.01239189999998,18313.0,157.14199759326112,6.36367117203354,,,
136.0133895,,,,34765.0,519.2088246481552,1.9260073260073256
136.01430335,,,,,,
136.01437805,,,,,,
136.016256475,,,,,,
136.018,,,,,,
136.0182096,,,,,,
136.0182843,,,,,,
136.020162725,,,,,,
136.02020439999998,18312.0,157.26816539542352,6.358565940447472,,,
136.021202,,,,34766.0,518.8141391106044,1.9274725274725275
136.02211585,,,,,,
136.02219055,,,,,,
136.024068975,,,,,,
136.0260221,,,,,,
136.0260968,,,,,,
136.027975225,,,,,,
136.02801689999998,18312.0,157.26816539542352,6.358565940447472,,,
136.0290145,,,,34765.0,519.2088246481552,1.9260073260073256
136.02992835,,,,,,
136.03000305,,,,,,
136.031881475,,,,,,
136.0338346,,,,,,
136.0339093,,,,,,
136.035787725,,,,,,
136.03582939999998,18313.0,157.14199759326112,6.36367117203354,,,
136.036827,,,,34765.0,519.2088246481552,1.9260073260073256
136.03774085,,,,,,
136.03781555,,,,,,
136.038,,,,,,
136.039693975,,,,,,
136.0416471,,,,,,
136.0417218,,,,,,
136.043600225,,,,,,
136.04364189999998,18313.0,157.14199759326112,6.36367117203354,,,
136.0446395,,,,34765.0,519.2088246481552,1.9260073260073256
136.04555335,,,,,,
136.04562805,,,,,,
136.047506475,,,,,,
136.0494596,,,,,,
136.0495343,,,,,,
136.051412725,,,,,,
136.05145439999998,18312.0,157.26816539542352,6.358565940447472,,,
136.052452,,,,34765.0,519.2088246481552,1.9260073260073256
136.05336585,,,,,,
136.05344055,,,,,,
136.055318975,,,,,,
136.0572721,,,,,,
136.0573468,,,,,,
136.058,,,,,,
136.059225225,,,,,,
136.05926689999998,18312.0,157.26816539542352,6.358565940447472,,,
136.0602645,,,,34766.0,518.8141391106044,1.9274725274725275
136.06117835,,,,,,
136.06125305,,,,,,
136.063131475,,,,,,
136.0650846,,,,,,
136.0651593,,,,,,
136.067037725,,,,,,
136.06707939999998,18312.0,157.26816539542352,6.358565940447472,,,
136.068077,,,,34765.0,519.2088246481552,1.9260073260073256
136.06899085,,,,,,
136.06906555,,,,,,
136.070943975,,,,,,
136.0728971,,,,,,
136.0729718,,,,,,
136.074850225,,,,,,
136.07489189999998,18313.0,157.14199759326112,6.36367117203354,,,
136.0758895,,,,34765.0,519.2088246481552,1.9260073260073256
136.07680335,,,,,,
136.07687805,,,,,,
136.078,,,,,,
136.078756475,,,,,,
136.0807096,,,,,,
136.0807843,,,,,,
136.082662725,,,,,,
136.08270439999998,18312.0,157.26816539542352,6.358565940447472,,,
136.083702,,,,34765.0,519.2088246481552,1.9260073260073256
136.08461585,,,,,,
136.08469055,,,,,,
136.086568975,,,,,,
136.0885221,,,,,,
136.0885968,,,,,,
136.090475225,,,,,,
136.09051689999998,18312.0,157.26816539542352,6.358565940447472,,,
136.0915145,,,,34765.0,519.2088246481552,1.9260073260073256
136.09242835,,,,,,
136.09250305,,,,,,
136.094381475,,,,,,
136.0963346,,,,,,
136.0964093,,,,,,
136.098,,,,,,
136.098287725,,,,,,
136.09832939999998,18312.0,157.26816539542352,6.358565940447472,,,
136.099327,,,,34765.0,519.2088246481552,1.9260073260073256
136.10024085,,,,,,
136.10031555,,,,,,
136.102193975,,,,,,
136.1041471,,,,,,
136.1042218,,,,,,
136.106100225,,,,,,
136.10614189999998,18312.0,157.26816539542352,6.358565940447472,,,
136.1071395,,,,34765.0,519.2088246481552,1.9260073260073256
136.10805335,,,,,,
136.10812805,,,,,,
136.110006475,,,,,,
136.1119596,,,,,,
136.1120343,,,,,,
136.113912725,,,,,,
136.11395439999998,18314.0,157.0160320641283,6.368776403619608,,,
136.114952,,,,34764.0,519.604111153407,1.9245421245421244
136.11586585,,,,,,
136.11594055,,,,,,
136.117818975,,,,,,
136.118,,,,,,
136.1197721,,,,,,
136.1198468,,,,,,
136.121725225,,,,,,
136.12176689999998,18312.0,157.26816539542352,6.358565940447472,,,
136.1227645,,,,34765.0,519.2088246481552,1.9260073260073256
136.12367835,,,,,,
136.12375305,,,,,,
136.125631475,,,,,,
136.1275846,,,,,,
136.1276593,,,,,,
136.129537725,,,,,,
136.12957939999998,18312.0,157.26816539542352,6.358565940447472,,,
136.130577,,,,34765.0,519.2088246481552,1.9260073260073256
136.13149085,,,,,,
136.13156555,,,,,,
136.133443975,,,,,,
136.1353971,,,,,,
136.1354718,,,,,,
136.137350225,,,,,,
136.13739189999998,18312.0,157.26816539542352,6.358565940447472,,,
136.138,,,,,,
136.1383895,,,,34765.0,519.2088246481552,1.9260073260073256
136.13930335,,,,,,
136.13937805,,,,,,
136.141256475,,,,,,
136.1432096,,,,,,
136.1432843,,,,,,
136.145162725,,,,,,
136.14520439999998,18313.0,157.14199759326112,6.36367117203354,,,
136.146202,,,,34765.0,519.2088246481552,1.9260073260073256
136.14711585,,,,,,
136.14719055,,,,,,
136.149068975,,,,,,
136.1510221,,,,,,
136.1510968,,,,,,
136.152975225,,,,,,
136.15301689999998,18312.0,157.26816539542352,6.358565940447472,,,
136.1540145,,,,34765.0,519.2088246481552,1.9260073260073256
136.15492835,,,,,,
136.15500305,,,,,,
136.156881475,,,,,,
136.158,,,,,,
136.1588346,,,,,,
136.1589093,,,,,,
136.160787725,,,,,,
136.16082939999998,18312.0,157.26816539542352,6.358565940447472,,,
136.161827,,,,34766.0,518.8141391106044,1.9274725274725275
136.16274085,,,,,,
136.16281555,,,,,,
136.164693975,,,,,,
136.1666471,,,,,,
136.1667218,,,,,,
136.168600225,,,,,,
136.16864189999998,18312.0,157.26816539542352,6.358565940447472,,,
136.1696395,,,,34764.0,519.604111153407,1.9245421245421244
136.17055335,,,,,,
136.17062805,,,,,,
136.172506475,,,,,,
136.1744596,,,,,,
136.1745343,,,,,,
136.176412725,,,,,,
136.17645439999998,18312.0,157.26816539542352,6.358565940447472,,,
136.177452,,,,34765.0,519.2088246481552,1.9260073260073256
136.178,,,,,,
136.17836585,,,,,,
136.17844055,,,,,,
136.180318975,,,,,,
136.1822721,,,,,,
136.1823468,,,,,,
136.184225225,,,,,,
136.18426689999998,18312.0,157.26816539542352,6.358565940447472,,,
136.1852645,,,,34766.0,518.8141391106044,1.9274725274725275
136.18617835,,,,,,
136.18625305,,,,,,
136.188131475,,,,,,
136.1900846,,,,,,
136.1901593,,,,,,
136.192037725,,,,,,
136.19207939999998,18312.0,157.26816539542352,6.358565940447472,,,
136.193077,,,,34766.0,518.8141391106044,1.9274725274725275
136.19399085,,,,,,
136.19406555,,,,,,
136.195943975,,,,,,
136.1978971,,,,,,
136.1979718,,,,,,
136.198,,,,,,
136.199850225,,,,,,
136.19989189999998,18312.0,157.26816539542352,6.358565940447472,,,
136.2008895,,,,34764.0,519.604111153407,1.9245421245421244
136.20180335,,,,,,
136.20187805,,,,,,
136.203756475,,,,,,
136.2057096,,,,,,
136.2057843,,,,,,
136.207662725,,,,,,
136.20770439999998,18311.0,157.39453595821618,6.353460708861404,,,
136.208702,,,,34765.0,519.2088246481552,1.9260073260073256
136.20961585,,,,,,
136.20969055,,,,,,
136.211568975,,,,,,
136.2135221,,,,,,
136.2135968,,,,,,
136.215475225,,,,,,
136.21551689999998,18312.0,157.26816539542352,6.358565940447472,,,
136.2165145,,,,34764.0,519.604111153407,1.9245421245421244
136.21742835,,,,,,
136.21750305,,,,,,
136.218,,,,,,
136.219381475,,,,,,
136.2213346,,,,,,
136.2214093,,,,,,
136.223287725,,,,,,
136.22332939999998,18312.0,157.26816539542352,6.358565940447472,,,
136.224327,,,,34766.0,518.8141391106044,1.9274725274725275
136.22524085,,,,,,
136.22531555,,,,,,
136.227193975,,,,,,
136.2291471,,,,,,
136.2292218,,,,,,
136.231100225,,,,,,
136.23114189999998,18312.0,157.26816539542352,6.358565940447472,,,
136.2321395,,,,34766.0,518.8141391106044,1.9274725274725275
136.23305335,,,,,,
136.23312805,,,,,,
136.235006475,,,,,,
136.2369596,,,,,,
136.2370343,,,,,,
136.238,,,,,,
136.238912725,,,,,,
136.23895439999998,18311.0,157.39453595821618,6.353460708861404,,,
136.239952,,,,34766.0,518.8141391106044,1.9274725274725275
136.24086585,,,,,,
136.24094055,,,,,,
136.242818975,,,,,,
136.2447721,,,,,,
136.2448468,,,,,,
136.246725225,,,,,,
136.24676689999998,18313.0,157.14199759326112,6.36367117203354,,,
136.2477645,,,,34765.0,519.2088246481552,1.9260073260073256
136.24867835,,,,,,
136.24875305,,,,,,
136.250631475,,,,,,
136.2525846,,,,,,
136.2526593,,,,,,
136.254537725,,,,,,
136.25457939999998,18312.0,157.26816539542352,6.358565940447472,,,
136.255577,,,,34766.0,518.8141391106044,1.9274725274725275
136.25649085,,,,,,
136.25656555,,,,,,
136.258,,,,,,
136.258443975,,,,,,
136.2603971,,,,,,
136.2604718,,,,,,
136.262350225,,,,,,
136.26239189999998,18313.0,157.14199759326112,6.36367117203354,,,
136.2633895,,,,34765.0,519.2088246481552,1.9260073260073256
136.26430335,,,,,,
136.26437805,,,,,,
136.266256475,,,,,,
136.2682096,,,,,,
136.2682843,,,,,,
136.270162725,,,,,,
136.27020439999998,18312.0,157.26816539542352,6.358565940447472,,,
136.271202,,,,34765.0,519.2088246481552,1.9260073260073256
136.27211585,,,,,,
136.27219055,,,,,,
136.274068975,,,,,,
136.2760221,,,,,,
136.2760968,,,,,,
136.277975225,,,,,,
136.278,,,,,,
136.27801689999998,18313.0,157.14199759326112,6.36367117203354,,,
136.2790145,,,,34767.0,518.4200531712876,1.9289377289377287
136.27992835,,,,,,
136.28000305,,,,,,
136.281881475,,,,,,
136.2838346,,,,,,
136.2839093,,,,,,
136.285787725,,,,,,
136.28582939999998,18312.0,157.26816539542352,6.358565940447472,,,
136.286827,,,,34766.0,518.8141391106044,1.9274725274725275
136.28774085,,,,,,
136.28781555,,,,,,
136.289693975,,,,,,
136.2916471,,,,,,
136.2917218,,,,,,
136.293600225,,,,,,
136.29364189999998,18314.0,157.0160320641283,6.368776403619608,,,
136.2946395,,,,34765.0,519.2088246481552,1.9260073260073256
136.29555335,,,,,,
136.29562805,,,,,,
136.297506475,,,,,,
136.298,,,,,,
136.2994596,,,,,,
136.2995343,,,,,,
136.301412725,,,,,,
136.30145439999998,18312.0,157.26816539542352,6.358565940447472,,,
136.302452,,,,34766.0,518.8141391106044,1.9274725274725275
136.30336585,,,,,,
136.30344055,,,,,,
136.305318975,,,,,,
136.3072721,,,,,,
136.3073468,,,,,,
136.309225225,,,,,,
136.30926689999998,18313.0,157.14199759326112,6.36367117203354,,,
136.3102645,,,,34766.0,518.8141391106044,1.9274725274725275
136.31117835,,,,,,
136.31125305,,,,,,
136.313131475,,,,,,
136.3150846,,,,,,
136.3151593,,,,,,
136.317037725,,,,,,
136.31707939999998,18313.0,157.14199759326112,6.36367117203354,,,
136.318,,,,,,
136.318077,,,,34766.0,518.8141391106044,1.9274725274725275
136.31899085,,,,,,
136.31906555,,,,,,
136.320943975,,,,,,
136.3228971,,,,,,
136.3229718,,,,,,
136.324850225,,,,,,
136.32489189999998,18313.0,157.14199759326112,6.36367117203354,,,
136.3258895,,,,34765.0,519.2088246481552,1.9260073260073256
136.32680335,,,,,,
136.32687805,,,,,,
136.328756475,,,,,,
136.3307096,,,,,,
136.3307843,,,,,,
136.332662725,,,,,,
136.33270439999998,18314.0,157.0160320641283,6.368776403619608,,,
136.333702,,,,34765.0,519.2088246481552,1.9260073260073256
136.33461585,,,,,,
136.33469055,,,,,,
136.336568975,,,,,,
136.338,,,,,,
136.3385221,,,,,,
136.3385968,,,,,,
136.340475225,,,,,,
136.34051689999998,18313.0,157.14199759326112,6.36367117203354,,,
136.3415145,,,,34766.0,518.8141391106044,1.9274725274725275
136.34242835,,,,,,
136.34250305,,,,,,
136.344381475,,,,,,
136.3463346,,,,,,
136.3464093,,,,,,
136.348287725,,,,,,
136.34832939999998,18313.0,157.14199759326112,6.36367117203354,,,
136.349327,,,,34766.0,518.8141391106044,1.9274725274725275
136.35024085,,,,,,
136.35031555,,,,,,
136.352193975,,,,,,
136.3541471,,,,,,
136.3542218,,,,,,
136.356100225,,,,,,
136.35614189999998,18314.0,157.0160320641283,6.368776403619608,,,
136.3571395,,,,34765.0,519.2088246481552,1.9260073260073256
136.358,,,,,,
136.35805335,,,,,,
136.35812805,,,,,,
136.360006475,,,,,,
136.3619596,,,,,,
136.3620343,,,,,,
136.363912725,,,,,,
136.36395439999998,18313.0,157.14199759326112,6.36367117203354,,,
136.364952,,,,34765.0,519.2088246481552,1.9260073260073256
136.36586585,,,,,,
136.36594055,,,,,,
136.367818975,,,,,,
136.3697721,,,,,,
136.3698468,,,,,,
136.371725225,,,,,,
136.37176689999998,18314.0,157.0160320641283,6.368776403619608,,,
136.3727645,,,,34765.0,519.2088246481552,1.9260073260073256
136.37367835,,,,,,
136.37375305,,,,,,
136.375631475,,,,,,
136.3775846,,,,,,
136.3776593,,,,,,
136.378,,,,,,
136.379537725,,,,,,
136.37957939999998,18314.0,157.0160320641283,6.368776403619608,,,
136.380577,,,,34766.0,518.8141391106044,1.9274725274725275
136.38149085,,,,,,
136.38156555,,,,,,
136.383443975,,,,,,
136.3853971,,,,,,
136.3854718,,,,,,
136.387350225,,,,,,
136.38739189999998,18314.0,157.0160320641283,6.368776403619608,,,
136.3883895,,,,34766.0,518.8141391106044,1.9274725274725275
136.38930335,,,,,,
136.38937805,,,,,,
136.391256475,,,,,,
136.3932096,,,,,,
136.3932843,,,,,,
136.395162725,,,,,,
136.39520439999998,18315.0,156.8902683219864,6.373881635205676,,,
136.396202,,,,34766.0,518.8141391106044,1.9274725274725275
136.39711585,,,,,,
136.39719055,,,,,,
136.398,,,,,,
136.399068975,,,,,,
136.4010221,,,,,,
136.4010968,,,,,,
136.402975225,,,,,,
136.40301689999998,18313.0,157.14199759326112,6.36367117203354,,,
136.4040145,,,,34766.0,518.8141391106044,1.9274725274725275
136.40492835,,,,,,
136.40500305,,,,,,
136.406881475,,,,,,
136.4088346,,,,,,
136.4089093,,,,,,
136.410787725,,,,,,
136.41082939999998,18314.0,157.0160320641283,6.368776403619608,,,
136.411827,,,,34766.0,518.8141391106044,1.9274725274725275
136.41274085,,,,,,
136.41281555,,,,,,
136.414693975,,,,,,
136.4166471,,,,,,
136.4167218,,,,,,
136.418,,,,,,
136.418600225,,,,,,
136.41864189999998,18314.0,157.0160320641283,6.368776403619608,,,
136.4196395,,,,34766.0,518.8141391106044,1.9274725274725275
136.42055335,,,,,,
136.42062805,,,,,,
136.422506475,,,,,,
136.4244596,,,,,,
136.4245343,,,,,,
136.426412725,,,,,,
136.42645439999998,18314.0,157.0160320641283,6.368776403619608,,,
136.427452,,,,34765.0,519.2088246481552,1.9260073260073256
136.42836585,,,,,,
136.42844055,,,,,,
136.430318975,,,,,,
136.4322721,,,,,,
136.4323468,,,,,,
136.434225225,,,,,,
136.43426689999998,18313.0,157.14199759326112,6.36367117203354,,,
136.4352645,,,,34765.0,519.2088246481552,1.9260073260073256
136.43617835,,,,,,
136.43625305,,,,,,
136.438,,,,,,
136.438131475,,,,,,
136.4400846,,,,,,
136.4401593,,,,,,
136.442037725,,,,,,
136.44207939999998,18314.0,157.0160320641283,6.368776403619608,,,
136.443077,,,,34767.0,518.4200531712876,1.9289377289377287
136.44399085,,,,,,
136.44406555,,,,,,
136.445943975,,,,,,
136.4478971,,,,,,
136.4479718,,,,,,
136.449850225,,,,,,
136.44989189999998,18314.0,157.0160320641283,6.368776403619608,,,
136.4508895,,,,34765.0,519.2088246481552,1.9260073260073256
136.45180335,,,,,,
136.45187805,,,,,,
136.453756475,,,,,,
136.4557096,,,,,,
136.4557843,,,,,,
136.457662725,,,,,,
136.45770439999998,18314.0,157.0160320641283,6.368776403619608,,,
136.458,,,,,,
136.458702,,,,34765.0,519.2088246481552,1.9260073260073256
136.45961585,,,,,,
136.45969055,,,,,,
136.461568975,,,,,,
136.4635221,,,,,,
136.4635968,,,,,,
136.465475225,,,,,,
136.46551689999998,18314.0,157.0160320641283,6.368776403619608,,,
136.4665145,,,,34765.0,519.2088246481552,1.9260073260073256
136.46742835,,,,,,
136.46750305,,,,,,
136.469381475,,,,,,
136.4713346,,,,,,
136.4714093,,,,,,
136.473287725,,,,,,
136.47332939999998,18314.0,157.0160320641283,6.368776403619608,,,
136.474327,,,,34766.0,518.8141391106044,1.9274725274725275
136.47524085,,,,,,
136.47531555,,,,,,
136.477193975,,,,,,
136.478,,,,,,
136.4791471,,,,,,
136.4792218,,,,,,
136.481100225,,,,,,
136.48114189999998,18314.0,157.0160320641283,6.368776403619608,,,
136.4821395,,,,34766.0,518.8141391106044,1.9274725274725275
136.48305335,,,,,,
136.48312805,,,,,,
136.485006475,,,,,,
136.4869596,,,,,,
136.4870343,,,,,,
136.488912725,,,,,,
136.48895439999998,18315.0,156.8902683219864,6.373881635205676,,,
136.489952,,,,34766.0,518.8141391106044,1.9274725274725275
136.49086585,,,,,,
136.49094055,,,,,,
136.492818975,,,,,,
136.4947721,,,,,,
136.4948468,,,,,,
136.496725225,,,,,,
136.49676689999998,18315.0,156.8902683219864,6.373881635205676,,,
136.4977645,,,,34765.0,519.2088246481552,1.9260073260073256
136.498,,,,,,
136.49867835,,,,,,
136.49875305,,,,,,
136.500631475,,,,,,
136.5025846,,,,,,
136.5026593,,,,,,
136.504537725,,,,,,
136.50457939999998,18315.0,156.8902683219864,6.373881635205676,,,
136.505577,,,,34766.0,518.8141391106044,1.9274725274725275
136.50649085,,,,,,
136.50656555,,,,,,
136.508443975,,,,,,
136.5103971,,,,,,
136.5104718,,,,,,
136.512350225,,,,,,
136.51239189999998,18314.0,157.0160320641283,6.368776403619608,,,
136.5133895,,,,34765.0,519.2088246481552,1.9260073260073256
136.51430335,,,,,,
136.51437805,,,,,,
136.516256475,,,,,,
136.518,,,,,,
136.5182096,,,,,,
136.5182843,,,,,,
136.520162725,,,,,,
136.52020439999998,18315.0,156.8902683219864,6.373881635205676,,,
136.521202,,,,34766.0,518.8141391106044,1.9274725274725275
136.52211585,,,,,,
136.52219055,,,,,,
136.524068975,,,,,,
136.5260221,,,,,,
136.5260968,,,,,,
136.527975225,,,,,,
136.52801689999998,18314.0,157.0160320641283,6.368776403619608,,,
136.5290145,,,,34766.0,518.8141391106044,1.9274725274725275
136.52992835,,,,,,
136.53000305,,,,,,
136.531881475,,,,,,
136.5338346,,,,,,
136.5339093,,,,,,
136.535787725,,,,,,
136.53582939999998,18314.0,157.0160320641283,6.368776403619608,,,
136.536827,,,,34766.0,518.8141391106044,1.9274725274725275
136.53774085,,,,,,
136.53781555,,,,,,
136.538,,,,,,
136.539693975,,,,,,
136.5416471,,,,,,
136.5417218,,,,,,
136.543600225,,,,,,
136.54364189999998,18315.0,156.8902683219864,6.373881635205676,,,
136.5446395,,,,34766.0,518.8141391106044,1.9274725274725275
136.54555335,,,,,,
136.54562805,,,,,,
136.547506475,,,,,,
136.5494596,,,,,,
136.5495343,,,,,,
136.551412725,,,,,,
136.55145439999998,18314.0,157.0160320641283,6.368776403619608,,,
136.552452,,,,34766.0,518.8141391106044,1.9274725274725275
136.55336585,,,,,,
136.55344055,,,,,,
136.555318975,,,,,,
136.5572721,,,,,,
136.5573468,,,,,,
136.558,,,,,,
136.559225225,,,,,,
136.55926689999998,18314.0,157.0160320641283,6.368776403619608,,,
136.5602645,,,,34766.0,518.8141391106044,1.9274725274725275
136.56117835,,,,,,
136.56125305,,,,,,
136.563131475,,,,,,
136.5650846,,,,,,
136.5651593,,,,,,
136.567037725,,,,,,
136.56707939999998,18315.0,156.8902683219864,6.373881635205676,,,
136.568077,,,,34766.0,518.8141391106044,1.9274725274725275
136.56899085,,,,,,
136.56906555,,,,,,
136.570943975,,,,,,
136.5728971,,,,,,
136.5729718,,,,,,
136.574850225,,,,,,
136.57489189999998,18316.0,156.76470588235296,6.378986866791744,,,
136.5758895,,,,34766.0,518.8141391106044,1.9274725274725275
136.57680335,,,,,,
136.57687805,,,,,,
136.578,,,,,,
136.578756475,,,,,,
136.5807096,,,,,,
136.5807843,,,,,,
136.582662725,,,,,,
136.58270439999998,18315.0,156.8902683219864,6.373881635205676,,,
136.583702,,,,34765.0,519.2088246481552,1.9260073260073256
136.58461585,,,,,,
136.58469055,,,,,,
136.586568975,,,,,,
136.5885221,,,,,,
136.5885968,,,,,,
136.590475225,,,,,,
136.59051689999998,18315.0,156.8902683219864,6.373881635205676,,,
136.5915145,,,,34766.0,518.8141391106044,1.9274725274725275
136.59242835,,,,,,
136.59250305,,,,,,
136.594381475,,,,,,
136.5963346,,,,,,
136.5964093,,,,,,
136.598,,,,,,
136.598287725,,,,,,
136.59832939999998,18315.0,156.8902683219864,6.373881635205676,,,
136.599327,,,,34767.0,518.4200531712876,1.9289377289377287
136.60024085,,,,,,
136.60031555,,,,,,
136.602193975,,,,,,
136.6041471,,,,,,
136.6042218,,,,,,
136.606100225,,,,,,
136.60614189999998,18315.0,156.8902683219864,6.373881635205676,,,
136.6071395,,,,34766.0,518.8141391106044,1.9274725274725275
136.60805335,,,,,,
136.60812805,,,,,,
136.610006475,,,,,,
136.6119596,,,,,,
136.6120343,,,,,,
136.613912725,,,,,,
136.61395439999998,18315.0,156.8902683219864,6.373881635205676,,,
136.614952,,,,34766.0,518.8141391106044,1.9274725274725275
136.61586585,,,,,,
136.61594055,,,,,,
136.617,,,,,,
136.617818975,,,,,,
136.6197721,,,,,,
136.6198468,,,,,,
136.621725225,,,,,,
136.62176689999998,18314.0,157.0160320641283,6.368776403619608,,,
136.6227645,,,,34765.0,519.2088246481552,1.9260073260073256
136.62367835,,,,,,
136.62375305,,,,,,
136.625631475,,,,,,
136.6275846,,,,,,
136.6276593,,,,,,
136.629537725,,,,,,
136.62957939999998,18314.0,157.0160320641283,6.368776403619608,,,
136.630577,,,,34766.0,518.8141391106044,1.9274725274725275
136.63149085,,,,,,
136.63156555,,,,,,
136.633443975,,,,,,
136.6353971,,,,,,
136.6354718,,,,,,
136.637,,,,,,
136.637350225,,,,,,
136.63739189999998,18315.0,156.8902683219864,6.373881635205676,,,
136.6383895,,,,34766.0,518.8141391106044,1.9274725274725275
136.63930335,,,,,,
136.63937805,,,,,,
136.641256475,,,,,,
136.6432096,,,,,,
136.6432843,,,,,,
136.645162725,,,,,,
136.64520439999998,18315.0,156.8902683219864,6.373881635205676,,,
136.646202,,,,34766.0,518.8141391106044,1.9274725274725275
136.64711585,,,,,,
136.64719055,,,,,,
136.649068975,,,,,,
136.6510221,,,,,,
136.6510968,,,,,,
136.652975225,,,,,,
136.65301689999998,18315.0,156.8902683219864,6.373881635205676,,,
136.6540145,,,,34767.0,518.4200531712876,1.9289377289377287
136.65492835,,,,,,
136.65500305,,,,,,
136.656881475,,,,,,
136.657,,,,,,
136.6588346,,,,,,
136.6589093,,,,,,
136.660787725,,,,,,
136.66082939999998,18314.0,157.0160320641283,6.368776403619608,,,
136.661827,,,,34766.0,518.8141391106044,1.9274725274725275
136.66274085,,,,,,
136.66281555,,,,,,
136.664693975,,,,,,
136.6666471,,,,,,
136.6667218,,,,,,
136.668600225,,,,,,
136.66864189999998,18316.0,156.76470588235296,6.378986866791744,,,
136.6696395,,,,34766.0,518.8141391106044,1.9274725274725275
136.67055335,,,,,,
136.67062805,,,,,,
136.672506475,,,,,,
136.6744596,,,,,,
136.6745343,,,,,,
136.676412725,,,,,,
136.67645439999998,18315.0,156.8902683219864,6.373881635205676,,,
136.677,,,,,,
136.677452,,,,34766.0,518.8141391106044,1.9274725274725275
136.67836585,,,,,,
136.67844055,,,,,,
136.680318975,,,,,,
136.6822721,,,,,,
136.6823468,,,,,,
136.684225225,,,,,,
136.68426689999998,18315.0,156.8902683219864,6.373881635205676,,,
136.6852645,,,,34766.0,518.8141391106044,1.9274725274725275
136.68617835,,,,,,
136.68625305,,,,,,
136.688131475,,,,,,
136.6900846,,,,,,
136.6901593,,,,,,
136.692037725,,,,,,
136.69207939999998,18314.0,157.0160320641283,6.368776403619608,,,
136.693077,,,,34766.0,518.8141391106044,1.9274725274725275
136.69399085,,,,,,
136.69406555,,,,,,
136.695943975,,,,,,
136.697,,,,,,
136.6978971,,,,,,
136.6979718,,,,,,
136.699850225,,,,,,
136.69989189999998,18315.0,156.8902683219864,6.373881635205676,,,
136.7008895,,,,34767.0,518.4200531712876,1.9289377289377287
136.70180335,,,,,,
136.70187805,,,,,,
136.703756475,,,,,,
136.7057096,,,,,,
136.7057843,,,,,,
136.707662725,,,,,,
136.70770439999998,18315.0,156.8902683219864,6.373881635205676,,,
136.708702,,,,34766.0,518.8141391106044,1.9274725274725275
136.70961585,,,,,,
136.70969055,,,,,,
136.711568975,,,,,,
136.7135221,,,,,,
136.7135968,,,,,,
136.715475225,,,,,,
136.71551689999998,18315.0,156.8902683219864,6.373881635205676,,,
136.7165145,,,,34766.0,518.8141391106044,1.9274725274725275
136.717,,,,,,
136.71742835,,,,,,
136.71750305,,,,,,
136.719381475,,,,,,
136.7213346,,,,,,
136.7214093,,,,,,
136.723287725,,,,,,
136.72332939999998,18315.0,156.8902683219864,6.373881635205676,,,
136.724327,,,,34766.0,518.8141391106044,1.9274725274725275
136.72524085,,,,,,
136.72531555,,,,,,
136.727193975,,,,,,
136.7291471,,,,,,
136.7292218,,,,,,
136.731100225,,,,,,
136.73114189999998,18315.0,156.8902683219864,6.373881635205676,,,
136.7321395,,,,34766.0,518.8141391106044,1.9274725274725275
136.73305335,,,,,,
136.73312805,,,,,,
136.735006475,,,,,,
136.7369596,,,,,,
136.737,,,,,,
136.7370343,,,,,,
136.738912725,,,,,,
136.73895439999998,18315.0,156.8902683219864,6.373881635205676,,,
136.739952,,,,34765.0,519.2088246481552,1.9260073260073256
136.74086585,,,,,,
136.74094055,,,,,,
136.742818975,,,,,,
136.7447721,,,,,,
136.7448468,,,,,,
136.746725225,,,,,,
136.74676689999998,18316.0,156.76470588235296,6.378986866791744,,,
136.7477645,,,,34766.0,518.8141391106044,1.9274725274725275
136.74867835,,,,,,
136.74875305,,,,,,
136.750631475,,,,,,
136.7525846,,,,,,
136.7526593,,,,,,
136.754537725,,,,,,
136.75457939999998,18317.0,156.63934426229514,6.384092098377812,,,
136.755577,,,,34767.0,518.4200531712876,1.9289377289377287
136.75649085,,,,,,
136.75656555,,,,,,
136.757,,,,,,
136.758443975,,,,,,
136.7603971,,,,,,
136.7604718,,,,,,
136.762350225,,,,,,
136.76239189999998,18316.0,156.76470588235296,6.378986866791744,,,
136.7633895,,,,34766.0,518.8141391106044,1.9274725274725275
136.76430335,,,,,,
136.76437805,,,,,,
136.766256475,,,,,,
136.7682096,,,,,,
136.7682843,,,,,,
136.770162725,,,,,,
136.77020439999998,18315.0,156.8902683219864,6.373881635205676,,,
136.771202,,,,34766.0,518.8141391106044,1.9274725274725275
136.77211585,,,,,,
136.77219055,,,,,,
136.774068975,,,,,,
136.7760221,,,,,,
136.7760968,,,,,,
136.777,,,,,,
136.777975225,,,,,,
136.77801689999998,18315.0,156.8902683219864,6.373881635205676,,,
136.7790145,,,,34765.0,519.2088246481552,1.9260073260073256
136.77992835,,,,,,
136.78000305,,,,,,
136.781881475,,,,,,
136.7838346,,,,,,
136.7839093,,,,,,
136.785787725,,,,,,
136.78582939999998,18314.0,157.0160320641283,6.368776403619608,,,
136.786827,,,,34767.0,518.4200531712876,1.9289377289377287
136.78774085,,,,,,
136.78781555,,,,,,
136.789693975,,,,,,
136.7916471,,,,,,
136.7917218,,,,,,
136.793600225,,,,,,
136.79364189999998,18315.0,156.8902683219864,6.373881635205676,,,
136.7946395,,,,34765.0,519.2088246481552,1.9260073260073256
136.79555335,,,,,,
136.79562805,,,,,,
136.797,,,,,,
136.797506475,,,,,,
136.7994596,,,,,,
136.7995343,,,,,,
136.801412725,,,,,,
136.80145439999998,18316.0,156.76470588235296,6.378986866791744,,,
136.802452,,,,34766.0,518.8141391106044,1.9274725274725275
136.80336585,,,,,,
136.80344055,,,,,,
136.805318975,,,,,,
136.8072721,,,,,,
136.8073468,,,,,,
136.809225225,,,,,,
136.80926689999998,18315.0,156.8902683219864,6.373881635205676,,,
136.8102645,,,,34765.0,519.2088246481552,1.9260073260073256
136.81117835,,,,,,
136.81125305,,,,,,
136.813131475,,,,,,
136.8150846,,,,,,
136.8151593,,,,,,
136.817,,,,,,
136.817037725,,,,,,
136.81707939999998,18315.0,156.8902683219864,6.373881635205676,,,
136.818077,,,,34766.0,518.8141391106044,1.9274725274725275
136.81899085,,,,,,
136.81906555,,,,,,
136.820943975,,,,,,
136.8228971,,,,,,
136.8229718,,,,,,
136.824850225,,,,,,
136.82489189999998,18316.0,156.76470588235296,6.378986866791744,,,
136.8258895,,,,34766.0,518.8141391106044,1.9274725274725275
136.82680335,,,,,,
136.82687805,,,,,,
136.828756475,,,,,,
136.8307096,,,,,,
136.8307843,,,,,,
136.8313697,,,,,,
136.832662725,,,,,,
136.83270439999998,18315.0,156.8902683219864,6.373881635205676,,,
136.833702,,,,34766.0,518.8141391106044,1.9274725274725275
136.83461585,,,,,,
136.83469055,,,,,,
136.836568975,,,,,,
136.837,,,,,,
136.8385221,,,,,,
136.8385968,,,,,,
136.840475225,,,,,,
136.84051689999998,18316.0,156.76470588235296,6.378986866791744,,,
136.8415145,,,,34766.0,518.8141391106044,1.9274725274725275
136.84242835,,,,,,
136.84250305,,,,,,
136.844381475,,,,,,
136.8463346,,,,,,
136.8464093,,,,,,
136.848287725,,,,,,
136.84832939999998,18316.0,156.76470588235296,6.378986866791744,,,
136.849327,,,,34766.0,518.8141391106044,1.9274725274725275
136.85024085,,,,,,
136.85031555,,,,,,
136.852193975,,,,,,
136.8541471,,,,,,
136.8542218,,,,,,
136.856100225,,,,,,
136.85614189999998,18316.0,156.76470588235296,6.378986866791744,,,
136.857,,,,,,
136.8571395,,,,34766.0,518.8141391106044,1.9274725274725275
136.85805335,,,,,,
136.85812805,,,,,,
136.860006475,,,,,,
136.8619596,,,,,,
136.8620343,,,,,,
136.863912725,,,,,,
136.86395439999998,18316.0,156.76470588235296,6.378986866791744,,,
136.864952,,,,34765.0,519.2088246481552,1.9260073260073256
136.86586585,,,,,,
136.86594055,,,,,,
136.867818975,,,,,,
136.8697721,,,,,,
136.8698468,,,,,,
136.871725225,,,,,,
136.87176689999998,18315.0,156.8902683219864,6.373881635205676,,,
136.8727645,,,,34766.0,518.8141391106044,1.9274725274725275
136.87367835,,,,,,
136.87375305,,,,,,
136.875631475,,,,,,
136.877,,,,,,
136.8775846,,,,,,
136.8776593,,,,,,
136.879537725,,,,,,
136.87957939999998,18315.0,156.8902683219864,6.373881635205676,,,
136.880577,,,,34766.0,518.8141391106044,1.9274725274725275
136.88149085,,,,,,
136.88156555,,,,,,
136.883443975,,,,,,
136.8853971,,,,,,
136.8854718,,,,,,
136.887350225,,,,,,
136.88739189999998,18317.0,156.63934426229514,6.384092098377812,,,
136.8883895,,,,34766.0,518.8141391106044,1.9274725274725275
136.88930335,,,,,,
136.88937805,,,,,,
136.891256475,,,,,,
136.8932096,,,,,,
136.8932843,,,,,,
136.895162725,,,,,,
136.89520439999998,18316.0,156.76470588235296,6.378986866791744,,,
136.896202,,,,34767.0,518.4200531712876,1.9289377289377287
136.897,,,,,,
136.89711585,,,,,,
136.89719055,,,,,,
136.899068975,,,,,,
136.9010221,,,,,,
136.9010968,,,,,,
136.902975225,,,,,,
136.90301689999998,18316.0,156.76470588235296,6.378986866791744,,,
136.9040145,,,,34766.0,518.8141391106044,1.9274725274725275
136.90492835,,,,,,
136.90500305,,,,,,
136.906881475,,,,,,
136.9088346,,,,,,
136.9089093,,,,,,
136.910787725,,,,,,
136.91082939999998,18316.0,156.76470588235296,6.378986866791744,,,
136.911827,,,,34767.0,518.4200531712876,1.9289377289377287
136.91274085,,,,,,
136.91281555,,,,,,
136.914693975,,,,,,
136.9166471,,,,,,
136.9167218,,,,,,
136.917,,,,,,
136.918600225,,,,,,
136.91864189999998,18317.0,156.63934426229514,6.384092098377812,,,
136.9196395,,,,34766.0,518.8141391106044,1.9274725274725275
136.92055335,,,,,,
136.92062805,,,,,,
136.922506475,,,,,,
136.9244596,,,,,,
136.9245343,,,,,,
136.926412725,,,,,,
136.92645439999998,18316.0,156.76470588235296,6.378986866791744,,,
136.927452,,,,34766.0,518.8141391106044,1.9274725274725275
136.92836585,,,,,,
136.92844055,,,,,,
136.930318975,,,,,,
136.9322721,,,,,,
136.9323468,,,,,,
136.934225225,,,,,,
136.93426689999998,18316.0,156.76470588235296,6.378986866791744,,,
136.9352645,,,,34766.0,518.8141391106044,1.9274725274725275
136.93617835,,,,,,
136.93625305,,,,,,
136.937,,,,,,
136.938131475,,,,,,
136.9400846,,,,,,
136.9401593,,,,,,
136.942037725,,,,,,
136.94207939999998,18317.0,156.63934426229514,6.384092098377812,,,
136.943077,,,,34766.0,518.8141391106044,1.9274725274725275
136.94399085,,,,,,
136.94406555,,,,,,
136.945943975,,,,,,
136.9478971,,,,,,
136.9479718,,,,,,
136.949850225,,,,,,
136.94989189999998,18317.0,156.63934426229514,6.384092098377812,,,
136.9508895,,,,34766.0,518.8141391106044,1.9274725274725275
136.95180335,,,,,,
136.95187805,,,,,,
136.953756475,,,,,,
136.9557096,,,,,,
136.9557843,,,,,,
136.957,,,,,,
136.957662725,,,,,,
136.95770439999998,18316.0,156.76470588235296,6.378986866791744,,,
136.958702,,,,34766.0,518.8141391106044,1.9274725274725275
136.95961585,,,,,,
136.95969055,,,,,,
136.961568975,,,,,,
136.9635221,,,,,,
136.9635968,,,,,,
136.965475225,,,,,,
136.96551689999998,18316.0,156.76470588235296,6.378986866791744,,,
136.9665145,,,,34767.0,518.4200531712876,1.9289377289377287
136.96742835,,,,,,
136.96750305,,,,,,
136.969381475,,,,,,
136.9713346,,,,,,
136.9714093,,,,,,
136.973287725,,,,,,
136.97332939999998,18316.0,156.76470588235296,6.378986866791744,,,
136.974327,,,,34767.0,518.4200531712876,1.9289377289377287
136.97524085,,,,,,
136.97531555,,,,,,
136.977,,,,,,
136.977193975,,,,,,
136.9791471,,,,,,
136.9792218,,,,,,
136.981100225,,,,,,
136.98114189999998,18317.0,156.63934426229514,6.384092098377812,,,
136.9821395,,,,34766.0,518.8141391106044,1.9274725274725275
136.98305335,,,,,,
136.98312805,,,,,,
136.985006475,,,,,,
136.9869596,,,,,,
136.9870343,,,,,,
136.988912725,,,,,,
136.98895439999998,18317.0,156.63934426229514,6.384092098377812,,,
136.989952,,,,34767.0,518.4200531712876,1.9289377289377287
136.99086585,,,,,,
136.99094055,,,,,,
136.992818975,,,,,,
136.9947721,,,,,,
136.9948468,,,,,,
136.996725225,,,,,,
136.99676689999998,18318.0,156.51418298042353,6.38919732996388,,,
136.997,,,,,,
136.9977645,,,,34766.0,518.8141391106044,1.9274725274725275
136.99867835,,,,,,
136.99875305,,,,,,
137.000631475,,,,,,
137.0025846,,,,,,
137.0026593,,,,,,
137.004537725,,,,,,
137.00457939999998,18316.0,156.76470588235296,6.378986866791744,,,
137.005577,,,,34767.0,518.4200531712876,1.9289377289377287
137.00649085,,,,,,
137.00656555,,,,,,
137.008443975,,,,,,
137.0103971,,,,,,
137.0104718,,,,,,
137.012350225,,,,,,
137.01239189999998,18317.0,156.63934426229514,6.384092098377812,,,
137.0133895,,,,34767.0,518.4200531712876,1.9289377289377287
137.01430335,,,,,,
137.01437805,,,,,,
137.016256475,,,,,,
137.017,,,,,,
137.0182096,,,,,,
137.0182843,,,,,,
137.020162725,,,,,,
137.02020439999998,18316.0,156.76470588235296,6.378986866791744,,,
137.021202,,,,34766.0,518.8141391106044,1.9274725274725275
137.02211585,,,,,,
137.02219055,,,,,,
137.024068975,,,,,,
137.0260221,,,,,,
137.0260968,,,,,,
137.027975225,,,,,,
137.02801689999998,18316.0,156.76470588235296,6.378986866791744,,,
137.0290145,,,,34766.0,518.8141391106044,1.9274725274725275
137.02992835,,,,,,
137.03000305,,,,,,
137.031881475,,,,,,
137.0338346,,,,,,
137.0339093,,,,,,
137.035787725,,,,,,
137.03582939999998,18316.0,156.76470588235296,6.378986866791744,,,
137.036827,,,,34767.0,518.4200531712876,1.9289377289377287
137.037,,,,,,
137.03774085,,,,,,
137.03781555,,,,,,
137.039693975,,,,,,
137.0416471,,,,,,
137.0417218,,,,,,
137.043600225,,,,,,
137.04364189999998,18317.0,156.63934426229514,6.384092098377812,,,
137.0446395,,,,34766.0,518.8141391106044,1.9274725274725275
137.04555335,,,,,,
137.04562805,,,,,,
137.047506475,,,,,,
137.0494596,,,,,,
137.0495343,,,,,,
137.051412725,,,,,,
137.05145439999998,18318.0,156.51418298042353,6.38919732996388,,,
137.052452,,,,34767.0,518.4200531712876,1.9289377289377287
137.05336585,,,,,,
137.05344055,,,,,,
137.055318975,,,,,,
137.057,,,,,,
137.0572721,,,,,,
137.0573468,,,,,,
137.059225225,,,,,,
137.05926689999998,18317.0,156.63934426229514,6.384092098377812,,,
137.0602645,,,,34766.0,518.8141391106044,1.9274725274725275
137.06117835,,,,,,
137.06125305,,,,,,
137.063131475,,,,,,
137.0650846,,,,,,
137.0651593,,,,,,
137.067037725,,,,,,
137.06707939999998,18317.0,156.63934426229514,6.384092098377812,,,
137.068077,,,,34767.0,518.4200531712876,1.9289377289377287
137.06899085,,,,,,
137.06906555,,,,,,
137.070943975,,,,,,
137.0728971,,,,,,
137.0729718,,,,,,
137.074850225,,,,,,
137.07489189999998,18317.0,156.63934426229514,6.384092098377812,,,
137.0758895,,,,34766.0,518.8141391106044,1.9274725274725275
137.07680335,,,,,,
137.07687805,,,,,,
137.077,,,,,,
137.078756475,,,,,,
137.0807096,,,,,,
137.0807843,,,,,,
137.082662725,,,,,,
137.08270439999998,18317.0,156.63934426229514,6.384092098377812,,,
137.083702,,,,34767.0,518.4200531712876,1.9289377289377287
137.08461585,,,,,,
137.08469055,,,,,,
137.086568975,,,,,,
137.0885221,,,,,,
137.0885968,,,,,,
137.090475225,,,,,,
137.09051689999998,18317.0,156.63934426229514,6.384092098377812,,,
137.0915145,,,,34766.0,518.8141391106044,1.9274725274725275
137.09242835,,,,,,
137.09250305,,,,,,
137.094381475,,,,,,
137.0963346,,,,,,
137.0964093,,,,,,
137.097,,,,,,
137.098287725,,,,,,
137.09832939999998,18317.0,156.63934426229514,6.384092098377812,,,
137.099327,,,,34766.0,518.8141391106044,1.9274725274725275
137.10024085,,,,,,
137.10031555,,,,,,
137.102193975,,,,,,
137.1041471,,,,,,
137.1042218,,,,,,
137.106100225,,,,,,
137.10614189999998,18318.0,156.51418298042353,6.38919732996388,,,
137.1071395,,,,34766.0,518.8141391106044,1.9274725274725275
137.10805335,,,,,,
137.10812805,,,,,,
137.110006475,,,,,,
137.1119596,,,,,,
137.1120343,,,,,,
137.113912725,,,,,,
137.11395439999998,18317.0,156.63934426229514,6.384092098377812,,,
137.114952,,,,34766.0,518.8141391106044,1.9274725274725275
137.11586585,,,,,,
137.11594055,,,,,,
137.117,,,,,,
137.117818975,,,,,,
137.1197721,,,,,,
137.1198468,,,,,,
137.121725225,,,,,,
137.12176689999998,18318.0,156.51418298042353,6.38919732996388,,,
137.1227645,,,,34766.0,518.8141391106044,1.9274725274725275
137.12367835,,,,,,
137.12375305,,,,,,
137.125631475,,,,,,
137.1275846,,,,,,
137.1276593,,,,,,
137.129537725,,,,,,
137.12957939999998,18317.0,156.63934426229514,6.384092098377812,,,
137.130577,,,,34767.0,518.4200531712876,1.9289377289377287
137.13149085,,,,,,
137.13156555,,,,,,
137.133443975,,,,,,
137.1353971,,,,,,
137.1354718,,,,,,
137.137,,,,,,
137.137350225,,,,,,
137.13739189999998,18318.0,156.51418298042353,6.38919732996388,,,
137.1383895,,,,34766.0,518.8141391106044,1.9274725274725275
137.13930335,,,,,,
137.13937805,,,,,,
137.141256475,,,,,,
137.1432096,,,,,,
137.1432843,,,,,,
137.145162725,,,,,,
137.14520439999998,18317.0,156.63934426229514,6.384092098377812,,,
137.146202,,,,34767.0,518.4200531712876,1.9289377289377287
137.14711585,,,,,,
137.14719055,,,,,,
137.149068975,,,,,,
137.1510221,,,,,,
137.1510968,,,,,,
137.152975225,,,,,,
137.15301689999998,18317.0,156.63934426229514,6.384092098377812,,,
137.1540145,,,,34767.0,518.4200531712876,1.9289377289377287
137.15492835,,,,,,
137.15500305,,,,,,
137.156881475,,,,,,
137.157,,,,,,
137.1588346,,,,,,
137.1589093,,,,,,
137.160787725,,,,,,
137.16082939999998,18317.0,156.63934426229514,6.384092098377812,,,
137.161827,,,,34766.0,518.8141391106044,1.9274725274725275
137.16274085,,,,,,
137.16281555,,,,,,
137.164693975,,,,,,
137.1666471,,,,,,
137.1667218,,,,,,
137.168600225,,,,,,
137.16864189999998,18318.0,156.51418298042353,6.38919732996388,,,
137.1696395,,,,34767.0,518.4200531712876,1.9289377289377287
137.17055335,,,,,,
137.17062805,,,,,,
137.172506475,,,,,,
137.1744596,,,,,,
137.1745343,,,,,,
137.176412725,,,,,,
137.17645439999998,18317.0,156.63934426229514,6.384092098377812,,,
137.177,,,,,,
137.177452,,,,34767.0,518.4200531712876,1.9289377289377287
137.17836585,,,,,,
137.17844055,,,,,,
137.180318975,,,,,,
137.1822721,,,,,,
137.1823468,,,,,,
137.184225225,,,,,,
137.18426689999998,18318.0,156.51418298042353,6.38919732996388,,,
137.1852645,,,,34766.0,518.8141391106044,1.9274725274725275
137.18617835,,,,,,
137.18625305,,,,,,
137.188131475,,,,,,
137.1900846,,,,,,
137.1901593,,,,,,
137.192037725,,,,,,
137.19207939999998,18318.0,156.51418298042353,6.38919732996388,,,
137.193077,,,,34767.0,518.4200531712876,1.9289377289377287
137.19399085,,,,,,
137.19406555,,,,,,
137.195943975,,,,,,
137.197,,,,,,
137.1978971,,,,,,
137.1979718,,,,,,
137.199850225,,,,,,
137.19989189999998,18318.0,156.51418298042353,6.38919732996388,,,
137.2008895,,,,34766.0,518.8141391106044,1.9274725274725275
137.20180335,,,,,,
137.20187805,,,,,,
137.203756475,,,,,,
137.2057096,,,,,,
137.2057843,,,,,,
137.207662725,,,,,,
137.20770439999998,18317.0,156.63934426229514,6.384092098377812,,,
137.208702,,,,34766.0,518.8141391106044,1.9274725274725275
137.20961585,,,,,,
137.20969055,,,,,,
137.211568975,,,,,,
137.2135221,,,,,,
137.2135968,,,,,,
137.215475225,,,,,,
137.21551689999998,18317.0,156.63934426229514,6.384092098377812,,,
137.2165145,,,,34766.0,518.8141391106044,1.9274725274725275
137.217,,,,,,
137.21742835,,,,,,
137.21750305,,,,,,
137.219381475,,,,,,
137.2213346,,,,,,
137.2214093,,,,,,
137.223287725,,,,,,
137.22332939999998,18318.0,156.51418298042353,6.38919732996388,,,
137.224327,,,,34767.0,518.4200531712876,1.9289377289377287
137.22524085,,,,,,
137.22531555,,,,,,
137.227193975,,,,,,
137.2291471,,,,,,
137.2292218,,,,,,
137.231100225,,,,,,
137.23114189999998,18318.0,156.51418298042353,6.38919732996388,,,
137.2321395,,,,34767.0,518.4200531712876,1.9289377289377287
137.23305335,,,,,,
137.23312805,,,,,,
137.235006475,,,,,,
137.2369596,,,,,,
137.237,,,,,,
137.2370343,,,,,,
137.238912725,,,,,,
137.23895439999998,18318.0,156.51418298042353,6.38919732996388,,,
137.239952,,,,34767.0,518.4200531712876,1.9289377289377287
137.24086585,,,,,,
137.24094055,,,,,,
137.242818975,,,,,,
137.2447721,,,,,,
137.2448468,,,,,,
137.246725225,,,,,,
137.24676689999998,18318.0,156.51418298042353,6.38919732996388,,,
137.2477645,,,,34766.0,518.8141391106044,1.9274725274725275
137.24867835,,,,,,
137.24875305,,,,,,
137.250631475,,,,,,
137.2525846,,,,,,
137.2526593,,,,,,
137.254537725,,,,,,
137.25457939999998,18317.0,156.63934426229514,6.384092098377812,,,
137.255577,,,,34767.0,518.4200531712876,1.9289377289377287
137.25649085,,,,,,
137.25656555,,,,,,
137.257,,,,,,
137.258443975,,,,,,
137.2603971,,,,,,
137.2604718,,,,,,
137.262350225,,,,,,
137.26239189999998,18318.0,156.51418298042353,6.38919732996388,,,
137.2633895,,,,34766.0,518.8141391106044,1.9274725274725275
137.26430335,,,,,,
137.26437805,,,,,,
137.266256475,,,,,,
137.2682096,,,,,,
137.2682843,,,,,,
137.270162725,,,,,,
137.27020439999998,18317.0,156.63934426229514,6.384092098377812,,,
137.271202,,,,34766.0,518.8141391106044,1.9274725274725275
137.27211585,,,,,,
137.27219055,,,,,,
137.274068975,,,,,,
137.2760221,,,,,,
137.2760968,,,,,,
137.277,,,,,,
137.277975225,,,,,,
137.27801689999998,18316.0,156.76470588235296,6.378986866791744,,,
137.2790145,,,,34766.0,518.8141391106044,1.9274725274725275
137.27992835,,,,,,
137.28000305,,,,,,
137.281881475,,,,,,
137.2838346,,,,,,
137.2839093,,,,,,
137.285787725,,,,,,
137.28582939999998,18317.0,156.63934426229514,6.384092098377812,,,
137.286827,,,,34766.0,518.8141391106044,1.9274725274725275
137.28774085,,,,,,
137.28781555,,,,,,
137.289693975,,,,,,
137.2916471,,,,,,
137.2917218,,,,,,
137.293600225,,,,,,
137.29364189999998,18317.0,156.63934426229514,6.384092098377812,,,
137.2946395,,,,34767.0,518.4200531712876,1.9289377289377287
137.29555335,,,,,,
137.29562805,,,,,,
137.297,,,,,,
137.297506475,,,,,,
137.2994596,,,,,,
137.2995343,,,,,,
137.301412725,,,,,,
137.30145439999998,18317.0,156.63934426229514,6.384092098377812,,,
137.302452,,,,34766.0,518.8141391106044,1.9274725274725275
137.30336585,,,,,,
137.30344055,,,,,,
137.305318975,,,,,,
137.3072721,,,,,,
137.3073468,,,,,,
137.309225225,,,,,,
137.30926689999998,18317.0,156.63934426229514,6.384092098377812,,,
137.3102645,,,,34766.0,518.8141391106044,1.9274725274725275
137.31117835,,,,,,
137.31125305,,,,,,
137.313131475,,,,,,
137.3150846,,,,,,
137.3151593,,,,,,
137.317,,,,,,
137.317037725,,,,,,
137.31707939999998,18316.0,156.76470588235296,6.378986866791744,,,
137.318077,,,,34767.0,518.4200531712876,1.9289377289377287
137.31899085,,,,,,
137.31906555,,,,,,
137.320943975,,,,,,
137.3228971,,,,,,
137.3229718,,,,,,
137.324850225,,,,,,
137.32489189999998,18318.0,156.51418298042353,6.38919732996388,,,
137.3258895,,,,34766.0,518.8141391106044,1.9274725274725275
137.32680335,,,,,,
137.32687805,,,,,,
137.328756475,,,,,,
137.3307096,,,,,,
137.3307843,,,,,,
137.332662725,,,,,,
137.33270439999998,18317.0,156.63934426229514,6.384092098377812,,,
137.333702,,,,34767.0,518.4200531712876,1.9289377289377287
137.33461585,,,,,,
137.33469055,,,,,,
137.336568975,,,,,,
137.337,,,,,,
137.3385221,,,,,,
137.3385968,,,,,,
137.340475225,,,,,,
137.34051689999998,18318.0,156.51418298042353,6.38919732996388,,,
137.3415145,,,,34766.0,518.8141391106044,1.9274725274725275
137.34242835,,,,,,
137.34250305,,,,,,
137.344381475,,,,,,
137.3463346,,,,,,
137.3464093,,,,,,
137.348287725,,,,,,
137.34832939999998,18317.0,156.63934426229514,6.384092098377812,,,
137.349327,,,,34766.0,518.8141391106044,1.9274725274725275
137.35024085,,,,,,
137.35031555,,,,,,
137.352193975,,,,,,
137.3541471,,,,,,
137.3542218,,,,,,
137.356100225,,,,,,
137.35614189999998,18318.0,156.51418298042353,6.38919732996388,,,
137.357,,,,,,
137.3571395,,,,34767.0,518.4200531712876,1.9289377289377287
137.35805335,,,,,,
137.35812805,,,,,,
137.360006475,,,,,,
137.3619596,,,,,,
137.3620343,,,,,,
137.363912725,,,,,,
137.36395439999998,18318.0,156.51418298042353,6.38919732996388,,,
137.364952,,,,34766.0,518.8141391106044,1.9274725274725275
137.36586585,,,,,,
137.36594055,,,,,,
137.367818975,,,,,,
137.3697721,,,,,,
137.3698468,,,,,,
137.371725225,,,,,,
137.37176689999998,18318.0,156.51418298042353,6.38919732996388,,,
137.3727645,,,,34766.0,518.8141391106044,1.9274725274725275
137.37367835,,,,,,
137.37375305,,,,,,
137.375631475,,,,,,
137.377,,,,,,
137.3775846,,,,,,
137.3776593,,,,,,
137.379537725,,,,,,
137.37957939999998,18317.0,156.63934426229514,6.384092098377812,,,
137.380577,,,,34766.0,518.8141391106044,1.9274725274725275
137.38149085,,,,,,
137.38156555,,,,,,
137.383443975,,,,,,
137.3853971,,,,,,
137.3854718,,,,,,
137.387350225,,,,,,
137.38739189999998,18318.0,156.51418298042353,6.38919732996388,,,
137.3883895,,,,34766.0,518.8141391106044,1.9274725274725275
137.38930335,,,,,,
137.38937805,,,,,,
137.391256475,,,,,,
137.3932096,,,,,,
137.3932843,,,,,,
137.395162725,,,,,,
137.39520439999998,18318.0,156.51418298042353,6.38919732996388,,,
137.396202,,,,34766.0,518.8141391106044,1.9274725274725275
137.397,,,,,,
137.39711585,,,,,,
137.39719055,,,,,,
137.399068975,,,,,,
137.4010221,,,,,,
137.4010968,,,,,,
137.402975225,,,,,,
137.40301689999998,18317.0,156.63934426229514,6.384092098377812,,,
137.4040145,,,,34766.0,518.8141391106044,1.9274725274725275
137.40492835,,,,,,
137.40500305,,,,,,
137.406881475,,,,,,
137.4088346,,,,,,
137.4089093,,,,,,
137.410787725,,,,,,
137.41082939999998,18318.0,156.51418298042353,6.38919732996388,,,
137.411827,,,,34766.0,518.8141391106044,1.9274725274725275
137.41274085,,,,,,
137.41281555,,,,,,
137.414693975,,,,,,
137.4166471,,,,,,
137.4167218,,,,,,
137.417,,,,,,
137.418600225,,,,,,
137.41864189999998,18318.0,156.51418298042353,6.38919732996388,,,
137.4196395,,,,34767.0,518.4200531712876,1.9289377289377287
137.42055335,,,,,,
137.42062805,,,,,,
137.422506475,,,,,,
137.4244596,,,,,,
137.4245343,,,,,,
137.426412725,,,,,,
137.42645439999998,18317.0,156.63934426229514,6.384092098377812,,,
137.427452,,,,34766.0,518.8141391106044,1.9274725274725275
137.42836585,,,,,,
137.42844055,,,,,,
137.430318975,,,,,,
137.4322721,,,,,,
137.4323468,,,,,,
137.434225225,,,,,,
137.43426689999998,18317.0,156.63934426229514,6.384092098377812,,,
137.4352645,,,,34766.0,518.8141391106044,1.9274725274725275
137.43617835,,,,,,
137.43625305,,,,,,
137.437,,,,,,
137.438131475,,,,,,
137.4400846,,,,,,
137.4401593,,,,,,
137.442037725,,,,,,
137.44207939999998,18317.0,156.63934426229514,6.384092098377812,,,
137.443077,,,,34766.0,518.8141391106044,1.9274725274725275
137.44399085,,,,,,
137.44406555,,,,,,
137.445943975,,,,,,
137.4478971,,,,,,
137.4479718,,,,,,
137.449850225,,,,,,
137.44989189999998,18318.0,156.51418298042353,6.38919732996388,,,
137.4508895,,,,34766.0,518.8141391106044,1.9274725274725275
137.45180335,,,,,,
137.45187805,,,,,,
137.453756475,,,,,,
137.4557096,,,,,,
137.4557843,,,,,,
137.457,,,,,,
137.457662725,,,,,,
137.45770439999998,18317.0,156.63934426229514,6.384092098377812,,,
137.458702,,,,34766.0,518.8141391106044,1.9274725274725275
137.45961585,,,,,,
137.45969055,,,,,,
137.461568975,,,,,,
137.4635221,,,,,,
137.4635968,,,,,,
137.465475225,,,,,,
137.46551689999998,18317.0,156.63934426229514,6.384092098377812,,,
137.4665145,,,,34766.0,518.8141391106044,1.9274725274725275
137.46742835,,,,,,
137.46750305,,,,,,
137.469381475,,,,,,
137.4713346,,,,,,
137.4714093,,,,,,
137.473287725,,,,,,
137.47332939999998,18317.0,156.63934426229514,6.384092098377812,,,
137.474327,,,,34766.0,518.8141391106044,1.9274725274725275
137.47524085,,,,,,
137.47531555,,,,,,
137.477,,,,,,
137.477193975,,,,,,
137.4791471,,,,,,
137.4792218,,,,,,
137.481100225,,,,,,
137.48114189999998,18317.0,156.63934426229514,6.384092098377812,,,
137.4821395,,,,34767.0,518.4200531712876,1.9289377289377287
137.48305335,,,,,,
137.48312805,,,,,,
137.485006475,,,,,,
137.4869596,,,,,,
137.4870343,,,,,,
137.488912725,,,,,,
137.48895439999998,18317.0,156.63934426229514,6.384092098377812,,,
137.489952,,,,34766.0,518.8141391106044,1.9274725274725275
137.49086585,,,,,,
137.49094055,,,,,,
137.492818975,,,,,,
137.4947721,,,,,,
137.4948468,,,,,,
137.496725225,,,,,,
137.49676689999998,18317.0,156.63934426229514,6.384092098377812,,,
137.497,,,,,,
137.4977645,,,,34767.0,518.4200531712876,1.9289377289377287
137.49867835,,,,,,
137.49875305,,,,,,
137.500631475,,,,,,
137.5025846,,,,,,
137.5026593,,,,,,
137.504537725,,,,,,
137.50457939999998,18317.0,156.63934426229514,6.384092098377812,,,
137.505577,,,,34766.0,518.8141391106044,1.9274725274725275
137.50649085,,,,,,
137.50656555,,,,,,
137.508443975,,,,,,
137.5103971,,,,,,
137.5104718,,,,,,
137.512350225,,,,,,
137.51239189999998,18317.0,156.63934426229514,6.384092098377812,,,
137.5133895,,,,34766.0,518.8141391106044,1.9274725274725275
137.51430335,,,,,,
137.51437805,,,,,,
137.516256475,,,,,,
137.517,,,,,,
137.5182096,,,,,,
137.5182843,,,,,,
137.520162725,,,,,,
137.52020439999998,18317.0,156.63934426229514,6.384092098377812,,,
137.521202,,,,34766.0,518.8141391106044,1.9274725274725275
137.52211585,,,,,,
137.52219055,,,,,,
137.524068975,,,,,,
137.5260221,,,,,,
137.5260968,,,,,,
137.527975225,,,,,,
137.52801689999998,18317.0,156.63934426229514,6.384092098377812,,,
137.5290145,,,,34766.0,518.8141391106044,1.9274725274725275
137.52992835,,,,,,
137.53000305,,,,,,
137.531881475,,,,,,
137.5338346,,,,,,
137.5339093,,,,,,
137.535787725,,,,,,
137.53582939999998,18317.0,156.63934426229514,6.384092098377812,,,
137.536827,,,,34766.0,518.8141391106044,1.9274725274725275
137.537,,,,,,
137.53774085,,,,,,
137.53781555,,,,,,
137.539693975,,,,,,
137.5416471,,,,,,
137.5417218,,,,,,
137.543600225,,,,,,
137.54364189999998,18318.0,156.51418298042353,6.38919732996388,,,
137.5446395,,,,34766.0,518.8141391106044,1.9274725274725275
137.54555335,,,,,,
137.54562805,,,,,,
137.547506475,,,,,,
137.5494596,,,,,,
137.5495343,,,,,,
137.551412725,,,,,,
137.55145439999998,18317.0,156.63934426229514,6.384092098377812,,,
137.552452,,,,34766.0,518.8141391106044,1.9274725274725275
137.55336585,,,,,,
137.55344055,,,,,,
137.555318975,,,,,,
137.557,,,,,,
137.5572721,,,,,,
137.5573468,,,,,,
137.559225225,,,,,,
137.55926689999998,18317.0,156.63934426229514,6.384092098377812,,,
137.5602645,,,,34766.0,518.8141391106044,1.9274725274725275
137.56117835,,,,,,
137.56125305,,,,,,
137.563131475,,,,,,
137.5650846,,,,,,
137.5651593,,,,,,
137.567037725,,,,,,
137.56707939999998,18317.0,156.63934426229514,6.384092098377812,,,
137.568077,,,,34767.0,518.4200531712876,1.9289377289377287
137.56899085,,,,,,
137.56906555,,,,,,
137.570943975,,,,,,
137.5728971,,,,,,
137.5729718,,,,,,
137.574850225,,,,,,
137.57489189999998,18317.0,156.63934426229514,6.384092098377812,,,
137.5758895,,,,34766.0,518.8141391106044,1.9274725274725275
137.57680335,,,,,,
137.57687805,,,,,,
137.577,,,,,,
137.578756475,,,,,,
137.5807096,,,,,,
137.5807843,,,,,,
137.582662725,,,,,,
137.58270439999998,18317.0,156.63934426229514,6.384092098377812,,,
137.583702,,,,34766.0,518.8141391106044,1.9274725274725275
137.58461585,,,,,,
137.58469055,,,,,,
137.586568975,,,,,,
137.5885221,,,,,,
137.5885968,,,,,,
137.590475225,,,,,,
137.59051689999998,18317.0,156.63934426229514,6.384092098377812,,,
137.5915145,,,,34766.0,518.8141391106044,1.9274725274725275
137.59242835,,,,,,
137.59250305,,,,,,
137.594381475,,,,,,
137.5963346,,,,,,
137.5964093,,,,,,
137.597,,,,,,
137.598287725,,,,,,
137.59832939999998,18317.0,156.63934426229514,6.384092098377812,,,
137.599327,,,,34766.0,518.8141391106044,1.9274725274725275
137.60024085,,,,,,
137.60031555,,,,,,
137.602193975,,,,,,
137.6041471,,,,,,
137.6042218,,,,,,
137.606100225,,,,,,
137.60614189999998,18318.0,156.51418298042353,6.38919732996388,,,
137.6071395,,,,34766.0,518.8141391106044,1.9274725274725275
137.60805335,,,,,,
137.60812805,,,,,,
137.610006475,,,,,,
137.6119596,,,,,,
137.6120343,,,,,,
137.613912725,,,,,,
137.61395439999998,18318.0,156.51418298042353,6.38919732996388,,,
137.614952,,,,34766.0,518.8141391106044,1.9274725274725275
137.61586585,,,,,,
137.61594055,,,,,,
137.617,,,,,,
137.617818975,,,,,,
137.6197721,,,,,,
137.6198468,,,,,,
137.621725225,,,,,,
137.62176689999998,18317.0,156.63934426229514,6.384092098377812,,,
137.6227645,,,,34766.0,518.8141391106044,1.9274725274725275
137.62367835,,,,,,
137.62375305,,,,,,
137.625631475,,,,,,
137.6275846,,,,,,
137.6276593,,,,,,
137.629537725,,,,,,
137.62957939999998,18318.0,156.51418298042353,6.38919732996388,,,
137.630577,,,,34766.0,518.8141391106044,1.9274725274725275
137.63149085,,,,,,
137.63156555,,,,,,
137.633443975,,,,,,
137.6353971,,,,,,
137.6354718,,,,,,
137.637,,,,,,
137.637350225,,,,,,
137.63739189999998,18317.0,156.63934426229514,6.384092098377812,,,
137.6383895,,,,34766.0,518.8141391106044,1.9274725274725275
137.63930335,,,,,,
137.63937805,,,,,,
137.641256475,,,,,,
137.6432096,,,,,,
137.6432843,,,,,,
137.645162725,,,,,,
137.64520439999998,18317.0,156.63934426229514,6.384092098377812,,,
137.646202,,,,34766.0,518.8141391106044,1.9274725274725275
137.64711585,,,,,,
137.64719055,,,,,,
137.649068975,,,,,,
137.6510221,,,,,,
137.6510968,,,,,,
137.652975225,,,,,,
137.65301689999998,18317.0,156.63934426229514,6.384092098377812,,,
137.6540145,,,,34766.0,518.8141391106044,1.9274725274725275
137.65492835,,,,,,
137.65500305,,,,,,
137.656881475,,,,,,
137.657,,,,,,
137.6588346,,,,,,
137.6589093,,,,,,
137.660787725,,,,,,
137.66082939999998,18317.0,156.63934426229514,6.384092098377812,,,
137.661827,,,,34766.0,518.8141391106044,1.9274725274725275
137.66274085,,,,,,
137.66281555,,,,,,
137.664693975,,,,,,
137.6666471,,,,,,
137.6667218,,,,,,
137.668600225,,,,,,
137.66864189999998,18318.0,156.51418298042353,6.38919732996388,,,
137.6696395,,,,34766.0,518.8141391106044,1.9274725274725275
137.67055335,,,,,,
137.67062805,,,,,,
137.672506475,,,,,,
137.6744596,,,,,,
137.6745343,,,,,,
137.676412725,,,,,,
137.67645439999998,18318.0,156.51418298042353,6.38919732996388,,,
137.677,,,,,,
137.677452,,,,34767.0,518.4200531712876,1.9289377289377287
137.67836585,,,,,,
137.67844055,,,,,,
137.680318975,,,,,,
137.6822721,,,,,,
137.6823468,,,,,,
137.684225225,,,,,,
137.68426689999998,18317.0,156.63934426229514,6.384092098377812,,,
137.6852645,,,,34766.0,518.8141391106044,1.9274725274725275
137.68617835,,,,,,
137.68625305,,,,,,
137.688131475,,,,,,
137.6900846,,,,,,
137.6901593,,,,,,
137.692037725,,,,,,
137.69207939999998,18318.0,156.51418298042353,6.38919732996388,,,
137.693077,,,,34766.0,518.8141391106044,1.9274725274725275
137.69399085,,,,,,
137.69406555,,,,,,
137.695943975,,,,,,
137.697,,,,,,
137.6978971,,,,,,
137.6979718,,,,,,
137.699850225,,,,,,
137.69989189999998,18318.0,156.51418298042353,6.38919732996388,,,
137.7008895,,,,34766.0,518.8141391106044,1.9274725274725275
137.70180335,,,,,,
137.70187805,,,,,,
137.703756475,,,,,,
137.7057096,,,,,,
137.7057843,,,,,,
137.707662725,,,,,,
137.70770439999998,18318.0,156.51418298042353,6.38919732996388,,,
137.708702,,,,34767.0,518.4200531712876,1.9289377289377287
137.70961585,,,,,,
137.70969055,,,,,,
137.711568975,,,,,,
137.7135221,,,,,,
137.7135968,,,,,,
137.715475225,,,,,,
137.71551689999998,18318.0,156.51418298042353,6.38919732996388,,,
137.7165145,,,,34767.0,518.4200531712876,1.9289377289377287
137.717,,,,,,
137.71742835,,,,,,
137.71750305,,,,,,
137.719381475,,,,,,
137.7213346,,,,,,
137.7214093,,,,,,
137.723287725,,,,,,
137.72332939999998,18317.0,156.63934426229514,6.384092098377812,,,
137.724327,,,,34766.0,518.8141391106044,1.9274725274725275
137.72524085,,,,,,
137.72531555,,,,,,
137.727193975,,,,,,
137.7291471,,,,,,
137.7292218,,,,,,
137.731100225,,,,,,
137.73114189999998,18319.0,156.38922155688624,6.3943025615499485,,,
137.7321395,,,,34766.0,518.8141391106044,1.9274725274725275
137.73305335,,,,,,
137.73312805,,,,,,
137.735006475,,,,,,
137.7369596,,,,,,
137.737,,,,,,
137.7370343,,,,,,
137.738912725,,,,,,
137.73895439999998,18318.0,156.51418298042353,6.38919732996388,,,
137.739952,,,,34766.0,518.8141391106044,1.9274725274725275
137.74086585,,,,,,
137.74094055,,,,,,
137.742818975,,,,,,
137.7447721,,,,,,
137.7448468,,,,,,
137.746725225,,,,,,
137.74676689999998,18318.0,156.51418298042353,6.38919732996388,,,
137.7477645,,,,34766.0,518.8141391106044,1.9274725274725275
137.74867835,,,,,,
137.74875305,,,,,,
137.750631475,,,,,,
137.7525846,,,,,,
137.7526593,,,,,,
137.754537725,,,,,,
137.75457939999998,18317.0,156.63934426229514,6.384092098377812,,,
137.755577,,,,34766.0,518.8141391106044,1.9274725274725275
137.75649085,,,,,,
137.75656555,,,,,,
137.757,,,,,,
137.758443975,,,,,,
137.7603971,,,,,,
137.7604718,,,,,,
137.762350225,,,,,,
137.76239189999998,18318.0,156.51418298042353,6.38919732996388,,,
137.7633895,,,,34766.0,518.8141391106044,1.9274725274725275
137.76430335,,,,,,
137.76437805,,,,,,
137.766256475,,,,,,
137.7682096,,,,,,
137.7682843,,,,,,
137.770162725,,,,,,
137.77020439999998,18318.0,156.51418298042353,6.38919732996388,,,
137.771202,,,,34766.0,518.8141391106044,1.9274725274725275
137.77211585,,,,,,
137.77219055,,,,,,
137.774068975,,,,,,
137.7760221,,,,,,
137.7760968,,,,,,
137.777,,,,,,
137.777975225,,,,,,
137.77801689999998,18318.0,156.51418298042353,6.38919732996388,,,
137.7790145,,,,34766.0,518.8141391106044,1.9274725274725275
137.77992835,,,,,,
137.78000305,,,,,,
137.781881475,,,,,,
137.7838346,,,,,,
137.7839093,,,,,,
137.785787725,,,,,,
137.78582939999998,18318.0,156.51418298042353,6.38919732996388,,,
137.786827,,,,34766.0,518.8141391106044,1.9274725274725275
137.78774085,,,,,,
137.78781555,,,,,,
137.789693975,,,,,,
137.7916471,,,,,,
137.7917218,,,,,,
137.793600225,,,,,,
137.79364189999998,18319.0,156.38922155688624,6.3943025615499485,,,
137.7946395,,,,34766.0,518.8141391106044,1.9274725274725275
137.79555335,,,,,,
137.79562805,,,,,,
137.797,,,,,,
137.797506475,,,,,,
137.7994596,,,,,,
137.7995343,,,,,,
137.801412725,,,,,,
137.80145439999998,18318.0,156.51418298042353,6.38919732996388,,,
137.802452,,,,34766.0,518.8141391106044,1.9274725274725275
137.80336585,,,,,,
137.80344055,,,,,,
137.805318975,,,,,,
137.8072721,,,,,,
137.8073468,,,,,,
137.809225225,,,,,,
137.80926689999998,18319.0,156.38922155688624,6.3943025615499485,,,
137.8102645,,,,34766.0,518.8141391106044,1.9274725274725275
137.81117835,,,,,,
137.81125305,,,,,,
137.813131475,,,,,,
137.8150846,,,,,,
137.8151593,,,,,,
137.817,,,,,,
137.817037725,,,,,,
137.81707939999998,18318.0,156.51418298042353,6.38919732996388,,,
137.818077,,,,34766.0,518.8141391106044,1.9274725274725275
137.81899085,,,,,,
137.81906555,,,,,,
137.820943975,,,,,,
137.8228971,,,,,,
137.8229718,,,,,,
137.824850225,,,,,,
137.82489189999998,18318.0,156.51418298042353,6.38919732996388,,,
137.8258895,,,,34767.0,518.4200531712876,1.9289377289377287
137.82680335,,,,,,
137.82687805,,,,,,
137.828756475,,,,,,
137.8307096,,,,,,
137.8307843,,,,,,
137.832662725,,,,,,
137.83270439999998,18318.0,156.51418298042353,6.38919732996388,,,
137.833702,,,,34767.0,518.4200531712876,1.9289377289377287
137.83461585,,,,,,
137.83469055,,,,,,
137.836568975,,,,,,
137.837,,,,,,
137.8385221,,,,,,
137.8385968,,,,,,
137.840475225,,,,,,
137.84051689999998,18319.0,156.38922155688624,6.3943025615499485,,,
137.8415145,,,,34766.0,518.8141391106044,1.9274725274725275
137.84242835,,,,,,
137.84250305,,,,,,
137.844381475,,,,,,
137.8463346,,,,,,
137.8464093,,,,,,
137.848287725,,,,,,
137.84832939999998,18318.0,156.51418298042353,6.38919732996388,,,
137.849327,,,,34766.0,518.8141391106044,1.9274725274725275
137.85024085,,,,,,
137.85031555,,,,,,
137.852193975,,,,,,
137.8541471,,,,,,
137.8542218,,,,,,
137.856100225,,,,,,
137.85614189999998,18319.0,156.38922155688624,6.3943025615499485,,,
137.857,,,,,,
137.8571395,,,,34766.0,518.8141391106044,1.9274725274725275
137.85805335,,,,,,
137.85812805,,,,,,
137.860006475,,,,,,
137.8619596,,,,,,
137.8620343,,,,,,
137.863912725,,,,,,
137.86395439999998,18319.0,156.38922155688624,6.3943025615499485,,,
137.864952,,,,34766.0,518.8141391106044,1.9274725274725275
137.86586585,,,,,,
137.86594055,,,,,,
137.8676304,,,,,,
137.867818975,,,,,,
137.8697721,,,,,,
137.8698468,,,,,,
137.871725225,,,,,,
137.87176689999998,18319.0,156.38922155688624,6.3943025615499485,,,
137.8727645,,,,34766.0,518.8141391106044,1.9274725274725275
137.87367835,,,,,,
137.87375305,,,,,,
137.875631475,,,,,,
137.877,,,,,,
137.8775846,,,,,,
137.8776593,,,,,,
137.879537725,,,,,,
137.87957939999998,18319.0,156.38922155688624,6.3943025615499485,,,
137.880577,,,,34766.0,518.8141391106044,1.9274725274725275
137.88149085,,,,,,
137.88156555,,,,,,
137.883443975,,,,,,
137.8853971,,,,,,
137.8854718,,,,,,
137.887350225,,,,,,
137.88739189999998,18319.0,156.38922155688624,6.3943025615499485,,,
137.8883895,,,,34766.0,518.8141391106044,1.9274725274725275
137.88930335,,,,,,
137.88937805,,,,,,
137.891256475,,,,,,
137.8932096,,,,,,
137.8932843,,,,,,
137.895162725,,,,,,
137.89520439999998,18319.0,156.38922155688624,6.3943025615499485,,,
137.896202,,,,34766.0,518.8141391106044,1.9274725274725275
137.897,,,,,,
137.89711585,,,,,,
137.89719055,,,,,,
137.899068975,,,,,,
137.9010221,,,,,,
137.9010968,,,,,,
137.902975225,,,,,,
137.90301689999998,18319.0,156.38922155688624,6.3943025615499485,,,
137.9040145,,,,34766.0,518.8141391106044,1.9274725274725275
137.90492835,,,,,,
137.90500305,,,,,,
137.906881475,,,,,,
137.9088346,,,,,,
137.9089093,,,,,,
137.910787725,,,,,,
137.91082939999998,18319.0,156.38922155688624,6.3943025615499485,,,
137.911827,,,,34766.0,518.8141391106044,1.9274725274725275
137.91274085,,,,,,
137.91281555,,,,,,
137.914693975,,,,,,
137.9166471,,,,,,
137.9167218,,,,,,
137.917,,,,,,
137.918600225,,,,,,
137.91864189999998,18319.0,156.38922155688624,6.3943025615499485,,,
137.9196395,,,,34766.0,518.8141391106044,1.9274725274725275
137.92055335,,,,,,
137.92062805,,,,,,
137.922506475,,,,,,
137.9244596,,,,,,
137.9245343,,,,,,
137.926412725,,,,,,
137.92645439999998,18319.0,156.38922155688624,6.3943025615499485,,,
137.927452,,,,34764.0,519.604111153407,1.9245421245421244
137.92836585,,,,,,
137.92844055,,,,,,
137.930318975,,,,,,
137.9322721,,,,,,
137.9323468,,,,,,
137.934225225,,,,,,
137.93426689999998,18319.0,156.38922155688624,6.3943025615499485,,,
137.9352645,,,,34765.0,519.2088246481552,1.9260073260073256
137.93617835,,,,,,
137.93625305,,,,,,
137.937,,,,,,
137.938131475,,,,,,
137.9400846,,,,,,
137.9401593,,,,,,
137.942037725,,,,,,
137.94207939999998,18319.0,156.38922155688624,6.3943025615499485,,,
137.943077,,,,34765.0,519.2088246481552,1.9260073260073256
137.94399085,,,,,,
137.94406555,,,,,,
137.945943975,,,,,,
137.9478971,,,,,,
137.9479718,,,,,,
137.949850225,,,,,,
137.94989189999998,18319.0,156.38922155688624,6.3943025615499485,,,
137.9508895,,,,34765.0,519.2088246481552,1.9260073260073256
137.95180335,,,,,,
137.95187805,,,,,,
137.953756475,,,,,,
137.9557096,,,,,,
137.9557843,,,,,,
137.957,,,,,,
137.957662725,,,,,,
137.95770439999998,18319.0,156.38922155688624,6.3943025615499485,,,
137.958702,,,,34765.0,519.2088246481552,1.9260073260073256
137.95961585,,,,,,
137.95969055,,,,,,
137.961568975,,,,,,
137.9635221,,,,,,
137.9635968,,,,,,
137.965475225,,,,,,
137.96551689999998,18318.0,156.51418298042353,6.38919732996388,,,
137.9665145,,,,34765.0,519.2088246481552,1.9260073260073256
137.96742835,,,,,,
137.96750305,,,,,,
137.969381475,,,,,,
137.9713346,,,,,,
137.9714093,,,,,,
137.973287725,,,,,,
137.97332939999998,18318.0,156.51418298042353,6.38919732996388,,,
137.974327,,,,34765.0,519.2088246481552,1.9260073260073256
137.97524085,,,,,,
137.97531555,,,,,,
137.977,,,,,,
137.977193975,,,,,,
137.9791471,,,,,,
137.9792218,,,,,,
137.981100225,,,,,,
137.98114189999998,18319.0,156.38922155688624,6.3943025615499485,,,
137.9821395,,,,34766.0,518.8141391106044,1.9274725274725275
137.98305335,,,,,,
137.98312805,,,,,,
137.985006475,,,,,,
137.9869596,,,,,,
137.9870343,,,,,,
137.988912725,,,,,,
137.98895439999998,18319.0,156.38922155688624,6.3943025615499485,,,
137.989952,,,,34764.0,519.604111153407,1.9245421245421244
137.99086585,,,,,,
137.99094055,,,,,,
137.992818975,,,,,,
137.9947721,,,,,,
137.9948468,,,,,,
137.996725225,,,,,,
137.99676689999998,18319.0,156.38922155688624,6.3943025615499485,,,
137.997,,,,,,
137.9977645,,,,34767.0,518.4200531712876,1.9289377289377287
137.99867835,,,,,,
137.99875305,,,,,,
138.000631475,,,,,,
138.0025846,,,,,,
138.0026593,,,,,,
138.004537725,,,,,,
138.00457939999998,18319.0,156.38922155688624,6.3943025615499485,,,
138.005577,,,,34766.0,518.8141391106044,1.9274725274725275
138.00649085,,,,,,
138.00656555,,,,,,
138.008443975,,,,,,
138.0103971,,,,,,
138.0104718,,,,,,
138.012350225,,,,,,
138.01239189999998,18320.0,156.26445951336257,6.399407793136017,,,
138.0133895,,,,34767.0,518.4200531712876,1.9289377289377287
138.01430335,,,,,,
138.01437805,,,,,,
138.016256475,,,,,,
138.017,,,,,,
138.0182096,,,,,,
138.0182843,,,,,,
138.020162725,,,,,,
138.02020439999998,18319.0,156.38922155688624,6.3943025615499485,,,
138.021202,,,,34766.0,518.8141391106044,1.9274725274725275
138.02211585,,,,,,
138.02219055,,,,,,
138.024068975,,,,,,
138.0260221,,,,,,
138.0260968,,,,,,
138.027975225,,,,,,
138.02801689999998,18319.0,156.38922155688624,6.3943025615499485,,,
138.0290145,,,,34765.0,519.2088246481552,1.9260073260073256
138.02992835,,,,,,
138.03000305,,,,,,
138.031881475,,,,,,
138.0338346,,,,,,
138.0339093,,,,,,
138.035787725,,,,,,
138.03582939999998,18319.0,156.38922155688624,6.3943025615499485,,,
138.036827,,,,34765.0,519.2088246481552,1.9260073260073256
138.037,,,,,,
138.03774085,,,,,,
138.03781555,,,,,,
138.039693975,,,,,,
138.0416471,,,,,,
138.0417218,,,,,,
138.043600225,,,,,,
138.04364189999998,18319.0,156.38922155688624,6.3943025615499485,,,
138.0446395,,,,34766.0,518.8141391106044,1.9274725274725275
138.04555335,,,,,,
138.04562805,,,,,,
138.047506475,,,,,,
138.0494596,,,,,,
138.0495343,,,,,,
138.051412725,,,,,,
138.05145439999998,18319.0,156.38922155688624,6.3943025615499485,,,
138.052452,,,,34766.0,518.8141391106044,1.9274725274725275
138.05336585,,,,,,
138.05344055,,,,,,
138.055318975,,,,,,
138.057,,,,,,
138.0572721,,,,,,
138.0573468,,,,,,
138.059225225,,,,,,
138.05926689999998,18319.0,156.38922155688624,6.3943025615499485,,,
138.0602645,,,,34763.0,520.0,1.9230769230769231
138.06117835,,,,,,
138.06125305,,,,,,
138.063131475,,,,,,
138.0650846,,,,,,
138.0651593,,,,,,
138.067037725,,,,,,
138.06707939999998,18319.0,156.38922155688624,6.3943025615499485,,,
138.068077,,,,34765.0,519.2088246481552,1.9260073260073256
138.06899085,,,,,,
138.06906555,,,,,,
138.070943975,,,,,,
138.0728971,,,,,,
138.0729718,,,,,,
138.074850225,,,,,,
138.07489189999998,18320.0,156.26445951336257,6.399407793136017,,,
138.0758895,,,,34765.0,519.2088246481552,1.9260073260073256
138.07680335,,,,,,
138.07687805,,,,,,
138.077,,,,,,
138.078756475,,,,,,
138.0807096,,,,,,
138.0807843,,,,,,
138.082662725,,,,,,
138.08270439999998,18319.0,156.38922155688624,6.3943025615499485,,,
138.083702,,,,34766.0,518.8141391106044,1.9274725274725275
138.08461585,,,,,,
138.08469055,,,,,,
138.086568975,,,,,,
138.0885221,,,,,,
138.0885968,,,,,,
138.090475225,,,,,,
138.09051689999998,18319.0,156.38922155688624,6.3943025615499485,,,
138.0915145,,,,34764.0,519.604111153407,1.9245421245421244
138.09242835,,,,,,
138.09250305,,,,,,
138.094381475,,,,,,
138.0963346,,,,,,
138.0964093,,,,,,
138.097,,,,,,
138.098287725,,,,,,
138.09832939999998,18318.0,156.51418298042353,6.38919732996388,,,
138.099327,,,,34765.0,519.2088246481552,1.9260073260073256
138.10024085,,,,,,
138.10031555,,,,,,
138.102193975,,,,,,
138.1041471,,,,,,
138.1042218,,,,,,
138.106100225,,,,,,
138.10614189999998,18319.0,156.38922155688624,6.3943025615499485,,,
138.1071395,,,,34766.0,518.8141391106044,1.9274725274725275
138.10805335,,,,,,
138.10812805,,,,,,
138.110006475,,,,,,
138.1119596,,,,,,
138.1120343,,,,,,
138.113912725,,,,,,
138.11395439999998,18319.0,156.38922155688624,6.3943025615499485,,,
138.114952,,,,34765.0,519.2088246481552,1.9260073260073256
138.11586585,,,,,,
138.11594055,,,,,,
138.117,,,,,,
138.117818975,,,,,,
138.1197721,,,,,,
138.1198468,,,,,,
138.121725225,,,,,,
138.12176689999998,18319.0,156.38922155688624,6.3943025615499485,,,
138.1227645,,,,34765.0,519.2088246481552,1.9260073260073256
138.12367835,,,,,,
138.12375305,,,,,,
138.125631475,,,,,,
138.1275846,,,,,,
138.1276593,,,,,,
138.129537725,,,,,,
138.12957939999998,18319.0,156.38922155688624,6.3943025615499485,,,
138.130577,,,,34765.0,519.2088246481552,1.9260073260073256
138.13149085,,,,,,
138.13156555,,,,,,
138.133443975,,,,,,
138.1353971,,,,,,
138.1354718,,,,,,
138.137,,,,,,
138.137350225,,,,,,
138.13739189999998,18320.0,156.26445951336257,6.399407793136017,,,
138.1383895,,,,34763.0,520.0,1.9230769230769231
138.13930335,,,,,,
138.13937805,,,,,,
138.141256475,,,,,,
138.1432096,,,,,,
138.1432843,,,,,,
138.145162725,,,,,,
138.14520439999998,18319.0,156.38922155688624,6.3943025615499485,,,
138.146202,,,,34763.0,520.0,1.9230769230769231
138.14711585,,,,,,
138.14719055,,,,,,
138.149068975,,,,,,
138.1510221,,,,,,
138.1510968,,,,,,
138.152975225,,,,,,
138.15301689999998,18320.0,156.26445951336257,6.399407793136017,,,
138.1540145,,,,34765.0,519.2088246481552,1.9260073260073256
138.15492835,,,,,,
138.15500305,,,,,,
138.156881475,,,,,,
138.157,,,,,,
138.1588346,,,,,,
138.1589093,,,,,,
138.160787725,,,,,,
138.16082939999998,18319.0,156.38922155688624,6.3943025615499485,,,
138.161827,,,,34767.0,518.4200531712876,1.9289377289377287
138.16274085,,,,,,
138.16281555,,,,,,
138.164693975,,,,,,
138.1666471,,,,,,
138.1667218,,,,,,
138.168600225,,,,,,
138.16864189999998,18320.0,156.26445951336257,6.399407793136017,,,
138.1696395,,,,34764.0,519.604111153407,1.9245421245421244
138.17055335,,,,,,
138.17062805,,,,,,
138.172506475,,,,,,
138.1744596,,,,,,
138.1745343,,,,,,
138.176412725,,,,,,
138.17645439999998,18319.0,156.38922155688624,6.3943025615499485,,,
138.177,,,,,,
138.177452,,,,34763.0,520.0,1.9230769230769231
138.17836585,,,,,,
138.17844055,,,,,,
138.180318975,,,,,,
138.1822721,,,,,,
138.1823468,,,,,,
138.184225225,,,,,,
138.18426689999998,18320.0,156.26445951336257,6.399407793136017,,,
138.1852645,,,,34765.0,519.2088246481552,1.9260073260073256
138.18617835,,,,,,
138.18625305,,,,,,
138.188131475,,,,,,
138.1900846,,,,,,
138.1901593,,,,,,
138.192037725,,,,,,
138.19207939999998,18319.0,156.38922155688624,6.3943025615499485,,,
138.193077,,,,34763.0,520.0,1.9230769230769231
138.19399085,,,,,,
138.19406555,,,,,,
138.195943975,,,,,,
138.197,,,,,,
138.1978971,,,,,,
138.1979718,,,,,,
138.199850225,,,,,,
138.19989189999998,18320.0,156.26445951336257,6.399407793136017,,,
138.2008895,,,,34766.0,518.8141391106044,1.9274725274725275
138.20180335,,,,,,
138.20187805,,,,,,
138.203756475,,,,,,
138.2057096,,,,,,
138.2057843,,,,,,
138.207662725,,,,,,
138.20770439999998,18319.0,156.38922155688624,6.3943025615499485,,,
138.208702,,,,34764.0,519.604111153407,1.9245421245421244
138.20961585,,,,,,
138.20969055,,,,,,
138.211568975,,,,,,
138.2135221,,,,,,
138.2135968,,,,,,
138.215475225,,,,,,
138.21551689999998,18319.0,156.38922155688624,6.3943025615499485,,,
138.2165145,,,,34764.0,519.604111153407,1.9245421245421244
138.217,,,,,,
138.21742835,,,,,,
138.21750305,,,,,,
138.219381475,,,,,,
138.2213346,,,,,,
138.2214093,,,,,,
138.223287725,,,,,,
138.22332939999998,18319.0,156.38922155688624,6.3943025615499485,,,
138.224327,,,,34761.0,520.7935902327356,1.92014652014652
138.22524085,,,,,,
138.22531555,,,,,,
138.227193975,,,,,,
138.2291471,,,,,,
138.2292218,,,,,,
138.231100225,,,,,,
138.23114189999998,18319.0,156.38922155688624,6.3943025615499485,,,
138.2321395,,,,34759.0,521.5896064195646,1.9172161172161168
138.23305335,,,,,,
138.23312805,,,,,,
138.235006475,,,,,,
138.2369596,,,,,,
138.237,,,,,,
138.2370343,,,,,,
138.238912725,,,,,,
138.23895439999998,18319.0,156.38922155688624,6.3943025615499485,,,
138.239952,,,,34767.0,518.4200531712876,1.9289377289377287
138.24086585,,,,,,
138.24094055,,,,,,
138.242818975,,,,,,
138.2447721,,,,,,
138.2448468,,,,,,
138.246725225,,,,,,
138.24676689999998,18319.0,156.38922155688624,6.3943025615499485,,,
138.2477645,,,,34769.0,517.6336746302617,1.931868131868132
138.24867835,,,,,,
138.24875305,,,,,,
138.250631475,,,,,,
138.2525846,,,,,,
138.2526593,,,,,,
138.254537725,,,,,,
138.25457939999998,18320.0,156.26445951336257,6.399407793136017,,,
138.255577,,,,34766.0,518.8141391106044,1.9274725274725275
138.25649085,,,,,,
138.25656555,,,,,,
138.257,,,,,,
138.258443975,,,,,,
138.2603971,,,,,,
138.2604718,,,,,,
138.262350225,,,,,,
138.26239189999998,18320.0,156.26445951336257,6.399407793136017,,,
138.2633895,,,,34764.0,519.604111153407,1.9245421245421244
138.26430335,,,,,,
138.26437805,,,,,,
138.266256475,,,,,,
138.2682096,,,,,,
138.2682843,,,,,,
138.270162725,,,,,,
138.27020439999998,18319.0,156.38922155688624,6.3943025615499485,,,
138.271202,,,,34764.0,519.604111153407,1.9245421245421244
138.27211585,,,,,,
138.27219055,,,,,,
138.274068975,,,,,,
138.2760221,,,,,,
138.2760968,,,,,,
138.277,,,,,,
138.277975225,,,,,,
138.27801689999998,18319.0,156.38922155688624,6.3943025615499485,,,
138.2790145,,,,34763.0,520.0,1.9230769230769231
138.27992835,,,,,,
138.28000305,,,,,,
138.281881475,,,,,,
138.2838346,,,,,,
138.2839093,,,,,,
138.285787725,,,,,,
138.28582939999998,18318.0,156.51418298042353,6.38919732996388,,,
138.286827,,,,34764.0,519.604111153407,1.9245421245421244
138.28774085,,,,,,
138.28781555,,,,,,
138.289693975,,,,,,
138.2916471,,,,,,
138.2917218,,,,,,
138.293600225,,,,,,
138.29364189999998,18320.0,156.26445951336257,6.399407793136017,,,
138.2946395,,,,34764.0,519.604111153407,1.9245421245421244
138.29555335,,,,,,
138.29562805,,,,,,
138.296,,,,,,
138.297506475,,,,,,
138.2994596,,,,,,
138.2995343,,,,,,
138.301412725,,,,,,
138.30145439999998,18319.0,156.38922155688624,6.3943025615499485,,,
138.302452,,,,34764.0,519.604111153407,1.9245421245421244
138.30336585,,,,,,
138.30344055,,,,,,
138.305318975,,,,,,
138.3072721,,,,,,
138.3073468,,,,,,
138.309225225,,,,,,
138.30926689999998,18319.0,156.38922155688624,6.3943025615499485,,,
138.3102645,,,,34762.0,520.3964925657644,1.9216117216117208
138.31117835,,,,,,
138.31125305,,,,,,
138.313131475,,,,,,
138.3150846,,,,,,
138.3151593,,,,,,
138.316,,,,,,
138.317037725,,,,,,
138.31707939999998,18319.0,156.38922155688624,6.3943025615499485,,,
138.318077,,,,34770.0,517.2413793103449,1.933333333333333
138.31899085,,,,,,
138.31906555,,,,,,
138.320943975,,,,,,
138.3228971,,,,,,
138.3229718,,,,,,
138.324850225,,,,,,
138.32489189999998,18320.0,156.26445951336257,6.399407793136017,,,
138.3258895,,,,34764.0,519.604111153407,1.9245421245421244
138.32680335,,,,,,
138.32687805,,,,,,
138.328756475,,,,,,
138.3307096,,,,,,
138.3307843,,,,,,
138.332662725,,,,,,
138.33270439999998,18319.0,156.38922155688624,6.3943025615499485,,,
138.333702,,,,34764.0,519.604111153407,1.9245421245421244
138.33461585,,,,,,
138.33469055,,,,,,
138.336,,,,,,
138.336568975,,,,,,
138.3385221,,,,,,
138.3385968,,,,,,
138.340475225,,,,,,
138.34051689999998,18319.0,156.38922155688624,6.3943025615499485,,,
138.3415145,,,,34765.0,519.2088246481552,1.9260073260073256
138.34242835,,,,,,
138.34250305,,,,,,
138.344381475,,,,,,
138.3463346,,,,,,
138.3464093,,,,,,
138.348287725,,,,,,
138.34832939999998,18319.0,156.38922155688624,6.3943025615499485,,,
138.349327,,,,34765.0,519.2088246481552,1.9260073260073256
138.35024085,,,,,,
138.35031555,,,,,,
138.352193975,,,,,,
138.3541471,,,,,,
138.3542218,,,,,,
138.356,,,,,,
138.356100225,,,,,,
138.35614189999998,18320.0,156.26445951336257,6.399407793136017,,,
138.3571395,,,,34765.0,519.2088246481552,1.9260073260073256
138.35805335,,,,,,
138.35812805,,,,,,
138.360006475,,,,,,
138.3619596,,,,,,
138.3620343,,,,,,
138.363912725,,,,,,
138.36395439999998,18319.0,156.38922155688624,6.3943025615499485,,,
138.364952,,,,34764.0,519.604111153407,1.9245421245421244
138.36586585,,,,,,
138.36594055,,,,,,
138.367818975,,,,,,
138.3697721,,,,,,
138.3698468,,,,,,
138.371725225,,,,,,
138.37176689999998,18319.0,156.38922155688624,6.3943025615499485,,,
138.3727645,,,,34765.0,519.2088246481552,1.9260073260073256
138.37367835,,,,,,
138.37375305,,,,,,
138.375631475,,,,,,
138.376,,,,,,
138.3775846,,,,,,
138.3776593,,,,,,
138.379537725,,,,,,
138.37957939999998,18320.0,156.26445951336257,6.399407793136017,,,
138.380577,,,,34764.0,519.604111153407,1.9245421245421244
138.38149085,,,,,,
138.38156555,,,,,,
138.383443975,,,,,,
138.3853971,,,,,,
138.3854718,,,,,,
138.387350225,,,,,,
138.38739189999998,18320.0,156.26445951336257,6.399407793136017,,,
138.3883895,,,,34763.0,520.0,1.9230769230769231
138.38930335,,,,,,
138.38937805,,,,,,
138.391256475,,,,,,
138.3932096,,,,,,
138.3932843,,,,,,
138.395162725,,,,,,
138.39520439999998,18320.0,156.26445951336257,6.399407793136017,,,
138.396,,,,,,
138.396202,,,,34767.0,518.4200531712876,1.9289377289377287
138.39711585,,,,,,
138.39719055,,,,,,
138.399068975,,,,,,
138.4010221,,,,,,
138.4010968,,,,,,
138.402975225,,,,,,
138.40301689999998,18319.0,156.38922155688624,6.3943025615499485,,,
138.4040145,,,,34765.0,519.2088246481552,1.9260073260073256
138.40492835,,,,,,
138.40500305,,,,,,
138.406881475,,,,,,
138.4088346,,,,,,
138.4089093,,,,,,
138.410787725,,,,,,
138.41082939999998,18320.0,156.26445951336257,6.399407793136017,,,
138.411827,,,,34762.0,520.3964925657644,1.9216117216117208
138.41274085,,,,,,
138.41281555,,,,,,
138.414693975,,,,,,
138.416,,,,,,
138.4166471,,,,,,
138.4167218,,,,,,
138.418600225,,,,,,
138.41864189999998,18320.0,156.26445951336257,6.399407793136017,,,
138.4196395,,,,34764.0,519.604111153407,1.9245421245421244
138.42055335,,,,,,
138.42062805,,,,,,
138.422506475,,,,,,
138.4244596,,,,,,
138.4245343,,,,,,
138.426412725,,,,,,
138.42645439999998,18319.0,156.38922155688624,6.3943025615499485,,,
138.427452,,,,34766.0,518.8141391106044,1.9274725274725275
138.42836585,,,,,,
138.42844055,,,,,,
138.430318975,,,,,,
138.4322721,,,,,,
138.4323468,,,,,,
138.434225225,,,,,,
138.43426689999998,18319.0,156.38922155688624,6.3943025615499485,,,
138.4352645,,,,34765.0,519.2088246481552,1.9260073260073256
138.436,,,,,,
138.43617835,,,,,,
138.43625305,,,,,,
138.438131475,,,,,,
138.4400846,,,,,,
138.4401593,,,,,,
138.442037725,,,,,,
138.44207939999998,18319.0,156.38922155688624,6.3943025615499485,,,
138.443077,,,,34763.0,520.0,1.9230769230769231
138.44399085,,,,,,
138.44406555,,,,,,
138.445943975,,,,,,
138.4478971,,,,,,
138.4479718,,,,,,
138.449850225,,,,,,
138.44989189999998,18320.0,156.26445951336257,6.399407793136017,,,
138.4508895,,,,34764.0,519.604111153407,1.9245421245421244
138.45180335,,,,,,
138.45187805,,,,,,
138.453756475,,,,,,
138.4557096,,,,,,
138.4557843,,,,,,
138.456,,,,,,
138.457662725,,,,,,
138.45770439999998,18320.0,156.26445951336257,6.399407793136017,,,
138.458702,,,,34766.0,518.8141391106044,1.9274725274725275
138.45961585,,,,,,
138.45969055,,,,,,
138.461568975,,,,,,
138.4635221,,,,,,
138.4635968,,,,,,
138.465475225,,,,,,
138.46551689999998,18320.0,156.26445951336257,6.399407793136017,,,
138.4665145,,,,34765.0,519.2088246481552,1.9260073260073256
138.46742835,,,,,,
138.46750305,,,,,,
138.469381475,,,,,,
138.4713346,,,,,,
138.4714093,,,,,,
138.473287725,,,,,,
138.47332939999998,18320.0,156.26445951336257,6.399407793136017,,,
138.474327,,,,34765.0,519.2088246481552,1.9260073260073256
138.47524085,,,,,,
138.47531555,,,,,,
138.476,,,,,,
138.477193975,,,,,,
138.4791471,,,,,,
138.4792218,,,,,,
138.481100225,,,,,,
138.48114189999998,18320.0,156.26445951336257,6.399407793136017,,,
138.4821395,,,,34765.0,519.2088246481552,1.9260073260073256
138.48305335,,,,,,
138.48312805,,,,,,
138.485006475,,,,,,
138.4869596,,,,,,
138.4870343,,,,,,
138.488912725,,,,,,
138.48895439999998,18320.0,156.26445951336257,6.399407793136017,,,
138.489952,,,,34764.0,519.604111153407,1.9245421245421244
138.49086585,,,,,,
138.49094055,,,,,,
138.492818975,,,,,,
138.4947721,,,,,,
138.4948468,,,,,,
138.496,,,,,,
138.496725225,,,,,,
138.49676689999998,18319.0,156.38922155688624,6.3943025615499485,,,
138.4977645,,,,34764.0,519.604111153407,1.9245421245421244
138.49867835,,,,,,
138.49875305,,,,,,
138.500631475,,,,,,
138.5025846,,,,,,
138.5026593,,,,,,
138.504537725,,,,,,
138.50457939999998,18320.0,156.26445951336257,6.399407793136017,,,
138.505577,,,,34763.0,520.0,1.9230769230769231
138.50649085,,,,,,
138.50656555,,,,,,
138.508443975,,,,,,
138.5103971,,,,,,
138.5104718,,,,,,
138.512350225,,,,,,
138.51239189999998,18320.0,156.26445951336257,6.399407793136017,,,
138.5133895,,,,34765.0,519.2088246481552,1.9260073260073256
138.51430335,,,,,,
138.51437805,,,,,,
138.516,,,,,,
138.516256475,,,,,,
138.5182096,,,,,,
138.5182843,,,,,,
138.520162725,,,,,,
138.52020439999998,18320.0,156.26445951336257,6.399407793136017,,,
138.521202,,,,34764.0,519.604111153407,1.9245421245421244
138.52211585,,,,,,
138.52219055,,,,,,
138.524068975,,,,,,
138.5260221,,,,,,
138.5260968,,,,,,
138.527975225,,,,,,
138.52801689999998,18320.0,156.26445951336257,6.399407793136017,,,
138.5290145,,,,34764.0,519.604111153407,1.9245421245421244
138.52992835,,,,,,
138.53000305,,,,,,
138.531881475,,,,,,
138.5338346,,,,,,
138.5339093,,,,,,
138.535787725,,,,,,
138.53582939999998,18320.0,156.26445951336257,6.399407793136017,,,
138.536,,,,,,
138.536827,,,,34763.0,520.0,1.9230769230769231
138.53774085,,,,,,
138.53781555,,,,,,
138.539693975,,,,,,
138.5416471,,,,,,
138.5417218,,,,,,
138.543600225,,,,,,
138.54364189999998,18320.0,156.26445951336257,6.399407793136017,,,
138.5446395,,,,34766.0,518.8141391106044,1.9274725274725275
138.54555335,,,,,,
138.54562805,,,,,,
138.547506475,,,,,,
138.5494596,,,,,,
138.5495343,,,,,,
138.551412725,,,,,,
138.55145439999998,18320.0,156.26445951336257,6.399407793136017,,,
138.552452,,,,34765.0,519.2088246481552,1.9260073260073256
138.55336585,,,,,,
138.55344055,,,,,,
138.555318975,,,,,,
138.556,,,,,,
138.5572721,,,,,,
138.5573468,,,,,,
138.559225225,,,,,,
138.55926689999998,18319.0,156.38922155688624,6.3943025615499485,,,
138.5602645,,,,34764.0,519.604111153407,1.9245421245421244
138.56117835,,,,,,
138.56125305,,,,,,
138.563131475,,,,,,
138.5650846,,,,,,
138.5651593,,,,,,
138.567037725,,,,,,
138.56707939999998,18320.0,156.26445951336257,6.399407793136017,,,
138.568077,,,,34764.0,519.604111153407,1.9245421245421244
138.56899085,,,,,,
138.56906555,,,,,,
138.570943975,,,,,,
138.5728971,,,,,,
138.5729718,,,,,,
138.574850225,,,,,,
138.57489189999998,18321.0,156.13989637305696,6.4045130247220845,,,
138.5758895,,,,34765.0,519.2088246481552,1.9260073260073256
138.576,,,,,,
138.57680335,,,,,,
138.57687805,,,,,,
138.578756475,,,,,,
138.5807096,,,,,,
138.5807843,,,,,,
138.582662725,,,,,,
138.58270439999998,18320.0,156.26445951336257,6.399407793136017,,,
138.583702,,,,34764.0,519.604111153407,1.9245421245421244
138.58461585,,,,,,
138.58469055,,,,,,
138.586568975,,,,,,
138.5885221,,,,,,
138.5885968,,,,,,
138.590475225,,,,,,
138.59051689999998,18321.0,156.13989637305696,6.4045130247220845,,,
138.5915145,,,,34766.0,518.8141391106044,1.9274725274725275
138.59242835,,,,,,
138.59250305,,,,,,
138.594381475,,,,,,
138.596,,,,,,
138.5963346,,,,,,
138.5964093,,,,,,
138.598287725,,,,,,
138.59832939999998,18320.0,156.26445951336257,6.399407793136017,,,
138.599327,,,,34765.0,519.2088246481552,1.9260073260073256
138.60024085,,,,,,
138.60031555,,,,,,
138.602193975,,,,,,
138.6041471,,,,,,
138.6042218,,,,,,
138.606100225,,,,,,
138.60614189999998,18320.0,156.26445951336257,6.399407793136017,,,
138.6071395,,,,34764.0,519.604111153407,1.9245421245421244
138.60805335,,,,,,
138.60812805,,,,,,
138.610006475,,,,,,
138.6119596,,,,,,
138.6120343,,,,,,
138.613912725,,,,,,
138.61395439999998,18321.0,156.13989637305696,6.4045130247220845,,,
138.614952,,,,34765.0,519.2088246481552,1.9260073260073256
138.61586585,,,,,,
138.61594055,,,,,,
138.616,,,,,,
138.617818975,,,,,,
138.6197721,,,,,,
138.6198468,,,,,,
138.621725225,,,,,,
138.62176689999998,18321.0,156.13989637305696,6.4045130247220845,,,
138.6227645,,,,34764.0,519.604111153407,1.9245421245421244
138.62367835,,,,,,
138.62375305,,,,,,
138.625631475,,,,,,
138.6275846,,,,,,
138.6276593,,,,,,
138.629537725,,,,,,
138.62957939999998,18321.0,156.13989637305696,6.4045130247220845,,,
138.630577,,,,34763.0,520.0,1.9230769230769231
138.63149085,,,,,,
138.63156555,,,,,,
138.633443975,,,,,,
138.6353971,,,,,,
138.6354718,,,,,,
138.636,,,,,,
138.637350225,,,,,,
138.63739189999998,18321.0,156.13989637305696,6.4045130247220845,,,
138.6383895,,,,34764.0,519.604111153407,1.9245421245421244
138.63930335,,,,,,
138.63937805,,,,,,
138.641256475,,,,,,
138.6432096,,,,,,
138.6432843,,,,,,
138.645162725,,,,,,
138.64520439999998,18320.0,156.26445951336257,6.399407793136017,,,
138.646202,,,,34763.0,520.0,1.9230769230769231
138.64711585,,,,,,
138.64719055,,,,,,
138.649068975,,,,,,
138.6510221,,,,,,
138.6510968,,,,,,
138.652975225,,,,,,
138.65301689999998,18321.0,156.13989637305696,6.4045130247220845,,,
138.6540145,,,,34764.0,519.604111153407,1.9245421245421244
138.65492835,,,,,,
138.65500305,,,,,,
138.656,,,,,,
138.656881475,,,,,,
138.6588346,,,,,,
138.6589093,,,,,,
138.660787725,,,,,,
138.66082939999998,18320.0,156.26445951336257,6.399407793136017,,,
138.661827,,,,34764.0,519.604111153407,1.9245421245421244
138.66274085,,,,,,
138.66281555,,,,,,
138.664693975,,,,,,
138.6666471,,,,,,
138.6667218,,,,,,
138.668600225,,,,,,
138.66864189999998,18321.0,156.13989637305696,6.4045130247220845,,,
138.6696395,,,,34766.0,518.8141391106044,1.9274725274725275
138.67055335,,,,,,
138.67062805,,,,,,
138.672506475,,,,,,
138.6744596,,,,,,
138.6745343,,,,,,
138.676,,,,,,
138.676412725,,,,,,
138.67645439999998,18321.0,156.13989637305696,6.4045130247220845,,,
138.677452,,,,34764.0,519.604111153407,1.9245421245421244
138.67836585,,,,,,
138.67844055,,,,,,
138.680318975,,,,,,
138.6822721,,,,,,
138.6823468,,,,,,
138.684225225,,,,,,
138.68426689999998,18321.0,156.13989637305696,6.4045130247220845,,,
138.6852645,,,,34764.0,519.604111153407,1.9245421245421244
138.68617835,,,,,,
138.68625305,,,,,,
138.688131475,,,,,,
138.6900846,,,,,,
138.6901593,,,,,,
138.692037725,,,,,,
138.69207939999998,18321.0,156.13989637305696,6.4045130247220845,,,
138.693077,,,,34765.0,519.2088246481552,1.9260073260073256
138.69399085,,,,,,
138.69406555,,,,,,
138.695943975,,,,,,
138.696,,,,,,
138.6978971,,,,,,
138.6979718,,,,,,
138.699850225,,,,,,
138.69989189999998,18321.0,156.13989637305696,6.4045130247220845,,,
138.7008895,,,,34764.0,519.604111153407,1.9245421245421244
138.70180335,,,,,,
138.70187805,,,,,,
138.703756475,,,,,,
138.7057096,,,,,,
138.7057843,,,,,,
138.707662725,,,,,,
138.70770439999998,18321.0,156.13989637305696,6.4045130247220845,,,
138.708702,,,,34764.0,519.604111153407,1.9245421245421244
138.70961585,,,,,,
138.70969055,,,,,,
138.711568975,,,,,,
138.7135221,,,,,,
138.7135968,,,,,,
138.715475225,,,,,,
138.71551689999998,18321.0,156.13989637305696,6.4045130247220845,,,
138.716,,,,,,
138.7165145,,,,34764.0,519.604111153407,1.9245421245421244
138.71742835,,,,,,
138.71750305,,,,,,
138.719381475,,,,,,
138.7213346,,,,,,
138.7214093,,,,,,
138.723287725,,,,,,
138.72332939999998,18321.0,156.13989637305696,6.4045130247220845,,,
138.724327,,,,34765.0,519.2088246481552,1.9260073260073256
138.72524085,,,,,,
138.72531555,,,,,,
138.727193975,,,,,,
138.7291471,,,,,,
138.7292218,,,,,,
138.731100225,,,,,,
138.73114189999998,18321.0,156.13989637305696,6.4045130247220845,,,
138.7321395,,,,34765.0,519.2088246481552,1.9260073260073256
138.73305335,,,,,,
138.73312805,,,,,,
138.735006475,,,,,,
138.736,,,,,,
138.7369596,,,,,,
138.7370343,,,,,,
138.738912725,,,,,,
138.73895439999998,18321.0,156.13989637305696,6.4045130247220845,,,
138.739952,,,,34763.0,520.0,1.9230769230769231
138.74086585,,,,,,
138.74094055,,,,,,
138.742818975,,,,,,
138.7447721,,,,,,
138.7448468,,,,,,
138.746725225,,,,,,
138.74676689999998,18321.0,156.13989637305696,6.4045130247220845,,,
138.7477645,,,,34763.0,520.0,1.9230769230769231
138.74867835,,,,,,
138.74875305,,,,,,
138.750631475,,,,,,
138.7525846,,,,,,
138.7526593,,,,,,
138.754537725,,,,,,
138.75457939999998,18321.0,156.13989637305696,6.4045130247220845,,,
138.755577,,,,34763.0,520.0,1.9230769230769231
138.756,,,,,,
138.75649085,,,,,,
138.75656555,,,,,,
138.758443975,,,,,,
138.7603971,,,,,,
138.7604718,,,,,,
138.762350225,,,,,,
138.76239189999998,18321.0,156.13989637305696,6.4045130247220845,,,
138.7633895,,,,34766.0,518.8141391106044,1.9274725274725275
138.76430335,,,,,,
138.76437805,,,,,,
138.766256475,,,,,,
138.7682096,,,,,,
138.7682843,,,,,,
138.770162725,,,,,,
138.77020439999998,18322.0,156.01553166069294,6.4096182563081525,,,
138.771202,,,,34765.0,519.2088246481552,1.9260073260073256
138.77211585,,,,,,
138.77219055,,,,,,
138.774068975,,,,,,
138.776,,,,,,
138.7760221,,,,,,
138.7760968,,,,,,
138.777975225,,,,,,
138.77801689999998,18322.0,156.01553166069294,6.4096182563081525,,,
138.7790145,,,,34763.0,520.0,1.9230769230769231
138.77992835,,,,,,
138.78000305,,,,,,
138.781881475,,,,,,
138.7838346,,,,,,
138.7839093,,,,,,
138.785787725,,,,,,
138.78582939999998,18322.0,156.01553166069294,6.4096182563081525,,,
138.786827,,,,34764.0,519.604111153407,1.9245421245421244
138.78774085,,,,,,
138.78781555,,,,,,
138.789693975,,,,,,
138.7916471,,,,,,
138.7917218,,,,,,
138.793600225,,,,,,
138.79364189999998,18321.0,156.13989637305696,6.4045130247220845,,,
138.7946395,,,,34764.0,519.604111153407,1.9245421245421244
138.79555335,,,,,,
138.79562805,,,,,,
138.796,,,,,,
138.797506475,,,,,,
138.7994596,,,,,,
138.7995343,,,,,,
138.801412725,,,,,,
138.80145439999998,18322.0,156.01553166069294,6.4096182563081525,,,
138.802452,,,,34763.0,520.0,1.9230769230769231
138.80336585,,,,,,
138.80344055,,,,,,
138.805318975,,,,,,
138.8072721,,,,,,
138.8073468,,,,,,
138.809225225,,,,,,
138.80926689999998,18322.0,156.01553166069294,6.4096182563081525,,,
138.8102645,,,,34764.0,519.604111153407,1.9245421245421244
138.81117835,,,,,,
138.81125305,,,,,,
138.813131475,,,,,,
138.8150846,,,,,,
138.8151593,,,,,,
138.816,,,,,,
138.817037725,,,,,,
138.81707939999998,18321.0,156.13989637305696,6.4045130247220845,,,
138.818077,,,,34763.0,520.0,1.9230769230769231
138.81899085,,,,,,
138.81906555,,,,,,
138.820943975,,,,,,
138.8228971,,,,,,
138.8229718,,,,,,
138.824850225,,,,,,
138.82489189999998,18322.0,156.01553166069294,6.4096182563081525,,,
138.8258895,,,,34764.0,519.604111153407,1.9245421245421244
138.82680335,,,,,,
138.82687805,,,,,,
138.828756475,,,,,,
138.8307096,,,,,,
138.8307843,,,,,,
138.832662725,,,,,,
138.83270439999998,18323.0,155.89136490250695,6.414723487894219,,,
138.833702,,,,34764.0,519.604111153407,1.9245421245421244
138.83461585,,,,,,
138.83469055,,,,,,
138.836,,,,,,
138.836568975,,,,,,
138.8385221,,,,,,
138.8385968,,,,,,
138.840475225,,,,,,
138.84051689999998,18322.0,156.01553166069294,6.4096182563081525,,,
138.8415145,,,,34764.0,519.604111153407,1.9245421245421244
138.84242835,,,,,,
138.84250305,,,,,,
138.844381475,,,,,,
138.8463346,,,,,,
138.8464093,,,,,,
138.848287725,,,,,,
138.84832939999998,18322.0,156.01553166069294,6.4096182563081525,,,
138.849327,,,,34762.0,520.3964925657644,1.9216117216117208
138.85024085,,,,,,
138.85031555,,,,,,
138.852193975,,,,,,
138.8541471,,,,,,
138.8542218,,,,,,
138.856,,,,,,
138.856100225,,,,,,
138.85614189999998,18323.0,155.89136490250695,6.414723487894219,,,
138.8571395,,,,34765.0,519.2088246481552,1.9260073260073256
138.85805335,,,,,,
138.85812805,,,,,,
138.860006475,,,,,,
138.8619596,,,,,,
138.8620343,,,,,,
138.863912725,,,,,,
138.86395439999998,18321.0,156.13989637305696,6.4045130247220845,,,
138.864952,,,,34765.0,519.2088246481552,1.9260073260073256
138.86586585,,,,,,
138.86594055,,,,,,
138.867818975,,,,,,
138.8697721,,,,,,
138.8698468,,,,,,
138.871725225,,,,,,
138.87176689999998,18322.0,156.01553166069294,6.4096182563081525,,,
138.8727645,,,,34766.0,518.8141391106044,1.9274725274725275
138.87367835,,,,,,
138.87375305,,,,,,
138.875631475,,,,,,
138.876,,,,,,
138.8775846,,,,,,
138.8776593,,,,,,
138.879537725,,,,,,
138.87957939999998,18322.0,156.01553166069294,6.4096182563081525,,,
138.880577,,,,34763.0,520.0,1.9230769230769231
138.88149085,,,,,,
138.88156555,,,,,,
138.883443975,,,,,,
138.8853971,,,,,,
138.8854718,,,,,,
138.8869072,,,,,,
138.887350225,,,,,,
138.88739189999998,18323.0,155.89136490250695,6.414723487894219,,,
138.8883895,,,,34765.0,519.2088246481552,1.9260073260073256
138.88930335,,,,,,
138.88937805,,,,,,
138.891256475,,,,,,
138.8932096,,,,,,
138.8932843,,,,,,
138.895162725,,,,,,
138.89520439999998,18323.0,155.89136490250695,6.414723487894219,,,
138.896,,,,,,
138.896202,,,,34764.0,519.604111153407,1.9245421245421244
138.89711585,,,,,,
138.89719055,,,,,,
138.899068975,,,,,,
138.9010221,,,,,,
138.9010968,,,,,,
138.902975225,,,,,,
138.90301689999998,18323.0,155.89136490250695,6.414723487894219,,,
138.9040145,,,,34764.0,519.604111153407,1.9245421245421244
138.90492835,,,,,,
138.90500305,,,,,,
138.906881475,,,,,,
138.9088346,,,,,,
138.9089093,,,,,,
138.910787725,,,,,,
138.91082939999998,18324.0,155.76739562624255,6.419828719480286,,,
138.911827,,,,34765.0,519.2088246481552,1.9260073260073256
138.91274085,,,,,,
138.91281555,,,,,,
138.914693975,,,,,,
138.916,,,,,,
138.9166471,,,,,,
138.9167218,,,,,,
138.918600225,,,,,,
138.91864189999998,18323.0,155.89136490250695,6.414723487894219,,,
138.9196395,,,,34764.0,519.604111153407,1.9245421245421244
138.92055335,,,,,,
138.92062805,,,,,,
138.922506475,,,,,,
138.9244596,,,,,,
138.9245343,,,,,,
138.926412725,,,,,,
138.92645439999998,18324.0,155.76739562624255,6.419828719480286,,,
138.927452,,,,34765.0,519.2088246481552,1.9260073260073256
138.92836585,,,,,,
138.92844055,,,,,,
138.930318975,,,,,,
138.9322721,,,,,,
138.9323468,,,,,,
138.934225225,,,,,,
138.93426689999998,18323.0,155.89136490250695,6.414723487894219,,,
138.9352645,,,,34765.0,519.2088246481552,1.9260073260073256
138.936,,,,,,
138.93617835,,,,,,
138.93625305,,,,,,
138.938131475,,,,,,
138.9400846,,,,,,
138.9401593,,,,,,
138.942037725,,,,,,
138.94207939999998,18324.0,155.76739562624255,6.419828719480286,,,
138.943077,,,,34764.0,519.604111153407,1.9245421245421244
138.94399085,,,,,,
138.94406555,,,,,,
138.945943975,,,,,,
138.9478971,,,,,,
138.9479718,,,,,,
138.949850225,,,,,,
138.94989189999998,18324.0,155.76739562624255,6.419828719480286,,,
138.9508895,,,,34765.0,519.2088246481552,1.9260073260073256
138.95180335,,,,,,
138.95187805,,,,,,
138.953756475,,,,,,
138.9557096,,,,,,
138.9557843,,,,,,
138.956,,,,,,
138.957662725,,,,,,
138.95770439999998,18325.0,155.64362336114425,6.424933951066354,,,
138.958702,,,,34762.0,520.3964925657644,1.9216117216117208
138.95961585,,,,,,
138.95969055,,,,,,
138.961568975,,,,,,
138.9635221,,,,,,
138.9635968,,,,,,
138.965475225,,,,,,
138.96551689999998,18324.0,155.76739562624255,6.419828719480286,,,
138.9665145,,,,34765.0,519.2088246481552,1.9260073260073256
138.96742835,,,,,,
138.96750305,,,,,,
138.969381475,,,,,,
138.9713346,,,,,,
138.9714093,,,,,,
138.973287725,,,,,,
138.97332939999998,18326.0,155.5200476379516,6.430039182652422,,,
138.974327,,,,34762.0,520.3964925657644,1.9216117216117208
138.97524085,,,,,,
138.97531555,,,,,,
138.976,,,,,,
138.977193975,,,,,,
138.9791471,,,,,,
138.9792218,,,,,,
138.981100225,,,,,,
138.98114189999998,18325.0,155.64362336114425,6.424933951066354,,,
138.9821395,,,,34765.0,519.2088246481552,1.9260073260073256
138.98305335,,,,,,
138.98312805,,,,,,
138.985006475,,,,,,
138.9869596,,,,,,
138.9870343,,,,,,
138.988912725,,,,,,
138.98895439999998,18326.0,155.5200476379516,6.430039182652422,,,
138.989952,,,,34764.0,519.604111153407,1.9245421245421244
138.99086585,,,,,,
138.99094055,,,,,,
138.992818975,,,,,,
138.9947721,,,,,,
138.9948468,,,,,,
138.996,,,,,,
138.996725225,,,,,,
138.99676689999998,18326.0,155.5200476379516,6.430039182652422,,,
138.9977645,,,,34763.0,520.0,1.9230769230769231
138.99867835,,,,,,
138.99875305,,,,,,
139.000631475,,,,,,
139.0025846,,,,,,
139.0026593,,,,,,
139.004537725,,,,,,
139.00457939999998,18325.0,155.64362336114425,6.424933951066354,,,
139.005577,,,,34764.0,519.604111153407,1.9245421245421244
139.00649085,,,,,,
139.00656555,,,,,,
139.008443975,,,,,,
139.0103971,,,,,,
139.0104718,,,,,,
139.012350225,,,,,,
139.01239189999998,18326.0,155.5200476379516,6.430039182652422,,,
139.0133895,,,,34763.0,520.0,1.9230769230769231
139.01430335,,,,,,
139.01437805,,,,,,
139.016,,,,,,
139.016256475,,,,,,
139.0182096,,,,,,
139.0182843,,,,,,
139.020162725,,,,,,
139.02020439999998,18325.0,155.64362336114425,6.424933951066354,,,
139.021202,,,,34764.0,519.604111153407,1.9245421245421244
139.02211585,,,,,,
139.02219055,,,,,,
139.024068975,,,,,,
139.0260221,,,,,,
139.0260968,,,,,,
139.027975225,,,,,,
139.02801689999998,18327.0,155.3966679888933,6.43514441423849,,,
139.0290145,,,,34764.0,519.604111153407,1.9245421245421244
139.02992835,,,,,,
139.03000305,,,,,,
139.031881475,,,,,,
139.0338346,,,,,,
139.0339093,,,,,,
139.035787725,,,,,,
139.03582939999998,18326.0,155.5200476379516,6.430039182652422,,,
139.036,,,,,,
139.036827,,,,34764.0,519.604111153407,1.9245421245421244
139.03774085,,,,,,
139.03781555,,,,,,
139.039693975,,,,,,
139.0416471,,,,,,
139.0417218,,,,,,
139.043600225,,,,,,
139.04364189999998,18326.0,155.5200476379516,6.430039182652422,,,
139.0446395,,,,34765.0,519.2088246481552,1.9260073260073256
139.04555335,,,,,,
139.04562805,,,,,,
139.047506475,,,,,,
139.0494596,,,,,,
139.0495343,,,,,,
139.051412725,,,,,,
139.05145439999998,18327.0,155.3966679888933,6.43514441423849,,,
139.052452,,,,34765.0,519.2088246481552,1.9260073260073256
139.05336585,,,,,,
139.05344055,,,,,,
139.055318975,,,,,,
139.056,,,,,,
139.0572721,,,,,,
139.0573468,,,,,,
139.059225225,,,,,,
139.05926689999998,18326.0,155.5200476379516,6.430039182652422,,,
139.0602645,,,,34764.0,519.604111153407,1.9245421245421244
139.06117835,,,,,,
139.06125305,,,,,,
139.063131475,,,,,,
139.0650846,,,,,,
139.0651593,,,,,,
139.067037725,,,,,,
139.06707939999998,18327.0,155.3966679888933,6.43514441423849,,,
139.068077,,,,34763.0,520.0,1.9230769230769231
139.06899085,,,,,,
139.06906555,,,,,,
139.070943975,,,,,,
139.0728971,,,,,,
139.0729718,,,,,,
139.074850225,,,,,,
139.07489189999998,18326.0,155.5200476379516,6.430039182652422,,,
139.0758895,,,,34763.0,520.0,1.9230769230769231
139.076,,,,,,
139.07680335,,,,,,
139.07687805,,,,,,
139.078756475,,,,,,
139.0807096,,,,,,
139.0807843,,,,,,
139.082662725,,,,,,
139.08270439999998,18326.0,155.5200476379516,6.430039182652422,,,
139.083702,,,,34765.0,519.2088246481552,1.9260073260073256
139.08461585,,,,,,
139.08469055,,,,,,
139.086568975,,,,,,
139.0885221,,,,,,
139.0885968,,,,,,
139.090475225,,,,,,
139.09051689999998,18327.0,155.3966679888933,6.43514441423849,,,
139.0915145,,,,34764.0,519.604111153407,1.9245421245421244
139.09242835,,,,,,
139.09250305,,,,,,
139.094381475,,,,,,
139.096,,,,,,
139.0963346,,,,,,
139.0964093,,,,,,
139.098287725,,,,,,
139.09832939999998,18327.0,155.3966679888933,6.43514441423849,,,
139.099327,,,,34765.0,519.2088246481552,1.9260073260073256
139.10024085,,,,,,
139.10031555,,,,,,
139.102193975,,,,,,
139.1041471,,,,,,
139.1042218,,,,,,
139.106100225,,,,,,
139.10614189999998,18326.0,155.5200476379516,6.430039182652422,,,
139.1071395,,,,34765.0,519.2088246481552,1.9260073260073256
139.10805335,,,,,,
139.10812805,,,,,,
139.110006475,,,,,,
139.1119596,,,,,,
139.1120343,,,,,,
139.113912725,,,,,,
139.11395439999998,18327.0,155.3966679888933,6.43514441423849,,,
139.114952,,,,34764.0,519.604111153407,1.9245421245421244
139.11586585,,,,,,
139.11594055,,,,,,
139.116,,,,,,
139.117818975,,,,,,
139.1197721,,,,,,
139.1198468,,,,,,
139.121725225,,,,,,
139.12176689999998,18327.0,155.3966679888933,6.43514441423849,,,
139.1227645,,,,34764.0,519.604111153407,1.9245421245421244
139.12367835,,,,,,
139.12375305,,,,,,
139.125631475,,,,,,
139.1275846,,,,,,
139.1276593,,,,,,
139.129537725,,,,,,
139.12957939999998,18327.0,155.3966679888933,6.43514441423849,,,
139.130577,,,,34763.0,520.0,1.9230769230769231
139.13149085,,,,,,
139.13156555,,,,,,
139.133443975,,,,,,
139.1353971,,,,,,
139.1354718,,,,,,
139.136,,,,,,
139.137350225,,,,,,
139.13739189999998,18327.0,155.3966679888933,6.43514441423849,,,
139.1383895,,,,34764.0,519.604111153407,1.9245421245421244
139.13930335,,,,,,
139.13937805,,,,,,
139.141256475,,,,,,
139.1432096,,,,,,
139.1432843,,,,,,
139.145162725,,,,,,
139.14520439999998,18327.0,155.3966679888933,6.43514441423849,,,
139.146202,,,,34764.0,519.604111153407,1.9245421245421244
139.14711585,,,,,,
139.14719055,,,,,,
139.149068975,,,,,,
139.1510221,,,,,,
139.1510968,,,,,,
139.152975225,,,,,,
139.15301689999998,18328.0,155.2734839476813,6.440249645824559,,,
139.1540145,,,,34764.0,519.604111153407,1.9245421245421244
139.15492835,,,,,,
139.15500305,,,,,,
139.156,,,,,,
139.156881475,,,,,,
139.1588346,,,,,,
139.1589093,,,,,,
139.160787725,,,,,,
139.16082939999998,18327.0,155.3966679888933,6.43514441423849,,,
139.161827,,,,34765.0,519.2088246481552,1.9260073260073256
139.16274085,,,,,,
139.16281555,,,,,,
139.164693975,,,,,,
139.1666471,,,,,,
139.1667218,,,,,,
139.168600225,,,,,,
139.16864189999998,18327.0,155.3966679888933,6.43514441423849,,,
139.1696395,,,,34764.0,519.604111153407,1.9245421245421244
139.17055335,,,,,,
139.17062805,,,,,,
139.172506475,,,,,,
139.1744596,,,,,,
139.1745343,,,,,,
139.176,,,,,,
139.176412725,,,,,,
139.17645439999998,18328.0,155.2734839476813,6.440249645824559,,,
139.177452,,,,34765.0,519.2088246481552,1.9260073260073256
139.17836585,,,,,,
139.17844055,,,,,,
139.180318975,,,,,,
139.1822721,,,,,,
139.1823468,,,,,,
139.184225225,,,,,,
139.18426689999998,18327.0,155.3966679888933,6.43514441423849,,,
139.1852645,,,,34765.0,519.2088246481552,1.9260073260073256
139.18617835,,,,,,
139.18625305,,,,,,
139.188131475,,,,,,
139.1900846,,,,,,
139.1901593,,,,,,
139.192037725,,,,,,
139.19207939999998,18327.0,155.3966679888933,6.43514441423849,,,
139.193077,,,,34764.0,519.604111153407,1.9245421245421244
139.19399085,,,,,,
139.19406555,,,,,,
139.195943975,,,,,,
139.196,,,,,,
139.1978971,,,,,,
139.1979718,,,,,,
139.199850225,,,,,,
139.19989189999998,18327.0,155.3966679888933,6.43514441423849,,,
139.2008895,,,,34765.0,519.2088246481552,1.9260073260073256
139.20180335,,,,,,
139.20187805,,,,,,
139.203756475,,,,,,
139.2057096,,,,,,
139.2057843,,,,,,
139.207662725,,,,,,
139.20770439999998,18328.0,155.2734839476813,6.440249645824559,,,
139.208702,,,,34764.0,519.604111153407,1.9245421245421244
139.20961585,,,,,,
139.20969055,,,,,,
139.211568975,,,,,,
139.2135221,,,,,,
139.2135968,,,,,,
139.215475225,,,,,,
139.21551689999998,18328.0,155.2734839476813,6.440249645824559,,,
139.216,,,,,,
139.2165145,,,,34765.0,519.2088246481552,1.9260073260073256
139.21742835,,,,,,
139.21750305,,,,,,
139.219381475,,,,,,
139.2213346,,,,,,
139.2214093,,,,,,
139.223287725,,,,,,
139.22332939999998,18328.0,155.2734839476813,6.440249645824559,,,
139.224327,,,,34765.0,519.2088246481552,1.9260073260073256
139.22524085,,,,,,
139.22531555,,,,,,
139.227193975,,,,,,
139.2291471,,,,,,
139.2292218,,,,,,
139.231100225,,,,,,
139.23114189999998,18328.0,155.2734839476813,6.440249645824559,,,
139.2321395,,,,34765.0,519.2088246481552,1.9260073260073256
139.23305335,,,,,,
139.23312805,,,,,,
139.235006475,,,,,,
139.236,,,,,,
139.2369596,,,,,,
139.2370343,,,,,,
139.238912725,,,,,,
139.23895439999998,18329.0,155.15049504950494,6.445354877410626,,,
139.239952,,,,34766.0,518.8141391106044,1.9274725274725275
139.24086585,,,,,,
139.24094055,,,,,,
139.242818975,,,,,,
139.2447721,,,,,,
139.2448468,,,,,,
139.246725225,,,,,,
139.24676689999998,18329.0,155.15049504950494,6.445354877410626,,,
139.2477645,,,,34766.0,518.8141391106044,1.9274725274725275
139.24867835,,,,,,
139.24875305,,,,,,
139.250631475,,,,,,
139.2525846,,,,,,
139.2526593,,,,,,
139.254537725,,,,,,
139.25457939999998,18329.0,155.15049504950494,6.445354877410626,,,
139.255577,,,,34765.0,519.2088246481552,1.9260073260073256
139.256,,,,,,
139.25649085,,,,,,
139.25656555,,,,,,
139.258443975,,,,,,
139.2603971,,,,,,
139.2604718,,,,,,
139.262350225,,,,,,
139.26239189999998,18329.0,155.15049504950494,6.445354877410626,,,
139.2633895,,,,34765.0,519.2088246481552,1.9260073260073256
139.26430335,,,,,,
139.26437805,,,,,,
139.266256475,,,,,,
139.2682096,,,,,,
139.2682843,,,,,,
139.270162725,,,,,,
139.27020439999998,18331.0,154.90510083036776,6.455565340582763,,,
139.271202,,,,34764.0,519.604111153407,1.9245421245421244
139.27211585,,,,,,
139.27219055,,,,,,
139.274068975,,,,,,
139.276,,,,,,
139.2760221,,,,,,
139.2760968,,,,,,
139.277975225,,,,,,
139.27801689999998,18330.0,155.0277008310249,6.450460108996693,,,
139.2790145,,,,34766.0,518.8141391106044,1.9274725274725275
139.27992835,,,,,,
139.28000305,,,,,,
139.281881475,,,,,,
139.2838346,,,,,,
139.2839093,,,,,,
139.285787725,,,,,,
139.28582939999998,18330.0,155.0277008310249,6.450460108996693,,,
139.286827,,,,34765.0,519.2088246481552,1.9260073260073256
139.28774085,,,,,,
139.28781555,,,,,,
139.289693975,,,,,,
139.2916471,,,,,,
139.2917218,,,,,,
139.293600225,,,,,,
139.29364189999998,18330.0,155.0277008310249,6.450460108996693,,,
139.2946395,,,,34766.0,518.8141391106044,1.9274725274725275
139.29555335,,,,,,
139.29562805,,,,,,
139.296,,,,,,
139.297506475,,,,,,
139.2994596,,,,,,
139.2995343,,,,,,
139.301412725,,,,,,
139.30145439999998,18331.0,154.90510083036776,6.455565340582763,,,
139.302452,,,,34764.0,519.604111153407,1.9245421245421244
139.30336585,,,,,,
139.30344055,,,,,,
139.305318975,,,,,,
139.3072721,,,,,,
139.3073468,,,,,,
139.309225225,,,,,,
139.30926689999998,18330.0,155.0277008310249,6.450460108996693,,,
139.3102645,,,,34765.0,519.2088246481552,1.9260073260073256
139.31117835,,,,,,
139.31125305,,,,,,
139.313131475,,,,,,
139.3150846,,,,,,
139.3151593,,,,,,
139.316,,,,,,
139.317037725,,,,,,
139.31707939999998,18330.0,155.0277008310249,6.450460108996693,,,
139.318077,,,,34765.0,519.2088246481552,1.9260073260073256
139.31899085,,,,,,
139.31906555,,,,,,
139.320943975,,,,,,
139.3228971,,,,,,
139.3229718,,,,,,
139.324850225,,,,,,
139.32489189999998,18331.0,154.90510083036776,6.455565340582763,,,
139.3258895,,,,34765.0,519.2088246481552,1.9260073260073256
139.32680335,,,,,,
139.32687805,,,,,,
139.328756475,,,,,,
139.3307096,,,,,,
139.3307843,,,,,,
139.332662725,,,,,,
139.33270439999998,18332.0,154.78269458711975,6.460670572168829,,,
139.333702,,,,34765.0,519.2088246481552,1.9260073260073256
139.33461585,,,,,,
139.33469055,,,,,,
139.336,,,,,,
139.336568975,,,,,,
139.3385221,,,,,,
139.3385968,,,,,,
139.340475225,,,,,,
139.34051689999998,18332.0,154.78269458711975,6.460670572168829,,,
139.3415145,,,,34765.0,519.2088246481552,1.9260073260073256
139.34242835,,,,,,
139.34250305,,,,,,
139.344381475,,,,,,
139.3463346,,,,,,
139.3464093,,,,,,
139.348287725,,,,,,
139.34832939999998,18331.0,154.90510083036776,6.455565340582763,,,
139.349327,,,,34764.0,519.604111153407,1.9245421245421244
139.35024085,,,,,,
139.35031555,,,,,,
139.352193975,,,,,,
139.3541471,,,,,,
139.3542218,,,,,,
139.356,,,,,,
139.356100225,,,,,,
139.35614189999998,18332.0,154.78269458711975,6.460670572168829,,,
139.3571395,,,,34766.0,518.8141391106044,1.9274725274725275
139.35805335,,,,,,
139.35812805,,,,,,
139.360006475,,,,,,
139.3619596,,,,,,
139.3620343,,,,,,
139.363912725,,,,,,
139.36395439999998,18333.0,154.66048164232143,6.465775803754896,,,
139.364952,,,,34765.0,519.2088246481552,1.9260073260073256
139.36586585,,,,,,
139.36594055,,,,,,
139.367818975,,,,,,
139.3697721,,,,,,
139.3698468,,,,,,
139.371725225,,,,,,
139.37176689999998,18332.0,154.78269458711975,6.460670572168829,,,
139.3727645,,,,34765.0,519.2088246481552,1.9260073260073256
139.37367835,,,,,,
139.37375305,,,,,,
139.375631475,,,,,,
139.376,,,,,,
139.3775846,,,,,,
139.3776593,,,,,,
139.379537725,,,,,,
139.37957939999998,18333.0,154.66048164232143,6.465775803754896,,,
139.380577,,,,34766.0,518.8141391106044,1.9274725274725275
139.38149085,,,,,,
139.38156555,,,,,,
139.383443975,,,,,,
139.3853971,,,,,,
139.3854718,,,,,,
139.387350225,,,,,,
139.38739189999998,18333.0,154.66048164232143,6.465775803754896,,,
139.3883895,,,,34766.0,518.8141391106044,1.9274725274725275
139.38930335,,,,,,
139.38937805,,,,,,
139.391256475,,,,,,
139.3932096,,,,,,
139.3932843,,,,,,
139.395162725,,,,,,
139.39520439999998,18334.0,154.53846153846158,6.470881035340964,,,
139.396,,,,,,
139.396202,,,,34766.0,518.8141391106044,1.9274725274725275
139.39711585,,,,,,
139.39719055,,,,,,
139.399068975,,,,,,
139.4010221,,,,,,
139.4010968,,,,,,
139.402975225,,,,,,
139.40301689999998,18333.0,154.66048164232143,6.465775803754896,,,
139.4040145,,,,34765.0,519.2088246481552,1.9260073260073256
139.40492835,,,,,,
139.40500305,,,,,,
139.406881475,,,,,,
139.4088346,,,,,,
139.4089093,,,,,,
139.410787725,,,,,,
139.41082939999998,18333.0,154.66048164232143,6.465775803754896,,,
139.411827,,,,34764.0,519.604111153407,1.9245421245421244
139.41274085,,,,,,
139.41281555,,,,,,
139.414693975,,,,,,
139.416,,,,,,
139.4166471,,,,,,
139.4167218,,,,,,
139.418600225,,,,,,
139.41864189999998,18334.0,154.53846153846158,6.470881035340964,,,
139.4196395,,,,34765.0,519.2088246481552,1.9260073260073256
139.42055335,,,,,,
139.42062805,,,,,,
139.422506475,,,,,,
139.4244596,,,,,,
139.4245343,,,,,,
139.426412725,,,,,,
139.42645439999998,18334.0,154.53846153846158,6.470881035340964,,,
139.427452,,,,34765.0,519.2088246481552,1.9260073260073256
139.42836585,,,,,,
139.42844055,,,,,,
139.430318975,,,,,,
139.4322721,,,,,,
139.4323468,,,,,,
139.434225225,,,,,,
139.43426689999998,18334.0,154.53846153846158,6.470881035340964,,,
139.4352645,,,,34765.0,519.2088246481552,1.9260073260073256
139.436,,,,,,
139.43617835,,,,,,
139.43625305,,,,,,
139.438131475,,,,,,
139.4400846,,,,,,
139.4401593,,,,,,
139.442037725,,,,,,
139.44207939999998,18334.0,154.53846153846158,6.470881035340964,,,
139.443077,,,,34766.0,518.8141391106044,1.9274725274725275
139.44399085,,,,,,
139.44406555,,,,,,
139.445943975,,,,,,
139.4478971,,,,,,
139.4479718,,,,,,
139.449850225,,,,,,
139.44989189999998,18334.0,154.53846153846158,6.470881035340964,,,
139.4508895,,,,34765.0,519.2088246481552,1.9260073260073256
139.45180335,,,,,,
139.45187805,,,,,,
139.453756475,,,,,,
139.4557096,,,,,,
139.4557843,,,,,,
139.456,,,,,,
139.457662725,,,,,,
139.45770439999998,18335.0,154.41663381947183,6.475986266927032,,,
139.458702,,,,34765.0,519.2088246481552,1.9260073260073256
139.45961585,,,,,,
139.45969055,,,,,,
139.461568975,,,,,,
139.4635221,,,,,,
139.4635968,,,,,,
139.465475225,,,,,,
139.46551689999998,18335.0,154.41663381947183,6.475986266927032,,,
139.4665145,,,,34764.0,519.604111153407,1.9245421245421244
139.46742835,,,,,,
139.46750305,,,,,,
139.469381475,,,,,,
139.4713346,,,,,,
139.4714093,,,,,,
139.473287725,,,,,,
139.47332939999998,18334.0,154.53846153846158,6.470881035340964,,,
139.474327,,,,34763.0,520.0,1.9230769230769231
139.47524085,,,,,,
139.47531555,,,,,,
139.476,,,,,,
139.477193975,,,,,,
139.4791471,,,,,,
139.4792218,,,,,,
139.481100225,,,,,,
139.48114189999998,18335.0,154.41663381947183,6.475986266927032,,,
139.4821395,,,,34766.0,518.8141391106044,1.9274725274725275
139.48305335,,,,,,
139.48312805,,,,,,
139.485006475,,,,,,
139.4869596,,,,,,
139.4870343,,,,,,
139.488912725,,,,,,
139.48895439999998,18335.0,154.41663381947183,6.475986266927032,,,
139.489952,,,,34765.0,519.2088246481552,1.9260073260073256
139.49086585,,,,,,
139.49094055,,,,,,
139.492818975,,,,,,
139.4947721,,,,,,
139.4948468,,,,,,
139.496,,,,,,
139.496725225,,,,,,
139.49676689999998,18336.0,154.29499803072076,6.481091498513101,,,
139.4977645,,,,34764.0,519.604111153407,1.9245421245421244
139.49867835,,,,,,
139.49875305,,,,,,
139.500631475,,,,,,
139.5025846,,,,,,
139.5026593,,,,,,
139.504537725,,,,,,
139.50457939999998,18335.0,154.41663381947183,6.475986266927032,,,
139.505577,,,,34764.0,519.604111153407,1.9245421245421244
139.50649085,,,,,,
139.50656555,,,,,,
139.508443975,,,,,,
139.5103971,,,,,,
139.5104718,,,,,,
139.512350225,,,,,,
139.51239189999998,18335.0,154.41663381947183,6.475986266927032,,,
139.5133895,,,,34766.0,518.8141391106044,1.9274725274725275
139.51430335,,,,,,
139.51437805,,,,,,
139.516,,,,,,
139.516256475,,,,,,
139.5182096,,,,,,
139.5182843,,,,,,
139.520162725,,,,,,
139.52020439999998,18336.0,154.29499803072076,6.481091498513101,,,
139.521202,,,,34765.0,519.2088246481552,1.9260073260073256
139.52211585,,,,,,
139.52219055,,,,,,
139.524068975,,,,,,
139.5260221,,,,,,
139.5260968,,,,,,
139.527975225,,,,,,
139.52801689999998,18336.0,154.29499803072076,6.481091498513101,,,
139.5290145,,,,34764.0,519.604111153407,1.9245421245421244
139.52992835,,,,,,
139.53000305,,,,,,
139.531881475,,,,,,
139.5338346,,,,,,
139.5339093,,,,,,
139.535787725,,,,,,
139.53582939999998,18337.0,154.17355371900825,6.486196730099169,,,
139.536,,,,,,
139.536827,,,,34765.0,519.2088246481552,1.9260073260073256
139.53774085,,,,,,
139.53781555,,,,,,
139.539693975,,,,,,
139.5416471,,,,,,
139.5417218,,,,,,
139.543600225,,,,,,
139.54364189999998,18335.0,154.41663381947183,6.475986266927032,,,
139.5446395,,,,34766.0,518.8141391106044,1.9274725274725275
139.54555335,,,,,,
139.54562805,,,,,,
139.547506475,,,,,,
139.5494596,,,,,,
139.5495343,,,,,,
139.551412725,,,,,,
139.55145439999998,18336.0,154.29499803072076,6.481091498513101,,,
139.552452,,,,34764.0,519.604111153407,1.9245421245421244
139.55336585,,,,,,
139.55344055,,,,,,
139.555318975,,,,,,
139.556,,,,,,
139.5572721,,,,,,
139.5573468,,,,,,
139.559225225,,,,,,
139.55926689999998,18336.0,154.29499803072076,6.481091498513101,,,
139.5602645,,,,34763.0,520.0,1.9230769230769231
139.56117835,,,,,,
139.56125305,,,,,,
139.563131475,,,,,,
139.5650846,,,,,,
139.5651593,,,,,,
139.567037725,,,,,,
139.56707939999998,18336.0,154.29499803072076,6.481091498513101,,,
139.568077,,,,34765.0,519.2088246481552,1.9260073260073256
139.56899085,,,,,,
139.56906555,,,,,,
139.570943975,,,,,,
139.5728971,,,,,,
139.5729718,,,,,,
139.574850225,,,,,,
139.57489189999998,18336.0,154.29499803072076,6.481091498513101,,,
139.5758895,,,,34766.0,518.8141391106044,1.9274725274725275
139.576,,,,,,
139.57680335,,,,,,
139.57687805,,,,,,
139.578756475,,,,,,
139.5807096,,,,,,
139.5807843,,,,,,
139.582662725,,,,,,
139.58270439999998,18336.0,154.29499803072076,6.481091498513101,,,
139.583702,,,,34765.0,519.2088246481552,1.9260073260073256
139.58461585,,,,,,
139.58469055,,,,,,
139.586568975,,,,,,
139.5885221,,,,,,
139.5885968,,,,,,
139.590475225,,,,,,
139.59051689999998,18336.0,154.29499803072076,6.481091498513101,,,
139.5915145,,,,34765.0,519.2088246481552,1.9260073260073256
139.59242835,,,,,,
139.59250305,,,,,,
139.594381475,,,,,,
139.596,,,,,,
139.5963346,,,,,,
139.5964093,,,,,,
139.598287725,,,,,,
139.59832939999998,18336.0,154.29499803072076,6.481091498513101,,,
139.599327,,,,34764.0,519.604111153407,1.9245421245421244
139.60024085,,,,,,
139.60031555,,,,,,
139.602193975,,,,,,
139.6041471,,,,,,
139.6042218,,,,,,
139.606100225,,,,,,
139.60614189999998,18336.0,154.29499803072076,6.481091498513101,,,
139.6071395,,,,34764.0,519.604111153407,1.9245421245421244
139.60805335,,,,,,
139.60812805,,,,,,
139.610006475,,,,,,
139.6119596,,,,,,
139.6120343,,,,,,
139.613912725,,,,,,
139.61395439999998,18337.0,154.17355371900825,6.486196730099169,,,
139.614952,,,,34765.0,519.2088246481552,1.9260073260073256
139.61586585,,,,,,
139.61594055,,,,,,
139.616,,,,,,
139.617818975,,,,,,
139.6197721,,,,,,
139.6198468,,,,,,
139.621725225,,,,,,
139.62176689999998,18336.0,154.29499803072076,6.481091498513101,,,
139.6227645,,,,34764.0,519.604111153407,1.9245421245421244
139.62367835,,,,,,
139.62375305,,,,,,
139.625631475,,,,,,
139.6275846,,,,,,
139.6276593,,,,,,
139.629537725,,,,,,
139.62957939999998,18336.0,154.29499803072076,6.481091498513101,,,
139.630577,,,,34765.0,519.2088246481552,1.9260073260073256
139.63149085,,,,,,
139.63156555,,,,,,
139.633443975,,,,,,
139.6353971,,,,,,
139.6354718,,,,,,
139.636,,,,,,
139.637350225,,,,,,
139.63739189999998,18336.0,154.29499803072076,6.481091498513101,,,
139.6383895,,,,34764.0,519.604111153407,1.9245421245421244
139.63930335,,,,,,
139.63937805,,,,,,
139.641256475,,,,,,
139.6432096,,,,,,
139.6432843,,,,,,
139.645162725,,,,,,
139.64520439999998,18337.0,154.17355371900825,6.486196730099169,,,
139.646202,,,,34765.0,519.2088246481552,1.9260073260073256
139.64711585,,,,,,
139.64719055,,,,,,
139.649068975,,,,,,
139.6510221,,,,,,
139.6510968,,,,,,
139.652975225,,,,,,
139.65301689999998,18336.0,154.29499803072076,6.481091498513101,,,
139.6540145,,,,34764.0,519.604111153407,1.9245421245421244
139.65492835,,,,,,
139.65500305,,,,,,
139.656,,,,,,
139.656881475,,,,,,
139.6588346,,,,,,
139.6589093,,,,,,
139.660787725,,,,,,
139.66082939999998,18336.0,154.29499803072076,6.481091498513101,,,
139.661827,,,,34764.0,519.604111153407,1.9245421245421244
139.66274085,,,,,,
139.66281555,,,,,,
139.664693975,,,,,,
139.6666471,,,,,,
139.6667218,,,,,,
139.668600225,,,,,,
139.66864189999998,18336.0,154.29499803072076,6.481091498513101,,,
139.6696395,,,,34764.0,519.604111153407,1.9245421245421244
139.67055335,,,,,,
139.67062805,,,,,,
139.672506475,,,,,,
139.6744596,,,,,,
139.6745343,,,,,,
139.676,,,,,,
139.676412725,,,,,,
139.67645439999998,18337.0,154.17355371900825,6.486196730099169,,,
139.677452,,,,34765.0,519.2088246481552,1.9260073260073256
139.67836585,,,,,,
139.67844055,,,,,,
139.680318975,,,,,,
139.6822721,,,,,,
139.6823468,,,,,,
139.684225225,,,,,,
139.68426689999998,18336.0,154.29499803072076,6.481091498513101,,,
139.6852645,,,,34764.0,519.604111153407,1.9245421245421244
139.68617835,,,,,,
139.68625305,,,,,,
139.688131475,,,,,,
139.6900846,,,,,,
139.6901593,,,,,,
139.692037725,,,,,,
139.69207939999998,18337.0,154.17355371900825,6.486196730099169,,,
139.693077,,,,34764.0,519.604111153407,1.9245421245421244
139.69399085,,,,,,
139.69406555,,,,,,
139.695943975,,,,,,
139.696,,,,,,
139.6978971,,,,,,
139.6979718,,,,,,
139.699850225,,,,,,
139.69989189999998,18337.0,154.17355371900825,6.486196730099169,,,
139.7008895,,,,34764.0,519.604111153407,1.9245421245421244
139.70180335,,,,,,
139.70187805,,,,,,
139.703756475,,,,,,
139.7057096,,,,,,
139.7057843,,,,,,
139.707662725,,,,,,
139.70770439999998,18337.0,154.17355371900825,6.486196730099169,,,
139.708702,,,,34766.0,518.8141391106044,1.9274725274725275
139.70961585,,,,,,
139.70969055,,,,,,
139.711568975,,,,,,
139.7135221,,,,,,
139.7135968,,,,,,
139.715475225,,,,,,
139.71551689999998,18337.0,154.17355371900825,6.486196730099169,,,
139.716,,,,,,
139.7165145,,,,34765.0,519.2088246481552,1.9260073260073256
139.71742835,,,,,,
139.71750305,,,,,,
139.719381475,,,,,,
139.7213346,,,,,,
139.7214093,,,,,,
139.723287725,,,,,,
139.72332939999998,18337.0,154.17355371900825,6.486196730099169,,,
139.724327,,,,34764.0,519.604111153407,1.9245421245421244
139.72524085,,,,,,
139.72531555,,,,,,
139.727193975,,,,,,
139.7291471,,,,,,
139.7292218,,,,,,
139.731100225,,,,,,
139.73114189999998,18336.0,154.29499803072076,6.481091498513101,,,
139.7321395,,,,34765.0,519.2088246481552,1.9260073260073256
139.73305335,,,,,,
139.73312805,,,,,,
139.735006475,,,,,,
139.736,,,,,,
139.7369596,,,,,,
139.7370343,,,,,,
139.738912725,,,,,,
139.73895439999998,18338.0,154.05230043255995,6.491301961685236,,,
139.739952,,,,34764.0,519.604111153407,1.9245421245421244
139.74086585,,,,,,
139.74094055,,,,,,
139.742818975,,,,,,
139.7447721,,,,,,
139.7448468,,,,,,
139.746725225,,,,,,
139.74676689999998,18336.0,154.29499803072076,6.481091498513101,,,
139.7477645,,,,34764.0,519.604111153407,1.9245421245421244
139.74867835,,,,,,
139.74875305,,,,,,
139.750631475,,,,,,
139.7525846,,,,,,
139.7526593,,,,,,
139.754537725,,,,,,
139.75457939999998,18337.0,154.17355371900825,6.486196730099169,,,
139.755577,,,,34764.0,519.604111153407,1.9245421245421244
139.756,,,,,,
139.75649085,,,,,,
139.75656555,,,,,,
139.758443975,,,,,,
139.7603971,,,,,,
139.7604718,,,,,,
139.762350225,,,,,,
139.76239189999998,18336.0,154.29499803072076,6.481091498513101,,,
139.7633895,,,,34764.0,519.604111153407,1.9245421245421244
139.76430335,,,,,,
139.76437805,,,,,,
139.766256475,,,,,,
139.7682096,,,,,,
139.7682843,,,,,,
139.770162725,,,,,,
139.77020439999998,18337.0,154.17355371900825,6.486196730099169,,,
139.771202,,,,34764.0,519.604111153407,1.9245421245421244
139.77211585,,,,,,
139.77219055,,,,,,
139.774068975,,,,,,
139.776,,,,,,
139.7760221,,,,,,
139.7760968,,,,,,
139.777975225,,,,,,
139.77801689999998,18337.0,154.17355371900825,6.486196730099169,,,
139.7790145,,,,34763.0,520.0,1.9230769230769231
139.77992835,,,,,,
139.78000305,,,,,,
139.781881475,,,,,,
139.7838346,,,,,,
139.7839093,,,,,,
139.785787725,,,,,,
139.78582939999998,18337.0,154.17355371900825,6.486196730099169,,,
139.786827,,,,34764.0,519.604111153407,1.9245421245421244
139.78774085,,,,,,
139.78781555,,,,,,
139.789693975,,,,,,
139.7916471,,,,,,
139.7917218,,,,,,
139.793600225,,,,,,
139.79364189999998,18337.0,154.17355371900825,6.486196730099169,,,
139.7946395,,,,34765.0,519.2088246481552,1.9260073260073256
139.79555335,,,,,,
139.79562805,,,,,,
139.796,,,,,,
139.797506475,,,,,,
139.7994596,,,,,,
139.7995343,,,,,,
139.801412725,,,,,,
139.80145439999998,18338.0,154.05230043255995,6.491301961685236,,,
139.802452,,,,34764.0,519.604111153407,1.9245421245421244
139.80336585,,,,,,
139.80344055,,,,,,
139.805318975,,,,,,
139.8072721,,,,,,
139.8073468,,,,,,
139.809225225,,,,,,
139.80926689999998,18337.0,154.17355371900825,6.486196730099169,,,
139.8102645,,,,34764.0,519.604111153407,1.9245421245421244
139.81117835,,,,,,
139.81125305,,,,,,
139.813131475,,,,,,
139.8150846,,,,,,
139.8151593,,,,,,
139.816,,,,,,
139.817037725,,,,,,
139.81707939999998,18338.0,154.05230043255995,6.491301961685236,,,
139.818077,,,,34763.0,520.0,1.9230769230769231
139.81899085,,,,,,
139.81906555,,,,,,
139.820943975,,,,,,
139.8228971,,,,,,
139.8229718,,,,,,
139.824850225,,,,,,
139.82489189999998,18338.0,154.05230043255995,6.491301961685236,,,
139.8258895,,,,34764.0,519.604111153407,1.9245421245421244
139.82680335,,,,,,
139.82687805,,,,,,
139.828756475,,,,,,
139.8307096,,,,,,
139.8307843,,,,,,
139.832662725,,,,,,
139.83270439999998,18339.0,153.9312377210216,6.496407193271305,,,
139.833702,,,,34765.0,519.2088246481552,1.9260073260073256
139.83461585,,,,,,
139.83469055,,,,,,
139.836,,,,,,
139.836568975,,,,,,
139.8385221,,,,,,
139.8385968,,,,,,
139.840475225,,,,,,
139.84051689999998,18338.0,154.05230043255995,6.491301961685236,,,
139.8415145,,,,34763.0,520.0,1.9230769230769231
139.84242835,,,,,,
139.84250305,,,,,,
139.844381475,,,,,,
139.8463346,,,,,,
139.8464093,,,,,,
139.848287725,,,,,,
139.84832939999998,18337.0,154.17355371900825,6.486196730099169,,,
139.849327,,,,34763.0,520.0,1.9230769230769231
139.85024085,,,,,,
139.85031555,,,,,,
139.852193975,,,,,,
139.8541471,,,,,,
139.8542218,,,,,,
139.856,,,,,,
139.856100225,,,,,,
139.85614189999998,18337.0,154.17355371900825,6.486196730099169,,,
139.8571395,,,,34765.0,519.2088246481552,1.9260073260073256
139.85805335,,,,,,
139.85812805,,,,,,
139.860006475,,,,,,
139.8619596,,,,,,
139.8620343,,,,,,
139.863912725,,,,,,
139.86395439999998,18337.0,154.17355371900825,6.486196730099169,,,
139.864952,,,,34763.0,520.0,1.9230769230769231
139.86586585,,,,,,
139.86594055,,,,,,
139.867818975,,,,,,
139.8697721,,,,,,
139.8698468,,,,,,
139.871725225,,,,,,
139.87176689999998,18338.0,154.05230043255995,6.491301961685236,,,
139.8727645,,,,34763.0,520.0,1.9230769230769231
139.87367835,,,,,,
139.87375305,,,,,,
139.875631475,,,,,,
139.876,,,,,,
139.8775846,,,,,,
139.8776593,,,,,,
139.879537725,,,,,,
139.87957939999998,18337.0,154.17355371900825,6.486196730099169,,,
139.880577,,,,34763.0,520.0,1.9230769230769231
139.88149085,,,,,,
139.88156555,,,,,,
139.883443975,,,,,,
139.8853971,,,,,,
139.8854718,,,,,,
139.887350225,,,,,,
139.88739189999998,18337.0,154.17355371900825,6.486196730099169,,,
139.8883895,,,,34765.0,519.2088246481552,1.9260073260073256
139.88930335,,,,,,
139.88937805,,,,,,
139.891256475,,,,,,
139.8932096,,,,,,
139.8932843,,,,,,
139.895162725,,,,,,
139.89520439999998,18338.0,154.05230043255995,6.491301961685236,,,
139.896,,,,,,
139.896202,,,,34765.0,519.2088246481552,1.9260073260073256
139.89711585,,,,,,
139.89719055,,,,,,
139.899068975,,,,,,
139.9010221,,,,,,
139.9010968,,,,,,
139.902975225,,,,,,
139.90301689999998,18337.0,154.17355371900825,6.486196730099169,,,
139.9040145,,,,34764.0,519.604111153407,1.9245421245421244
139.90492835,,,,,,
139.90500305,,,,,,
139.906881475,,,,,,
139.9088346,,,,,,
139.9089093,,,,,,
139.910787725,,,,,,
139.91082939999998,18338.0,154.05230043255995,6.491301961685236,,,
139.911827,,,,34764.0,519.604111153407,1.9245421245421244
139.91274085,,,,,,
139.91281555,,,,,,
139.914693975,,,,,,
139.916,,,,,,
139.9166471,,,,,,
139.9167218,,,,,,
139.918600225,,,,,,
139.91864189999998,18338.0,154.05230043255995,6.491301961685236,,,
139.9196395,,,,34765.0,519.2088246481552,1.9260073260073256
139.92055335,,,,,,
139.92062805,,,,,,
139.9221016,,,,,,
139.922506475,,,,,,
139.9244596,,,,,,
139.9245343,,,,,,
139.926412725,,,,,,
139.92645439999998,18338.0,154.05230043255995,6.491301961685236,,,
139.927452,,,,34764.0,519.604111153407,1.9245421245421244
139.92836585,,,,,,
139.92844055,,,,,,
139.930318975,,,,,,
139.9322721,,,,,,
139.9323468,,,,,,
139.934225225,,,,,,
139.93426689999998,18337.0,154.17355371900825,6.486196730099169,,,
139.9352645,,,,34763.0,520.0,1.9230769230769231
139.936,,,,,,
139.93617835,,,,,,
139.93625305,,,,,,
139.938131475,,,,,,
139.9400846,,,,,,
139.9401593,,,,,,
139.942037725,,,,,,
139.94207939999998,18339.0,153.9312377210216,6.496407193271305,,,
139.943077,,,,34764.0,519.604111153407,1.9245421245421244
139.94399085,,,,,,
139.94406555,,,,,,
139.945943975,,,,,,
139.9478971,,,,,,
139.9479718,,,,,,
139.949850225,,,,,,
139.94989189999998,18337.0,154.17355371900825,6.486196730099169,,,
139.9508895,,,,34764.0,519.604111153407,1.9245421245421244
139.95180335,,,,,,
139.95187805,,,,,,
139.953756475,,,,,,
139.9557096,,,,,,
139.9557843,,,,,,
139.956,,,,,,
139.957662725,,,,,,
139.95770439999998,18338.0,154.05230043255995,6.491301961685236,,,
139.958702,,,,34763.0,520.0,1.9230769230769231
139.95961585,,,,,,
139.95969055,,,,,,
139.961568975,,,,,,
139.9635221,,,,,,
139.9635968,,,,,,
139.965475225,,,,,,
139.96551689999998,18338.0,154.05230043255995,6.491301961685236,,,
139.9665145,,,,34765.0,519.2088246481552,1.9260073260073256
139.96742835,,,,,,
139.96750305,,,,,,
139.969381475,,,,,,
139.9713346,,,,,,
139.9714093,,,,,,
139.973287725,,,,,,
139.97332939999998,18338.0,154.05230043255995,6.491301961685236,,,
139.974327,,,,34764.0,519.604111153407,1.9245421245421244
139.975,,,,,,
139.97524085,,,,,,
139.97531555,,,,,,
139.977193975,,,,,,
139.9791471,,,,,,
139.9792218,,,,,,
139.981100225,,,,,,
139.98114189999998,18338.0,154.05230043255995,6.491301961685236,,,
139.9821395,,,,34764.0,519.604111153407,1.9245421245421244
139.98305335,,,,,,
139.98312805,,,,,,
139.985006475,,,,,,
139.9869596,,,,,,
139.9870343,,,,,,
139.988912725,,,,,,
139.98895439999998,18338.0,154.05230043255995,6.491301961685236,,,
139.989952,,,,34763.0,520.0,1.9230769230769231
139.99086585,,,,,,
139.99094055,,,,,,
139.992818975,,,,,,
139.9947721,,,,,,
139.9948468,,,,,,
139.995,,,,,,
139.996725225,,,,,,
139.99676689999998,18338.0,154.05230043255995,6.491301961685236,,,
139.9977645,,,,34763.0,520.0,1.9230769230769231
139.99867835,,,,,,
139.99875305,,,,,,
140.000631475,,,,,,
140.0025846,,,,,,
140.0026593,,,,,,
140.004537725,,,,,,
140.00457939999998,18337.0,154.17355371900825,6.486196730099169,,,
140.005577,,,,34764.0,519.604111153407,1.9245421245421244
140.00649085,,,,,,
140.00656555,,,,,,
140.008443975,,,,,,
140.0103971,,,,,,
140.0104718,,,,,,
140.012350225,,,,,,
140.01239189999998,18337.0,154.17355371900825,6.486196730099169,,,
140.0133895,,,,34764.0,519.604111153407,1.9245421245421244
140.01430335,,,,,,
140.01437805,,,,,,
140.015,,,,,,
140.016256475,,,,,,
140.0182096,,,,,,
140.0182843,,,,,,
140.020162725,,,,,,
140.02020439999998,18337.0,154.17355371900825,6.486196730099169,,,
140.021202,,,,34764.0,519.604111153407,1.9245421245421244
140.02211585,,,,,,
140.02219055,,,,,,
140.024068975,,,,,,
140.0260221,,,,,,
140.0260968,,,,,,
140.027975225,,,,,,
140.02801689999998,18337.0,154.17355371900825,6.486196730099169,,,
140.0290145,,,,34763.0,520.0,1.9230769230769231
140.02992835,,,,,,
140.03000305,,,,,,
140.031881475,,,,,,
140.0338346,,,,,,
140.0339093,,,,,,
140.035,,,,,,
140.035787725,,,,,,
140.03582939999998,18338.0,154.05230043255995,6.491301961685236,,,
140.036827,,,,34763.0,520.0,1.9230769230769231
140.03774085,,,,,,
140.03781555,,,,,,
140.039693975,,,,,,
140.0416471,,,,,,
140.0417218,,,,,,
140.043600225,,,,,,
140.04364189999998,18337.0,154.17355371900825,6.486196730099169,,,
140.0446395,,,,34765.0,519.2088246481552,1.9260073260073256
140.04555335,,,,,,
140.04562805,,,,,,
140.047506475,,,,,,
140.0494596,,,,,,
140.0495343,,,,,,
140.051412725,,,,,,
140.05145439999998,18339.0,153.9312377210216,6.496407193271305,,,
140.052452,,,,34764.0,519.604111153407,1.9245421245421244
140.05336585,,,,,,
140.05344055,,,,,,
140.055,,,,,,
140.055318975,,,,,,
140.0572721,,,,,,
140.0573468,,,,,,
140.059225225,,,,,,
140.05926689999998,18338.0,154.05230043255995,6.491301961685236,,,
140.0602645,,,,34764.0,519.604111153407,1.9245421245421244
140.06117835,,,,,,
140.06125305,,,,,,
140.063131475,,,,,,
140.0650846,,,,,,
140.0651593,,,,,,
140.067037725,,,,,,
140.06707939999998,18338.0,154.05230043255995,6.491301961685236,,,
140.068077,,,,34763.0,520.0,1.9230769230769231
140.06899085,,,,,,
140.06906555,,,,,,
140.070943975,,,,,,
140.0728971,,,,,,
140.0729718,,,,,,
140.074850225,,,,,,
140.07489189999998,18338.0,154.05230043255995,6.491301961685236,,,
140.075,,,,,,
140.0758895,,,,34765.0,519.2088246481552,1.9260073260073256
140.07680335,,,,,,
140.07687805,,,,,,
140.078756475,,,,,,
140.0807096,,,,,,
140.0807843,,,,,,
140.082662725,,,,,,
140.08270439999998,18338.0,154.05230043255995,6.491301961685236,,,
140.083702,,,,34764.0,519.604111153407,1.9245421245421244
140.08461585,,,,,,
140.08469055,,,,,,
140.086568975,,,,,,
140.0885221,,,,,,
140.0885968,,,,,,
140.090475225,,,,,,
140.09051689999998,18338.0,154.05230043255995,6.491301961685236,,,
140.0915145,,,,34763.0,520.0,1.9230769230769231
140.09242835,,,,,,
140.09250305,,,,,,
140.094381475,,,,,,
140.095,,,,,,
140.0963346,,,,,,
140.0964093,,,,,,
140.098287725,,,,,,
140.09832939999998,18338.0,154.05230043255995,6.491301961685236,,,
140.099327,,,,34764.0,519.604111153407,1.9245421245421244
140.10024085,,,,,,
140.10031555,,,,,,
140.102193975,,,,,,
140.1041471,,,,,,
140.1042218,,,,,,
140.106100225,,,,,,
140.10614189999998,18337.0,154.17355371900825,6.486196730099169,,,
140.1071395,,,,34763.0,520.0,1.9230769230769231
140.10805335,,,,,,
140.10812805,,,,,,
140.110006475,,,,,,
140.1119596,,,,,,
140.1120343,,,,,,
140.113912725,,,,,,
140.11395439999998,18338.0,154.05230043255995,6.491301961685236,,,
140.114952,,,,34765.0,519.2088246481552,1.9260073260073256
140.115,,,,,,
140.11586585,,,,,,
140.11594055,,,,,,
140.117818975,,,,,,
140.1197721,,,,,,
140.1198468,,,,,,
140.121725225,,,,,,
140.12176689999998,18338.0,154.05230043255995,6.491301961685236,,,
140.1227645,,,,34764.0,519.604111153407,1.9245421245421244
140.12367835,,,,,,
140.12375305,,,,,,
140.125631475,,,,,,
140.1275846,,,,,,
140.1276593,,,,,,
140.129537725,,,,,,
140.12957939999998,18337.0,154.17355371900825,6.486196730099169,,,
140.130577,,,,34763.0,520.0,1.9230769230769231
140.13149085,,,,,,
140.13156555,,,,,,
140.133443975,,,,,,
140.135,,,,,,
140.1353971,,,,,,
140.1354718,,,,,,
140.137350225,,,,,,
140.13739189999998,18338.0,154.05230043255995,6.491301961685236,,,
140.1383895,,,,34764.0,519.604111153407,1.9245421245421244
140.13930335,,,,,,
140.13937805,,,,,,
140.141256475,,,,,,
140.1432096,,,,,,
140.1432843,,,,,,
140.145162725,,,,,,
140.14520439999998,18337.0,154.17355371900825,6.486196730099169,,,
140.146202,,,,34764.0,519.604111153407,1.9245421245421244
140.14711585,,,,,,
140.14719055,,,,,,
140.149068975,,,,,,
140.1510221,,,,,,
140.1510968,,,,,,
140.152975225,,,,,,
140.15301689999998,18338.0,154.05230043255995,6.491301961685236,,,
140.1540145,,,,34764.0,519.604111153407,1.9245421245421244
140.15492835,,,,,,
140.155,,,,,,
140.15500305,,,,,,
140.156881475,,,,,,
140.1588346,,,,,,
140.1589093,,,,,,
140.160787725,,,,,,
140.16082939999998,18337.0,154.17355371900825,6.486196730099169,,,
140.161827,,,,34763.0,520.0,1.9230769230769231
140.16274085,,,,,,
140.16281555,,,,,,
140.164693975,,,,,,
140.1666471,,,,,,
140.1667218,,,,,,
140.168600225,,,,,,
140.16864189999998,18338.0,154.05230043255995,6.491301961685236,,,
140.1696395,,,,34764.0,519.604111153407,1.9245421245421244
140.17055335,,,,,,
140.17062805,,,,,,
140.172506475,,,,,,
140.1744596,,,,,,
140.1745343,,,,,,
140.175,,,,,,
140.176412725,,,,,,
140.17645439999998,18338.0,154.05230043255995,6.491301961685236,,,
140.177452,,,,34762.0,520.3964925657644,1.9216117216117208
140.17836585,,,,,,
140.17844055,,,,,,
140.180318975,,,,,,
140.1822721,,,,,,
140.1823468,,,,,,
140.184225225,,,,,,
140.18426689999998,18338.0,154.05230043255995,6.491301961685236,,,
140.1852645,,,,34762.0,520.3964925657644,1.9216117216117208
140.18617835,,,,,,
140.18625305,,,,,,
140.188131475,,,,,,
140.1900846,,,,,,
140.1901593,,,,,,
140.192037725,,,,,,
140.19207939999998,18338.0,154.05230043255995,6.491301961685236,,,
140.193077,,,,34763.0,520.0,1.9230769230769231
140.19399085,,,,,,
140.19406555,,,,,,
140.195,,,,,,
140.195943975,,,,,,
140.1978971,,,,,,
140.1979718,,,,,,
140.199850225,,,,,,
140.19989189999998,18337.0,154.17355371900825,6.486196730099169,,,
140.2008895,,,,34764.0,519.604111153407,1.9245421245421244
140.20180335,,,,,,
140.20187805,,,,,,
140.203756475,,,,,,
140.2057096,,,,,,
140.2057843,,,,,,
140.207662725,,,,,,
140.20770439999998,18337.0,154.17355371900825,6.486196730099169,,,
140.208702,,,,34763.0,520.0,1.9230769230769231
140.20961585,,,,,,
140.20969055,,,,,,
140.211568975,,,,,,
140.2135221,,,,,,
140.2135968,,,,,,
140.215,,,,,,
140.215475225,,,,,,
140.21551689999998,18337.0,154.17355371900825,6.486196730099169,,,
140.2165145,,,,34763.0,520.0,1.9230769230769231
140.21742835,,,,,,
140.21750305,,,,,,
140.219381475,,,,,,
140.2213346,,,,,,
140.2214093,,,,,,
140.223287725,,,,,,
140.22332939999998,18337.0,154.17355371900825,6.486196730099169,,,
140.224327,,,,34763.0,520.0,1.9230769230769231
140.22524085,,,,,,
140.22531555,,,,,,
140.227193975,,,,,,
140.2291471,,,,,,
140.2292218,,,,,,
140.231100225,,,,,,
140.23114189999998,18336.0,154.29499803072076,6.481091498513101,,,
140.2321395,,,,34765.0,519.2088246481552,1.9260073260073256
140.23305335,,,,,,
140.23312805,,,,,,
140.235,,,,,,
140.235006475,,,,,,
140.2369596,,,,,,
140.2370343,,,,,,
140.238912725,,,,,,
140.23895439999998,18338.0,154.05230043255995,6.491301961685236,,,
140.239952,,,,34763.0,520.0,1.9230769230769231
140.24086585,,,,,,
140.24094055,,,,,,
140.242818975,,,,,,
140.2447721,,,,,,
140.2448468,,,,,,
140.246725225,,,,,,
140.24676689999998,18337.0,154.17355371900825,6.486196730099169,,,
140.2477645,,,,34763.0,520.0,1.9230769230769231
140.24867835,,,,,,
140.24875305,,,,,,
140.250631475,,,,,,
140.2525846,,,,,,
140.2526593,,,,,,
140.254537725,,,,,,
140.25457939999998,18337.0,154.17355371900825,6.486196730099169,,,
140.255,,,,,,
140.255577,,,,34763.0,520.0,1.9230769230769231
140.25649085,,,,,,
140.25656555,,,,,,
140.258443975,,,,,,
140.2603971,,,,,,
140.2604718,,,,,,
140.262350225,,,,,,
140.26239189999998,18337.0,154.17355371900825,6.486196730099169,,,
140.2633895,,,,34764.0,519.604111153407,1.9245421245421244
140.26430335,,,,,,
140.26437805,,,,,,
140.266256475,,,,,,
140.2682096,,,,,,
140.2682843,,,,,,
140.270162725,,,,,,
140.27020439999998,18337.0,154.17355371900825,6.486196730099169,,,
140.271202,,,,34763.0,520.0,1.9230769230769231
140.27211585,,,,,,
140.27219055,,,,,,
140.274068975,,,,,,
140.275,,,,,,
140.2760221,,,,,,
140.2760968,,,,,,
140.277975225,,,,,,
140.27801689999998,18338.0,154.05230043255995,6.491301961685236,,,
140.2790145,,,,34763.0,520.0,1.9230769230769231
140.27992835,,,,,,
140.28000305,,,,,,
140.281881475,,,,,,
140.2838346,,,,,,
140.2839093,,,,,,
140.285787725,,,,,,
140.28582939999998,18337.0,154.17355371900825,6.486196730099169,,,
140.286827,,,,34763.0,520.0,1.9230769230769231
140.28774085,,,,,,
140.28781555,,,,,,
140.289693975,,,,,,
140.2916471,,,,,,
140.2917218,,,,,,
140.293600225,,,,,,
140.29364189999998,18336.0,154.29499803072076,6.481091498513101,,,
140.2946395,,,,34763.0,520.0,1.9230769230769231
140.295,,,,,,
140.29555335,,,,,,
140.29562805,,,,,,
140.297506475,,,,,,
140.2994596,,,,,,
140.2995343,,,,,,
140.301412725,,,,,,
140.30145439999998,18338.0,154.05230043255995,6.491301961685236,,,
140.302452,,,,34762.0,520.3964925657644,1.9216117216117208
140.30336585,,,,,,
140.30344055,,,,,,
140.305318975,,,,,,
140.3072721,,,,,,
140.3073468,,,,,,
140.309225225,,,,,,
140.30926689999998,18337.0,154.17355371900825,6.486196730099169,,,
140.3102645,,,,34764.0,519.604111153407,1.9245421245421244
140.31117835,,,,,,
140.31125305,,,,,,
140.313131475,,,,,,
140.315,,,,,,
140.3150846,,,,,,
140.3151593,,,,,,
140.317037725,,,,,,
140.31707939999998,18337.0,154.17355371900825,6.486196730099169,,,
140.318077,,,,34763.0,520.0,1.9230769230769231
140.31899085,,,,,,
140.31906555,,,,,,
140.320943975,,,,,,
140.3228971,,,,,,
140.3229718,,,,,,
140.324850225,,,,,,
140.32489189999998,18337.0,154.17355371900825,6.486196730099169,,,
140.3258895,,,,34764.0,519.604111153407,1.9245421245421244
140.32680335,,,,,,
140.32687805,,,,,,
140.328756475,,,,,,
140.3307096,,,,,,
140.3307843,,,,,,
140.332662725,,,,,,
140.33270439999998,18338.0,154.05230043255995,6.491301961685236,,,
140.333702,,,,34763.0,520.0,1.9230769230769231
140.33461585,,,,,,
140.33469055,,,,,,
140.335,,,,,,
140.336568975,,,,,,
140.3385221,,,,,,
140.3385968,,,,,,
140.340475225,,,,,,
140.34051689999998,18336.0,154.29499803072076,6.481091498513101,,,
140.3415145,,,,34764.0,519.604111153407,1.9245421245421244
140.34242835,,,,,,
140.34250305,,,,,,
140.344381475,,,,,,
140.3463346,,,,,,
140.3464093,,,,,,
140.348287725,,,,,,
140.34832939999998,18336.0,154.29499803072076,6.481091498513101,,,
140.349327,,,,34763.0,520.0,1.9230769230769231
140.35024085,,,,,,
140.35031555,,,,,,
140.352193975,,,,,,
140.3541471,,,,,,
140.3542218,,,,,,
140.355,,,,,,
140.356100225,,,,,,
140.35614189999998,18336.0,154.29499803072076,6.481091498513101,,,
140.3571395,,,,34763.0,520.0,1.9230769230769231
140.35805335,,,,,,
140.35812805,,,,,,
140.360006475,,,,,,
140.3619596,,,,,,
140.3620343,,,,,,
140.363912725,,,,,,
140.36395439999998,18337.0,154.17355371900825,6.486196730099169,,,
140.364952,,,,34763.0,520.0,1.9230769230769231
140.36586585,,,,,,
140.36594055,,,,,,
140.367818975,,,,,,
140.3697721,,,,,,
140.3698468,,,,,,
140.371725225,,,,,,
140.37176689999998,18337.0,154.17355371900825,6.486196730099169,,,
140.3727645,,,,34763.0,520.0,1.9230769230769231
140.37367835,,,,,,
140.37375305,,,,,,
140.375,,,,,,
140.375631475,,,,,,
140.3775846,,,,,,
140.3776593,,,,,,
140.379537725,,,,,,
140.37957939999998,18336.0,154.29499803072076,6.481091498513101,,,
140.380577,,,,34763.0,520.0,1.9230769230769231
140.38149085,,,,,,
140.38156555,,,,,,
140.383443975,,,,,,
140.3853971,,,,,,
140.3854718,,,,,,
140.387350225,,,,,,
140.38739189999998,18336.0,154.29499803072076,6.481091498513101,,,
140.3883895,,,,34764.0,519.604111153407,1.9245421245421244
140.38930335,,,,,,
140.38937805,,,,,,
140.391256475,,,,,,
140.3932096,,,,,,
140.3932843,,,,,,
140.395,,,,,,
140.395162725,,,,,,
140.39520439999998,18337.0,154.17355371900825,6.486196730099169,,,
140.396202,,,,34763.0,520.0,1.9230769230769231
140.39711585,,,,,,
140.39719055,,,,,,
140.399068975,,,,,,
140.4010221,,,,,,
140.4010968,,,,,,
140.402975225,,,,,,
140.40301689999998,18336.0,154.29499803072076,6.481091498513101,,,
140.4040145,,,,34763.0,520.0,1.9230769230769231
140.40492835,,,,,,
140.40500305,,,,,,
140.406881475,,,,,,
140.4088346,,,,,,
140.4089093,,,,,,
140.410787725,,,,,,
140.41082939999998,18337.0,154.17355371900825,6.486196730099169,,,
140.411827,,,,34762.0,520.3964925657644,1.9216117216117208
140.41274085,,,,,,
140.41281555,,,,,,
140.414693975,,,,,,
140.415,,,,,,
140.4166471,,,,,,
140.4167218,,,,,,
140.418600225,,,,,,
140.41864189999998,18337.0,154.17355371900825,6.486196730099169,,,
140.4196395,,,,34764.0,519.604111153407,1.9245421245421244
140.42055335,,,,,,
140.42062805,,,,,,
140.422506475,,,,,,
140.4244596,,,,,,
140.4245343,,,,,,
140.426412725,,,,,,
140.42645439999998,18338.0,154.05230043255995,6.491301961685236,,,
140.427452,,,,34764.0,519.604111153407,1.9245421245421244
140.42836585,,,,,,
140.42844055,,,,,,
140.430318975,,,,,,
140.4322721,,,,,,
140.4323468,,,,,,
140.434225225,,,,,,
140.43426689999998,18338.0,154.05230043255995,6.491301961685236,,,
140.435,,,,,,
140.4352645,,,,34763.0,520.0,1.9230769230769231
140.43617835,,,,,,
140.43625305,,,,,,
140.438131475,,,,,,
140.4400846,,,,,,
140.4401593,,,,,,
140.442037725,,,,,,
140.44207939999998,18337.0,154.17355371900825,6.486196730099169,,,
140.443077,,,,34763.0,520.0,1.9230769230769231
140.44399085,,,,,,
140.44406555,,,,,,
140.445943975,,,,,,
140.4478971,,,,,,
140.4479718,,,,,,
140.449850225,,,,,,
140.44989189999998,18338.0,154.05230043255995,6.491301961685236,,,
140.4508895,,,,34764.0,519.604111153407,1.9245421245421244
140.45180335,,,,,,
140.45187805,,,,,,
140.453756475,,,,,,
140.455,,,,,,
140.4557096,,,,,,
140.4557843,,,,,,
140.457662725,,,,,,
140.45770439999998,18338.0,154.05230043255995,6.491301961685236,,,
140.458702,,,,34764.0,519.604111153407,1.9245421245421244
140.45961585,,,,,,
140.45969055,,,,,,
140.461568975,,,,,,
140.4635221,,,,,,
140.4635968,,,,,,
140.465475225,,,,,,
140.46551689999998,18337.0,154.17355371900825,6.486196730099169,,,
140.4665145,,,,34762.0,520.3964925657644,1.9216117216117208
140.46742835,,,,,,
140.46750305,,,,,,
140.469381475,,,,,,
140.4713346,,,,,,
140.4714093,,,,,,
140.473287725,,,,,,
140.47332939999998,18337.0,154.17355371900825,6.486196730099169,,,
140.474327,,,,34763.0,520.0,1.9230769230769231
140.475,,,,,,
140.47524085,,,,,,
140.47531555,,,,,,
140.477193975,,,,,,
140.4791471,,,,,,
140.4792218,,,,,,
140.481100225,,,,,,
140.48114189999998,18337.0,154.17355371900825,6.486196730099169,,,
140.4821395,,,,34763.0,520.0,1.9230769230769231
140.48305335,,,,,,
140.48312805,,,,,,
140.485006475,,,,,,
140.4869596,,,,,,
140.4870343,,,,,,
140.488912725,,,,,,
140.48895439999998,18338.0,154.05230043255995,6.491301961685236,,,
140.489952,,,,34763.0,520.0,1.9230769230769231
140.49086585,,,,,,
140.49094055,,,,,,
140.492818975,,,,,,
140.4947721,,,,,,
140.4948468,,,,,,
140.495,,,,,,
140.496725225,,,,,,
140.49676689999998,18337.0,154.17355371900825,6.486196730099169,,,
140.4977645,,,,34762.0,520.3964925657644,1.9216117216117208
140.49867835,,,,,,
140.49875305,,,,,,
140.500631475,,,,,,
140.5025846,,,,,,
140.5026593,,,,,,
140.504537725,,,,,,
140.50457939999998,18337.0,154.17355371900825,6.486196730099169,,,
140.505577,,,,34763.0,520.0,1.9230769230769231
140.50649085,,,,,,
140.50656555,,,,,,
140.508443975,,,,,,
140.5103971,,,,,,
140.5104718,,,,,,
140.512350225,,,,,,
140.51239189999998,18337.0,154.17355371900825,6.486196730099169,,,
140.5133895,,,,34764.0,519.604111153407,1.9245421245421244
140.51430335,,,,,,
140.51437805,,,,,,
140.515,,,,,,
140.516256475,,,,,,
140.5182096,,,,,,
140.5182843,,,,,,
140.520162725,,,,,,
140.52020439999998,18337.0,154.17355371900825,6.486196730099169,,,
140.521202,,,,34764.0,519.604111153407,1.9245421245421244
140.52211585,,,,,,
140.52219055,,,,,,
140.524068975,,,,,,
140.5260221,,,,,,
140.5260968,,,,,,
140.527975225,,,,,,
140.52801689999998,18338.0,154.05230043255995,6.491301961685236,,,
140.5290145,,,,34763.0,520.0,1.9230769230769231
140.52992835,,,,,,
140.53000305,,,,,,
140.531881475,,,,,,
140.5338346,,,,,,
140.5339093,,,,,,
140.535,,,,,,
140.535787725,,,,,,
140.53582939999998,18338.0,154.05230043255995,6.491301961685236,,,
140.536827,,,,34764.0,519.604111153407,1.9245421245421244
140.53774085,,,,,,
140.53781555,,,,,,
140.539693975,,,,,,
140.5416471,,,,,,
140.5417218,,,,,,
140.543600225,,,,,,
140.54364189999998,18337.0,154.17355371900825,6.486196730099169,,,
140.5446395,,,,34765.0,519.2088246481552,1.9260073260073256
140.54555335,,,,,,
140.54562805,,,,,,
140.547506475,,,,,,
140.5494596,,,,,,
140.5495343,,,,,,
140.551412725,,,,,,
140.55145439999998,18337.0,154.17355371900825,6.486196730099169,,,
140.552452,,,,34764.0,519.604111153407,1.9245421245421244
140.55336585,,,,,,
140.55344055,,,,,,
140.555,,,,,,
140.555318975,,,,,,
140.5572721,,,,,,
140.5573468,,,,,,
140.559225225,,,,,,
140.55926689999998,18337.0,154.17355371900825,6.486196730099169,,,
140.5602645,,,,34764.0,519.604111153407,1.9245421245421244
140.56117835,,,,,,
140.56125305,,,,,,
140.563131475,,,,,,
140.5650846,,,,,,
140.5651593,,,,,,
140.567037725,,,,,,
140.56707939999998,18338.0,154.05230043255995,6.491301961685236,,,
140.568077,,,,34764.0,519.604111153407,1.9245421245421244
140.56899085,,,,,,
140.56906555,,,,,,
140.570943975,,,,,,
140.5728971,,,,,,
140.5729718,,,,,,
140.574850225,,,,,,
140.57489189999998,18337.0,154.17355371900825,6.486196730099169,,,
140.575,,,,,,
140.5758895,,,,34764.0,519.604111153407,1.9245421245421244
140.57680335,,,,,,
140.57687805,,,,,,
140.578756475,,,,,,
140.5807096,,,,,,
140.5807843,,,,,,
140.582662725,,,,,,
140.58270439999998,18338.0,154.05230043255995,6.491301961685236,,,
140.583702,,,,34765.0,519.2088246481552,1.9260073260073256
140.58461585,,,,,,
140.58469055,,,,,,
140.586568975,,,,,,
140.5885221,,,,,,
140.5885968,,,,,,
140.590475225,,,,,,
140.59051689999998,18338.0,154.05230043255995,6.491301961685236,,,
140.5915145,,,,34763.0,520.0,1.9230769230769231
140.59242835,,,,,,
140.59250305,,,,,,
140.594381475,,,,,,
140.595,,,,,,
140.5963346,,,,,,
140.5964093,,,,,,
140.598287725,,,,,,
140.59832939999998,18336.0,154.29499803072076,6.481091498513101,,,
140.599327,,,,34764.0,519.604111153407,1.9245421245421244
140.60024085,,,,,,
140.60031555,,,,,,
140.602193975,,,,,,
140.6041471,,,,,,
140.6042218,,,,,,
140.606100225,,,,,,
140.60614189999998,18337.0,154.17355371900825,6.486196730099169,,,
140.6071395,,,,34764.0,519.604111153407,1.9245421245421244
140.60805335,,,,,,
140.60812805,,,,,,
140.610006475,,,,,,
140.6119596,,,,,,
140.6120343,,,,,,
140.613912725,,,,,,
140.61395439999998,18338.0,154.05230043255995,6.491301961685236,,,
140.614952,,,,34763.0,520.0,1.9230769230769231
140.615,,,,,,
140.61586585,,,,,,
140.61594055,,,,,,
140.617818975,,,,,,
140.6197721,,,,,,
140.6198468,,,,,,
140.621725225,,,,,,
140.62176689999998,18337.0,154.17355371900825,6.486196730099169,,,
140.6227645,,,,34763.0,520.0,1.9230769230769231
140.62367835,,,,,,
140.62375305,,,,,,
140.625631475,,,,,,
140.6275846,,,,,,
140.6276593,,,,,,
140.629537725,,,,,,
140.62957939999998,18338.0,154.05230043255995,6.491301961685236,,,
140.630577,,,,34763.0,520.0,1.9230769230769231
140.63149085,,,,,,
140.63156555,,,,,,
140.633443975,,,,,,
140.635,,,,,,
140.6353971,,,,,,
140.6354718,,,,,,
140.637350225,,,,,,
140.63739189999998,18338.0,154.05230043255995,6.491301961685236,,,
140.6383895,,,,34764.0,519.604111153407,1.9245421245421244
140.63930335,,,,,,
140.63937805,,,,,,
140.641256475,,,,,,
140.6432096,,,,,,
140.6432843,,,,,,
140.645162725,,,,,,
140.64520439999998,18339.0,153.9312377210216,6.496407193271305,,,
140.646202,,,,34763.0,520.0,1.9230769230769231
140.64711585,,,,,,
140.64719055,,,,,,
140.649068975,,,,,,
140.6510221,,,,,,
140.6510968,,,,,,
140.652975225,,,,,,
140.65301689999998,18338.0,154.05230043255995,6.491301961685236,,,
140.6540145,,,,34764.0,519.604111153407,1.9245421245421244
140.65492835,,,,,,
140.655,,,,,,
140.65500305,,,,,,
140.656881475,,,,,,
140.6588346,,,,,,
140.6589093,,,,,,
140.660787725,,,,,,
140.66082939999998,18337.0,154.17355371900825,6.486196730099169,,,
140.661827,,,,34763.0,520.0,1.9230769230769231
140.66274085,,,,,,
140.66281555,,,,,,
140.664693975,,,,,,
140.6666471,,,,,,
140.6667218,,,,,,
140.668600225,,,,,,
140.66864189999998,18338.0,154.05230043255995,6.491301961685236,,,
140.6696395,,,,34764.0,519.604111153407,1.9245421245421244
140.67055335,,,,,,
140.67062805,,,,,,
140.672506475,,,,,,
140.6744596,,,,,,
140.6745343,,,,,,
140.675,,,,,,
140.676412725,,,,,,
140.67645439999998,18339.0,153.9312377210216,6.496407193271305,,,
140.677452,,,,34764.0,519.604111153407,1.9245421245421244
140.67836585,,,,,,
140.67844055,,,,,,
140.680318975,,,,,,
140.6822721,,,,,,
140.6823468,,,,,,
140.684225225,,,,,,
140.68426689999998,18338.0,154.05230043255995,6.491301961685236,,,
140.6852645,,,,34764.0,519.604111153407,1.9245421245421244
140.68617835,,,,,,
140.68625305,,,,,,
140.688131475,,,,,,
140.6900846,,,,,,
140.6901593,,,,,,
140.692037725,,,,,,
140.69207939999998,18338.0,154.05230043255995,6.491301961685236,,,
140.693077,,,,34763.0,520.0,1.9230769230769231
140.69399085,,,,,,
140.69406555,,,,,,
140.695,,,,,,
140.695943975,,,,,,
140.6978971,,,,,,
140.6979718,,,,,,
140.699850225,,,,,,
140.69989189999998,18338.0,154.05230043255995,6.491301961685236,,,
140.7008895,,,,34766.0,518.8141391106044,1.9274725274725275
140.70180335,,,,,,
140.70187805,,,,,,
140.703756475,,,,,,
140.7057096,,,,,,
140.7057843,,,,,,
140.707662725,,,,,,
140.70770439999998,18339.0,153.9312377210216,6.496407193271305,,,
140.708702,,,,34764.0,519.604111153407,1.9245421245421244
140.70961585,,,,,,
140.70969055,,,,,,
140.711568975,,,,,,
140.7135221,,,,,,
140.7135968,,,,,,
140.715,,,,,,
140.715475225,,,,,,
140.71551689999998,18339.0,153.9312377210216,6.496407193271305,,,
140.7165145,,,,34764.0,519.604111153407,1.9245421245421244
140.71742835,,,,,,
140.71750305,,,,,,
140.719381475,,,,,,
140.7213346,,,,,,
140.7214093,,,,,,
140.723287725,,,,,,
140.72332939999998,18338.0,154.05230043255995,6.491301961685236,,,
140.724327,,,,34763.0,520.0,1.9230769230769231
140.72524085,,,,,,
140.72531555,,,,,,
140.727193975,,,,,,
140.7291471,,,,,,
140.7292218,,,,,,
140.731100225,,,,,,
140.73114189999998,18337.0,154.17355371900825,6.486196730099169,,,
140.7321395,,,,34765.0,519.2088246481552,1.9260073260073256
140.73305335,,,,,,
140.73312805,,,,,,
140.735,,,,,,
140.735006475,,,,,,
140.7369596,,,,,,
140.7370343,,,,,,
140.738912725,,,,,,
140.73895439999998,18339.0,153.9312377210216,6.496407193271305,,,
140.739952,,,,34763.0,520.0,1.9230769230769231
140.74086585,,,,,,
140.74094055,,,,,,
140.742818975,,,,,,
140.7447721,,,,,,
140.7448468,,,,,,
140.746725225,,,,,,
140.74676689999998,18338.0,154.05230043255995,6.491301961685236,,,
140.7477645,,,,34763.0,520.0,1.9230769230769231
140.74867835,,,,,,
140.74875305,,,,,,
140.750631475,,,,,,
140.7525846,,,,,,
140.7526593,,,,,,
140.754537725,,,,,,
140.75457939999998,18338.0,154.05230043255995,6.491301961685236,,,
140.755,,,,,,
140.755577,,,,34763.0,520.0,1.9230769230769231
140.75649085,,,,,,
140.75656555,,,,,,
140.758443975,,,,,,
140.7603971,,,,,,
140.7604718,,,,,,
140.762350225,,,,,,
140.76239189999998,18339.0,153.9312377210216,6.496407193271305,,,
140.7633895,,,,34764.0,519.604111153407,1.9245421245421244
140.76430335,,,,,,
140.76437805,,,,,,
140.766256475,,,,,,
140.7682096,,,,,,
140.7682843,,,,,,
140.770162725,,,,,,
140.77020439999998,18339.0,153.9312377210216,6.496407193271305,,,
140.771202,,,,34765.0,519.2088246481552,1.9260073260073256
140.77211585,,,,,,
140.77219055,,,,,,
140.774068975,,,,,,
140.775,,,,,,
140.7760221,,,,,,
140.7760968,,,,,,
140.777975225,,,,,,
140.77801689999998,18338.0,154.05230043255995,6.491301961685236,,,
140.7790145,,,,34764.0,519.604111153407,1.9245421245421244
140.77992835,,,,,,
140.78000305,,,,,,
140.781881475,,,,,,
140.7838346,,,,,,
140.7839093,,,,,,
140.785787725,,,,,,
140.78582939999998,18337.0,154.17355371900825,6.486196730099169,,,
140.786827,,,,34764.0,519.604111153407,1.9245421245421244
140.78774085,,,,,,
140.78781555,,,,,,
140.789693975,,,,,,
140.7916471,,,,,,
140.7917218,,,,,,
140.793600225,,,,,,
140.79364189999998,18337.0,154.17355371900825,6.486196730099169,,,
140.7946395,,,,34762.0,520.3964925657644,1.9216117216117208
140.795,,,,,,
140.79555335,,,,,,
140.79562805,,,,,,
140.797506475,,,,,,
140.7994596,,,,,,
140.7995343,,,,,,
140.801412725,,,,,,
140.80145439999998,18338.0,154.05230043255995,6.491301961685236,,,
140.802452,,,,34764.0,519.604111153407,1.9245421245421244
140.80336585,,,,,,
140.80344055,,,,,,
140.805318975,,,,,,
140.8072721,,,,,,
140.8073468,,,,,,
140.809225225,,,,,,
140.80926689999998,18338.0,154.05230043255995,6.491301961685236,,,
140.8102645,,,,34764.0,519.604111153407,1.9245421245421244
140.81117835,,,,,,
140.81125305,,,,,,
140.813131475,,,,,,
140.815,,,,,,
140.8150846,,,,,,
140.8151593,,,,,,
140.817037725,,,,,,
140.81707939999998,18338.0,154.05230043255995,6.491301961685236,,,
140.818077,,,,34763.0,520.0,1.9230769230769231
140.81899085,,,,,,
140.81906555,,,,,,
140.820943975,,,,,,
140.8228971,,,,,,
140.8229718,,,,,,
140.824850225,,,,,,
140.82489189999998,18337.0,154.17355371900825,6.486196730099169,,,
140.8258895,,,,34764.0,519.604111153407,1.9245421245421244
140.82680335,,,,,,
140.82687805,,,,,,
140.828756475,,,,,,
140.8307096,,,,,,
140.8307843,,,,,,
140.832662725,,,,,,
140.83270439999998,18339.0,153.9312377210216,6.496407193271305,,,
140.833702,,,,34764.0,519.604111153407,1.9245421245421244
140.83461585,,,,,,
140.83469055,,,,,,
140.835,,,,,,
140.836568975,,,,,,
140.8385221,,,,,,
140.8385968,,,,,,
140.840475225,,,,,,
140.84051689999998,18338.0,154.05230043255995,6.491301961685236,,,
140.8415145,,,,34763.0,520.0,1.9230769230769231
140.84242835,,,,,,
140.84250305,,,,,,
140.844381475,,,,,,
140.8463346,,,,,,
140.8464093,,,,,,
140.848287725,,,,,,
140.84832939999998,18338.0,154.05230043255995,6.491301961685236,,,
140.849327,,,,34763.0,520.0,1.9230769230769231
140.85024085,,,,,,
140.85031555,,,,,,
140.852193975,,,,,,
140.8541471,,,,,,
140.8542218,,,,,,
140.855,,,,,,
140.856100225,,,,,,
140.85614189999998,18338.0,154.05230043255995,6.491301961685236,,,
140.8571395,,,,34764.0,519.604111153407,1.9245421245421244
140.85805335,,,,,,
140.85812805,,,,,,
140.860006475,,,,,,
140.8619596,,,,,,
140.8620343,,,,,,
140.863912725,,,,,,
140.86395439999998,18339.0,153.9312377210216,6.496407193271305,,,
140.864952,,,,34764.0,519.604111153407,1.9245421245421244
140.86586585,,,,,,
140.86594055,,,,,,
140.867818975,,,,,,
140.8697721,,,,,,
140.8698468,,,,,,
140.871725225,,,,,,
140.87176689999998,18338.0,154.05230043255995,6.491301961685236,,,
140.8727645,,,,34763.0,520.0,1.9230769230769231
140.87367835,,,,,,
140.87375305,,,,,,
140.875,,,,,,
140.875631475,,,,,,
140.8775846,,,,,,
140.8776593,,,,,,
140.879537725,,,,,,
140.87957939999998,18338.0,154.05230043255995,6.491301961685236,,,
140.880577,,,,34763.0,520.0,1.9230769230769231
140.88149085,,,,,,
140.88156555,,,,,,
140.883443975,,,,,,
140.8853971,,,,,,
140.8854718,,,,,,
140.887350225,,,,,,
140.88739189999998,18337.0,154.17355371900825,6.486196730099169,,,
140.8883895,,,,34764.0,519.604111153407,1.9245421245421244
140.88930335,,,,,,
140.88937805,,,,,,
140.891256475,,,,,,
140.8932096,,,,,,
140.8932843,,,,,,
140.895,,,,,,
140.895162725,,,,,,
140.89520439999998,18338.0,154.05230043255995,6.491301961685236,,,
140.896202,,,,34764.0,519.604111153407,1.9245421245421244
140.89711585,,,,,,
140.89719055,,,,,,
140.899068975,,,,,,
140.9010221,,,,,,
140.9010968,,,,,,
140.902975225,,,,,,
140.90301689999998,18337.0,154.17355371900825,6.486196730099169,,,
140.9040145,,,,34763.0,520.0,1.9230769230769231
140.90492835,,,,,,
140.90500305,,,,,,
140.906881475,,,,,,
140.9088346,,,,,,
140.9089093,,,,,,
140.910787725,,,,,,
140.91082939999998,18337.0,154.17355371900825,6.486196730099169,,,
140.911827,,,,34763.0,520.0,1.9230769230769231
140.91274085,,,,,,
140.91281555,,,,,,
140.914693975,,,,,,
140.915,,,,,,
140.9166471,,,,,,
140.9167218,,,,,,
140.918600225,,,,,,
140.91864189999998,18338.0,154.05230043255995,6.491301961685236,,,
140.9196395,,,,34765.0,519.2088246481552,1.9260073260073256
140.92055335,,,,,,
140.92062805,,,,,,
140.922506475,,,,,,
140.9244596,,,,,,
140.9245343,,,,,,
140.926412725,,,,,,
140.92645439999998,18338.0,154.05230043255995,6.491301961685236,,,
140.927452,,,,34764.0,519.604111153407,1.9245421245421244
140.92836585,,,,,,
140.92844055,,,,,,
140.930318975,,,,,,
140.9322721,,,,,,
140.9323468,,,,,,
140.934225225,,,,,,
140.93426689999998,18338.0,154.05230043255995,6.491301961685236,,,
140.935,,,,,,
140.9352645,,,,34763.0,520.0,1.9230769230769231
140.93617835,,,,,,
140.93625305,,,,,,
140.938131475,,,,,,
140.9400846,,,,,,
140.9401593,,,,,,
140.942037725,,,,,,
140.94207939999998,18337.0,154.17355371900825,6.486196730099169,,,
140.943077,,,,34764.0,519.604111153407,1.9245421245421244
140.94399085,,,,,,
140.94406555,,,,,,
140.945943975,,,,,,
140.94639569999998,,,,,,
140.9478971,,,,,,
140.9479718,,,,,,
140.949850225,,,,,,
140.94989189999998,18337.0,154.17355371900825,6.486196730099169,,,
140.9508895,,,,34765.0,519.2088246481552,1.9260073260073256
140.95180335,,,,,,
140.95187805,,,,,,
140.953756475,,,,,,
140.955,,,,,,
140.9557096,,,,,,
140.9557843,,,,,,
140.957662725,,,,,,
140.95770439999998,18338.0,154.05230043255995,6.491301961685236,,,
140.958702,,,,34765.0,519.2088246481552,1.9260073260073256
140.95961585,,,,,,
140.95969055,,,,,,
140.961568975,,,,,,
140.9635221,,,,,,
140.9635968,,,,,,
140.965475225,,,,,,
140.96551689999998,18337.0,154.17355371900825,6.486196730099169,,,
140.9665145,,,,34764.0,519.604111153407,1.9245421245421244
140.96742835,,,,,,
140.96750305,,,,,,
140.969381475,,,,,,
140.9713346,,,,,,
140.9714093,,,,,,
140.973287725,,,,,,
140.97332939999998,18338.0,154.05230043255995,6.491301961685236,,,
140.974327,,,,34764.0,519.604111153407,1.9245421245421244
140.975,,,,,,
140.97524085,,,,,,
140.97531555,,,,,,
140.977193975,,,,,,
140.9791471,,,,,,
140.9792218,,,,,,
140.981100225,,,,,,
140.98114189999998,18337.0,154.17355371900825,6.486196730099169,,,
140.9821395,,,,34767.0,518.4200531712876,1.9289377289377287
140.98305335,,,,,,
140.98312805,,,,,,
140.985006475,,,,,,
140.9869596,,,,,,
140.9870343,,,,,,
140.988912725,,,,,,
140.98895439999998,18337.0,154.17355371900825,6.486196730099169,,,
140.989952,,,,34766.0,518.8141391106044,1.9274725274725275
140.99086585,,,,,,
140.99094055,,,,,,
140.992818975,,,,,,
140.9947721,,,,,,
140.9948468,,,,,,
140.995,,,,,,
140.996725225,,,,,,
140.99676689999998,18337.0,154.17355371900825,6.486196730099169,,,
140.9977645,,,,34766.0,518.8141391106044,1.9274725274725275
140.99867835,,,,,,
140.99875305,,,,,,
141.000631475,,,,,,
141.0025846,,,,,,
141.0026593,,,,,,
141.004537725,,,,,,
141.00457939999998,18336.0,154.29499803072076,6.481091498513101,,,
141.005577,,,,34763.0,520.0,1.9230769230769231
141.00649085,,,,,,
141.00656555,,,,,,
141.008443975,,,,,,
141.0103971,,,,,,
141.0104718,,,,,,
141.012350225,,,,,,
141.01239189999998,18336.0,154.29499803072076,6.481091498513101,,,
141.0133895,,,,34764.0,519.604111153407,1.9245421245421244
141.01430335,,,,,,
141.01437805,,,,,,
141.015,,,,,,
141.016256475,,,,,,
141.0182096,,,,,,
141.0182843,,,,,,
141.020162725,,,,,,
141.02020439999998,18337.0,154.17355371900825,6.486196730099169,,,
141.021202,,,,34765.0,519.2088246481552,1.9260073260073256
141.02211585,,,,,,
141.02219055,,,,,,
141.024068975,,,,,,
141.0260221,,,,,,
141.0260968,,,,,,
141.027975225,,,,,,
141.02801689999998,18336.0,154.29499803072076,6.481091498513101,,,
141.0290145,,,,34764.0,519.604111153407,1.9245421245421244
141.02992835,,,,,,
141.03000305,,,,,,
141.031881475,,,,,,
141.0338346,,,,,,
141.0339093,,,,,,
141.035,,,,,,
141.035787725,,,,,,
141.03582939999998,18337.0,154.17355371900825,6.486196730099169,,,
141.036827,,,,34764.0,519.604111153407,1.9245421245421244
141.03774085,,,,,,
141.03781555,,,,,,
141.039693975,,,,,,
141.0416471,,,,,,
141.0417218,,,,,,
141.043600225,,,,,,
141.04364189999998,18335.0,154.41663381947183,6.475986266927032,,,
141.0446395,,,,34765.0,519.2088246481552,1.9260073260073256
141.04555335,,,,,,
141.04562805,,,,,,
141.047506475,,,,,,
141.0494596,,,,,,
141.0495343,,,,,,
141.051412725,,,,,,
141.05145439999998,18337.0,154.17355371900825,6.486196730099169,,,
141.052452,,,,34765.0,519.2088246481552,1.9260073260073256
141.05336585,,,,,,
141.05344055,,,,,,
141.055,,,,,,
141.055318975,,,,,,
141.0572721,,,,,,
141.0573468,,,,,,
141.059225225,,,,,,
141.05926689999998,18336.0,154.29499803072076,6.481091498513101,,,
141.0602645,,,,34764.0,519.604111153407,1.9245421245421244
141.06117835,,,,,,
141.06125305,,,,,,
141.063131475,,,,,,
141.0650846,,,,,,
141.0651593,,,,,,
141.067037725,,,,,,
141.06707939999998,18338.0,154.05230043255995,6.491301961685236,,,
141.068077,,,,34764.0,519.604111153407,1.9245421245421244
141.06899085,,,,,,
141.06906555,,,,,,
141.070943975,,,,,,
141.0728971,,,,,,
141.0729718,,,,,,
141.074850225,,,,,,
141.07489189999998,18336.0,154.29499803072076,6.481091498513101,,,
141.075,,,,,,
141.0758895,,,,34765.0,519.2088246481552,1.9260073260073256
141.07680335,,,,,,
141.07687805,,,,,,
141.078756475,,,,,,
141.0807096,,,,,,
141.0807843,,,,,,
141.082662725,,,,,,
141.08270439999998,18337.0,154.17355371900825,6.486196730099169,,,
141.083702,,,,34765.0,519.2088246481552,1.9260073260073256
141.08461585,,,,,,
141.08469055,,,,,,
141.086568975,,,,,,
141.0885221,,,,,,
141.0885968,,,,,,
141.090475225,,,,,,
141.09051689999998,18337.0,154.17355371900825,6.486196730099169,,,
141.0915145,,,,34765.0,519.2088246481552,1.9260073260073256
141.09242835,,,,,,
141.09250305,,,,,,
141.094381475,,,,,,
141.095,,,,,,
141.0963346,,,,,,
141.0964093,,,,,,
141.098287725,,,,,,
141.09832939999998,18336.0,154.29499803072076,6.481091498513101,,,
141.099327,,,,34764.0,519.604111153407,1.9245421245421244
141.10024085,,,,,,
141.10031555,,,,,,
141.102193975,,,,,,
141.1041471,,,,,,
141.1042218,,,,,,
141.106100225,,,,,,
141.10614189999998,18336.0,154.29499803072076,6.481091498513101,,,
141.1071395,,,,34767.0,518.4200531712876,1.9289377289377287
141.10805335,,,,,,
141.10812805,,,,,,
141.110006475,,,,,,
141.1119596,,,,,,
141.1120343,,,,,,
141.113912725,,,,,,
141.11395439999998,18337.0,154.17355371900825,6.486196730099169,,,
141.114952,,,,34765.0,519.2088246481552,1.9260073260073256
141.115,,,,,,
141.11586585,,,,,,
141.11594055,,,,,,
141.117818975,,,,,,
141.1197721,,,,,,
141.1198468,,,,,,
141.121725225,,,,,,
141.12176689999998,18336.0,154.29499803072076,6.481091498513101,,,
141.1227645,,,,34765.0,519.2088246481552,1.9260073260073256
141.12367835,,,,,,
141.12375305,,,,,,
141.125631475,,,,,,
141.1275846,,,,,,
141.1276593,,,,,,
141.129537725,,,,,,
141.12957939999998,18336.0,154.29499803072076,6.481091498513101,,,
141.130577,,,,34765.0,519.2088246481552,1.9260073260073256
141.13149085,,,,,,
141.13156555,,,,,,
141.133443975,,,,,,
141.135,,,,,,
141.1353971,,,,,,
141.1354718,,,,,,
141.137350225,,,,,,
141.13739189999998,18337.0,154.17355371900825,6.486196730099169,,,
141.1383895,,,,34766.0,518.8141391106044,1.9274725274725275
141.13930335,,,,,,
141.13937805,,,,,,
141.141256475,,,,,,
141.1432096,,,,,,
141.1432843,,,,,,
141.145162725,,,,,,
141.14520439999998,18337.0,154.17355371900825,6.486196730099169,,,
141.146202,,,,34766.0,518.8141391106044,1.9274725274725275
141.14711585,,,,,,
141.14719055,,,,,,
141.149068975,,,,,,
141.1510221,,,,,,
141.1510968,,,,,,
141.152975225,,,,,,
141.15301689999998,18337.0,154.17355371900825,6.486196730099169,,,
141.1540145,,,,34766.0,518.8141391106044,1.9274725274725275
141.15492835,,,,,,
141.155,,,,,,
141.15500305,,,,,,
141.156881475,,,,,,
141.1588346,,,,,,
141.1589093,,,,,,
141.160787725,,,,,,
141.16082939999998,18337.0,154.17355371900825,6.486196730099169,,,
141.161827,,,,34764.0,519.604111153407,1.9245421245421244
141.16274085,,,,,,
141.16281555,,,,,,
141.164693975,,,,,,
141.1666471,,,,,,
141.1667218,,,,,,
141.168600225,,,,,,
141.16864189999998,18336.0,154.29499803072076,6.481091498513101,,,
141.1696395,,,,34764.0,519.604111153407,1.9245421245421244
141.17055335,,,,,,
141.17062805,,,,,,
141.172506475,,,,,,
141.1744596,,,,,,
141.1745343,,,,,,
141.175,,,,,,
141.176412725,,,,,,
141.17645439999998,18337.0,154.17355371900825,6.486196730099169,,,
141.177452,,,,34765.0,519.2088246481552,1.9260073260073256
141.17836585,,,,,,
141.17844055,,,,,,
141.180318975,,,,,,
141.1822721,,,,,,
141.1823468,,,,,,
141.184225225,,,,,,
141.18426689999998,18337.0,154.17355371900825,6.486196730099169,,,
141.1852645,,,,34764.0,519.604111153407,1.9245421245421244
141.18617835,,,,,,
141.18625305,,,,,,
141.188131475,,,,,,
141.1900846,,,,,,
141.1901593,,,,,,
141.192037725,,,,,,
141.19207939999998,18337.0,154.17355371900825,6.486196730099169,,,
141.193077,,,,34763.0,520.0,1.9230769230769231
141.19399085,,,,,,
141.19406555,,,,,,
141.195,,,,,,
141.195943975,,,,,,
141.1978971,,,,,,
141.1979718,,,,,,
141.199850225,,,,,,
141.19989189999998,18336.0,154.29499803072076,6.481091498513101,,,
141.2008895,,,,34764.0,519.604111153407,1.9245421245421244
141.20180335,,,,,,
141.20187805,,,,,,
141.203756475,,,,,,
141.2057096,,,,,,
141.2057843,,,,,,
141.207662725,,,,,,
141.20770439999998,18336.0,154.29499803072076,6.481091498513101,,,
141.208702,,,,34764.0,519.604111153407,1.9245421245421244
141.20961585,,,,,,
141.20969055,,,,,,
141.211568975,,,,,,
141.2135221,,,,,,
141.2135968,,,,,,
141.215,,,,,,
141.215475225,,,,,,
141.21551689999998,18337.0,154.17355371900825,6.486196730099169,,,
141.2165145,,,,34765.0,519.2088246481552,1.9260073260073256
141.21742835,,,,,,
141.21750305,,,,,,
141.219381475,,,,,,
141.2213346,,,,,,
141.2214093,,,,,,
141.223287725,,,,,,
141.22332939999998,18336.0,154.29499803072076,6.481091498513101,,,
141.224327,,,,34764.0,519.604111153407,1.9245421245421244
141.22524085,,,,,,
141.22531555,,,,,,
141.227193975,,,,,,
141.2291471,,,,,,
141.2292218,,,,,,
141.231100225,,,,,,
141.23114189999998,18337.0,154.17355371900825,6.486196730099169,,,
141.2321395,,,,34765.0,519.2088246481552,1.9260073260073256
141.23305335,,,,,,
141.23312805,,,,,,
141.235,,,,,,
141.235006475,,,,,,
141.2369596,,,,,,
141.2370343,,,,,,
141.238912725,,,,,,
141.23895439999998,18337.0,154.17355371900825,6.486196730099169,,,
141.239952,,,,34764.0,519.604111153407,1.9245421245421244
141.24086585,,,,,,
141.24094055,,,,,,
141.242818975,,,,,,
141.2447721,,,,,,
141.2448468,,,,,,
141.246725225,,,,,,
141.24676689999998,18336.0,154.29499803072076,6.481091498513101,,,
141.2477645,,,,34764.0,519.604111153407,1.9245421245421244
141.24867835,,,,,,
141.24875305,,,,,,
141.250631475,,,,,,
141.2525846,,,,,,
141.2526593,,,,,,
141.254537725,,,,,,
141.25457939999998,18336.0,154.29499803072076,6.481091498513101,,,
141.255,,,,,,
141.255577,,,,34764.0,519.604111153407,1.9245421245421244
141.25649085,,,,,,
141.25656555,,,,,,
141.258443975,,,,,,
141.2603971,,,,,,
141.2604718,,,,,,
141.262350225,,,,,,
141.26239189999998,18337.0,154.17355371900825,6.486196730099169,,,
141.2633895,,,,34765.0,519.2088246481552,1.9260073260073256
141.26430335,,,,,,
141.26437805,,,,,,
141.266256475,,,,,,
141.2682096,,,,,,
141.2682843,,,,,,
141.270162725,,,,,,
141.27020439999998,18336.0,154.29499803072076,6.481091498513101,,,
141.271202,,,,34764.0,519.604111153407,1.9245421245421244
141.27211585,,,,,,
141.27219055,,,,,,
141.274068975,,,,,,
141.275,,,,,,
141.2760221,,,,,,
141.2760968,,,,,,
141.277975225,,,,,,
141.27801689999998,18336.0,154.29499803072076,6.481091498513101,,,
141.2790145,,,,34763.0,520.0,1.9230769230769231
141.27992835,,,,,,
141.28000305,,,,,,
141.281881475,,,,,,
141.2838346,,,,,,
141.2839093,,,,,,
141.285787725,,,,,,
141.28582939999998,18336.0,154.29499803072076,6.481091498513101,,,
141.286827,,,,34766.0,518.8141391106044,1.9274725274725275
141.28774085,,,,,,
141.28781555,,,,,,
141.289693975,,,,,,
141.2916471,,,,,,
141.2917218,,,,,,
141.293600225,,,,,,
141.29364189999998,18336.0,154.29499803072076,6.481091498513101,,,
141.2946395,,,,34765.0,519.2088246481552,1.9260073260073256
141.295,,,,,,
141.29555335,,,,,,
141.29562805,,,,,,
141.297506475,,,,,,
141.2994596,,,,,,
141.2995343,,,,,,
141.301412725,,,,,,
141.30145439999998,18337.0,154.17355371900825,6.486196730099169,,,
141.302452,,,,34765.0,519.2088246481552,1.9260073260073256
141.30336585,,,,,,
141.30344055,,,,,,
141.305318975,,,,,,
141.3072721,,,,,,
141.3073468,,,,,,
141.309225225,,,,,,
141.30926689999998,18336.0,154.29499803072076,6.481091498513101,,,
141.3102645,,,,34763.0,520.0,1.9230769230769231
141.31117835,,,,,,
141.31125305,,,,,,
141.313131475,,,,,,
141.315,,,,,,
141.3150846,,,,,,
141.3151593,,,,,,
141.317037725,,,,,,
141.31707939999998,18338.0,154.05230043255995,6.491301961685236,,,
141.318077,,,,34766.0,518.8141391106044,1.9274725274725275
141.31899085,,,,,,
141.31906555,,,,,,
141.320943975,,,,,,
141.3228971,,,,,,
141.3229718,,,,,,
141.324850225,,,,,,
141.32489189999998,18337.0,154.17355371900825,6.486196730099169,,,
141.3258895,,,,34765.0,519.2088246481552,1.9260073260073256
141.32680335,,,,,,
141.32687805,,,,,,
141.328756475,,,,,,
141.3307096,,,,,,
141.3307843,,,,,,
141.332662725,,,,,,
141.33270439999998,18337.0,154.17355371900825,6.486196730099169,,,
141.333702,,,,34765.0,519.2088246481552,1.9260073260073256
141.33461585,,,,,,
141.33469055,,,,,,
141.335,,,,,,
141.336568975,,,,,,
141.3385221,,,,,,
141.3385968,,,,,,
141.340475225,,,,,,
141.34051689999998,18337.0,154.17355371900825,6.486196730099169,,,
141.3415145,,,,34764.0,519.604111153407,1.9245421245421244
141.34242835,,,,,,
141.34250305,,,,,,
141.344381475,,,,,,
141.3463346,,,,,,
141.3464093,,,,,,
141.348287725,,,,,,
141.34832939999998,18336.0,154.29499803072076,6.481091498513101,,,
141.349327,,,,34763.0,520.0,1.9230769230769231
141.35024085,,,,,,
141.35031555,,,,,,
141.352193975,,,,,,
141.3541471,,,,,,
141.3542218,,,,,,
141.355,,,,,,
141.356100225,,,,,,
141.35614189999998,18336.0,154.29499803072076,6.481091498513101,,,
141.3571395,,,,34765.0,519.2088246481552,1.9260073260073256
141.35805335,,,,,,
141.35812805,,,,,,
141.360006475,,,,,,
141.3619596,,,,,,
141.3620343,,,,,,
141.363912725,,,,,,
141.36395439999998,18337.0,154.17355371900825,6.486196730099169,,,
141.364952,,,,34764.0,519.604111153407,1.9245421245421244
141.36586585,,,,,,
141.36594055,,,,,,
141.367818975,,,,,,
141.3697721,,,,,,
141.3698468,,,,,,
141.371725225,,,,,,
141.37176689999998,18336.0,154.29499803072076,6.481091498513101,,,
141.3727645,,,,34765.0,519.2088246481552,1.9260073260073256
141.37367835,,,,,,
141.37375305,,,,,,
141.375,,,,,,
141.375631475,,,,,,
141.3775846,,,,,,
141.3776593,,,,,,
141.379537725,,,,,,
141.37957939999998,18338.0,154.05230043255995,6.491301961685236,,,
141.380577,,,,34764.0,519.604111153407,1.9245421245421244
141.38149085,,,,,,
141.38156555,,,,,,
141.383443975,,,,,,
141.3853971,,,,,,
141.3854718,,,,,,
141.387350225,,,,,,
141.38739189999998,18336.0,154.29499803072076,6.481091498513101,,,
141.3883895,,,,34764.0,519.604111153407,1.9245421245421244
141.38930335,,,,,,
141.38937805,,,,,,
141.391256475,,,,,,
141.3932096,,,,,,
141.3932843,,,,,,
141.395,,,,,,
141.395162725,,,,,,
141.39520439999998,18337.0,154.17355371900825,6.486196730099169,,,
141.396202,,,,34764.0,519.604111153407,1.9245421245421244
141.39711585,,,,,,
141.39719055,,,,,,
141.399068975,,,,,,
141.4010221,,,,,,
141.4010968,,,,,,
141.402975225,,,,,,
141.40301689999998,18336.0,154.29499803072076,6.481091498513101,,,
141.4040145,,,,34763.0,520.0,1.9230769230769231
141.40492835,,,,,,
141.40500305,,,,,,
141.406881475,,,,,,
141.4088346,,,,,,
141.4089093,,,,,,
141.410787725,,,,,,
141.41082939999998,18336.0,154.29499803072076,6.481091498513101,,,
141.411827,,,,34764.0,519.604111153407,1.9245421245421244
141.41274085,,,,,,
141.41281555,,,,,,
141.414693975,,,,,,
141.415,,,,,,
141.4166471,,,,,,
141.4167218,,,,,,
141.418600225,,,,,,
141.41864189999998,18336.0,154.29499803072076,6.481091498513101,,,
141.4196395,,,,34764.0,519.604111153407,1.9245421245421244
141.42055335,,,,,,
141.42062805,,,,,,
141.422506475,,,,,,
141.4244596,,,,,,
141.4245343,,,,,,
141.426412725,,,,,,
141.42645439999998,18336.0,154.29499803072076,6.481091498513101,,,
141.427452,,,,34763.0,520.0,1.9230769230769231
141.42836585,,,,,,
141.42844055,,,,,,
141.430318975,,,,,,
141.4322721,,,,,,
141.4323468,,,,,,
141.434225225,,,,,,
141.43426689999998,18335.0,154.41663381947183,6.475986266927032,,,
141.435,,,,,,
141.4352645,,,,34765.0,519.2088246481552,1.9260073260073256
141.43617835,,,,,,
141.43625305,,,,,,
141.438131475,,,,,,
141.4400846,,,,,,
141.4401593,,,,,,
141.442037725,,,,,,
141.44207939999998,18335.0,154.41663381947183,6.475986266927032,,,
141.443077,,,,34764.0,519.604111153407,1.9245421245421244
141.44399085,,,,,,
141.44406555,,,,,,
141.445943975,,,,,,
141.4478971,,,,,,
141.4479718,,,,,,
141.449850225,,,,,,
141.44989189999998,18335.0,154.41663381947183,6.475986266927032,,,
141.4508895,,,,34764.0,519.604111153407,1.9245421245421244
141.45180335,,,,,,
141.45187805,,,,,,
141.453756475,,,,,,
141.455,,,,,,
141.4557096,,,,,,
141.4557843,,,,,,
141.457662725,,,,,,
141.45770439999998,18336.0,154.29499803072076,6.481091498513101,,,
141.458702,,,,34764.0,519.604111153407,1.9245421245421244
141.45961585,,,,,,
141.45969055,,,,,,
141.461568975,,,,,,
141.4635221,,,,,,
141.4635968,,,,,,
141.465475225,,,,,,
141.46551689999998,18335.0,154.41663381947183,6.475986266927032,,,
141.4665145,,,,34764.0,519.604111153407,1.9245421245421244
141.46742835,,,,,,
141.46750305,,,,,,
141.469381475,,,,,,
141.4713346,,,,,,
141.4714093,,,,,,
141.473287725,,,,,,
141.47332939999998,18336.0,154.29499803072076,6.481091498513101,,,
141.474327,,,,34764.0,519.604111153407,1.9245421245421244
141.475,,,,,,
141.47524085,,,,,,
141.47531555,,,,,,
141.477193975,,,,,,
141.4791471,,,,,,
141.4792218,,,,,,
141.481100225,,,,,,
141.48114189999998,18335.0,154.41663381947183,6.475986266927032,,,
141.4821395,,,,34766.0,518.8141391106044,1.9274725274725275
141.48305335,,,,,,
141.48312805,,,,,,
141.485006475,,,,,,
141.4869596,,,,,,
141.4870343,,,,,,
141.488912725,,,,,,
141.48895439999998,18336.0,154.29499803072076,6.481091498513101,,,
141.489952,,,,34764.0,519.604111153407,1.9245421245421244
141.49086585,,,,,,
141.49094055,,,,,,
141.492818975,,,,,,
141.4947721,,,,,,
141.4948468,,,,,,
141.495,,,,,,
141.496725225,,,,,,
141.49676689999998,18336.0,154.29499803072076,6.481091498513101,,,
141.4977645,,,,34764.0,519.604111153407,1.9245421245421244
141.49867835,,,,,,
141.49875305,,,,,,
141.500631475,,,,,,
141.5025846,,,,,,
141.5026593,,,,,,
141.504537725,,,,,,
141.50457939999998,18335.0,154.41663381947183,6.475986266927032,,,
141.505577,,,,34763.0,520.0,1.9230769230769231
141.50649085,,,,,,
141.50656555,,,,,,
141.508443975,,,,,,
141.5103971,,,,,,
141.5104718,,,,,,
141.512350225,,,,,,
141.51239189999998,18335.0,154.41663381947183,6.475986266927032,,,
141.5133895,,,,34765.0,519.2088246481552,1.9260073260073256
141.51430335,,,,,,
141.51437805,,,,,,
141.515,,,,,,
141.516256475,,,,,,
141.5182096,,,,,,
141.5182843,,,,,,
141.520162725,,,,,,
141.52020439999998,18336.0,154.29499803072076,6.481091498513101,,,
141.521202,,,,34764.0,519.604111153407,1.9245421245421244
141.52211585,,,,,,
141.52219055,,,,,,
141.524068975,,,,,,
141.5260221,,,,,,
141.5260968,,,,,,
141.527975225,,,,,,
141.52801689999998,18335.0,154.41663381947183,6.475986266927032,,,
141.5290145,,,,34765.0,519.2088246481552,1.9260073260073256
141.52992835,,,,,,
141.53000305,,,,,,
141.531881475,,,,,,
141.5338346,,,,,,
141.5339093,,,,,,
141.535,,,,,,
141.535787725,,,,,,
141.53582939999998,18335.0,154.41663381947183,6.475986266927032,,,
141.536827,,,,34763.0,520.0,1.9230769230769231
141.53774085,,,,,,
141.53781555,,,,,,
141.539693975,,,,,,
141.5416471,,,,,,
141.5417218,,,,,,
141.543600225,,,,,,
141.54364189999998,18335.0,154.41663381947183,6.475986266927032,,,
141.5446395,,,,34765.0,519.2088246481552,1.9260073260073256
141.54555335,,,,,,
141.54562805,,,,,,
141.547506475,,,,,,
141.5494596,,,,,,
141.5495343,,,,,,
141.551412725,,,,,,
141.55145439999998,18336.0,154.29499803072076,6.481091498513101,,,
141.552452,,,,34764.0,519.604111153407,1.9245421245421244
141.55336585,,,,,,
141.55344055,,,,,,
141.555,,,,,,
141.555318975,,,,,,
141.5572721,,,,,,
141.5573468,,,,,,
141.559225225,,,,,,
141.55926689999998,18335.0,154.41663381947183,6.475986266927032,,,
141.5602645,,,,34764.0,519.604111153407,1.9245421245421244
141.56117835,,,,,,
141.56125305,,,,,,
141.563131475,,,,,,
141.5650846,,,,,,
141.5651593,,,,,,
141.567037725,,,,,,
141.56707939999998,18335.0,154.41663381947183,6.475986266927032,,,
141.568077,,,,34764.0,519.604111153407,1.9245421245421244
141.56899085,,,,,,
141.56906555,,,,,,
141.570943975,,,,,,
141.5728971,,,,,,
141.5729718,,,,,,
141.574850225,,,,,,
141.57489189999998,18335.0,154.41663381947183,6.475986266927032,,,
141.575,,,,,,
141.5758895,,,,34764.0,519.604111153407,1.9245421245421244
141.57680335,,,,,,
141.57687805,,,,,,
141.578756475,,,,,,
141.5807096,,,,,,
141.5807843,,,,,,
141.582662725,,,,,,
141.58270439999998,18335.0,154.41663381947183,6.475986266927032,,,
141.583702,,,,34763.0,520.0,1.9230769230769231
141.58461585,,,,,,
141.58469055,,,,,,
141.586568975,,,,,,
141.5885221,,,,,,
141.5885968,,,,,,
141.590475225,,,,,,
141.59051689999998,18335.0,154.41663381947183,6.475986266927032,,,
141.5915145,,,,34764.0,519.604111153407,1.9245421245421244
141.59242835,,,,,,
141.59250305,,,,,,
141.594381475,,,,,,
141.595,,,,,,
141.5963346,,,,,,
141.5964093,,,,,,
141.598287725,,,,,,
141.59832939999998,18335.0,154.41663381947183,6.475986266927032,,,
141.599327,,,,34764.0,519.604111153407,1.9245421245421244
141.60024085,,,,,,
141.60031555,,,,,,
141.602193975,,,,,,
141.6041471,,,,,,
141.6042218,,,,,,
141.606100225,,,,,,
141.60614189999998,18335.0,154.41663381947183,6.475986266927032,,,
141.6071395,,,,34765.0,519.2088246481552,1.9260073260073256
141.60805335,,,,,,
141.60812805,,,,,,
141.610006475,,,,,,
141.6119596,,,,,,
141.6120343,,,,,,
141.613912725,,,,,,
141.61395439999998,18336.0,154.29499803072076,6.481091498513101,,,
141.614,,,,,,
141.614952,,,,34765.0,519.2088246481552,1.9260073260073256
141.61586585,,,,,,
141.61594055,,,,,,
141.617818975,,,,,,
141.6197721,,,,,,
141.6198468,,,,,,
141.621725225,,,,,,
141.62176689999998,18335.0,154.41663381947183,6.475986266927032,,,
141.6227645,,,,34764.0,519.604111153407,1.9245421245421244
141.62367835,,,,,,
141.62375305,,,,,,
141.625631475,,,,,,
141.6275846,,,,,,
141.6276593,,,,,,
141.629537725,,,,,,
141.62957939999998,18335.0,154.41663381947183,6.475986266927032,,,
141.630577,,,,34763.0,520.0,1.9230769230769231
141.63149085,,,,,,
141.63156555,,,,,,
141.633443975,,,,,,
141.634,,,,,,
141.6353971,,,,,,
141.6354718,,,,,,
141.637350225,,,,,,
141.63739189999998,18334.0,154.53846153846158,6.470881035340964,,,
141.6383895,,,,34765.0,519.2088246481552,1.9260073260073256
141.63930335,,,,,,
141.63937805,,,,,,
141.641256475,,,,,,
141.6432096,,,,,,
141.6432843,,,,,,
141.645162725,,,,,,
141.64520439999998,18335.0,154.41663381947183,6.475986266927032,,,
141.646202,,,,34765.0,519.2088246481552,1.9260073260073256
141.64711585,,,,,,
141.64719055,,,,,,
141.649068975,,,,,,
141.6510221,,,,,,
141.6510968,,,,,,
141.652975225,,,,,,
141.65301689999998,18334.0,154.53846153846158,6.470881035340964,,,
141.654,,,,,,
141.6540145,,,,34763.0,520.0,1.9230769230769231
141.65492835,,,,,,
141.65500305,,,,,,
141.656881475,,,,,,
141.6588346,,,,,,
141.6589093,,,,,,
141.660787725,,,,,,
141.66082939999998,18334.0,154.53846153846158,6.470881035340964,,,
141.661827,,,,34764.0,519.604111153407,1.9245421245421244
141.66274085,,,,,,
141.66281555,,,,,,
141.664693975,,,,,,
141.6666471,,,,,,
141.6667218,,,,,,
141.668600225,,,,,,
141.66864189999998,18334.0,154.53846153846158,6.470881035340964,,,
141.6696395,,,,34765.0,519.2088246481552,1.9260073260073256
141.67055335,,,,,,
141.67062805,,,,,,
141.672506475,,,,,,
141.674,,,,,,
141.6744596,,,,,,
141.6745343,,,,,,
141.676412725,,,,,,
141.67645439999998,18335.0,154.41663381947183,6.475986266927032,,,
141.677452,,,,34764.0,519.604111153407,1.9245421245421244
141.67836585,,,,,,
141.67844055,,,,,,
141.680318975,,,,,,
141.6822721,,,,,,
141.6823468,,,,,,
141.684225225,,,,,,
141.68426689999998,18335.0,154.41663381947183,6.475986266927032,,,
141.6852645,,,,34764.0,519.604111153407,1.9245421245421244
141.68617835,,,,,,
141.68625305,,,,,,
141.688131475,,,,,,
141.6900846,,,,,,
141.6901593,,,,,,
141.692037725,,,,,,
141.69207939999998,18334.0,154.53846153846158,6.470881035340964,,,
141.693077,,,,34764.0,519.604111153407,1.9245421245421244
141.69399085,,,,,,
141.694,,,,,,
141.69406555,,,,,,
141.695943975,,,,,,
141.6978971,,,,,,
141.6979718,,,,,,
141.699850225,,,,,,
141.69989189999998,18334.0,154.53846153846158,6.470881035340964,,,
141.7008895,,,,34765.0,519.2088246481552,1.9260073260073256
141.70180335,,,,,,
141.70187805,,,,,,
141.703756475,,,,,,
141.7057096,,,,,,
141.7057843,,,,,,
141.707662725,,,,,,
141.70770439999998,18335.0,154.41663381947183,6.475986266927032,,,
141.708702,,,,34765.0,519.2088246481552,1.9260073260073256
141.70961585,,,,,,
141.70969055,,,,,,
141.711568975,,,,,,
141.7135221,,,,,,
141.7135968,,,,,,
141.714,,,,,,
141.715475225,,,,,,
141.71551689999998,18335.0,154.41663381947183,6.475986266927032,,,
141.7165145,,,,34764.0,519.604111153407,1.9245421245421244
141.71742835,,,,,,
141.71750305,,,,,,
141.719381475,,,,,,
141.7213346,,,,,,
141.7214093,,,,,,
141.723287725,,,,,,
141.72332939999998,18334.0,154.53846153846158,6.470881035340964,,,
141.724327,,,,34763.0,520.0,1.9230769230769231
141.72524085,,,,,,
141.72531555,,,,,,
141.727193975,,,,,,
141.7291471,,,,,,
141.7292218,,,,,,
141.731100225,,,,,,
141.73114189999998,18335.0,154.41663381947183,6.475986266927032,,,
141.7321395,,,,34766.0,518.8141391106044,1.9274725274725275
141.73305335,,,,,,
141.73312805,,,,,,
141.734,,,,,,
141.735006475,,,,,,
141.7369596,,,,,,
141.7370343,,,,,,
141.738912725,,,,,,
141.73895439999998,18335.0,154.41663381947183,6.475986266927032,,,
141.739952,,,,34764.0,519.604111153407,1.9245421245421244
141.74086585,,,,,,
141.74094055,,,,,,
141.742818975,,,,,,
141.7447721,,,,,,
141.7448468,,,,,,
141.746725225,,,,,,
141.74676689999998,18334.0,154.53846153846158,6.470881035340964,,,
141.7477645,,,,34764.0,519.604111153407,1.9245421245421244
141.74867835,,,,,,
141.74875305,,,,,,
141.750631475,,,,,,
141.7525846,,,,,,
141.7526593,,,,,,
141.754,,,,,,
141.754537725,,,,,,
141.75457939999998,18335.0,154.41663381947183,6.475986266927032,,,
141.755577,,,,34765.0,519.2088246481552,1.9260073260073256
141.75649085,,,,,,
141.75656555,,,,,,
141.758443975,,,,,,
141.7603971,,,,,,
141.7604718,,,,,,
141.762350225,,,,,,
141.76239189999998,18333.0,154.66048164232143,6.465775803754896,,,
141.7633895,,,,34765.0,519.2088246481552,1.9260073260073256
141.76430335,,,,,,
141.76437805,,,,,,
141.766256475,,,,,,
141.7682096,,,,,,
141.7682843,,,,,,
141.770162725,,,,,,
141.77020439999998,18335.0,154.41663381947183,6.475986266927032,,,
141.771202,,,,34764.0,519.604111153407,1.9245421245421244
141.77211585,,,,,,
141.77219055,,,,,,
141.774,,,,,,
141.774068975,,,,,,
141.7760221,,,,,,
141.7760968,,,,,,
141.777975225,,,,,,
141.77801689999998,18334.0,154.53846153846158,6.470881035340964,,,
141.7790145,,,,34765.0,519.2088246481552,1.9260073260073256
141.77992835,,,,,,
141.78000305,,,,,,
141.781881475,,,,,,
141.7838346,,,,,,
141.7839093,,,,,,
141.785787725,,,,,,
141.78582939999998,18334.0,154.53846153846158,6.470881035340964,,,
141.786827,,,,34764.0,519.604111153407,1.9245421245421244
141.78774085,,,,,,
141.78781555,,,,,,
141.789693975,,,,,,
141.7916471,,,,,,
141.7917218,,,,,,
141.793600225,,,,,,
141.79364189999998,18334.0,154.53846153846158,6.470881035340964,,,
141.794,,,,,,
141.7946395,,,,34764.0,519.604111153407,1.9245421245421244
141.79555335,,,,,,
141.79562805,,,,,,
141.797506475,,,,,,
141.7994596,,,,,,
141.7995343,,,,,,
141.801412725,,,,,,
141.80145439999998,18335.0,154.41663381947183,6.475986266927032,,,
141.802452,,,,34764.0,519.604111153407,1.9245421245421244
141.80336585,,,,,,
141.80344055,,,,,,
141.805318975,,,,,,
141.8072721,,,,,,
141.8073468,,,,,,
141.809225225,,,,,,
141.80926689999998,18335.0,154.41663381947183,6.475986266927032,,,
141.8102645,,,,34764.0,519.604111153407,1.9245421245421244
141.81117835,,,,,,
141.81125305,,,,,,
141.813131475,,,,,,
141.814,,,,,,
141.8150846,,,,,,
141.8151593,,,,,,
141.817037725,,,,,,
141.81707939999998,18334.0,154.53846153846158,6.470881035340964,,,
141.818077,,,,34764.0,519.604111153407,1.9245421245421244
141.81899085,,,,,,
141.81906555,,,,,,
141.820943975,,,,,,
141.8228971,,,,,,
141.8229718,,,,,,
141.824850225,,,,,,
141.82489189999998,18334.0,154.53846153846158,6.470881035340964,,,
141.8258895,,,,34765.0,519.2088246481552,1.9260073260073256
141.82680335,,,,,,
141.82687805,,,,,,
141.828756475,,,,,,
141.8307096,,,,,,
141.8307843,,,,,,
141.832662725,,,,,,
141.83270439999998,18335.0,154.41663381947183,6.475986266927032,,,
141.833702,,,,34765.0,519.2088246481552,1.9260073260073256
141.834,,,,,,
141.83461585,,,,,,
141.83469055,,,,,,
141.836568975,,,,,,
141.8385221,,,,,,
141.8385968,,,,,,
141.840475225,,,,,,
141.84051689999998,18334.0,154.53846153846158,6.470881035340964,,,
141.8415145,,,,34764.0,519.604111153407,1.9245421245421244
141.84242835,,,,,,
141.84250305,,,,,,
141.844381475,,,,,,
141.8463346,,,,,,
141.8464093,,,,,,
141.848287725,,,,,,
141.84832939999998,18334.0,154.53846153846158,6.470881035340964,,,
141.849327,,,,34764.0,519.604111153407,1.9245421245421244
141.85024085,,,,,,
141.85031555,,,,,,
141.852193975,,,,,,
141.854,,,,,,
141.8541471,,,,,,
141.8542218,,,,,,
141.856100225,,,,,,
141.85614189999998,18334.0,154.53846153846158,6.470881035340964,,,
141.8571395,,,,34766.0,518.8141391106044,1.9274725274725275
141.85805335,,,,,,
141.85812805,,,,,,
141.860006475,,,,,,
141.8619596,,,,,,
141.8620343,,,,,,
141.863912725,,,,,,
141.86395439999998,18335.0,154.41663381947183,6.475986266927032,,,
141.864952,,,,34764.0,519.604111153407,1.9245421245421244
141.86586585,,,,,,
141.86594055,,,,,,
141.867818975,,,,,,
141.8697721,,,,,,
141.8698468,,,,,,
141.871725225,,,,,,
141.87176689999998,18334.0,154.53846153846158,6.470881035340964,,,
141.8727645,,,,34766.0,518.8141391106044,1.9274725274725275
141.87367835,,,,,,
141.87375305,,,,,,
141.874,,,,,,
141.875631475,,,,,,
141.8775846,,,,,,
141.8776593,,,,,,
141.879537725,,,,,,
141.87957939999998,18334.0,154.53846153846158,6.470881035340964,,,
141.880577,,,,34764.0,519.604111153407,1.9245421245421244
141.88149085,,,,,,
141.88156555,,,,,,
141.883443975,,,,,,
141.8853971,,,,,,
141.8854718,,,,,,
141.887350225,,,,,,
141.88739189999998,18334.0,154.53846153846158,6.470881035340964,,,
141.8883895,,,,34764.0,519.604111153407,1.9245421245421244
141.88930335,,,,,,
141.88937805,,,,,,
141.891256475,,,,,,
141.8932096,,,,,,
141.8932843,,,,,,
141.894,,,,,,
141.895162725,,,,,,
141.89520439999998,18335.0,154.41663381947183,6.475986266927032,,,
141.896202,,,,34765.0,519.2088246481552,1.9260073260073256
141.89711585,,,,,,
141.89719055,,,,,,
141.899068975,,,,,,
141.9010221,,,,,,
141.9010968,,,,,,
141.902975225,,,,,,
141.90301689999998,18334.0,154.53846153846158,6.470881035340964,,,
141.9040145,,,,34764.0,519.604111153407,1.9245421245421244
141.90492835,,,,,,
141.90500305,,,,,,
141.906881475,,,,,,
141.9088346,,,,,,
141.9089093,,,,,,
141.910787725,,,,,,
141.91082939999998,18334.0,154.53846153846158,6.470881035340964,,,
141.911827,,,,34765.0,519.2088246481552,1.9260073260073256
141.91274085,,,,,,
141.91281555,,,,,,
141.914,,,,,,
141.914693975,,,,,,
141.9166471,,,,,,
141.9167218,,,,,,
141.918600225,,,,,,
141.91864189999998,18334.0,154.53846153846158,6.470881035340964,,,
141.9196395,,,,34765.0,519.2088246481552,1.9260073260073256
141.92055335,,,,,,
141.92062805,,,,,,
141.922506475,,,,,,
141.9244596,,,,,,
141.9245343,,,,,,
141.926412725,,,,,,
141.92645439999998,18334.0,154.53846153846158,6.470881035340964,,,
141.927452,,,,34765.0,519.2088246481552,1.9260073260073256
141.92836585,,,,,,
141.92844055,,,,,,
141.930318975,,,,,,
141.9322721,,,,,,
141.9323468,,,,,,
141.934,,,,,,
141.934225225,,,,,,
141.93426689999998,18334.0,154.53846153846158,6.470881035340964,,,
141.9352645,,,,34764.0,519.604111153407,1.9245421245421244
141.93617835,,,,,,
141.93625305,,,,,,
141.938131475,,,,,,
141.9400846,,,,,,
141.9401593,,,,,,
141.942037725,,,,,,
141.94207939999998,18334.0,154.53846153846158,6.470881035340964,,,
141.943077,,,,34764.0,519.604111153407,1.9245421245421244
141.94399085,,,,,,
141.94406555,,,,,,
141.945943975,,,,,,
141.9478971,,,,,,
141.9479718,,,,,,
141.949850225,,,,,,
141.94989189999998,18334.0,154.53846153846158,6.470881035340964,,,
141.9508895,,,,34764.0,519.604111153407,1.9245421245421244
141.95180335,,,,,,
141.95187805,,,,,,
141.953756475,,,,,,
141.954,,,,,,
141.9557096,,,,,,
141.9557843,,,,,,
141.957662725,,,,,,
141.95770439999998,18334.0,154.53846153846158,6.470881035340964,,,
141.958702,,,,34765.0,519.2088246481552,1.9260073260073256
141.95961585,,,,,,
141.95969055,,,,,,
141.961568975,,,,,,
141.9635221,,,,,,
141.9635968,,,,,,
141.965475225,,,,,,
141.96551689999998,18334.0,154.53846153846158,6.470881035340964,,,
141.9656676,,,,,,
141.9665145,,,,34766.0,518.8141391106044,1.9274725274725275
141.96742835,,,,,,
141.96750305,,,,,,
141.969381475,,,,,,
141.9713346,,,,,,
141.9714093,,,,,,
141.973287725,,,,,,
141.97332939999998,18334.0,154.53846153846158,6.470881035340964,,,
141.974,,,,,,
141.974327,,,,34764.0,519.604111153407,1.9245421245421244
141.97524085,,,,,,
141.97531555,,,,,,
141.977193975,,,,,,
141.9791471,,,,,,
141.9792218,,,,,,
141.981100225,,,,,,
141.98114189999998,18334.0,154.53846153846158,6.470881035340964,,,
141.9821395,,,,34766.0,518.8141391106044,1.9274725274725275
141.98305335,,,,,,
141.98312805,,,,,,
141.985006475,,,,,,
141.9869596,,,,,,
141.9870343,,,,,,
141.988912725,,,,,,
141.98895439999998,18335.0,154.41663381947183,6.475986266927032,,,
141.989952,,,,34765.0,519.2088246481552,1.9260073260073256
141.99086585,,,,,,
141.99094055,,,,,,
141.992818975,,,,,,
141.994,,,,,,
141.9947721,,,,,,
141.9948468,,,,,,
141.996725225,,,,,,
141.99676689999998,18334.0,154.53846153846158,6.470881035340964,,,
141.9977645,,,,34765.0,519.2088246481552,1.9260073260073256
141.99867835,,,,,,
141.99875305,,,,,,
142.000631475,,,,,,
142.0025846,,,,,,
142.0026593,,,,,,
142.004537725,,,,,,
142.00457939999998,18333.0,154.66048164232143,6.465775803754896,,,
142.005577,,,,34765.0,519.2088246481552,1.9260073260073256
142.00649085,,,,,,
142.00656555,,,,,,
142.008443975,,,,,,
142.0103971,,,,,,
142.0104718,,,,,,
142.012350225,,,,,,
142.01239189999998,18334.0,154.53846153846158,6.470881035340964,,,
142.0133895,,,,34765.0,519.2088246481552,1.9260073260073256
142.014,,,,,,
142.01430335,,,,,,
142.01437805,,,,,,
142.016256475,,,,,,
142.0182096,,,,,,
142.0182843,,,,,,
142.020162725,,,,,,
142.02020439999998,18335.0,154.41663381947183,6.475986266927032,,,
142.021202,,,,34764.0,519.604111153407,1.9245421245421244
142.02211585,,,,,,
142.02219055,,,,,,
142.024068975,,,,,,
142.0260221,,,,,,
142.0260968,,,,,,
142.027975225,,,,,,
142.02801689999998,18334.0,154.53846153846158,6.470881035340964,,,
142.0290145,,,,34764.0,519.604111153407,1.9245421245421244
142.02992835,,,,,,
142.03000305,,,,,,
142.031881475,,,,,,
142.0338346,,,,,,
142.0339093,,,,,,
142.034,,,,,,
142.035787725,,,,,,
142.03582939999998,18333.0,154.66048164232143,6.465775803754896,,,
142.036827,,,,34765.0,519.2088246481552,1.9260073260073256
142.03774085,,,,,,
142.03781555,,,,,,
142.039693975,,,,,,
142.0416471,,,,,,
142.0417218,,,,,,
142.043600225,,,,,,
142.04364189999998,18334.0,154.53846153846158,6.470881035340964,,,
142.0446395,,,,34765.0,519.2088246481552,1.9260073260073256
142.04555335,,,,,,
142.04562805,,,,,,
142.047506475,,,,,,
142.0494596,,,,,,
142.0495343,,,,,,
142.051412725,,,,,,
142.05145439999998,18334.0,154.53846153846158,6.470881035340964,,,
142.052452,,,,34764.0,519.604111153407,1.9245421245421244
142.05336585,,,,,,
142.05344055,,,,,,
142.054,,,,,,
142.055318975,,,,,,
142.0572721,,,,,,
142.0573468,,,,,,
142.059225225,,,,,,
142.05926689999998,18334.0,154.53846153846158,6.470881035340964,,,
142.0602645,,,,34764.0,519.604111153407,1.9245421245421244
142.06117835,,,,,,
142.06125305,,,,,,
142.063131475,,,,,,
142.0650846,,,,,,
142.0651593,,,,,,
142.067037725,,,,,,
142.06707939999998,18335.0,154.41663381947183,6.475986266927032,,,
142.068077,,,,34764.0,519.604111153407,1.9245421245421244
142.06899085,,,,,,
142.06906555,,,,,,
142.070943975,,,,,,
142.0728971,,,,,,
142.0729718,,,,,,
142.074,,,,,,
142.074850225,,,,,,
142.07489189999998,18333.0,154.66048164232143,6.465775803754896,,,
142.0758895,,,,34765.0,519.2088246481552,1.9260073260073256
142.07680335,,,,,,
142.07687805,,,,,,
142.078756475,,,,,,
142.0807096,,,,,,
142.0807843,,,,,,
142.082662725,,,,,,
142.08270439999998,18334.0,154.53846153846158,6.470881035340964,,,
142.083702,,,,34764.0,519.604111153407,1.9245421245421244
142.08461585,,,,,,
142.08469055,,,,,,
142.086568975,,,,,,
142.0885221,,,,,,
142.0885968,,,,,,
142.090475225,,,,,,
142.09051689999998,18334.0,154.53846153846158,6.470881035340964,,,
142.0915145,,,,34764.0,519.604111153407,1.9245421245421244
142.09242835,,,,,,
142.09250305,,,,,,
142.094,,,,,,
142.094381475,,,,,,
142.0963346,,,,,,
142.0964093,,,,,,
142.098287725,,,,,,
142.09832939999998,18334.0,154.53846153846158,6.470881035340964,,,
142.099327,,,,34764.0,519.604111153407,1.9245421245421244
142.10024085,,,,,,
142.10031555,,,,,,
142.102193975,,,,,,
142.1041471,,,,,,
142.1042218,,,,,,
142.106100225,,,,,,
142.10614189999998,18334.0,154.53846153846158,6.470881035340964,,,
142.1071395,,,,34766.0,518.8141391106044,1.9274725274725275
142.10805335,,,,,,
142.10812805,,,,,,
142.110006475,,,,,,
142.1119596,,,,,,
142.1120343,,,,,,
142.113912725,,,,,,
142.11395439999998,18335.0,154.41663381947183,6.475986266927032,,,
142.114,,,,,,
142.114952,,,,34764.0,519.604111153407,1.9245421245421244
142.11586585,,,,,,
142.11594055,,,,,,
142.117818975,,,,,,
142.1197721,,,,,,
142.1198468,,,,,,
142.121725225,,,,,,
142.12176689999998,18334.0,154.53846153846158,6.470881035340964,,,
142.1227645,,,,34764.0,519.604111153407,1.9245421245421244
142.12367835,,,,,,
142.12375305,,,,,,
142.125631475,,,,,,
142.1275846,,,,,,
142.1276593,,,,,,
142.129537725,,,,,,
142.12957939999998,18334.0,154.53846153846158,6.470881035340964,,,
142.130577,,,,34764.0,519.604111153407,1.9245421245421244
142.13149085,,,,,,
142.13156555,,,,,,
142.133443975,,,,,,
142.134,,,,,,
142.1353971,,,,,,
142.1354718,,,,,,
142.137350225,,,,,,
142.13739189999998,18334.0,154.53846153846158,6.470881035340964,,,
142.1383895,,,,34765.0,519.2088246481552,1.9260073260073256
142.13930335,,,,,,
142.13937805,,,,,,
142.141256475,,,,,,
142.1432096,,,,,,
142.1432843,,,,,,
142.145162725,,,,,,
142.14520439999998,18334.0,154.53846153846158,6.470881035340964,,,
142.146202,,,,34764.0,519.604111153407,1.9245421245421244
142.14711585,,,,,,
142.14719055,,,,,,
142.149068975,,,,,,
142.1510221,,,,,,
142.1510968,,,,,,
142.152975225,,,,,,
142.15301689999998,18334.0,154.53846153846158,6.470881035340964,,,
142.154,,,,,,
142.1540145,,,,34765.0,519.2088246481552,1.9260073260073256
142.15492835,,,,,,
142.15500305,,,,,,
142.156881475,,,,,,
142.1588346,,,,,,
142.1589093,,,,,,
142.160787725,,,,,,
142.16082939999998,18334.0,154.53846153846158,6.470881035340964,,,
142.161827,,,,34764.0,519.604111153407,1.9245421245421244
142.16274085,,,,,,
142.16281555,,,,,,
142.164693975,,,,,,
142.1666471,,,,,,
142.1667218,,,,,,
142.168600225,,,,,,
142.16864189999998,18333.0,154.66048164232143,6.465775803754896,,,
142.1696395,,,,34764.0,519.604111153407,1.9245421245421244
142.17055335,,,,,,
142.17062805,,,,,,
142.172506475,,,,,,
142.174,,,,,,
142.1744596,,,,,,
142.1745343,,,,,,
142.176412725,,,,,,
142.17645439999998,18335.0,154.41663381947183,6.475986266927032,,,
142.177452,,,,34764.0,519.604111153407,1.9245421245421244
142.17836585,,,,,,
142.17844055,,,,,,
142.180318975,,,,,,
142.1822721,,,,,,
142.1823468,,,,,,
142.184225225,,,,,,
142.18426689999998,18334.0,154.53846153846158,6.470881035340964,,,
142.1852645,,,,34766.0,518.8141391106044,1.9274725274725275
142.18617835,,,,,,
142.18625305,,,,,,
142.188131475,,,,,,
142.1900846,,,,,,
142.1901593,,,,,,
142.192037725,,,,,,
142.19207939999998,18334.0,154.53846153846158,6.470881035340964,,,
142.193077,,,,34764.0,519.604111153407,1.9245421245421244
142.19399085,,,,,,
142.194,,,,,,
142.19406555,,,,,,
142.195943975,,,,,,
142.1978971,,,,,,
142.1979718,,,,,,
142.199850225,,,,,,
142.19989189999998,18334.0,154.53846153846158,6.470881035340964,,,
142.2008895,,,,34765.0,519.2088246481552,1.9260073260073256
142.20180335,,,,,,
142.20187805,,,,,,
142.203756475,,,,,,
142.2057096,,,,,,
142.2057843,,,,,,
142.207662725,,,,,,
142.20770439999998,18334.0,154.53846153846158,6.470881035340964,,,
142.208702,,,,34764.0,519.604111153407,1.9245421245421244
142.20961585,,,,,,
142.20969055,,,,,,
142.211568975,,,,,,
142.2135221,,,,,,
142.2135968,,,,,,
142.214,,,,,,
142.215475225,,,,,,
142.21551689999998,18333.0,154.66048164232143,6.465775803754896,,,
142.2165145,,,,34766.0,518.8141391106044,1.9274725274725275
142.21742835,,,,,,
142.21750305,,,,,,
142.219381475,,,,,,
142.2213346,,,,,,
142.2214093,,,,,,
142.223287725,,,,,,
142.22332939999998,18333.0,154.66048164232143,6.465775803754896,,,
142.224327,,,,34764.0,519.604111153407,1.9245421245421244
142.22524085,,,,,,
142.22531555,,,,,,
142.227193975,,,,,,
142.2291471,,,,,,
142.2292218,,,,,,
142.231100225,,,,,,
142.23114189999998,18333.0,154.66048164232143,6.465775803754896,,,
142.2321395,,,,34765.0,519.2088246481552,1.9260073260073256
142.23305335,,,,,,
142.23312805,,,,,,
142.234,,,,,,
142.235006475,,,,,,
142.2369596,,,,,,
142.2370343,,,,,,
142.238912725,,,,,,
142.23895439999998,18334.0,154.53846153846158,6.470881035340964,,,
142.239952,,,,34764.0,519.604111153407,1.9245421245421244
142.24086585,,,,,,
142.24094055,,,,,,
142.242818975,,,,,,
142.2447721,,,,,,
142.2448468,,,,,,
142.246725225,,,,,,
142.24676689999998,18333.0,154.66048164232143,6.465775803754896,,,
142.2477645,,,,34765.0,519.2088246481552,1.9260073260073256
142.24867835,,,,,,
142.24875305,,,,,,
142.250631475,,,,,,
142.2525846,,,,,,
142.2526593,,,,,,
142.254,,,,,,
142.254537725,,,,,,
142.25457939999998,18333.0,154.66048164232143,6.465775803754896,,,
142.255577,,,,34764.0,519.604111153407,1.9245421245421244
142.25649085,,,,,,
142.25656555,,,,,,
142.258443975,,,,,,
142.2603971,,,,,,
142.2604718,,,,,,
142.262350225,,,,,,
142.26239189999998,18332.0,154.78269458711975,6.460670572168829,,,
142.2633895,,,,34765.0,519.2088246481552,1.9260073260073256
142.26430335,,,,,,
142.26437805,,,,,,
142.266256475,,,,,,
142.2682096,,,,,,
142.2682843,,,,,,
142.270162725,,,,,,
142.27020439999998,18333.0,154.66048164232143,6.465775803754896,,,
142.271202,,,,34765.0,519.2088246481552,1.9260073260073256
142.27211585,,,,,,
142.27219055,,,,,,
142.274,,,,,,
142.274068975,,,,,,
142.2760221,,,,,,
142.2760968,,,,,,
142.277975225,,,,,,
142.27801689999998,18332.0,154.78269458711975,6.460670572168829,,,
142.2790145,,,,34764.0,519.604111153407,1.9245421245421244
142.27992835,,,,,,
142.28000305,,,,,,
142.281881475,,,,,,
142.2838346,,,,,,
142.2839093,,,,,,
142.285787725,,,,,,
142.28582939999998,18332.0,154.78269458711975,6.460670572168829,,,
142.286827,,,,34764.0,519.604111153407,1.9245421245421244
142.28774085,,,,,,
142.28781555,,,,,,
142.289693975,,,,,,
142.2916471,,,,,,
142.2917218,,,,,,
142.293600225,,,,,,
142.29364189999998,18332.0,154.78269458711975,6.460670572168829,,,
142.294,,,,,,
142.2946395,,,,34765.0,519.2088246481552,1.9260073260073256
142.29555335,,,,,,
142.29562805,,,,,,
142.297506475,,,,,,
142.2994596,,,,,,
142.2995343,,,,,,
142.301412725,,,,,,
142.30145439999998,18333.0,154.66048164232143,6.465775803754896,,,
142.302452,,,,34764.0,519.604111153407,1.9245421245421244
142.30336585,,,,,,
142.30344055,,,,,,
142.305318975,,,,,,
142.3072721,,,,,,
142.3073468,,,,,,
142.309225225,,,,,,
142.30926689999998,18333.0,154.66048164232143,6.465775803754896,,,
142.3102645,,,,34764.0,519.604111153407,1.9245421245421244
142.31117835,,,,,,
142.31125305,,,,,,
142.313131475,,,,,,
142.314,,,,,,
142.3150846,,,,,,
142.3151593,,,,,,
142.317037725,,,,,,
142.31707939999998,18332.0,154.78269458711975,6.460670572168829,,,
142.318077,,,,34764.0,519.604111153407,1.9245421245421244
142.31899085,,,,,,
142.31906555,,,,,,
142.320943975,,,,,,
142.3228971,,,,,,
142.3229718,,,,,,
142.324850225,,,,,,
142.32489189999998,18333.0,154.66048164232143,6.465775803754896,,,
142.3258895,,,,34765.0,519.2088246481552,1.9260073260073256
142.32680335,,,,,,
142.32687805,,,,,,
142.328756475,,,,,,
142.3307096,,,,,,
142.3307843,,,,,,
142.332662725,,,,,,
142.33270439999998,18333.0,154.66048164232143,6.465775803754896,,,
142.333702,,,,34764.0,519.604111153407,1.9245421245421244
142.334,,,,,,
142.33461585,,,,,,
142.33469055,,,,,,
142.336568975,,,,,,
142.3385221,,,,,,
142.3385968,,,,,,
142.340475225,,,,,,
142.34051689999998,18333.0,154.66048164232143,6.465775803754896,,,
142.3415145,,,,34763.0,520.0,1.9230769230769231
142.34242835,,,,,,
142.34250305,,,,,,
142.344381475,,,,,,
142.3463346,,,,,,
142.3464093,,,,,,
142.348287725,,,,,,
142.34832939999998,18334.0,154.53846153846158,6.470881035340964,,,
142.349327,,,,34764.0,519.604111153407,1.9245421245421244
142.35024085,,,,,,
142.35031555,,,,,,
142.352193975,,,,,,
142.354,,,,,,
142.3541471,,,,,,
142.3542218,,,,,,
142.356100225,,,,,,
142.35614189999998,18332.0,154.78269458711975,6.460670572168829,,,
142.3571395,,,,34765.0,519.2088246481552,1.9260073260073256
142.35805335,,,,,,
142.35812805,,,,,,
142.360006475,,,,,,
142.3619596,,,,,,
142.3620343,,,,,,
142.363912725,,,,,,
142.36395439999998,18333.0,154.66048164232143,6.465775803754896,,,
142.364952,,,,34764.0,519.604111153407,1.9245421245421244
142.36586585,,,,,,
142.36594055,,,,,,
142.367818975,,,,,,
142.3697721,,,,,,
142.3698468,,,,,,
142.371725225,,,,,,
142.37176689999998,18333.0,154.66048164232143,6.465775803754896,,,
142.3727645,,,,34764.0,519.604111153407,1.9245421245421244
142.37367835,,,,,,
142.37375305,,,,,,
142.374,,,,,,
142.375631475,,,,,,
142.3775846,,,,,,
142.3776593,,,,,,
142.379537725,,,,,,
142.37957939999998,18333.0,154.66048164232143,6.465775803754896,,,
142.380577,,,,34765.0,519.2088246481552,1.9260073260073256
142.38149085,,,,,,
142.38156555,,,,,,
142.383443975,,,,,,
142.3853971,,,,,,
142.3854718,,,,,,
142.387350225,,,,,,
142.38739189999998,18332.0,154.78269458711975,6.460670572168829,,,
142.3883895,,,,34765.0,519.2088246481552,1.9260073260073256
142.38930335,,,,,,
142.38937805,,,,,,
142.391256475,,,,,,
142.3932096,,,,,,
142.3932843,,,,,,
142.394,,,,,,
142.395162725,,,,,,
142.39520439999998,18333.0,154.66048164232143,6.465775803754896,,,
142.396202,,,,34764.0,519.604111153407,1.9245421245421244
142.39711585,,,,,,
142.39719055,,,,,,
142.399068975,,,,,,
142.4010221,,,,,,
142.4010968,,,,,,
142.402975225,,,,,,
142.40301689999998,18332.0,154.78269458711975,6.460670572168829,,,
142.4040145,,,,34765.0,519.2088246481552,1.9260073260073256
142.40492835,,,,,,
142.40500305,,,,,,
142.406881475,,,,,,
142.4088346,,,,,,
142.4089093,,,,,,
142.410787725,,,,,,
142.41082939999998,18332.0,154.78269458711975,6.460670572168829,,,
142.411827,,,,34764.0,519.604111153407,1.9245421245421244
142.41274085,,,,,,
142.41281555,,,,,,
142.414,,,,,,
142.414693975,,,,,,
142.4166471,,,,,,
142.4167218,,,,,,
142.418600225,,,,,,
142.41864189999998,18333.0,154.66048164232143,6.465775803754896,,,
142.4196395,,,,34765.0,519.2088246481552,1.9260073260073256
142.42055335,,,,,,
142.42062805,,,,,,
142.422506475,,,,,,
142.4244596,,,,,,
142.4245343,,,,,,
142.426412725,,,,,,
142.42645439999998,18333.0,154.66048164232143,6.465775803754896,,,
142.427452,,,,34765.0,519.2088246481552,1.9260073260073256
142.42836585,,,,,,
142.42844055,,,,,,
142.430318975,,,,,,
142.4322721,,,,,,
142.4323468,,,,,,
142.434,,,,,,
142.434225225,,,,,,
142.43426689999998,18333.0,154.66048164232143,6.465775803754896,,,
142.4352645,,,,34764.0,519.604111153407,1.9245421245421244
142.43617835,,,,,,
142.43625305,,,,,,
142.438131475,,,,,,
142.4400846,,,,,,
142.4401593,,,,,,
142.442037725,,,,,,
142.44207939999998,18333.0,154.66048164232143,6.465775803754896,,,
142.443077,,,,34764.0,519.604111153407,1.9245421245421244
142.44399085,,,,,,
142.44406555,,,,,,
142.445943975,,,,,,
142.4478971,,,,,,
142.4479718,,,,,,
142.449850225,,,,,,
142.44989189999998,18332.0,154.78269458711975,6.460670572168829,,,
142.4508895,,,,34764.0,519.604111153407,1.9245421245421244
142.45180335,,,,,,
142.45187805,,,,,,
142.453756475,,,,,,
142.454,,,,,,
142.4557096,,,,,,
142.4557843,,,,,,
142.457662725,,,,,,
142.45770439999998,18334.0,154.53846153846158,6.470881035340964,,,
142.458702,,,,34764.0,519.604111153407,1.9245421245421244
142.45961585,,,,,,
142.45969055,,,,,,
142.461568975,,,,,,
142.4635221,,,,,,
142.4635968,,,,,,
142.465475225,,,,,,
142.46551689999998,18334.0,154.53846153846158,6.470881035340964,,,
142.4665145,,,,34764.0,519.604111153407,1.9245421245421244
142.46742835,,,,,,
142.46750305,,,,,,
142.469381475,,,,,,
142.4713346,,,,,,
142.4714093,,,,,,
142.473287725,,,,,,
142.47332939999998,18334.0,154.53846153846158,6.470881035340964,,,
142.474,,,,,,
142.474327,,,,34764.0,519.604111153407,1.9245421245421244
142.47524085,,,,,,
142.47531555,,,,,,
142.477193975,,,,,,
142.4791471,,,,,,
142.4792218,,,,,,
142.481100225,,,,,,
142.48114189999998,18333.0,154.66048164232143,6.465775803754896,,,
142.4821395,,,,34765.0,519.2088246481552,1.9260073260073256
142.48305335,,,,,,
142.48312805,,,,,,
142.485006475,,,,,,
142.4869596,,,,,,
142.4870343,,,,,,
142.488912725,,,,,,
142.48895439999998,18334.0,154.53846153846158,6.470881035340964,,,
142.489952,,,,34765.0,519.2088246481552,1.9260073260073256
142.49086585,,,,,,
142.49094055,,,,,,
142.492818975,,,,,,
142.494,,,,,,
142.4947721,,,,,,
142.4948468,,,,,,
142.496725225,,,,,,
142.49676689999998,18333.0,154.66048164232143,6.465775803754896,,,
142.4977645,,,,34764.0,519.604111153407,1.9245421245421244
142.49867835,,,,,,
142.49875305,,,,,,
142.500631475,,,,,,
142.5025846,,,,,,
142.5026593,,,,,,
142.504537725,,,,,,
142.50457939999998,18333.0,154.66048164232143,6.465775803754896,,,
142.505577,,,,34765.0,519.2088246481552,1.9260073260073256
142.50649085,,,,,,
142.50656555,,,,,,
142.508443975,,,,,,
142.5103971,,,,,,
142.5104718,,,,,,
142.512350225,,,,,,
142.51239189999998,18332.0,154.78269458711975,6.460670572168829,,,
142.5133895,,,,34765.0,519.2088246481552,1.9260073260073256
142.514,,,,,,
142.51430335,,,,,,
142.51437805,,,,,,
142.516256475,,,,,,
142.5182096,,,,,,
142.5182843,,,,,,
142.520162725,,,,,,
142.52020439999998,18334.0,154.53846153846158,6.470881035340964,,,
142.521202,,,,34765.0,519.2088246481552,1.9260073260073256
142.52211585,,,,,,
142.52219055,,,,,,
142.524068975,,,,,,
142.5260221,,,,,,
142.5260968,,,,,,
142.527975225,,,,,,
142.52801689999998,18333.0,154.66048164232143,6.465775803754896,,,
142.5290145,,,,34764.0,519.604111153407,1.9245421245421244
142.52992835,,,,,,
142.53000305,,,,,,
142.531881475,,,,,,
142.5338346,,,,,,
142.5339093,,,,,,
142.534,,,,,,
142.535787725,,,,,,
142.53582939999998,18334.0,154.53846153846158,6.470881035340964,,,
142.536827,,,,34764.0,519.604111153407,1.9245421245421244
142.53774085,,,,,,
142.53781555,,,,,,
142.539693975,,,,,,
142.5416471,,,,,,
142.5417218,,,,,,
142.543600225,,,,,,
142.54364189999998,18332.0,154.78269458711975,6.460670572168829,,,
142.5446395,,,,34765.0,519.2088246481552,1.9260073260073256
142.54555335,,,,,,
142.54562805,,,,,,
142.547506475,,,,,,
142.5494596,,,,,,
142.5495343,,,,,,
142.551412725,,,,,,
142.55145439999998,18334.0,154.53846153846158,6.470881035340964,,,
142.552452,,,,34765.0,519.2088246481552,1.9260073260073256
142.55336585,,,,,,
142.55344055,,,,,,
142.554,,,,,,
142.555318975,,,,,,
142.5572721,,,,,,
142.5573468,,,,,,
142.559225225,,,,,,
142.55926689999998,18333.0,154.66048164232143,6.465775803754896,,,
142.5602645,,,,34764.0,519.604111153407,1.9245421245421244
142.56117835,,,,,,
142.56125305,,,,,,
142.563131475,,,,,,
142.5650846,,,,,,
142.5651593,,,,,,
142.567037725,,,,,,
142.56707939999998,18335.0,154.41663381947183,6.475986266927032,,,
142.568077,,,,34764.0,519.604111153407,1.9245421245421244
142.56899085,,,,,,
142.56906555,,,,,,
142.570943975,,,,,,
142.5728971,,,,,,
142.5729718,,,,,,
142.574,,,,,,
142.574850225,,,,,,
142.57489189999998,18333.0,154.66048164232143,6.465775803754896,,,
142.5758895,,,,34765.0,519.2088246481552,1.9260073260073256
142.57680335,,,,,,
142.57687805,,,,,,
142.578756475,,,,,,
142.5807096,,,,,,
142.5807843,,,,,,
142.582662725,,,,,,
142.58270439999998,18334.0,154.53846153846158,6.470881035340964,,,
142.583702,,,,34764.0,519.604111153407,1.9245421245421244
142.58461585,,,,,,
142.58469055,,,,,,
142.586568975,,,,,,
142.5885221,,,,,,
142.5885968,,,,,,
142.590475225,,,,,,
142.59051689999998,18333.0,154.66048164232143,6.465775803754896,,,
142.5915145,,,,34764.0,519.604111153407,1.9245421245421244
142.59242835,,,,,,
142.59250305,,,,,,
142.594,,,,,,
142.594381475,,,,,,
142.5963346,,,,,,
142.5964093,,,,,,
142.598287725,,,,,,
142.59832939999998,18334.0,154.53846153846158,6.470881035340964,,,
142.599327,,,,34764.0,519.604111153407,1.9245421245421244
142.60024085,,,,,,
142.60031555,,,,,,
142.602193975,,,,,,
142.6041471,,,,,,
142.6042218,,,,,,
142.606100225,,,,,,
142.60614189999998,18333.0,154.66048164232143,6.465775803754896,,,
142.6071395,,,,34765.0,519.2088246481552,1.9260073260073256
142.60805335,,,,,,
142.60812805,,,,,,
142.610006475,,,,,,
142.6119596,,,,,,
142.6120343,,,,,,
142.613912725,,,,,,
142.61395439999998,18334.0,154.53846153846158,6.470881035340964,,,
142.614,,,,,,
142.614952,,,,34765.0,519.2088246481552,1.9260073260073256
142.61586585,,,,,,
142.61594055,,,,,,
142.617818975,,,,,,
142.6197721,,,,,,
142.6198468,,,,,,
142.621725225,,,,,,
142.62176689999998,18334.0,154.53846153846158,6.470881035340964,,,
142.6227645,,,,34764.0,519.604111153407,1.9245421245421244
142.62367835,,,,,,
142.62375305,,,,,,
142.625631475,,,,,,
142.6275846,,,,,,
142.6276593,,,,,,
142.629537725,,,,,,
142.62957939999998,18334.0,154.53846153846158,6.470881035340964,,,
142.630577,,,,34764.0,519.604111153407,1.9245421245421244
142.63149085,,,,,,
142.63156555,,,,,,
142.633443975,,,,,,
142.634,,,,,,
142.6353971,,,,,,
142.6354718,,,,,,
142.637350225,,,,,,
142.63739189999998,18334.0,154.53846153846158,6.470881035340964,,,
142.6383895,,,,34765.0,519.2088246481552,1.9260073260073256
142.63930335,,,,,,
142.63937805,,,,,,
142.641256475,,,,,,
142.6432096,,,,,,
142.6432843,,,,,,
142.645162725,,,,,,
142.64520439999998,18334.0,154.53846153846158,6.470881035340964,,,
142.646202,,,,34764.0,519.604111153407,1.9245421245421244
142.64711585,,,,,,
142.64719055,,,,,,
142.649068975,,,,,,
142.6510221,,,,,,
142.6510968,,,,,,
142.652975225,,,,,,
142.65301689999998,18333.0,154.66048164232143,6.465775803754896,,,
142.654,,,,,,
142.6540145,,,,34765.0,519.2088246481552,1.9260073260073256
142.65492835,,,,,,
142.65500305,,,,,,
142.656881475,,,,,,
142.6588346,,,,,,
142.6589093,,,,,,
142.660787725,,,,,,
142.66082939999998,18333.0,154.66048164232143,6.465775803754896,,,
142.661827,,,,34765.0,519.2088246481552,1.9260073260073256
142.66274085,,,,,,
142.66281555,,,,,,
142.664693975,,,,,,
142.6666471,,,,,,
142.6667218,,,,,,
142.668600225,,,,,,
142.66864189999998,18333.0,154.66048164232143,6.465775803754896,,,
142.6696395,,,,34764.0,519.604111153407,1.9245421245421244
142.67055335,,,,,,
142.67062805,,,,,,
142.672506475,,,,,,
142.674,,,,,,
142.6744596,,,,,,
142.6745343,,,,,,
142.676412725,,,,,,
142.67645439999998,18334.0,154.53846153846158,6.470881035340964,,,
142.677452,,,,34764.0,519.604111153407,1.9245421245421244
142.67836585,,,,,,
142.67844055,,,,,,
142.680318975,,,,,,
142.6822721,,,,,,
142.6823468,,,,,,
142.684225225,,,,,,
142.68426689999998,18334.0,154.53846153846158,6.470881035340964,,,
142.6852645,,,,34764.0,519.604111153407,1.9245421245421244
142.68617835,,,,,,
142.68625305,,,,,,
142.688131475,,,,,,
142.6900846,,,,,,
142.6901593,,,,,,
142.692037725,,,,,,
142.69207939999998,18333.0,154.66048164232143,6.465775803754896,,,
142.693077,,,,34764.0,519.604111153407,1.9245421245421244
142.69399085,,,,,,
142.694,,,,,,
142.69406555,,,,,,
142.695943975,,,,,,
142.6978971,,,,,,
142.6979718,,,,,,
142.699850225,,,,,,
142.69989189999998,18333.0,154.66048164232143,6.465775803754896,,,
142.7008895,,,,34765.0,519.2088246481552,1.9260073260073256
142.70180335,,,,,,
142.70187805,,,,,,
142.703756475,,,,,,
142.7057096,,,,,,
142.7057843,,,,,,
142.707662725,,,,,,
142.70770439999998,18333.0,154.66048164232143,6.465775803754896,,,
142.708702,,,,34764.0,519.604111153407,1.9245421245421244
142.70961585,,,,,,
142.70969055,,,,,,
142.711568975,,,,,,
142.7135221,,,,,,
142.7135968,,,,,,
142.714,,,,,,
142.715475225,,,,,,
142.71551689999998,18333.0,154.66048164232143,6.465775803754896,,,
142.7165145,,,,34764.0,519.604111153407,1.9245421245421244
142.71742835,,,,,,
142.71750305,,,,,,
142.719381475,,,,,,
142.7213346,,,,,,
142.7214093,,,,,,
142.723287725,,,,,,
142.72332939999998,18333.0,154.66048164232143,6.465775803754896,,,
142.724327,,,,34764.0,519.604111153407,1.9245421245421244
142.72524085,,,,,,
142.72531555,,,,,,
142.727193975,,,,,,
142.7291471,,,,,,
142.7292218,,,,,,
142.731100225,,,,,,
142.73114189999998,18332.0,154.78269458711975,6.460670572168829,,,
142.7321395,,,,34765.0,519.2088246481552,1.9260073260073256
142.73305335,,,,,,
142.73312805,,,,,,
142.734,,,,,,
142.735006475,,,,,,
142.7369596,,,,,,
142.7370343,,,,,,
142.738912725,,,,,,
142.73895439999998,18333.0,154.66048164232143,6.465775803754896,,,
142.739952,,,,34764.0,519.604111153407,1.9245421245421244
142.74086585,,,,,,
142.74094055,,,,,,
142.742818975,,,,,,
142.7447721,,,,,,
142.7448468,,,,,,
142.746725225,,,,,,
142.74676689999998,18334.0,154.53846153846158,6.470881035340964,,,
142.7477645,,,,34764.0,519.604111153407,1.9245421245421244
142.74867835,,,,,,
142.74875305,,,,,,
142.750631475,,,,,,
142.7525846,,,,,,
142.7526593,,,,,,
142.754,,,,,,
142.754537725,,,,,,
142.75457939999998,18335.0,154.41663381947183,6.475986266927032,,,
142.755577,,,,34765.0,519.2088246481552,1.9260073260073256
142.75649085,,,,,,
142.75656555,,,,,,
142.758443975,,,,,,
142.7603971,,,,,,
142.7604718,,,,,,
142.762350225,,,,,,
142.76239189999998,18333.0,154.66048164232143,6.465775803754896,,,
142.7633895,,,,34765.0,519.2088246481552,1.9260073260073256
142.76430335,,,,,,
142.76437805,,,,,,
142.766256475,,,,,,
142.7682096,,,,,,
142.7682843,,,,,,
142.770162725,,,,,,
142.77020439999998,18333.0,154.66048164232143,6.465775803754896,,,
142.771202,,,,34764.0,519.604111153407,1.9245421245421244
142.77211585,,,,,,
142.77219055,,,,,,
142.774,,,,,,
142.774068975,,,,,,
142.7760221,,,,,,
142.7760968,,,,,,
142.777975225,,,,,,
142.77801689999998,18333.0,154.66048164232143,6.465775803754896,,,
142.7790145,,,,34764.0,519.604111153407,1.9245421245421244
142.77992835,,,,,,
142.78000305,,,,,,
142.781881475,,,,,,
142.7838346,,,,,,
142.7839093,,,,,,
142.785787725,,,,,,
142.78582939999998,18333.0,154.66048164232143,6.465775803754896,,,
142.786827,,,,34763.0,520.0,1.9230769230769231
142.78774085,,,,,,
142.78781555,,,,,,
142.789693975,,,,,,
142.7916471,,,,,,
142.7917218,,,,,,
142.793600225,,,,,,
142.79364189999998,18333.0,154.66048164232143,6.465775803754896,,,
142.794,,,,,,
142.7946395,,,,34766.0,518.8141391106044,1.9274725274725275
142.79555335,,,,,,
142.79562805,,,,,,
142.797506475,,,,,,
142.7994596,,,,,,
142.7995343,,,,,,
142.801412725,,,,,,
142.80145439999998,18334.0,154.53846153846158,6.470881035340964,,,
142.802452,,,,34764.0,519.604111153407,1.9245421245421244
142.80336585,,,,,,
142.80344055,,,,,,
142.805318975,,,,,,
142.8072721,,,,,,
142.8073468,,,,,,
142.809225225,,,,,,
142.80926689999998,18333.0,154.66048164232143,6.465775803754896,,,
142.8102645,,,,34764.0,519.604111153407,1.9245421245421244
142.81117835,,,,,,
142.81125305,,,,,,
142.813131475,,,,,,
142.814,,,,,,
142.8150846,,,,,,
142.8151593,,,,,,
142.817037725,,,,,,
142.81707939999998,18334.0,154.53846153846158,6.470881035340964,,,
142.818077,,,,34764.0,519.604111153407,1.9245421245421244
142.81899085,,,,,,
142.81906555,,,,,,
142.820943975,,,,,,
142.8228971,,,,,,
142.8229718,,,,,,
142.824850225,,,,,,
142.82489189999998,18333.0,154.66048164232143,6.465775803754896,,,
142.8258895,,,,34765.0,519.2088246481552,1.9260073260073256
142.82680335,,,,,,
142.82687805,,,,,,
142.828756475,,,,,,
142.8307096,,,,,,
142.8307843,,,,,,
142.832662725,,,,,,
142.83270439999998,18333.0,154.66048164232143,6.465775803754896,,,
142.833702,,,,34765.0,519.2088246481552,1.9260073260073256
142.834,,,,,,
142.83461585,,,,,,
142.83469055,,,,,,
142.836568975,,,,,,
142.8385221,,,,,,
142.8385968,,,,,,
142.840475225,,,,,,
142.84051689999998,18333.0,154.66048164232143,6.465775803754896,,,
142.8415145,,,,34765.0,519.2088246481552,1.9260073260073256
142.84242835,,,,,,
142.84250305,,,,,,
142.844381475,,,,,,
142.8463346,,,,,,
142.8464093,,,,,,
142.848287725,,,,,,
142.84832939999998,18332.0,154.78269458711975,6.460670572168829,,,
142.849327,,,,34764.0,519.604111153407,1.9245421245421244
142.85024085,,,,,,
142.85031555,,,,,,
142.852193975,,,,,,
142.854,,,,,,
142.8541471,,,,,,
142.8542218,,,,,,
142.856100225,,,,,,
142.85614189999998,18333.0,154.66048164232143,6.465775803754896,,,
142.8571395,,,,34765.0,519.2088246481552,1.9260073260073256
142.85805335,,,,,,
142.85812805,,,,,,
142.860006475,,,,,,
142.8619596,,,,,,
142.8620343,,,,,,
142.863912725,,,,,,
142.86395439999998,18334.0,154.53846153846158,6.470881035340964,,,
142.864952,,,,34764.0,519.604111153407,1.9245421245421244
142.86586585,,,,,,
142.86594055,,,,,,
142.867818975,,,,,,
142.8697721,,,,,,
142.8698468,,,,,,
142.871725225,,,,,,
142.87176689999998,18333.0,154.66048164232143,6.465775803754896,,,
142.8727645,,,,34763.0,520.0,1.9230769230769231
142.87367835,,,,,,
142.87375305,,,,,,
142.874,,,,,,
142.875631475,,,,,,
142.8775846,,,,,,
142.8776593,,,,,,
142.879537725,,,,,,
142.87957939999998,18333.0,154.66048164232143,6.465775803754896,,,
142.880577,,,,34764.0,519.604111153407,1.9245421245421244
142.88149085,,,,,,
142.88156555,,,,,,
142.883443975,,,,,,
142.8853971,,,,,,
142.8854718,,,,,,
142.887350225,,,,,,
142.88739189999998,18332.0,154.78269458711975,6.460670572168829,,,
142.8883895,,,,34765.0,519.2088246481552,1.9260073260073256
142.88930335,,,,,,
142.88937805,,,,,,
142.891256475,,,,,,
142.8932096,,,,,,
142.8932843,,,,,,
142.894,,,,,,
142.895162725,,,,,,
142.89520439999998,18333.0,154.66048164232143,6.465775803754896,,,
142.896202,,,,34764.0,519.604111153407,1.9245421245421244
142.89711585,,,,,,
142.89719055,,,,,,
142.899068975,,,,,,
142.9010221,,,,,,
142.9010968,,,,,,
142.902975225,,,,,,
142.90301689999998,18333.0,154.66048164232143,6.465775803754896,,,
142.9040145,,,,34765.0,519.2088246481552,1.9260073260073256
142.90492835,,,,,,
142.90500305,,,,,,
142.906881475,,,,,,
142.9088346,,,,,,
142.9089093,,,,,,
142.910787725,,,,,,
142.91082939999998,18334.0,154.53846153846158,6.470881035340964,,,
142.911827,,,,34763.0,520.0,1.9230769230769231
142.91274085,,,,,,
142.91281555,,,,,,
142.914,,,,,,
142.914693975,,,,,,
142.9166471,,,,,,
142.9167218,,,,,,
142.918600225,,,,,,
142.91864189999998,18332.0,154.78269458711975,6.460670572168829,,,
142.9196395,,,,34766.0,518.8141391106044,1.9274725274725275
142.92055335,,,,,,
142.92062805,,,,,,
142.922506475,,,,,,
142.9244596,,,,,,
142.9245343,,,,,,
142.926412725,,,,,,
142.92645439999998,18334.0,154.53846153846158,6.470881035340964,,,
142.927452,,,,34764.0,519.604111153407,1.9245421245421244
142.92836585,,,,,,
142.92844055,,,,,,
142.930318975,,,,,,
142.9322721,,,,,,
142.9323468,,,,,,
142.934,,,,,,
142.934225225,,,,,,
142.93426689999998,18333.0,154.66048164232143,6.465775803754896,,,
142.9352645,,,,34765.0,519.2088246481552,1.9260073260073256
142.93617835,,,,,,
142.93625305,,,,,,
142.938131475,,,,,,
142.9400846,,,,,,
142.9401593,,,,,,
142.942037725,,,,,,
142.94207939999998,18332.0,154.78269458711975,6.460670572168829,,,
142.943077,,,,34763.0,520.0,1.9230769230769231
142.94399085,,,,,,
142.94406555,,,,,,
142.945943975,,,,,,
142.9478971,,,,,,
142.9479718,,,,,,
142.949850225,,,,,,
142.94989189999998,18333.0,154.66048164232143,6.465775803754896,,,
142.9508895,,,,34764.0,519.604111153407,1.9245421245421244
142.95180335,,,,,,
142.95187805,,,,,,
142.953756475,,,,,,
142.954,,,,,,
142.9557096,,,,,,
142.9557843,,,,,,
142.957662725,,,,,,
142.95770439999998,18333.0,154.66048164232143,6.465775803754896,,,
142.958702,,,,34764.0,519.604111153407,1.9245421245421244
142.95961585,,,,,,
142.95969055,,,,,,
142.961568975,,,,,,
142.9635221,,,,,,
142.9635968,,,,,,
142.965475225,,,,,,
142.96551689999998,18334.0,154.53846153846158,6.470881035340964,,,
142.9665145,,,,34763.0,520.0,1.9230769230769231
142.96742835,,,,,,
142.96750305,,,,,,
142.969381475,,,,,,
142.9713346,,,,,,
142.9714093,,,,,,
142.973287725,,,,,,
142.97332939999998,18333.0,154.66048164232143,6.465775803754896,,,
142.974,,,,,,
142.974327,,,,34763.0,520.0,1.9230769230769231
142.97524085,,,,,,
142.97531555,,,,,,
142.977193975,,,,,,
142.9791471,,,,,,
142.9792218,,,,,,
142.981100225,,,,,,
142.98114189999998,18332.0,154.78269458711975,6.460670572168829,,,
142.9821395,,,,34764.0,519.604111153407,1.9245421245421244
142.98305335,,,,,,
142.98312805,,,,,,
142.985006475,,,,,,
142.9869596,,,,,,
142.9870343,,,,,,
142.988898,,,,,,
142.988912725,,,,,,
142.98895439999998,18333.0,154.66048164232143,6.465775803754896,,,
142.989952,,,,34766.0,518.8141391106044,1.9274725274725275
142.99086585,,,,,,
142.99094055,,,,,,
142.992818975,,,,,,
142.994,,,,,,
142.9947721,,,,,,
142.9948468,,,,,,
142.996725225,,,,,,
142.99676689999998,18334.0,154.53846153846158,6.470881035340964,,,
142.9977645,,,,34765.0,519.2088246481552,1.9260073260073256
142.99867835,,,,,,
142.99875305,,,,,,
143.000631475,,,,,,
143.0025846,,,,,,
143.0026593,,,,,,
143.004537725,,,,,,
143.00457939999998,18334.0,154.53846153846158,6.470881035340964,,,
143.005577,,,,34763.0,520.0,1.9230769230769231
143.00649085,,,,,,
143.00656555,,,,,,
143.008443975,,,,,,
143.0103971,,,,,,
143.0104718,,,,,,
143.012350225,,,,,,
143.01239189999998,18333.0,154.66048164232143,6.465775803754896,,,
143.0133895,,,,34764.0,519.604111153407,1.9245421245421244
143.014,,,,,,
143.01430335,,,,,,
143.01437805,,,,,,
143.016256475,,,,,,
143.0182096,,,,,,
143.0182843,,,,,,
143.020162725,,,,,,
143.02020439999998,18334.0,154.53846153846158,6.470881035340964,,,
143.021202,,,,34764.0,519.604111153407,1.9245421245421244
143.02211585,,,,,,
143.02219055,,,,,,
143.024068975,,,,,,
143.0260221,,,,,,
143.0260968,,,,,,
143.027975225,,,,,,
143.02801689999998,18333.0,154.66048164232143,6.465775803754896,,,
143.0290145,,,,34764.0,519.604111153407,1.9245421245421244
143.02992835,,,,,,
143.03000305,,,,,,
143.031881475,,,,,,
143.0338346,,,,,,
143.0339093,,,,,,
143.034,,,,,,
143.035787725,,,,,,
143.03582939999998,18333.0,154.66048164232143,6.465775803754896,,,
143.036827,,,,34765.0,519.2088246481552,1.9260073260073256
143.03774085,,,,,,
143.03781555,,,,,,
143.039693975,,,,,,
143.0416471,,,,,,
143.0417218,,,,,,
143.043600225,,,,,,
143.04364189999998,18333.0,154.66048164232143,6.465775803754896,,,
143.0446395,,,,34765.0,519.2088246481552,1.9260073260073256
143.04555335,,,,,,
143.04562805,,,,,,
143.047506475,,,,,,
143.0494596,,,,,,
143.0495343,,,,,,
143.051412725,,,,,,
143.05145439999998,18333.0,154.66048164232143,6.465775803754896,,,
143.052452,,,,34764.0,519.604111153407,1.9245421245421244
143.05336585,,,,,,
143.05344055,,,,,,
143.054,,,,,,
143.055318975,,,,,,
143.0572721,,,,,,
143.0573468,,,,,,
143.059225225,,,,,,
143.05926689999998,18333.0,154.66048164232143,6.465775803754896,,,
143.0602645,,,,34764.0,519.604111153407,1.9245421245421244
143.06117835,,,,,,
143.06125305,,,,,,
143.063131475,,,,,,
143.0650846,,,,,,
143.0651593,,,,,,
143.067037725,,,,,,
143.06707939999998,18333.0,154.66048164232143,6.465775803754896,,,
143.068077,,,,34764.0,519.604111153407,1.9245421245421244
143.06899085,,,,,,
143.06906555,,,,,,
143.070943975,,,,,,
143.0728971,,,,,,
143.0729718,,,,,,
143.074,,,,,,
143.074850225,,,,,,
143.07489189999998,18333.0,154.66048164232143,6.465775803754896,,,
143.0758895,,,,34765.0,519.2088246481552,1.9260073260073256
143.07680335,,,,,,
143.07687805,,,,,,
143.078756475,,,,,,
143.0807096,,,,,,
143.0807843,,,,,,
143.082662725,,,,,,
143.08270439999998,18333.0,154.66048164232143,6.465775803754896,,,
143.083702,,,,34764.0,519.604111153407,1.9245421245421244
143.08461585,,,,,,
143.08469055,,,,,,
143.086568975,,,,,,
143.0885221,,,,,,
143.0885968,,,,,,
143.090475225,,,,,,
143.09051689999998,18333.0,154.66048164232143,6.465775803754896,,,
143.0915145,,,,34766.0,518.8141391106044,1.9274725274725275
143.09242835,,,,,,
143.09250305,,,,,,
143.094,,,,,,
143.094381475,,,,,,
143.0963346,,,,,,
143.0964093,,,,,,
143.098287725,,,,,,
143.09832939999998,18332.0,154.78269458711975,6.460670572168829,,,
143.099327,,,,34764.0,519.604111153407,1.9245421245421244
143.10024085,,,,,,
143.10031555,,,,,,
143.102193975,,,,,,
143.1041471,,,,,,
143.1042218,,,,,,
143.106100225,,,,,,
143.10614189999998,18333.0,154.66048164232143,6.465775803754896,,,
143.1071395,,,,34765.0,519.2088246481552,1.9260073260073256
143.10805335,,,,,,
143.10812805,,,,,,
143.110006475,,,,,,
143.1119596,,,,,,
143.1120343,,,,,,
143.113912725,,,,,,
143.11395439999998,18333.0,154.66048164232143,6.465775803754896,,,
143.114,,,,,,
143.114952,,,,34764.0,519.604111153407,1.9245421245421244
143.11586585,,,,,,
143.11594055,,,,,,
143.117818975,,,,,,
143.1197721,,,,,,
143.1198468,,,,,,
143.121725225,,,,,,
143.12176689999998,18333.0,154.66048164232143,6.465775803754896,,,
143.1227645,,,,34764.0,519.604111153407,1.9245421245421244
143.12367835,,,,,,
143.12375305,,,,,,
143.125631475,,,,,,
143.1275846,,,,,,
143.1276593,,,,,,
143.129537725,,,,,,
143.12957939999998,18333.0,154.66048164232143,6.465775803754896,,,
143.130577,,,,34764.0,519.604111153407,1.9245421245421244
143.13149085,,,,,,
143.13156555,,,,,,
143.133443975,,,,,,
143.134,,,,,,
143.1353971,,,,,,
143.1354718,,,,,,
143.137350225,,,,,,
143.13739189999998,18332.0,154.78269458711975,6.460670572168829,,,
143.1383895,,,,34765.0,519.2088246481552,1.9260073260073256
143.13930335,,,,,,
143.13937805,,,,,,
143.141256475,,,,,,
143.1432096,,,,,,
143.1432843,,,,,,
143.145162725,,,,,,
143.14520439999998,18334.0,154.53846153846158,6.470881035340964,,,
143.146202,,,,34765.0,519.2088246481552,1.9260073260073256
143.14711585,,,,,,
143.14719055,,,,,,
143.149068975,,,,,,
143.1510221,,,,,,
143.1510968,,,,,,
143.152975225,,,,,,
143.15301689999998,18333.0,154.66048164232143,6.465775803754896,,,
143.154,,,,,,
143.1540145,,,,34764.0,519.604111153407,1.9245421245421244
143.15492835,,,,,,
143.15500305,,,,,,
143.156881475,,,,,,
143.1588346,,,,,,
143.1589093,,,,,,
143.160787725,,,,,,
143.16082939999998,18332.0,154.78269458711975,6.460670572168829,,,
143.161827,,,,34764.0,519.604111153407,1.9245421245421244
143.16274085,,,,,,
143.16281555,,,,,,
143.164693975,,,,,,
143.1666471,,,,,,
143.1667218,,,,,,
143.168600225,,,,,,
143.16864189999998,18333.0,154.66048164232143,6.465775803754896,,,
143.1696395,,,,34765.0,519.2088246481552,1.9260073260073256
143.17055335,,,,,,
143.17062805,,,,,,
143.172506475,,,,,,
143.174,,,,,,
143.1744596,,,,,,
143.1745343,,,,,,
143.176412725,,,,,,
143.17645439999998,18333.0,154.66048164232143,6.465775803754896,,,
143.177452,,,,34764.0,519.604111153407,1.9245421245421244
143.17836585,,,,,,
143.17844055,,,,,,
143.180318975,,,,,,
143.1822721,,,,,,
143.1823468,,,,,,
143.184225225,,,,,,
143.18426689999998,18333.0,154.66048164232143,6.465775803754896,,,
143.1852645,,,,34765.0,519.2088246481552,1.9260073260073256
143.18617835,,,,,,
143.18625305,,,,,,
143.188131475,,,,,,
143.1900846,,,,,,
143.1901593,,,,,,
143.192037725,,,,,,
143.19207939999998,18334.0,154.53846153846158,6.470881035340964,,,
143.193077,,,,34765.0,519.2088246481552,1.9260073260073256
143.19399085,,,,,,
143.194,,,,,,
143.19406555,,,,,,
143.195943975,,,,,,
143.1978971,,,,,,
143.1979718,,,,,,
143.199850225,,,,,,
143.19989189999998,18332.0,154.78269458711975,6.460670572168829,,,
143.2008895,,,,34765.0,519.2088246481552,1.9260073260073256
143.20180335,,,,,,
143.20187805,,,,,,
143.203756475,,,,,,
143.2057096,,,,,,
143.2057843,,,,,,
143.207662725,,,,,,
143.20770439999998,18334.0,154.53846153846158,6.470881035340964,,,
143.208702,,,,34764.0,519.604111153407,1.9245421245421244
143.20961585,,,,,,
143.20969055,,,,,,
143.211568975,,,,,,
143.2135221,,,,,,
143.2135968,,,,,,
143.214,,,,,,
143.215475225,,,,,,
143.21551689999998,18333.0,154.66048164232143,6.465775803754896,,,
143.2165145,,,,34764.0,519.604111153407,1.9245421245421244
143.21742835,,,,,,
143.21750305,,,,,,
143.219381475,,,,,,
143.2213346,,,,,,
143.2214093,,,,,,
143.223287725,,,,,,
143.22332939999998,18333.0,154.66048164232143,6.465775803754896,,,
143.224327,,,,34765.0,519.2088246481552,1.9260073260073256
143.22524085,,,,,,
143.22531555,,,,,,
143.227193975,,,,,,
143.2291471,,,,,,
143.2292218,,,,,,
143.231100225,,,,,,
143.23114189999998,18332.0,154.78269458711975,6.460670572168829,,,
143.2321395,,,,34764.0,519.604111153407,1.9245421245421244
143.23305335,,,,,,
143.23312805,,,,,,
143.234,,,,,,
143.235006475,,,,,,
143.2369596,,,,,,
143.2370343,,,,,,
143.238912725,,,,,,
143.23895439999998,18333.0,154.66048164232143,6.465775803754896,,,
143.239952,,,,34765.0,519.2088246481552,1.9260073260073256
143.24086585,,,,,,
143.24094055,,,,,,
143.242818975,,,,,,
143.2447721,,,,,,
143.2448468,,,,,,
143.246725225,,,,,,
143.24676689999998,18333.0,154.66048164232143,6.465775803754896,,,
143.2477645,,,,34764.0,519.604111153407,1.9245421245421244
143.24867835,,,,,,
143.24875305,,,,,,
143.250631475,,,,,,
143.2525846,,,,,,
143.2526593,,,,,,
143.254,,,,,,
143.254537725,,,,,,
143.25457939999998,18333.0,154.66048164232143,6.465775803754896,,,
143.255577,,,,34764.0,519.604111153407,1.9245421245421244
143.25649085,,,,,,
143.25656555,,,,,,
143.258443975,,,,,,
143.2603971,,,,,,
143.2604718,,,,,,
143.262350225,,,,,,
143.26239189999998,18333.0,154.66048164232143,6.465775803754896,,,
143.2633895,,,,34764.0,519.604111153407,1.9245421245421244
143.26430335,,,,,,
143.26437805,,,,,,
143.266256475,,,,,,
143.2682096,,,,,,
143.2682843,,,,,,
143.270162725,,,,,,
143.27020439999998,18333.0,154.66048164232143,6.465775803754896,,,
143.271202,,,,34765.0,519.2088246481552,1.9260073260073256
143.27211585,,,,,,
143.27219055,,,,,,
143.273,,,,,,
143.274068975,,,,,,
143.2760221,,,,,,
143.2760968,,,,,,
143.277975225,,,,,,
143.27801689999998,18332.0,154.78269458711975,6.460670572168829,,,
143.2790145,,,,34764.0,519.604111153407,1.9245421245421244
143.27992835,,,,,,
143.28000305,,,,,,
143.281881475,,,,,,
143.2838346,,,,,,
143.2839093,,,,,,
143.285787725,,,,,,
143.28582939999998,18332.0,154.78269458711975,6.460670572168829,,,
143.286827,,,,34764.0,519.604111153407,1.9245421245421244
143.28774085,,,,,,
143.28781555,,,,,,
143.289693975,,,,,,
143.2916471,,,,,,
143.2917218,,,,,,
143.293,,,,,,
143.293600225,,,,,,
143.29364189999998,18331.0,154.90510083036776,6.455565340582763,,,
143.2946395,,,,34765.0,519.2088246481552,1.9260073260073256
143.29555335,,,,,,
143.29562805,,,,,,
143.297506475,,,,,,
143.2994596,,,,,,
143.2995343,,,,,,
143.301412725,,,,,,
143.30145439999998,18333.0,154.66048164232143,6.465775803754896,,,
143.302452,,,,34764.0,519.604111153407,1.9245421245421244
143.30336585,,,,,,
143.30344055,,,,,,
143.305318975,,,,,,
143.3072721,,,,,,
143.3073468,,,,,,
143.309225225,,,,,,
143.30926689999998,18332.0,154.78269458711975,6.460670572168829,,,
143.3102645,,,,34763.0,520.0,1.9230769230769231
143.31117835,,,,,,
143.31125305,,,,,,
143.313,,,,,,
143.313131475,,,,,,
143.3150846,,,,,,
143.3151593,,,,,,
143.317037725,,,,,,
143.31707939999998,18334.0,154.53846153846158,6.470881035340964,,,
143.318077,,,,34765.0,519.2088246481552,1.9260073260073256
143.31899085,,,,,,
143.31906555,,,,,,
143.320943975,,,,,,
143.3228971,,,,,,
143.3229718,,,,,,
143.324850225,,,,,,
143.32489189999998,18332.0,154.78269458711975,6.460670572168829,,,
143.3258895,,,,34766.0,518.8141391106044,1.9274725274725275
143.32680335,,,,,,
143.32687805,,,,,,
143.328756475,,,,,,
143.3307096,,,,,,
143.3307843,,,,,,
143.332662725,,,,,,
143.33270439999998,18333.0,154.66048164232143,6.465775803754896,,,
143.333,,,,,,
143.333702,,,,34765.0,519.2088246481552,1.9260073260073256
143.33461585,,,,,,
143.33469055,,,,,,
143.336568975,,,,,,
143.3385221,,,,,,
143.3385968,,,,,,
143.340475225,,,,,,
143.34051689999998,18332.0,154.78269458711975,6.460670572168829,,,
143.3415145,,,,34765.0,519.2088246481552,1.9260073260073256
143.34242835,,,,,,
143.34250305,,,,,,
143.344381475,,,,,,
143.3463346,,,,,,
143.3464093,,,,,,
143.348287725,,,,,,
143.34832939999998,18332.0,154.78269458711975,6.460670572168829,,,
143.349327,,,,34764.0,519.604111153407,1.9245421245421244
143.35024085,,,,,,
143.35031555,,,,,,
143.352193975,,,,,,
143.353,,,,,,
143.3541471,,,,,,
143.3542218,,,,,,
143.356100225,,,,,,
143.35614189999998,18332.0,154.78269458711975,6.460670572168829,,,
143.3571395,,,,34765.0,519.2088246481552,1.9260073260073256
143.35805335,,,,,,
143.35812805,,,,,,
143.360006475,,,,,,
143.3619596,,,,,,
143.3620343,,,,,,
143.363912725,,,,,,
143.36395439999998,18332.0,154.78269458711975,6.460670572168829,,,
143.364952,,,,34766.0,518.8141391106044,1.9274725274725275
143.36586585,,,,,,
143.36594055,,,,,,
143.367818975,,,,,,
143.3697721,,,,,,
143.3698468,,,,,,
143.371725225,,,,,,
143.37176689999998,18332.0,154.78269458711975,6.460670572168829,,,
143.3727645,,,,34766.0,518.8141391106044,1.9274725274725275
143.373,,,,,,
143.37367835,,,,,,
143.37375305,,,,,,
143.375631475,,,,,,
143.3775846,,,,,,
143.3776593,,,,,,
143.379537725,,,,,,
143.37957939999998,18332.0,154.78269458711975,6.460670572168829,,,
143.380577,,,,34764.0,519.604111153407,1.9245421245421244
143.38149085,,,,,,
143.38156555,,,,,,
143.383443975,,,,,,
143.3853971,,,,,,
143.3854718,,,,,,
143.387350225,,,,,,
143.38739189999998,18332.0,154.78269458711975,6.460670572168829,,,
143.3883895,,,,34765.0,519.2088246481552,1.9260073260073256
143.38930335,,,,,,
143.38937805,,,,,,
143.391256475,,,,,,
143.393,,,,,,
143.3932096,,,,,,
143.3932843,,,,,,
143.395162725,,,,,,
143.39520439999998,18332.0,154.78269458711975,6.460670572168829,,,
143.396202,,,,34764.0,519.604111153407,1.9245421245421244
143.39711585,,,,,,
143.39719055,,,,,,
143.399068975,,,,,,
143.4010221,,,,,,
143.4010968,,,,,,
143.402975225,,,,,,
143.40301689999998,18331.0,154.90510083036776,6.455565340582763,,,
143.4040145,,,,34764.0,519.604111153407,1.9245421245421244
143.40492835,,,,,,
143.40500305,,,,,,
143.406881475,,,,,,
143.4088346,,,,,,
143.4089093,,,,,,
143.410787725,,,,,,
143.41082939999998,18331.0,154.90510083036776,6.455565340582763,,,
143.411827,,,,34764.0,519.604111153407,1.9245421245421244
143.41274085,,,,,,
143.41281555,,,,,,
143.413,,,,,,
143.414693975,,,,,,
143.4166471,,,,,,
143.4167218,,,,,,
143.418600225,,,,,,
143.41864189999998,18331.0,154.90510083036776,6.455565340582763,,,
143.4196395,,,,34765.0,519.2088246481552,1.9260073260073256
143.42055335,,,,,,
143.42062805,,,,,,
143.422506475,,,,,,
143.4244596,,,,,,
143.4245343,,,,,,
143.426412725,,,,,,
143.42645439999998,18332.0,154.78269458711975,6.460670572168829,,,
143.427452,,,,34763.0,520.0,1.9230769230769231
143.42836585,,,,,,
143.42844055,,,,,,
143.430318975,,,,,,
143.4322721,,,,,,
143.4323468,,,,,,
143.433,,,,,,
143.434225225,,,,,,
143.43426689999998,18332.0,154.78269458711975,6.460670572168829,,,
143.4352645,,,,34765.0,519.2088246481552,1.9260073260073256
143.43617835,,,,,,
143.43625305,,,,,,
143.438131475,,,,,,
143.4400846,,,,,,
143.4401593,,,,,,
143.442037725,,,,,,
143.44207939999998,18331.0,154.90510083036776,6.455565340582763,,,
143.443077,,,,34764.0,519.604111153407,1.9245421245421244
143.44399085,,,,,,
143.44406555,,,,,,
143.445943975,,,,,,
143.4478971,,,,,,
143.4479718,,,,,,
143.449850225,,,,,,
143.44989189999998,18330.0,155.0277008310249,6.450460108996693,,,
143.4508895,,,,34764.0,519.604111153407,1.9245421245421244
143.45180335,,,,,,
143.45187805,,,,,,
143.453,,,,,,
143.453756475,,,,,,
143.4557096,,,,,,
143.4557843,,,,,,
143.457662725,,,,,,
143.45770439999998,18332.0,154.78269458711975,6.460670572168829,,,
143.458702,,,,34765.0,519.2088246481552,1.9260073260073256
143.45961585,,,,,,
143.45969055,,,,,,
143.461568975,,,,,,
143.4635221,,,,,,
143.4635968,,,,,,
143.465475225,,,,,,
143.46551689999998,18331.0,154.90510083036776,6.455565340582763,,,
143.4665145,,,,34764.0,519.604111153407,1.9245421245421244
143.46742835,,,,,,
143.46750305,,,,,,
143.469381475,,,,,,
143.4713346,,,,,,
143.4714093,,,,,,
143.473,,,,,,
143.473287725,,,,,,
143.47332939999998,18331.0,154.90510083036776,6.455565340582763,,,
143.474327,,,,34764.0,519.604111153407,1.9245421245421244
143.47524085,,,,,,
143.47531555,,,,,,
143.477193975,,,,,,
143.4791471,,,,,,
143.4792218,,,,,,
143.481100225,,,,,,
143.48114189999998,18331.0,154.90510083036776,6.455565340582763,,,
143.4821395,,,,34765.0,519.2088246481552,1.9260073260073256
143.48305335,,,,,,
143.48312805,,,,,,
143.485006475,,,,,,
143.4869596,,,,,,
143.4870343,,,,,,
143.488912725,,,,,,
143.48895439999998,18331.0,154.90510083036776,6.455565340582763,,,
143.489952,,,,34764.0,519.604111153407,1.9245421245421244
143.49086585,,,,,,
143.49094055,,,,,,
143.492818975,,,,,,
143.493,,,,,,
143.4947721,,,,,,
143.4948468,,,,,,
143.496725225,,,,,,
143.49676689999998,18331.0,154.90510083036776,6.455565340582763,,,
143.4977645,,,,34765.0,519.2088246481552,1.9260073260073256
143.49867835,,,,,,
143.49875305,,,,,,
143.500631475,,,,,,
143.5025846,,,,,,
143.5026593,,,,,,
143.504537725,,,,,,
143.50457939999998,18331.0,154.90510083036776,6.455565340582763,,,
143.505577,,,,34763.0,520.0,1.9230769230769231
143.50649085,,,,,,
143.50656555,,,,,,
143.508443975,,,,,,
143.5103971,,,,,,
143.5104718,,,,,,
143.512350225,,,,,,
143.51239189999998,18331.0,154.90510083036776,6.455565340582763,,,
143.513,,,,,,
143.5133895,,,,34765.0,519.2088246481552,1.9260073260073256
143.51430335,,,,,,
143.51437805,,,,,,
143.516256475,,,,,,
143.5182096,,,,,,
143.5182843,,,,,,
143.520162725,,,,,,
143.52020439999998,18332.0,154.78269458711975,6.460670572168829,,,
143.521202,,,,34764.0,519.604111153407,1.9245421245421244
143.52211585,,,,,,
143.52219055,,,,,,
143.524068975,,,,,,
143.5260221,,,,,,
143.5260968,,,,,,
143.527975225,,,,,,
143.52801689999998,18331.0,154.90510083036776,6.455565340582763,,,
143.5290145,,,,34764.0,519.604111153407,1.9245421245421244
143.52992835,,,,,,
143.53000305,,,,,,
143.531881475,,,,,,
143.533,,,,,,
143.5338346,,,,,,
143.5339093,,,,,,
143.535787725,,,,,,
143.53582939999998,18330.0,155.0277008310249,6.450460108996693,,,
143.536827,,,,34765.0,519.2088246481552,1.9260073260073256
143.53774085,,,,,,
143.53781555,,,,,,
143.539693975,,,,,,
143.5416471,,,,,,
143.5417218,,,,,,
143.543600225,,,,,,
143.54364189999998,18330.0,155.0277008310249,6.450460108996693,,,
143.5446395,,,,34765.0,519.2088246481552,1.9260073260073256
143.54555335,,,,,,
143.54562805,,,,,,
143.547506475,,,,,,
143.5494596,,,,,,
143.5495343,,,,,,
143.551412725,,,,,,
143.55145439999998,18331.0,154.90510083036776,6.455565340582763,,,
143.552452,,,,34765.0,519.2088246481552,1.9260073260073256
143.553,,,,,,
143.55336585,,,,,,
143.55344055,,,,,,
143.555318975,,,,,,
143.5572721,,,,,,
143.5573468,,,,,,
143.559225225,,,,,,
143.55926689999998,18330.0,155.0277008310249,6.450460108996693,,,
143.5602645,,,,34764.0,519.604111153407,1.9245421245421244
143.56117835,,,,,,
143.56125305,,,,,,
143.563131475,,,,,,
143.5650846,,,,,,
143.5651593,,,,,,
143.567037725,,,,,,
143.56707939999998,18331.0,154.90510083036776,6.455565340582763,,,
143.568077,,,,34764.0,519.604111153407,1.9245421245421244
143.56899085,,,,,,
143.56906555,,,,,,
143.570943975,,,,,,
143.5728971,,,,,,
143.5729718,,,,,,
143.573,,,,,,
143.574850225,,,,,,
143.57489189999998,18331.0,154.90510083036776,6.455565340582763,,,
143.5758895,,,,34765.0,519.2088246481552,1.9260073260073256
143.57680335,,,,,,
143.57687805,,,,,,
143.578756475,,,,,,
143.5807096,,,,,,
143.5807843,,,,,,
143.582662725,,,,,,
143.58270439999998,18331.0,154.90510083036776,6.455565340582763,,,
143.583702,,,,34763.0,520.0,1.9230769230769231
143.58461585,,,,,,
143.58469055,,,,,,
143.586568975,,,,,,
143.5885221,,,,,,
143.5885968,,,,,,
143.590475225,,,,,,
143.59051689999998,18330.0,155.0277008310249,6.450460108996693,,,
143.5915145,,,,34765.0,519.2088246481552,1.9260073260073256
143.59242835,,,,,,
143.59250305,,,,,,
143.593,,,,,,
143.594381475,,,,,,
143.5963346,,,,,,
143.5964093,,,,,,
143.598287725,,,,,,
143.59832939999998,18332.0,154.78269458711975,6.460670572168829,,,
143.599327,,,,34765.0,519.2088246481552,1.9260073260073256
143.60024085,,,,,,
143.60031555,,,,,,
143.602193975,,,,,,
143.6041471,,,,,,
143.6042218,,,,,,
143.606100225,,,,,,
143.60614189999998,18330.0,155.0277008310249,6.450460108996693,,,
143.6071395,,,,34765.0,519.2088246481552,1.9260073260073256
143.60805335,,,,,,
143.60812805,,,,,,
143.610006475,,,,,,
143.6119596,,,,,,
143.6120343,,,,,,
143.613,,,,,,
143.613912725,,,,,,
143.61395439999998,18331.0,154.90510083036776,6.455565340582763,,,
143.614952,,,,34764.0,519.604111153407,1.9245421245421244
143.61586585,,,,,,
143.61594055,,,,,,
143.617818975,,,,,,
143.6197721,,,,,,
143.6198468,,,,,,
143.621725225,,,,,,
143.62176689999998,18331.0,154.90510083036776,6.455565340582763,,,
143.6227645,,,,34764.0,519.604111153407,1.9245421245421244
143.62367835,,,,,,
143.62375305,,,,,,
143.625631475,,,,,,
143.6275846,,,,,,
143.6276593,,,,,,
143.629537725,,,,,,
143.62957939999998,18330.0,155.0277008310249,6.450460108996693,,,
143.630577,,,,34765.0,519.2088246481552,1.9260073260073256
143.63149085,,,,,,
143.63156555,,,,,,
143.633,,,,,,
143.633443975,,,,,,
143.6353971,,,,,,
143.6354718,,,,,,
143.637350225,,,,,,
143.63739189999998,18331.0,154.90510083036776,6.455565340582763,,,
143.6383895,,,,34764.0,519.604111153407,1.9245421245421244
143.63930335,,,,,,
143.63937805,,,,,,
143.641256475,,,,,,
143.6432096,,,,,,
143.6432843,,,,,,
143.645162725,,,,,,
143.64520439999998,18331.0,154.90510083036776,6.455565340582763,,,
143.646202,,,,34765.0,519.2088246481552,1.9260073260073256
143.64711585,,,,,,
143.64719055,,,,,,
143.649068975,,,,,,
143.6510221,,,,,,
143.6510968,,,,,,
143.652975225,,,,,,
143.653,,,,,,
143.65301689999998,18330.0,155.0277008310249,6.450460108996693,,,
143.6540145,,,,34764.0,519.604111153407,1.9245421245421244
143.65492835,,,,,,
143.65500305,,,,,,
143.656881475,,,,,,
143.6588346,,,,,,
143.6589093,,,,,,
143.660787725,,,,,,
143.66082939999998,18330.0,155.0277008310249,6.450460108996693,,,
143.661827,,,,34764.0,519.604111153407,1.9245421245421244
143.66274085,,,,,,
143.66281555,,,,,,
143.664693975,,,,,,
143.6666471,,,,,,
143.6667218,,,,,,
143.668600225,,,,,,
143.66864189999998,18329.0,155.15049504950494,6.445354877410626,,,
143.6696395,,,,34764.0,519.604111153407,1.9245421245421244
143.67055335,,,,,,
143.67062805,,,,,,
143.672506475,,,,,,
143.673,,,,,,
143.6744596,,,,,,
143.6745343,,,,,,
143.676412725,,,,,,
143.67645439999998,18330.0,155.0277008310249,6.450460108996693,,,
143.677452,,,,34765.0,519.2088246481552,1.9260073260073256
143.67836585,,,,,,
143.67844055,,,,,,
143.680318975,,,,,,
143.6822721,,,,,,
143.6823468,,,,,,
143.684225225,,,,,,
143.68426689999998,18330.0,155.0277008310249,6.450460108996693,,,
143.6852645,,,,34764.0,519.604111153407,1.9245421245421244
143.68617835,,,,,,
143.68625305,,,,,,
143.688131475,,,,,,
143.6900846,,,,,,
143.6901593,,,,,,
143.692037725,,,,,,
143.69207939999998,18330.0,155.0277008310249,6.450460108996693,,,
143.693,,,,,,
143.693077,,,,34765.0,519.2088246481552,1.9260073260073256
143.69399085,,,,,,
143.69406555,,,,,,
143.695943975,,,,,,
143.6978971,,,,,,
143.6979718,,,,,,
143.699850225,,,,,,
143.69989189999998,18330.0,155.0277008310249,6.450460108996693,,,
143.7008895,,,,34765.0,519.2088246481552,1.9260073260073256
143.70180335,,,,,,
143.70187805,,,,,,
143.703756475,,,,,,
143.7057096,,,,,,
143.7057843,,,,,,
143.707662725,,,,,,
143.70770439999998,18331.0,154.90510083036776,6.455565340582763,,,
143.708702,,,,34765.0,519.2088246481552,1.9260073260073256
143.70961585,,,,,,
143.70969055,,,,,,
143.711568975,,,,,,
143.713,,,,,,
143.7135221,,,,,,
143.7135968,,,,,,
143.715475225,,,,,,
143.71551689999998,18329.0,155.15049504950494,6.445354877410626,,,
143.7165145,,,,34764.0,519.604111153407,1.9245421245421244
143.71742835,,,,,,
143.71750305,,,,,,
143.719381475,,,,,,
143.7213346,,,,,,
143.7214093,,,,,,
143.723287725,,,,,,
143.72332939999998,18329.0,155.15049504950494,6.445354877410626,,,
143.724327,,,,34764.0,519.604111153407,1.9245421245421244
143.72524085,,,,,,
143.72531555,,,,,,
143.727193975,,,,,,
143.7291471,,,,,,
143.7292218,,,,,,
143.731100225,,,,,,
143.73114189999998,18330.0,155.0277008310249,6.450460108996693,,,
143.7321395,,,,34765.0,519.2088246481552,1.9260073260073256
143.733,,,,,,
143.73305335,,,,,,
143.73312805,,,,,,
143.735006475,,,,,,
143.7369596,,,,,,
143.7370343,,,,,,
143.738912725,,,,,,
143.73895439999998,18330.0,155.0277008310249,6.450460108996693,,,
143.739952,,,,34764.0,519.604111153407,1.9245421245421244
143.74086585,,,,,,
143.74094055,,,,,,
143.742818975,,,,,,
143.7447721,,,,,,
143.7448468,,,,,,
143.746725225,,,,,,
143.74676689999998,18330.0,155.0277008310249,6.450460108996693,,,
143.7477645,,,,34764.0,519.604111153407,1.9245421245421244
143.74867835,,,,,,
143.74875305,,,,,,
143.750631475,,,,,,
143.7525846,,,,,,
143.7526593,,,,,,
143.753,,,,,,
143.754537725,,,,,,
143.75457939999998,18329.0,155.15049504950494,6.445354877410626,,,
143.755577,,,,34764.0,519.604111153407,1.9245421245421244
143.75649085,,,,,,
143.75656555,,,,,,
143.758443975,,,,,,
143.7603971,,,,,,
143.7604718,,,,,,
143.762350225,,,,,,
143.76239189999998,18330.0,155.0277008310249,6.450460108996693,,,
143.7633895,,,,34765.0,519.2088246481552,1.9260073260073256
143.76430335,,,,,,
143.76437805,,,,,,
143.766256475,,,,,,
143.7682096,,,,,,
143.7682843,,,,,,
143.770162725,,,,,,
143.77020439999998,18330.0,155.0277008310249,6.450460108996693,,,
143.771202,,,,34765.0,519.2088246481552,1.9260073260073256
143.77211585,,,,,,
143.77219055,,,,,,
143.773,,,,,,
143.774068975,,,,,,
143.7760221,,,,,,
143.7760968,,,,,,
143.777975225,,,,,,
143.77801689999998,18329.0,155.15049504950494,6.445354877410626,,,
143.7790145,,,,34765.0,519.2088246481552,1.9260073260073256
143.77992835,,,,,,
143.78000305,,,,,,
143.781881475,,,,,,
143.7838346,,,,,,
143.7839093,,,,,,
143.785787725,,,,,,
143.78582939999998,18329.0,155.15049504950494,6.445354877410626,,,
143.786827,,,,34765.0,519.2088246481552,1.9260073260073256
143.78774085,,,,,,
143.78781555,,,,,,
143.789693975,,,,,,
143.7916471,,,,,,
143.7917218,,,,,,
143.793,,,,,,
143.793600225,,,,,,
143.79364189999998,18328.0,155.2734839476813,6.440249645824559,,,
143.7946395,,,,34765.0,519.2088246481552,1.9260073260073256
143.79555335,,,,,,
143.79562805,,,,,,
143.797506475,,,,,,
143.7994596,,,,,,
143.7995343,,,,,,
143.801412725,,,,,,
143.80145439999998,18329.0,155.15049504950494,6.445354877410626,,,
143.802452,,,,34765.0,519.2088246481552,1.9260073260073256
143.80336585,,,,,,
143.80344055,,,,,,
143.805318975,,,,,,
143.8072721,,,,,,
143.8073468,,,,,,
143.809225225,,,,,,
143.80926689999998,18330.0,155.0277008310249,6.450460108996693,,,
143.8102645,,,,34765.0,519.2088246481552,1.9260073260073256
143.81117835,,,,,,
143.81125305,,,,,,
143.813,,,,,,
143.813131475,,,,,,
143.8150846,,,,,,
143.8151593,,,,,,
143.817037725,,,,,,
143.81707939999998,18329.0,155.15049504950494,6.445354877410626,,,
143.818077,,,,34765.0,519.2088246481552,1.9260073260073256
143.81899085,,,,,,
143.81906555,,,,,,
143.820943975,,,,,,
143.8228971,,,,,,
143.8229718,,,,,,
143.824850225,,,,,,
143.82489189999998,18329.0,155.15049504950494,6.445354877410626,,,
143.8258895,,,,34765.0,519.2088246481552,1.9260073260073256
143.82680335,,,,,,
143.82687805,,,,,,
143.828756475,,,,,,
143.8307096,,,,,,
143.8307843,,,,,,
143.832662725,,,,,,
143.83270439999998,18330.0,155.0277008310249,6.450460108996693,,,
143.833,,,,,,
143.833702,,,,34765.0,519.2088246481552,1.9260073260073256
143.83461585,,,,,,
143.83469055,,,,,,
143.836568975,,,,,,
143.8385221,,,,,,
143.8385968,,,,,,
143.840475225,,,,,,
143.84051689999998,18330.0,155.0277008310249,6.450460108996693,,,
143.8415145,,,,34765.0,519.2088246481552,1.9260073260073256
143.84242835,,,,,,
143.84250305,,,,,,
143.844381475,,,,,,
143.8463346,,,,,,
143.8464093,,,,,,
143.848287725,,,,,,
143.84832939999998,18329.0,155.15049504950494,6.445354877410626,,,
143.849327,,,,34764.0,519.604111153407,1.9245421245421244
143.85024085,,,,,,
143.85031555,,,,,,
143.852193975,,,,,,
143.853,,,,,,
143.8541471,,,,,,
143.8542218,,,,,,
143.856100225,,,,,,
143.85614189999998,18328.0,155.2734839476813,6.440249645824559,,,
143.8571395,,,,34765.0,519.2088246481552,1.9260073260073256
143.85805335,,,,,,
143.85812805,,,,,,
143.860006475,,,,,,
143.8619596,,,,,,
143.8620343,,,,,,
143.863912725,,,,,,
143.86395439999998,18329.0,155.15049504950494,6.445354877410626,,,
143.864952,,,,34765.0,519.2088246481552,1.9260073260073256
143.86586585,,,,,,
143.86594055,,,,,,
143.867818975,,,,,,
143.8697721,,,,,,
143.8698468,,,,,,
143.871725225,,,,,,
143.87176689999998,18329.0,155.15049504950494,6.445354877410626,,,
143.8727645,,,,34764.0,519.604111153407,1.9245421245421244
143.873,,,,,,
143.87367835,,,,,,
143.87375305,,,,,,
143.875631475,,,,,,
143.8775846,,,,,,
143.8776593,,,,,,
143.879537725,,,,,,
143.87957939999998,18328.0,155.2734839476813,6.440249645824559,,,
143.880577,,,,34764.0,519.604111153407,1.9245421245421244
143.88149085,,,,,,
143.88156555,,,,,,
143.883443975,,,,,,
143.8853971,,,,,,
143.8854718,,,,,,
143.887350225,,,,,,
143.88739189999998,18328.0,155.2734839476813,6.440249645824559,,,
143.8883895,,,,34765.0,519.2088246481552,1.9260073260073256
143.88930335,,,,,,
143.88937805,,,,,,
143.891256475,,,,,,
143.893,,,,,,
143.8932096,,,,,,
143.8932843,,,,,,
143.895162725,,,,,,
143.89520439999998,18329.0,155.15049504950494,6.445354877410626,,,
143.896202,,,,34764.0,519.604111153407,1.9245421245421244
143.89711585,,,,,,
143.89719055,,,,,,
143.899068975,,,,,,
143.9010221,,,,,,
143.9010968,,,,,,
143.902975225,,,,,,
143.90301689999998,18329.0,155.15049504950494,6.445354877410626,,,
143.9040145,,,,34766.0,518.8141391106044,1.9274725274725275
143.90492835,,,,,,
143.90500305,,,,,,
143.906881475,,,,,,
143.9088346,,,,,,
143.9089093,,,,,,
143.910787725,,,,,,
143.91082939999998,18328.0,155.2734839476813,6.440249645824559,,,
143.911827,,,,34765.0,519.2088246481552,1.9260073260073256
143.91274085,,,,,,
143.91281555,,,,,,
143.913,,,,,,
143.914693975,,,,,,
143.9166471,,,,,,
143.9167218,,,,,,
143.918600225,,,,,,
143.91864189999998,18328.0,155.2734839476813,6.440249645824559,,,
143.9196395,,,,34765.0,519.2088246481552,1.9260073260073256
143.92055335,,,,,,
143.92062805,,,,,,
143.922506475,,,,,,
143.9244596,,,,,,
143.9245343,,,,,,
143.926412725,,,,,,
143.92645439999998,18328.0,155.2734839476813,6.440249645824559,,,
143.927452,,,,34765.0,519.2088246481552,1.9260073260073256
143.92836585,,,,,,
143.92844055,,,,,,
143.930318975,,,,,,
143.9322721,,,,,,
143.9323468,,,,,,
143.933,,,,,,
143.934225225,,,,,,
143.93426689999998,18328.0,155.2734839476813,6.440249645824559,,,
143.9352645,,,,34764.0,519.604111153407,1.9245421245421244
143.93617835,,,,,,
143.93625305,,,,,,
143.938131475,,,,,,
143.9400846,,,,,,
143.9401593,,,,,,
143.942037725,,,,,,
143.94207939999998,18329.0,155.15049504950494,6.445354877410626,,,
143.943077,,,,34765.0,519.2088246481552,1.9260073260073256
143.94399085,,,,,,
143.94406555,,,,,,
143.945943975,,,,,,
143.9478971,,,,,,
143.9479718,,,,,,
143.949850225,,,,,,
143.94989189999998,18328.0,155.2734839476813,6.440249645824559,,,
143.9508895,,,,34766.0,518.8141391106044,1.9274725274725275
143.95180335,,,,,,
143.95187805,,,,,,
143.953,,,,,,
143.953756475,,,,,,
143.9557096,,,,,,
143.9557843,,,,,,
143.957662725,,,,,,
143.95770439999998,18328.0,155.2734839476813,6.440249645824559,,,
143.958702,,,,34765.0,519.2088246481552,1.9260073260073256
143.95961585,,,,,,
143.95969055,,,,,,
143.961568975,,,,,,
143.9635221,,,,,,
143.9635968,,,,,,
143.965475225,,,,,,
143.96551689999998,18328.0,155.2734839476813,6.440249645824559,,,
143.9665145,,,,34764.0,519.604111153407,1.9245421245421244
143.96742835,,,,,,
143.96750305,,,,,,
143.969381475,,,,,,
143.9713346,,,,,,
143.9714093,,,,,,
143.973,,,,,,
143.973287725,,,,,,
143.97332939999998,18328.0,155.2734839476813,6.440249645824559,,,
143.974327,,,,34764.0,519.604111153407,1.9245421245421244
143.97524085,,,,,,
143.97531555,,,,,,
143.977193975,,,,,,
143.9791471,,,,,,
143.9792218,,,,,,
143.981100225,,,,,,
143.98114189999998,18328.0,155.2734839476813,6.440249645824559,,,
143.9821395,,,,34764.0,519.604111153407,1.9245421245421244
143.98305335,,,,,,
143.98312805,,,,,,
143.985006475,,,,,,
143.9869596,,,,,,
143.9870343,,,,,,
143.988912725,,,,,,
143.98895439999998,18329.0,155.15049504950494,6.445354877410626,,,
143.989952,,,,34766.0,518.8141391106044,1.9274725274725275
143.99086585,,,,,,
143.99094055,,,,,,
143.992818975,,,,,,
143.993,,,,,,
143.9947721,,,,,,
143.9948468,,,,,,
143.996725225,,,,,,
143.99676689999998,18328.0,155.2734839476813,6.440249645824559,,,
143.9977645,,,,34765.0,519.2088246481552,1.9260073260073256
143.99867835,,,,,,
143.99875305,,,,,,
144.000631475,,,,,,
144.0025846,,,,,,
144.0026593,,,,,,
144.004537725,,,,,,
144.00457939999998,18327.0,155.3966679888933,6.43514441423849,,,
144.005577,,,,34764.0,519.604111153407,1.9245421245421244
144.00649085,,,,,,
144.00656555,,,,,,
144.008443975,,,,,,
144.0103971,,,,,,
144.0104718,,,,,,
144.012350225,,,,,,
144.01239189999998,18328.0,155.2734839476813,6.440249645824559,,,
144.013,,,,,,
144.01315839999998,,,,,,
144.0133895,,,,34765.0,519.2088246481552,1.9260073260073256
144.01430335,,,,,,
144.01437805,,,,,,
144.016256475,,,,,,
144.0182096,,,,,,
144.0182843,,,,,,
144.020162725,,,,,,
144.02020439999998,18329.0,155.15049504950494,6.445354877410626,,,
144.021202,,,,34766.0,518.8141391106044,1.9274725274725275
144.02211585,,,,,,
144.02219055,,,,,,
144.024068975,,,,,,
144.0260221,,,,,,
144.0260968,,,,,,
144.027975225,,,,,,
144.02801689999998,18328.0,155.2734839476813,6.440249645824559,,,
144.0290145,,,,34765.0,519.2088246481552,1.9260073260073256
144.02992835,,,,,,
144.03000305,,,,,,
144.031881475,,,,,,
144.033,,,,,,
144.0338346,,,,,,
144.0339093,,,,,,
144.035787725,,,,,,
144.03582939999998,18330.0,155.0277008310249,6.450460108996693,,,
144.036827,,,,34764.0,519.604111153407,1.9245421245421244
144.03774085,,,,,,
144.03781555,,,,,,
144.039693975,,,,,,
144.0416471,,,,,,
144.0417218,,,,,,
144.043600225,,,,,,
144.04364189999998,18327.0,155.3966679888933,6.43514441423849,,,
144.0446395,,,,34766.0,518.8141391106044,1.9274725274725275
144.04555335,,,,,,
144.04562805,,,,,,
144.047506475,,,,,,
144.0494596,,,,,,
144.0495343,,,,,,
144.051412725,,,,,,
144.05145439999998,18328.0,155.2734839476813,6.440249645824559,,,
144.052452,,,,34765.0,519.2088246481552,1.9260073260073256
144.053,,,,,,
144.05336585,,,,,,
144.05344055,,,,,,
144.055318975,,,,,,
144.0572721,,,,,,
144.0573468,,,,,,
144.059225225,,,,,,
144.05926689999998,18328.0,155.2734839476813,6.440249645824559,,,
144.0602645,,,,34765.0,519.2088246481552,1.9260073260073256
144.06117835,,,,,,
144.06125305,,,,,,
144.063131475,,,,,,
144.0650846,,,,,,
144.0651593,,,,,,
144.067037725,,,,,,
144.06707939999998,18328.0,155.2734839476813,6.440249645824559,,,
144.068077,,,,34764.0,519.604111153407,1.9245421245421244
144.06899085,,,,,,
144.06906555,,,,,,
144.070943975,,,,,,
144.0728971,,,,,,
144.0729718,,,,,,
144.073,,,,,,
144.074850225,,,,,,
144.07489189999998,18328.0,155.2734839476813,6.440249645824559,,,
144.0758895,,,,34765.0,519.2088246481552,1.9260073260073256
144.07680335,,,,,,
144.07687805,,,,,,
144.078756475,,,,,,
144.0807096,,,,,,
144.0807843,,,,,,
144.082662725,,,,,,
144.08270439999998,18329.0,155.15049504950494,6.445354877410626,,,
144.083702,,,,34765.0,519.2088246481552,1.9260073260073256
144.08461585,,,,,,
144.08469055,,,,,,
144.086568975,,,,,,
144.0885221,,,,,,
144.0885968,,,,,,
144.090475225,,,,,,
144.09051689999998,18327.0,155.3966679888933,6.43514441423849,,,
144.0915145,,,,34764.0,519.604111153407,1.9245421245421244
144.09242835,,,,,,
144.09250305,,,,,,
144.093,,,,,,
144.094381475,,,,,,
144.0963346,,,,,,
144.0964093,,,,,,
144.098287725,,,,,,
144.09832939999998,18328.0,155.2734839476813,6.440249645824559,,,
144.099327,,,,34764.0,519.604111153407,1.9245421245421244
144.10024085,,,,,,
144.10031555,,,,,,
144.102193975,,,,,,
144.1041471,,,,,,
144.1042218,,,,,,
144.106100225,,,,,,
144.10614189999998,18328.0,155.2734839476813,6.440249645824559,,,
144.1071395,,,,34765.0,519.2088246481552,1.9260073260073256
144.10805335,,,,,,
144.10812805,,,,,,
144.110006475,,,,,,
144.1119596,,,,,,
144.1120343,,,,,,
144.113,,,,,,
144.113912725,,,,,,
144.11395439999998,18328.0,155.2734839476813,6.440249645824559,,,
144.114952,,,,34765.0,519.2088246481552,1.9260073260073256
144.11586585,,,,,,
144.11594055,,,,,,
144.117818975,,,,,,
144.1197721,,,,,,
144.1198468,,,,,,
144.121725225,,,,,,
144.12176689999998,18327.0,155.3966679888933,6.43514441423849,,,
144.1227645,,,,34764.0,519.604111153407,1.9245421245421244
144.12367835,,,,,,
144.12375305,,,,,,
144.125631475,,,,,,
144.1275846,,,,,,
144.1276593,,,,,,
144.129537725,,,,,,
144.12957939999998,18328.0,155.2734839476813,6.440249645824559,,,
144.130577,,,,34764.0,519.604111153407,1.9245421245421244
144.13149085,,,,,,
144.13156555,,,,,,
144.133,,,,,,
144.133443975,,,,,,
144.1353971,,,,,,
144.1354718,,,,,,
144.137350225,,,,,,
144.13739189999998,18328.0,155.2734839476813,6.440249645824559,,,
144.1383895,,,,34765.0,519.2088246481552,1.9260073260073256
144.13930335,,,,,,
144.13937805,,,,,,
144.141256475,,,,,,
144.1432096,,,,,,
144.1432843,,,,,,
144.145162725,,,,,,
144.14520439999998,18328.0,155.2734839476813,6.440249645824559,,,
144.146202,,,,34764.0,519.604111153407,1.9245421245421244
144.14711585,,,,,,
144.14719055,,,,,,
144.149068975,,,,,,
144.1510221,,,,,,
144.1510968,,,,,,
144.152975225,,,,,,
144.153,,,,,,
144.15301689999998,18328.0,155.2734839476813,6.440249645824559,,,
144.1540145,,,,34764.0,519.604111153407,1.9245421245421244
144.15492835,,,,,,
144.15500305,,,,,,
144.156881475,,,,,,
144.1588346,,,,,,
144.1589093,,,,,,
144.160787725,,,,,,
144.16082939999998,18327.0,155.3966679888933,6.43514441423849,,,
144.161827,,,,34765.0,519.2088246481552,1.9260073260073256
144.16274085,,,,,,
144.16281555,,,,,,
144.164693975,,,,,,
144.1666471,,,,,,
144.1667218,,,,,,
144.168600225,,,,,,
144.16864189999998,18328.0,155.2734839476813,6.440249645824559,,,
144.1696395,,,,34765.0,519.2088246481552,1.9260073260073256
144.17055335,,,,,,
144.17062805,,,,,,
144.172506475,,,,,,
144.173,,,,,,
144.1744596,,,,,,
144.1745343,,,,,,
144.176412725,,,,,,
144.17645439999998,18329.0,155.15049504950494,6.445354877410626,,,
144.177452,,,,34766.0,518.8141391106044,1.9274725274725275
144.17836585,,,,,,
144.17844055,,,,,,
144.180318975,,,,,,
144.1822721,,,,,,
144.1823468,,,,,,
144.184225225,,,,,,
144.18426689999998,18328.0,155.2734839476813,6.440249645824559,,,
144.1852645,,,,34765.0,519.2088246481552,1.9260073260073256
144.18617835,,,,,,
144.18625305,,,,,,
144.188131475,,,,,,
144.1900846,,,,,,
144.1901593,,,,,,
144.192037725,,,,,,
144.19207939999998,18327.0,155.3966679888933,6.43514441423849,,,
144.193,,,,,,
144.193077,,,,34764.0,519.604111153407,1.9245421245421244
144.19399085,,,,,,
144.19406555,,,,,,
144.195943975,,,,,,
144.1978971,,,,,,
144.1979718,,,,,,
144.199850225,,,,,,
144.19989189999998,18327.0,155.3966679888933,6.43514441423849,,,
144.2008895,,,,34765.0,519.2088246481552,1.9260073260073256
144.20180335,,,,,,
144.20187805,,,,,,
144.203756475,,,,,,
144.2057096,,,,,,
144.2057843,,,,,,
144.207662725,,,,,,
144.20770439999998,18329.0,155.15049504950494,6.445354877410626,,,
144.208702,,,,34764.0,519.604111153407,1.9245421245421244
144.20961585,,,,,,
144.20969055,,,,,,
144.211568975,,,,,,
144.213,,,,,,
144.2135221,,,,,,
144.2135968,,,,,,
144.215475225,,,,,,
144.21551689999998,18327.0,155.3966679888933,6.43514441423849,,,
144.2165145,,,,34764.0,519.604111153407,1.9245421245421244
144.21742835,,,,,,
144.21750305,,,,,,
144.219381475,,,,,,
144.2213346,,,,,,
144.2214093,,,,,,
144.223287725,,,,,,
144.22332939999998,18328.0,155.2734839476813,6.440249645824559,,,
144.224327,,,,34764.0,519.604111153407,1.9245421245421244
144.22524085,,,,,,
144.22531555,,,,,,
144.227193975,,,,,,
144.2291471,,,,,,
144.2292218,,,,,,
144.231100225,,,,,,
144.23114189999998,18326.0,155.5200476379516,6.430039182652422,,,
144.2321395,,,,34766.0,518.8141391106044,1.9274725274725275
144.233,,,,,,
144.23305335,,,,,,
144.23312805,,,,,,
144.235006475,,,,,,
144.2369596,,,,,,
144.2370343,,,,,,
144.238912725,,,,,,
144.23895439999998,18328.0,155.2734839476813,6.440249645824559,,,
144.239952,,,,34764.0,519.604111153407,1.9245421245421244
144.24086585,,,,,,
144.24094055,,,,,,
144.242818975,,,,,,
144.2447721,,,,,,
144.2448468,,,,,,
144.246725225,,,,,,
144.24676689999998,18327.0,155.3966679888933,6.43514441423849,,,
144.2477645,,,,34764.0,519.604111153407,1.9245421245421244
144.24867835,,,,,,
144.24875305,,,,,,
144.250631475,,,,,,
144.2525846,,,,,,
144.2526593,,,,,,
144.253,,,,,,
144.254537725,,,,,,
144.25457939999998,18326.0,155.5200476379516,6.430039182652422,,,
144.255577,,,,34764.0,519.604111153407,1.9245421245421244
144.25649085,,,,,,
144.25656555,,,,,,
144.258443975,,,,,,
144.2603971,,,,,,
144.2604718,,,,,,
144.262350225,,,,,,
144.26239189999998,18327.0,155.3966679888933,6.43514441423849,,,
144.2633895,,,,34766.0,518.8141391106044,1.9274725274725275
144.26430335,,,,,,
144.26437805,,,,,,
144.266256475,,,,,,
144.2682096,,,,,,
144.2682843,,,,,,
144.270162725,,,,,,
144.27020439999998,18328.0,155.2734839476813,6.440249645824559,,,
144.271202,,,,34765.0,519.2088246481552,1.9260073260073256
144.27211585,,,,,,
144.27219055,,,,,,
144.273,,,,,,
144.274068975,,,,,,
144.2760221,,,,,,
144.2760968,,,,,,
144.277975225,,,,,,
144.27801689999998,18327.0,155.3966679888933,6.43514441423849,,,
144.2790145,,,,34765.0,519.2088246481552,1.9260073260073256
144.27992835,,,,,,
144.28000305,,,,,,
144.281881475,,,,,,
144.2838346,,,,,,
144.2839093,,,,,,
144.285787725,,,,,,
144.28582939999998,18327.0,155.3966679888933,6.43514441423849,,,
144.286827,,,,34765.0,519.2088246481552,1.9260073260073256
144.28774085,,,,,,
144.28781555,,,,,,
144.289693975,,,,,,
144.2916471,,,,,,
144.2917218,,,,,,
144.293,,,,,,
144.293600225,,,,,,
144.29364189999998,18326.0,155.5200476379516,6.430039182652422,,,
144.2946395,,,,34765.0,519.2088246481552,1.9260073260073256
144.29555335,,,,,,
144.29562805,,,,,,
144.297506475,,,,,,
144.2994596,,,,,,
144.2995343,,,,,,
144.301412725,,,,,,
144.30145439999998,18327.0,155.3966679888933,6.43514441423849,,,
144.302452,,,,34764.0,519.604111153407,1.9245421245421244
144.30336585,,,,,,
144.30344055,,,,,,
144.305318975,,,,,,
144.3072721,,,,,,
144.3073468,,,,,,
144.309225225,,,,,,
144.30926689999998,18327.0,155.3966679888933,6.43514441423849,,,
144.3102645,,,,34764.0,519.604111153407,1.9245421245421244
144.31117835,,,,,,
144.31125305,,,,,,
144.313,,,,,,
144.313131475,,,,,,
144.3150846,,,,,,
144.3151593,,,,,,
144.317037725,,,,,,
144.31707939999998,18327.0,155.3966679888933,6.43514441423849,,,
144.318077,,,,34763.0,520.0,1.9230769230769231
144.31899085,,,,,,
144.31906555,,,,,,
144.320943975,,,,,,
144.3228971,,,,,,
144.3229718,,,,,,
144.324850225,,,,,,
144.32489189999998,18326.0,155.5200476379516,6.430039182652422,,,
144.3258895,,,,34766.0,518.8141391106044,1.9274725274725275
144.32680335,,,,,,
144.32687805,,,,,,
144.328756475,,,,,,
144.3307096,,,,,,
144.3307843,,,,,,
144.332662725,,,,,,
144.33270439999998,18327.0,155.3966679888933,6.43514441423849,,,
144.333,,,,,,
144.333702,,,,34765.0,519.2088246481552,1.9260073260073256
144.33461585,,,,,,
144.33469055,,,,,,
144.336568975,,,,,,
144.3385221,,,,,,
144.3385968,,,,,,
144.340475225,,,,,,
144.34051689999998,18326.0,155.5200476379516,6.430039182652422,,,
144.3415145,,,,34763.0,520.0,1.9230769230769231
144.34242835,,,,,,
144.34250305,,,,,,
144.344381475,,,,,,
144.3463346,,,,,,
144.3464093,,,,,,
144.348287725,,,,,,
144.34832939999998,18326.0,155.5200476379516,6.430039182652422,,,
144.349327,,,,34765.0,519.2088246481552,1.9260073260073256
144.35024085,,,,,,
144.35031555,,,,,,
144.352193975,,,,,,
144.353,,,,,,
144.3541471,,,,,,
144.3542218,,,,,,
144.356100225,,,,,,
144.35614189999998,18326.0,155.5200476379516,6.430039182652422,,,
144.3571395,,,,34765.0,519.2088246481552,1.9260073260073256
144.35805335,,,,,,
144.35812805,,,,,,
144.360006475,,,,,,
144.3619596,,,,,,
144.3620343,,,,,,
144.363912725,,,,,,
144.36395439999998,18327.0,155.3966679888933,6.43514441423849,,,
144.364952,,,,34764.0,519.604111153407,1.9245421245421244
144.36586585,,,,,,
144.36594055,,,,,,
144.367818975,,,,,,
144.3697721,,,,,,
144.3698468,,,,,,
144.371725225,,,,,,
144.37176689999998,18326.0,155.5200476379516,6.430039182652422,,,
144.3727645,,,,34764.0,519.604111153407,1.9245421245421244
144.373,,,,,,
144.37367835,,,,,,
144.37375305,,,,,,
144.375631475,,,,,,
144.3775846,,,,,,
144.3776593,,,,,,
144.379537725,,,,,,
144.37957939999998,18326.0,155.5200476379516,6.430039182652422,,,
144.380577,,,,34765.0,519.2088246481552,1.9260073260073256
144.38149085,,,,,,
144.38156555,,,,,,
144.383443975,,,,,,
144.3853971,,,,,,
144.3854718,,,,,,
144.387350225,,,,,,
144.38739189999998,18326.0,155.5200476379516,6.430039182652422,,,
144.3883895,,,,34764.0,519.604111153407,1.9245421245421244
144.38930335,,,,,,
144.38937805,,,,,,
144.391256475,,,,,,
144.393,,,,,,
144.3932096,,,,,,
144.3932843,,,,,,
144.395162725,,,,,,
144.39520439999998,18327.0,155.3966679888933,6.43514441423849,,,
144.396202,,,,34764.0,519.604111153407,1.9245421245421244
144.39711585,,,,,,
144.39719055,,,,,,
144.399068975,,,,,,
144.4010221,,,,,,
144.4010968,,,,,,
144.402975225,,,,,,
144.40301689999998,18327.0,155.3966679888933,6.43514441423849,,,
144.4040145,,,,34764.0,519.604111153407,1.9245421245421244
144.40492835,,,,,,
144.40500305,,,,,,
144.406881475,,,,,,
144.4088346,,,,,,
144.4089093,,,,,,
144.410787725,,,,,,
144.41082939999998,18327.0,155.3966679888933,6.43514441423849,,,
144.411827,,,,34763.0,520.0,1.9230769230769231
144.41274085,,,,,,
144.41281555,,,,,,
144.413,,,,,,
144.414693975,,,,,,
144.4166471,,,,,,
144.4167218,,,,,,
144.418600225,,,,,,
144.41864189999998,18326.0,155.5200476379516,6.430039182652422,,,
144.4196395,,,,34765.0,519.2088246481552,1.9260073260073256
144.42055335,,,,,,
144.42062805,,,,,,
144.422506475,,,,,,
144.4244596,,,,,,
144.4245343,,,,,,
144.426412725,,,,,,
144.42645439999998,18327.0,155.3966679888933,6.43514441423849,,,
144.427452,,,,34765.0,519.2088246481552,1.9260073260073256
144.42836585,,,,,,
144.42844055,,,,,,
144.430318975,,,,,,
144.4322721,,,,,,
144.4323468,,,,,,
144.433,,,,,,
144.434225225,,,,,,
144.43426689999998,18326.0,155.5200476379516,6.430039182652422,,,
144.4352645,,,,34765.0,519.2088246481552,1.9260073260073256
144.43617835,,,,,,
144.43625305,,,,,,
144.438131475,,,,,,
144.4400846,,,,,,
144.4401593,,,,,,
144.442037725,,,,,,
144.44207939999998,18326.0,155.5200476379516,6.430039182652422,,,
144.443077,,,,34765.0,519.2088246481552,1.9260073260073256
144.44399085,,,,,,
144.44406555,,,,,,
144.445943975,,,,,,
144.4478971,,,,,,
144.4479718,,,,,,
144.449850225,,,,,,
144.44989189999998,18326.0,155.5200476379516,6.430039182652422,,,
144.4508895,,,,34765.0,519.2088246481552,1.9260073260073256
144.45180335,,,,,,
144.45187805,,,,,,
144.453,,,,,,
144.453756475,,,,,,
144.4557096,,,,,,
144.4557843,,,,,,
144.457662725,,,,,,
144.45770439999998,18326.0,155.5200476379516,6.430039182652422,,,
144.458702,,,,34764.0,519.604111153407,1.9245421245421244
144.45961585,,,,,,
144.45969055,,,,,,
144.461568975,,,,,,
144.4635221,,,,,,
144.4635968,,,,,,
144.465475225,,,,,,
144.46551689999998,18326.0,155.5200476379516,6.430039182652422,,,
144.4665145,,,,34765.0,519.2088246481552,1.9260073260073256
144.46742835,,,,,,
144.46750305,,,,,,
144.469381475,,,,,,
144.4713346,,,,,,
144.4714093,,,,,,
144.473,,,,,,
144.473287725,,,,,,
144.47332939999998,18326.0,155.5200476379516,6.430039182652422,,,
144.474327,,,,34764.0,519.604111153407,1.9245421245421244
144.47524085,,,,,,
144.47531555,,,,,,
144.477193975,,,,,,
144.4791471,,,,,,
144.4792218,,,,,,
144.481100225,,,,,,
144.48114189999998,18326.0,155.5200476379516,6.430039182652422,,,
144.4821395,,,,34766.0,518.8141391106044,1.9274725274725275
144.48305335,,,,,,
144.48312805,,,,,,
144.485006475,,,,,,
144.4869596,,,,,,
144.4870343,,,,,,
144.488912725,,,,,,
144.48895439999998,18326.0,155.5200476379516,6.430039182652422,,,
144.489952,,,,34764.0,519.604111153407,1.9245421245421244
144.49086585,,,,,,
144.49094055,,,,,,
144.492818975,,,,,,
144.493,,,,,,
144.4947721,,,,,,
144.4948468,,,,,,
144.496725225,,,,,,
144.49676689999998,18326.0,155.5200476379516,6.430039182652422,,,
144.4977645,,,,34764.0,519.604111153407,1.9245421245421244
144.49867835,,,,,,
144.49875305,,,,,,
144.500631475,,,,,,
144.5025846,,,,,,
144.5026593,,,,,,
144.504537725,,,,,,
144.50457939999998,18325.0,155.64362336114425,6.424933951066354,,,
144.505577,,,,34764.0,519.604111153407,1.9245421245421244
144.50649085,,,,,,
144.50656555,,,,,,
144.508443975,,,,,,
144.5103971,,,,,,
144.5104718,,,,,,
144.512350225,,,,,,
144.51239189999998,18325.0,155.64362336114425,6.424933951066354,,,
144.513,,,,,,
144.5133895,,,,34765.0,519.2088246481552,1.9260073260073256
144.51430335,,,,,,
144.51437805,,,,,,
144.516256475,,,,,,
144.5182096,,,,,,
144.5182843,,,,,,
144.520162725,,,,,,
144.52020439999998,18326.0,155.5200476379516,6.430039182652422,,,
144.521202,,,,34763.0,520.0,1.9230769230769231
144.52211585,,,,,,
144.52219055,,,,,,
144.524068975,,,,,,
144.5260221,,,,,,
144.5260968,,,,,,
144.527975225,,,,,,
144.52801689999998,18326.0,155.5200476379516,6.430039182652422,,,
144.5290145,,,,34765.0,519.2088246481552,1.9260073260073256
144.52992835,,,,,,
144.53000305,,,,,,
144.531881475,,,,,,
144.533,,,,,,
144.5338346,,,,,,
144.5339093,,,,,,
144.535787725,,,,,,
144.53582939999998,18325.0,155.64362336114425,6.424933951066354,,,
144.536827,,,,34765.0,519.2088246481552,1.9260073260073256
144.53774085,,,,,,
144.53781555,,,,,,
144.539693975,,,,,,
144.5416471,,,,,,
144.5417218,,,,,,
144.543600225,,,,,,
144.54364189999998,18325.0,155.64362336114425,6.424933951066354,,,
144.5446395,,,,34765.0,519.2088246481552,1.9260073260073256
144.54555335,,,,,,
144.54562805,,,,,,
144.547506475,,,,,,
144.5494596,,,,,,
144.5495343,,,,,,
144.551412725,,,,,,
144.55145439999998,18326.0,155.5200476379516,6.430039182652422,,,
144.552452,,,,34764.0,519.604111153407,1.9245421245421244
144.553,,,,,,
144.55336585,,,,,,
144.55344055,,,,,,
144.555318975,,,,,,
144.5572721,,,,,,
144.5573468,,,,,,
144.559225225,,,,,,
144.55926689999998,18325.0,155.64362336114425,6.424933951066354,,,
144.5602645,,,,34764.0,519.604111153407,1.9245421245421244
144.56117835,,,,,,
144.56125305,,,,,,
144.563131475,,,,,,
144.5650846,,,,,,
144.5651593,,,,,,
144.567037725,,,,,,
144.56707939999998,18325.0,155.64362336114425,6.424933951066354,,,
144.568077,,,,34764.0,519.604111153407,1.9245421245421244
144.56899085,,,,,,
144.56906555,,,,,,
144.570943975,,,,,,
144.5728971,,,,,,
144.5729718,,,,,,
144.573,,,,,,
144.574850225,,,,,,
144.57489189999998,18325.0,155.64362336114425,6.424933951066354,,,
144.5758895,,,,34766.0,518.8141391106044,1.9274725274725275
144.57680335,,,,,,
144.57687805,,,,,,
144.578756475,,,,,,
144.5807096,,,,,,
144.5807843,,,,,,
144.582662725,,,,,,
144.58270439999998,18326.0,155.5200476379516,6.430039182652422,,,
144.583702,,,,34765.0,519.2088246481552,1.9260073260073256
144.58461585,,,,,,
144.58469055,,,,,,
144.586568975,,,,,,
144.5885221,,,,,,
144.5885968,,,,,,
144.590475225,,,,,,
144.59051689999998,18326.0,155.5200476379516,6.430039182652422,,,
144.5915145,,,,34765.0,519.2088246481552,1.9260073260073256
144.59242835,,,,,,
144.59250305,,,,,,
144.593,,,,,,
144.594381475,,,,,,
144.5963346,,,,,,
144.5964093,,,,,,
144.598287725,,,,,,
144.59832939999998,18325.0,155.64362336114425,6.424933951066354,,,
144.599327,,,,34765.0,519.2088246481552,1.9260073260073256
144.60024085,,,,,,
144.60031555,,,,,,
144.602193975,,,,,,
144.6041471,,,,,,
144.6042218,,,,,,
144.606100225,,,,,,
144.60614189999998,18325.0,155.64362336114425,6.424933951066354,,,
144.6071395,,,,34764.0,519.604111153407,1.9245421245421244
144.60805335,,,,,,
144.60812805,,,,,,
144.610006475,,,,,,
144.6119596,,,,,,
144.6120343,,,,,,
144.613,,,,,,
144.613912725,,,,,,
144.61395439999998,18325.0,155.64362336114425,6.424933951066354,,,
144.614952,,,,34765.0,519.2088246481552,1.9260073260073256
144.61586585,,,,,,
144.61594055,,,,,,
144.617818975,,,,,,
144.6197721,,,,,,
144.6198468,,,,,,
144.621725225,,,,,,
144.62176689999998,18325.0,155.64362336114425,6.424933951066354,,,
144.6227645,,,,34764.0,519.604111153407,1.9245421245421244
144.62367835,,,,,,
144.62375305,,,,,,
144.625631475,,,,,,
144.6275846,,,,,,
144.6276593,,,,,,
144.629537725,,,,,,
144.62957939999998,18325.0,155.64362336114425,6.424933951066354,,,
144.630577,,,,34764.0,519.604111153407,1.9245421245421244
144.63149085,,,,,,
144.63156555,,,,,,
144.633,,,,,,
144.633443975,,,,,,
144.6353971,,,,,,
144.6354718,,,,,,
144.637350225,,,,,,
144.63739189999998,18324.0,155.76739562624255,6.419828719480286,,,
144.6383895,,,,34766.0,518.8141391106044,1.9274725274725275
144.63930335,,,,,,
144.63937805,,,,,,
144.641256475,,,,,,
144.6432096,,,,,,
144.6432843,,,,,,
144.645162725,,,,,,
144.64520439999998,18325.0,155.64362336114425,6.424933951066354,,,
144.646202,,,,34764.0,519.604111153407,1.9245421245421244
144.64711585,,,,,,
144.64719055,,,,,,
144.649068975,,,,,,
144.6510221,,,,,,
144.6510968,,,,,,
144.652975225,,,,,,
144.653,,,,,,
144.65301689999998,18325.0,155.64362336114425,6.424933951066354,,,
144.6540145,,,,34764.0,519.604111153407,1.9245421245421244
144.65492835,,,,,,
144.65500305,,,,,,
144.656881475,,,,,,
144.6588346,,,,,,
144.6589093,,,,,,
144.660787725,,,,,,
144.66082939999998,18324.0,155.76739562624255,6.419828719480286,,,
144.661827,,,,34765.0,519.2088246481552,1.9260073260073256
144.66274085,,,,,,
144.66281555,,,,,,
144.664693975,,,,,,
144.6666471,,,,,,
144.6667218,,,,,,
144.668600225,,,,,,
144.66864189999998,18325.0,155.64362336114425,6.424933951066354,,,
144.6696395,,,,34765.0,519.2088246481552,1.9260073260073256
144.67055335,,,,,,
144.67062805,,,,,,
144.672506475,,,,,,
144.673,,,,,,
144.6744596,,,,,,
144.6745343,,,,,,
144.676412725,,,,,,
144.67645439999998,18325.0,155.64362336114425,6.424933951066354,,,
144.677452,,,,34764.0,519.604111153407,1.9245421245421244
144.67836585,,,,,,
144.67844055,,,,,,
144.680318975,,,,,,
144.6822721,,,,,,
144.6823468,,,,,,
144.684225225,,,,,,
144.68426689999998,18325.0,155.64362336114425,6.424933951066354,,,
144.6852645,,,,34764.0,519.604111153407,1.9245421245421244
144.68617835,,,,,,
144.68625305,,,,,,
144.688131475,,,,,,
144.6900846,,,,,,
144.6901593,,,,,,
144.692037725,,,,,,
144.69207939999998,18326.0,155.5200476379516,6.430039182652422,,,
144.693,,,,,,
144.693077,,,,34765.0,519.2088246481552,1.9260073260073256
144.69399085,,,,,,
144.69406555,,,,,,
144.695943975,,,,,,
144.6978971,,,,,,
144.6979718,,,,,,
144.699850225,,,,,,
144.69989189999998,18324.0,155.76739562624255,6.419828719480286,,,
144.7008895,,,,34766.0,518.8141391106044,1.9274725274725275
144.70180335,,,,,,
144.70187805,,,,,,
144.703756475,,,,,,
144.7057096,,,,,,
144.7057843,,,,,,
144.707662725,,,,,,
144.70770439999998,18325.0,155.64362336114425,6.424933951066354,,,
144.708702,,,,34764.0,519.604111153407,1.9245421245421244
144.70961585,,,,,,
144.70969055,,,,,,
144.711568975,,,,,,
144.713,,,,,,
144.7135221,,,,,,
144.7135968,,,,,,
144.715475225,,,,,,
144.71551689999998,18325.0,155.64362336114425,6.424933951066354,,,
144.7165145,,,,34765.0,519.2088246481552,1.9260073260073256
144.71742835,,,,,,
144.71750305,,,,,,
144.719381475,,,,,,
144.7213346,,,,,,
144.7214093,,,,,,
144.723287725,,,,,,
144.72332939999998,18324.0,155.76739562624255,6.419828719480286,,,
144.724327,,,,34764.0,519.604111153407,1.9245421245421244
144.72524085,,,,,,
144.72531555,,,,,,
144.727193975,,,,,,
144.7291471,,,,,,
144.7292218,,,,,,
144.731100225,,,,,,
144.73114189999998,18325.0,155.64362336114425,6.424933951066354,,,
144.7321395,,,,34765.0,519.2088246481552,1.9260073260073256
144.733,,,,,,
144.73305335,,,,,,
144.73312805,,,,,,
144.735006475,,,,,,
144.7369596,,,,,,
144.7370343,,,,,,
144.738912725,,,,,,
144.73895439999998,18325.0,155.64362336114425,6.424933951066354,,,
144.739952,,,,34765.0,519.2088246481552,1.9260073260073256
144.74086585,,,,,,
144.74094055,,,,,,
144.742818975,,,,,,
144.7447721,,,,,,
144.7448468,,,,,,
144.746725225,,,,,,
144.74676689999998,18324.0,155.76739562624255,6.419828719480286,,,
144.7477645,,,,34764.0,519.604111153407,1.9245421245421244
144.74867835,,,,,,
144.74875305,,,,,,
144.750631475,,,,,,
144.7525846,,,,,,
144.7526593,,,,,,
144.753,,,,,,
144.754537725,,,,,,
144.75457939999998,18325.0,155.64362336114425,6.424933951066354,,,
144.755577,,,,34765.0,519.2088246481552,1.9260073260073256
144.75649085,,,,,,
144.75656555,,,,,,
144.758443975,,,,,,
144.7603971,,,,,,
144.7604718,,,,,,
144.762350225,,,,,,
144.76239189999998,18324.0,155.76739562624255,6.419828719480286,,,
144.7633895,,,,34766.0,518.8141391106044,1.9274725274725275
144.76430335,,,,,,
144.76437805,,,,,,
144.766256475,,,,,,
144.7682096,,,,,,
144.7682843,,,,,,
144.770162725,,,,,,
144.77020439999998,18325.0,155.64362336114425,6.424933951066354,,,
144.771202,,,,34765.0,519.2088246481552,1.9260073260073256
144.77211585,,,,,,
144.77219055,,,,,,
144.773,,,,,,
144.774068975,,,,,,
144.7760221,,,,,,
144.7760968,,,,,,
144.777975225,,,,,,
144.77801689999998,18324.0,155.76739562624255,6.419828719480286,,,
144.7790145,,,,34766.0,518.8141391106044,1.9274725274725275
144.77992835,,,,,,
144.78000305,,,,,,
144.781881475,,,,,,
144.7838346,,,,,,
144.7839093,,,,,,
144.785787725,,,,,,
144.78582939999998,18324.0,155.76739562624255,6.419828719480286,,,
144.786827,,,,34764.0,519.604111153407,1.9245421245421244
144.78774085,,,,,,
144.78781555,,,,,,
144.789693975,,,,,,
144.7916471,,,,,,
144.7917218,,,,,,
144.793,,,,,,
144.793600225,,,,,,
144.79364189999998,18323.0,155.89136490250695,6.414723487894219,,,
144.7946395,,,,34766.0,518.8141391106044,1.9274725274725275
144.79555335,,,,,,
144.79562805,,,,,,
144.797506475,,,,,,
144.7994596,,,,,,
144.7995343,,,,,,
144.801412725,,,,,,
144.80145439999998,18325.0,155.64362336114425,6.424933951066354,,,
144.802452,,,,34765.0,519.2088246481552,1.9260073260073256
144.80336585,,,,,,
144.80344055,,,,,,
144.805318975,,,,,,
144.8072721,,,,,,
144.8073468,,,,,,
144.809225225,,,,,,
144.80926689999998,18324.0,155.76739562624255,6.419828719480286,,,
144.8102645,,,,34765.0,519.2088246481552,1.9260073260073256
144.81117835,,,,,,
144.81125305,,,,,,
144.813,,,,,,
144.813131475,,,,,,
144.8150846,,,,,,
144.8151593,,,,,,
144.817037725,,,,,,
144.81707939999998,18324.0,155.76739562624255,6.419828719480286,,,
144.818077,,,,34764.0,519.604111153407,1.9245421245421244
144.81899085,,,,,,
144.81906555,,,,,,
144.820943975,,,,,,
144.8228971,,,,,,
144.8229718,,,,,,
144.824850225,,,,,,
144.82489189999998,18324.0,155.76739562624255,6.419828719480286,,,
144.8258895,,,,34766.0,518.8141391106044,1.9274725274725275
144.82680335,,,,,,
144.82687805,,,,,,
144.828756475,,,,,,
144.8307096,,,,,,
144.8307843,,,,,,
144.832662725,,,,,,
144.83270439999998,18324.0,155.76739562624255,6.419828719480286,,,
144.833,,,,,,
144.833702,,,,34765.0,519.2088246481552,1.9260073260073256
144.83461585,,,,,,
144.83469055,,,,,,
144.836568975,,,,,,
144.8385221,,,,,,
144.8385968,,,,,,
144.840475225,,,,,,
144.84051689999998,18324.0,155.76739562624255,6.419828719480286,,,
144.8415145,,,,34765.0,519.2088246481552,1.9260073260073256
144.84242835,,,,,,
144.84250305,,,,,,
144.844381475,,,,,,
144.8463346,,,,,,
144.8464093,,,,,,
144.848287725,,,,,,
144.84832939999998,18324.0,155.76739562624255,6.419828719480286,,,
144.849327,,,,34764.0,519.604111153407,1.9245421245421244
144.85024085,,,,,,
144.85031555,,,,,,
144.852193975,,,,,,
144.853,,,,,,
144.8541471,,,,,,
144.8542218,,,,,,
144.856100225,,,,,,
144.85614189999998,18324.0,155.76739562624255,6.419828719480286,,,
144.8571395,,,,34765.0,519.2088246481552,1.9260073260073256
144.85805335,,,,,,
144.85812805,,,,,,
144.860006475,,,,,,
144.8619596,,,,,,
144.8620343,,,,,,
144.863912725,,,,,,
144.86395439999998,18325.0,155.64362336114425,6.424933951066354,,,
144.864952,,,,34765.0,519.2088246481552,1.9260073260073256
144.86586585,,,,,,
144.86594055,,,,,,
144.867818975,,,,,,
144.8697721,,,,,,
144.8698468,,,,,,
144.871725225,,,,,,
144.87176689999998,18324.0,155.76739562624255,6.419828719480286,,,
144.8727645,,,,34766.0,518.8141391106044,1.9274725274725275
144.873,,,,,,
144.87367835,,,,,,
144.87375305,,,,,,
144.875631475,,,,,,
144.8775846,,,,,,
144.8776593,,,,,,
144.879537725,,,,,,
144.87957939999998,18324.0,155.76739562624255,6.419828719480286,,,
144.880577,,,,34765.0,519.2088246481552,1.9260073260073256
144.88149085,,,,,,
144.88156555,,,,,,
144.883443975,,,,,,
144.8853971,,,,,,
144.8854718,,,,,,
144.887350225,,,,,,
144.88739189999998,18324.0,155.76739562624255,6.419828719480286,,,
144.8883895,,,,34766.0,518.8141391106044,1.9274725274725275
144.88930335,,,,,,
144.88937805,,,,,,
144.891256475,,,,,,
144.893,,,,,,
144.8932096,,,,,,
144.8932843,,,,,,
144.895162725,,,,,,
144.89520439999998,18324.0,155.76739562624255,6.419828719480286,,,
144.896202,,,,34764.0,519.604111153407,1.9245421245421244
144.89711585,,,,,,
144.89719055,,,,,,
144.899068975,,,,,,
144.9010221,,,,,,
144.9010968,,,,,,
144.902975225,,,,,,
144.90301689999998,18324.0,155.76739562624255,6.419828719480286,,,
144.9040145,,,,34763.0,520.0,1.9230769230769231
144.90492835,,,,,,
144.90500305,,,,,,
144.906881475,,,,,,
144.9088346,,,,,,
144.9089093,,,,,,
144.910787725,,,,,,
144.91082939999998,18324.0,155.76739562624255,6.419828719480286,,,
144.911827,,,,34764.0,519.604111153407,1.9245421245421244
144.91274085,,,,,,
144.91281555,,,,,,
144.913,,,,,,
144.914693975,,,,,,
144.9166471,,,,,,
144.9167218,,,,,,
144.918600225,,,,,,
144.91864189999998,18324.0,155.76739562624255,6.419828719480286,,,
144.9196395,,,,34765.0,519.2088246481552,1.9260073260073256
144.92055335,,,,,,
144.92062805,,,,,,
144.922506475,,,,,,
144.9244596,,,,,,
144.9245343,,,,,,
144.926412725,,,,,,
144.92645439999998,18325.0,155.64362336114425,6.424933951066354,,,
144.927452,,,,34765.0,519.2088246481552,1.9260073260073256
144.92836585,,,,,,
144.92844055,,,,,,
144.930318975,,,,,,
144.9322721,,,,,,
144.9323468,,,,,,
144.933,,,,,,
144.934225225,,,,,,
144.93426689999998,18323.0,155.89136490250695,6.414723487894219,,,
144.9352645,,,,34764.0,519.604111153407,1.9245421245421244
144.93617835,,,,,,
144.93625305,,,,,,
144.938131475,,,,,,
144.9400846,,,,,,
144.9401593,,,,,,
144.942037725,,,,,,
144.94207939999998,18324.0,155.76739562624255,6.419828719480286,,,
144.943077,,,,34764.0,519.604111153407,1.9245421245421244
144.94399085,,,,,,
144.94406555,,,,,,
144.945943975,,,,,,
144.9478971,,,,,,
144.9479718,,,,,,
144.949850225,,,,,,
144.94989189999998,18323.0,155.89136490250695,6.414723487894219,,,
144.9508895,,,,34764.0,519.604111153407,1.9245421245421244
144.95180335,,,,,,
144.95187805,,,,,,
144.952,,,,,,
144.953756475,,,,,,
144.9557096,,,,,,
144.9557843,,,,,,
144.957662725,,,,,,
144.95770439999998,18324.0,155.76739562624255,6.419828719480286,,,
144.958702,,,,34765.0,519.2088246481552,1.9260073260073256
144.95961585,,,,,,
144.95969055,,,,,,
144.961568975,,,,,,
144.9635221,,,,,,
144.9635968,,,,,,
144.965475225,,,,,,
144.96551689999998,18324.0,155.76739562624255,6.419828719480286,,,
144.9665145,,,,34765.0,519.2088246481552,1.9260073260073256
144.96742835,,,,,,
144.96750305,,,,,,
144.969381475,,,,,,
144.9713346,,,,,,
144.9714093,,,,,,
144.972,,,,,,
144.973287725,,,,,,
144.97332939999998,18323.0,155.89136490250695,6.414723487894219,,,
144.974327,,,,34764.0,519.604111153407,1.9245421245421244
144.97524085,,,,,,
144.97531555,,,,,,
144.977193975,,,,,,
144.9791471,,,,,,
144.9792218,,,,,,
144.981100225,,,,,,
144.98114189999998,18324.0,155.76739562624255,6.419828719480286,,,
144.9821395,,,,34765.0,519.2088246481552,1.9260073260073256
144.98305335,,,,,,
144.98312805,,,,,,
144.985006475,,,,,,
144.9869596,,,,,,
144.9870343,,,,,,
144.988912725,,,,,,
144.98895439999998,18324.0,155.76739562624255,6.419828719480286,,,
144.989952,,,,34764.0,519.604111153407,1.9245421245421244
144.99086585,,,,,,
144.99094055,,,,,,
144.992,,,,,,
144.992818975,,,,,,
144.9947721,,,,,,
144.9948468,,,,,,
144.996725225,,,,,,
144.99676689999998,18324.0,155.76739562624255,6.419828719480286,,,
144.9977645,,,,34765.0,519.2088246481552,1.9260073260073256
144.99867835,,,,,,
144.99875305,,,,,,
145.000631475,,,,,,
145.0025846,,,,,,
145.0026593,,,,,,
145.004537725,,,,,,
145.00457939999998,18323.0,155.89136490250695,6.414723487894219,,,
145.005577,,,,34764.0,519.604111153407,1.9245421245421244
145.00649085,,,,,,
145.00656555,,,,,,
145.008443975,,,,,,
145.0103971,,,,,,
145.0104718,,,,,,
145.012,,,,,,
145.012350225,,,,,,
145.01239189999998,18324.0,155.76739562624255,6.419828719480286,,,
145.0133895,,,,34766.0,518.8141391106044,1.9274725274725275
145.01430335,,,,,,
145.01437805,,,,,,
145.016256475,,,,,,
145.0182096,,,,,,
145.0182843,,,,,,
145.020162725,,,,,,
145.02020439999998,18324.0,155.76739562624255,6.419828719480286,,,
145.021202,,,,34765.0,519.2088246481552,1.9260073260073256
145.02211585,,,,,,
145.02219055,,,,,,
145.024068975,,,,,,
145.0260221,,,,,,
145.0260968,,,,,,
145.027975225,,,,,,
145.02801689999998,18324.0,155.76739562624255,6.419828719480286,,,
145.0290145,,,,34764.0,519.604111153407,1.9245421245421244
145.02992835,,,,,,
145.03000305,,,,,,
145.031881475,,,,,,
145.032,,,,,,
145.0334292,,,,,,
145.0338346,,,,,,
145.0339093,,,,,,
145.035787725,,,,,,
145.03582939999998,18323.0,155.89136490250695,6.414723487894219,,,
145.036827,,,,34764.0,519.604111153407,1.9245421245421244
145.03774085,,,,,,
145.03781555,,,,,,
145.039693975,,,,,,
145.0416471,,,,,,
145.0417218,,,,,,
145.043600225,,,,,,
145.04364189999998,18323.0,155.89136490250695,6.414723487894219,,,
145.0446395,,,,34765.0,519.2088246481552,1.9260073260073256
145.04555335,,,,,,
145.04562805,,,,,,
145.047506475,,,,,,
145.0494596,,,,,,
145.0495343,,,,,,
145.051412725,,,,,,
145.05145439999998,18325.0,155.64362336114425,6.424933951066354,,,
145.052,,,,,,
145.052452,,,,34765.0,519.2088246481552,1.9260073260073256
145.05336585,,,,,,
145.05344055,,,,,,
145.055318975,,,,,,
145.0572721,,,,,,
145.0573468,,,,,,
145.059225225,,,,,,
145.05926689999998,18323.0,155.89136490250695,6.414723487894219,,,
145.0602645,,,,34764.0,519.604111153407,1.9245421245421244
145.06117835,,,,,,
145.06125305,,,,,,
145.063131475,,,,,,
145.0650846,,,,,,
145.0651593,,,,,,
145.067037725,,,,,,
145.06707939999998,18324.0,155.76739562624255,6.419828719480286,,,
145.068077,,,,34764.0,519.604111153407,1.9245421245421244
145.06899085,,,,,,
145.06906555,,,,,,
145.070943975,,,,,,
145.072,,,,,,
145.0728971,,,,,,
145.0729718,,,,,,
145.074850225,,,,,,
145.07489189999998,18323.0,155.89136490250695,6.414723487894219,,,
145.0758895,,,,34765.0,519.2088246481552,1.9260073260073256
145.07680335,,,,,,
145.07687805,,,,,,
145.078756475,,,,,,
145.0807096,,,,,,
145.0807843,,,,,,
145.082662725,,,,,,
145.08270439999998,18324.0,155.76739562624255,6.419828719480286,,,
145.083702,,,,34764.0,519.604111153407,1.9245421245421244
145.08461585,,,,,,
145.08469055,,,,,,
145.086568975,,,,,,
145.0885221,,,,,,
145.0885968,,,,,,
145.090475225,,,,,,
145.09051689999998,18323.0,155.89136490250695,6.414723487894219,,,
145.0915145,,,,34764.0,519.604111153407,1.9245421245421244
145.092,,,,,,
145.09242835,,,,,,
145.09250305,,,,,,
145.094381475,,,,,,
145.0963346,,,,,,
145.0964093,,,,,,
145.098287725,,,,,,
145.09832939999998,18323.0,155.89136490250695,6.414723487894219,,,
145.099327,,,,34764.0,519.604111153407,1.9245421245421244
145.10024085,,,,,,
145.10031555,,,,,,
145.102193975,,,,,,
145.1041471,,,,,,
145.1042218,,,,,,
145.106100225,,,,,,
145.10614189999998,18323.0,155.89136490250695,6.414723487894219,,,
145.1071395,,,,34765.0,519.2088246481552,1.9260073260073256
145.10805335,,,,,,
145.10812805,,,,,,
145.110006475,,,,,,
145.1119596,,,,,,
145.112,,,,,,
145.1120343,,,,,,
145.113912725,,,,,,
145.11395439999998,18324.0,155.76739562624255,6.419828719480286,,,
145.114952,,,,34765.0,519.2088246481552,1.9260073260073256
145.11586585,,,,,,
145.11594055,,,,,,
145.117818975,,,,,,
145.1197721,,,,,,
145.1198468,,,,,,
145.121725225,,,,,,
145.12176689999998,18323.0,155.89136490250695,6.414723487894219,,,
145.1227645,,,,34763.0,520.0,1.9230769230769231
145.12367835,,,,,,
145.12375305,,,,,,
145.125631475,,,,,,
145.1275846,,,,,,
145.1276593,,,,,,
145.129537725,,,,,,
145.12957939999998,18322.0,156.01553166069294,6.4096182563081525,,,
145.130577,,,,34765.0,519.2088246481552,1.9260073260073256
145.13149085,,,,,,
145.13156555,,,,,,
145.132,,,,,,
145.133443975,,,,,,
145.1353971,,,,,,
145.1354718,,,,,,
145.137350225,,,,,,
145.13739189999998,18322.0,156.01553166069294,6.4096182563081525,,,
145.1383895,,,,34765.0,519.2088246481552,1.9260073260073256
145.13930335,,,,,,
145.13937805,,,,,,
145.141256475,,,,,,
145.1432096,,,,,,
145.1432843,,,,,,
145.145162725,,,,,,
145.14520439999998,18324.0,155.76739562624255,6.419828719480286,,,
145.146202,,,,34765.0,519.2088246481552,1.9260073260073256
145.14711585,,,,,,
145.14719055,,,,,,
145.149068975,,,,,,
145.1510221,,,,,,
145.1510968,,,,,,
145.152,,,,,,
145.152975225,,,,,,
145.15301689999998,18323.0,155.89136490250695,6.414723487894219,,,
145.1540145,,,,34765.0,519.2088246481552,1.9260073260073256
145.15492835,,,,,,
145.15500305,,,,,,
145.156881475,,,,,,
145.1588346,,,,,,
145.1589093,,,,,,
145.160787725,,,,,,
145.16082939999998,18324.0,155.76739562624255,6.419828719480286,,,
145.161827,,,,34765.0,519.2088246481552,1.9260073260073256
145.16274085,,,,,,
145.16281555,,,,,,
145.164693975,,,,,,
145.1666471,,,,,,
145.1667218,,,,,,
145.168600225,,,,,,
145.16864189999998,18323.0,155.89136490250695,6.414723487894219,,,
145.1696395,,,,34765.0,519.2088246481552,1.9260073260073256
145.17055335,,,,,,
145.17062805,,,,,,
145.172,,,,,,
145.172506475,,,,,,
145.1744596,,,,,,
145.1745343,,,,,,
145.176412725,,,,,,
145.17645439999998,18324.0,155.76739562624255,6.419828719480286,,,
145.177452,,,,34764.0,519.604111153407,1.9245421245421244
145.17836585,,,,,,
145.17844055,,,,,,
145.180318975,,,,,,
145.1822721,,,,,,
145.1823468,,,,,,
145.184225225,,,,,,
145.18426689999998,18322.0,156.01553166069294,6.4096182563081525,,,
145.1852645,,,,34765.0,519.2088246481552,1.9260073260073256
145.18617835,,,,,,
145.18625305,,,,,,
145.188131475,,,,,,
145.1900846,,,,,,
145.1901593,,,,,,
145.192,,,,,,
145.192037725,,,,,,
145.19207939999998,18323.0,155.89136490250695,6.414723487894219,,,
145.193077,,,,34765.0,519.2088246481552,1.9260073260073256
145.19399085,,,,,,
145.19406555,,,,,,
145.195943975,,,,,,
145.1978971,,,,,,
145.1979718,,,,,,
145.199850225,,,,,,
145.19989189999998,18322.0,156.01553166069294,6.4096182563081525,,,
145.2008895,,,,34765.0,519.2088246481552,1.9260073260073256
145.20180335,,,,,,
145.20187805,,,,,,
145.203756475,,,,,,
145.2057096,,,,,,
145.2057843,,,,,,
145.207662725,,,,,,
145.20770439999998,18323.0,155.89136490250695,6.414723487894219,,,
145.208702,,,,34765.0,519.2088246481552,1.9260073260073256
145.20961585,,,,,,
145.20969055,,,,,,
145.211568975,,,,,,
145.212,,,,,,
145.2135221,,,,,,
145.2135968,,,,,,
145.215475225,,,,,,
145.21551689999998,18323.0,155.89136490250695,6.414723487894219,,,
145.2165145,,,,34765.0,519.2088246481552,1.9260073260073256
145.21742835,,,,,,
145.21750305,,,,,,
145.219381475,,,,,,
145.2213346,,,,,,
145.2214093,,,,,,
145.223287725,,,,,,
145.22332939999998,18323.0,155.89136490250695,6.414723487894219,,,
145.224327,,,,34764.0,519.604111153407,1.9245421245421244
145.22524085,,,,,,
145.22531555,,,,,,
145.227193975,,,,,,
145.2291471,,,,,,
145.2292218,,,,,,
145.231100225,,,,,,
145.23114189999998,18322.0,156.01553166069294,6.4096182563081525,,,
145.232,,,,,,
145.2321395,,,,34764.0,519.604111153407,1.9245421245421244
145.23305335,,,,,,
145.23312805,,,,,,
145.235006475,,,,,,
145.2369596,,,,,,
145.2370343,,,,,,
145.238912725,,,,,,
145.23895439999998,18323.0,155.89136490250695,6.414723487894219,,,
145.239952,,,,34764.0,519.604111153407,1.9245421245421244
145.24086585,,,,,,
145.24094055,,,,,,
145.242818975,,,,,,
145.2447721,,,,,,
145.2448468,,,,,,
145.246725225,,,,,,
145.24676689999998,18323.0,155.89136490250695,6.414723487894219,,,
145.2477645,,,,34764.0,519.604111153407,1.9245421245421244
145.24867835,,,,,,
145.24875305,,,,,,
145.250631475,,,,,,
145.252,,,,,,
145.2525846,,,,,,
145.2526593,,,,,,
145.254537725,,,,,,
145.25457939999998,18322.0,156.01553166069294,6.4096182563081525,,,
145.255577,,,,34764.0,519.604111153407,1.9245421245421244
145.25649085,,,,,,
145.25656555,,,,,,
145.258443975,,,,,,
145.2603971,,,,,,
145.2604718,,,,,,
145.262350225,,,,,,
145.26239189999998,18322.0,156.01553166069294,6.4096182563081525,,,
145.2633895,,,,34765.0,519.2088246481552,1.9260073260073256
145.26430335,,,,,,
145.26437805,,,,,,
145.266256475,,,,,,
145.2682096,,,,,,
145.2682843,,,,,,
145.270162725,,,,,,
145.27020439999998,18324.0,155.76739562624255,6.419828719480286,,,
145.271202,,,,34764.0,519.604111153407,1.9245421245421244
145.272,,,,,,
145.27211585,,,,,,
145.27219055,,,,,,
145.274068975,,,,,,
145.2760221,,,,,,
145.2760968,,,,,,
145.277975225,,,,,,
145.27801689999998,18322.0,156.01553166069294,6.4096182563081525,,,
145.2790145,,,,34765.0,519.2088246481552,1.9260073260073256
145.27992835,,,,,,
145.28000305,,,,,,
145.281881475,,,,,,
145.2838346,,,,,,
145.2839093,,,,,,
145.285787725,,,,,,
145.28582939999998,18322.0,156.01553166069294,6.4096182563081525,,,
145.286827,,,,34764.0,519.604111153407,1.9245421245421244
145.28774085,,,,,,
145.28781555,,,,,,
145.289693975,,,,,,
145.2916471,,,,,,
145.2917218,,,,,,
145.292,,,,,,
145.293600225,,,,,,
145.29364189999998,18322.0,156.01553166069294,6.4096182563081525,,,
145.2946395,,,,34765.0,519.2088246481552,1.9260073260073256
145.29555335,,,,,,
145.29562805,,,,,,
145.297506475,,,,,,
145.2994596,,,,,,
145.2995343,,,,,,
145.301412725,,,,,,
145.30145439999998,18323.0,155.89136490250695,6.414723487894219,,,
145.302452,,,,34765.0,519.2088246481552,1.9260073260073256
145.30336585,,,,,,
145.30344055,,,,,,
145.305318975,,,,,,
145.3072721,,,,,,
145.3073468,,,,,,
145.309225225,,,,,,
145.30926689999998,18323.0,155.89136490250695,6.414723487894219,,,
145.3102645,,,,34764.0,519.604111153407,1.9245421245421244
145.31117835,,,,,,
145.31125305,,,,,,
145.312,,,,,,
145.313131475,,,,,,
145.3150846,,,,,,
145.3151593,,,,,,
145.317037725,,,,,,
145.31707939999998,18322.0,156.01553166069294,6.4096182563081525,,,
145.318077,,,,34764.0,519.604111153407,1.9245421245421244
145.31899085,,,,,,
145.31906555,,,,,,
145.320943975,,,,,,
145.3228971,,,,,,
145.3229718,,,,,,
145.324850225,,,,,,
145.32489189999998,18322.0,156.01553166069294,6.4096182563081525,,,
145.3258895,,,,34765.0,519.2088246481552,1.9260073260073256
145.32680335,,,,,,
145.32687805,,,,,,
145.328756475,,,,,,
145.3307096,,,,,,
145.3307843,,,,,,
145.332,,,,,,
145.332662725,,,,,,
145.33270439999998,18322.0,156.01553166069294,6.4096182563081525,,,
145.333702,,,,34764.0,519.604111153407,1.9245421245421244
145.33461585,,,,,,
145.33469055,,,,,,
145.336568975,,,,,,
145.3385221,,,,,,
145.3385968,,,,,,
145.340475225,,,,,,
145.34051689999998,18322.0,156.01553166069294,6.4096182563081525,,,
145.3415145,,,,34764.0,519.604111153407,1.9245421245421244
145.34242835,,,,,,
145.34250305,,,,,,
145.344381475,,,,,,
145.3463346,,,,,,
145.3464093,,,,,,
145.348287725,,,,,,
145.34832939999998,18322.0,156.01553166069294,6.4096182563081525,,,
145.349327,,,,34765.0,519.2088246481552,1.9260073260073256
145.35024085,,,,,,
145.35031555,,,,,,
145.352,,,,,,
145.352193975,,,,,,
145.3541471,,,,,,
145.3542218,,,,,,
145.356100225,,,,,,
145.35614189999998,18322.0,156.01553166069294,6.4096182563081525,,,
145.3571395,,,,34765.0,519.2088246481552,1.9260073260073256
145.35805335,,,,,,
145.35812805,,,,,,
145.360006475,,,,,,
145.3619596,,,,,,
145.3620343,,,,,,
145.363912725,,,,,,
145.36395439999998,18323.0,155.89136490250695,6.414723487894219,,,
145.364952,,,,34765.0,519.2088246481552,1.9260073260073256
145.36586585,,,,,,
145.36594055,,,,,,
145.367818975,,,,,,
145.3697721,,,,,,
145.3698468,,,,,,
145.371725225,,,,,,
145.37176689999998,18322.0,156.01553166069294,6.4096182563081525,,,
145.372,,,,,,
145.3727645,,,,34764.0,519.604111153407,1.9245421245421244
145.37367835,,,,,,
145.37375305,,,,,,
145.375631475,,,,,,
145.3775846,,,,,,
145.3776593,,,,,,
145.379537725,,,,,,
145.37957939999998,18322.0,156.01553166069294,6.4096182563081525,,,
145.380577,,,,34764.0,519.604111153407,1.9245421245421244
145.38149085,,,,,,
145.38156555,,,,,,
145.383443975,,,,,,
145.3853971,,,,,,
145.3854718,,,,,,
145.387350225,,,,,,
145.38739189999998,18321.0,156.13989637305696,6.4045130247220845,,,
145.3883895,,,,34765.0,519.2088246481552,1.9260073260073256
145.38930335,,,,,,
145.38937805,,,,,,
145.391256475,,,,,,
145.392,,,,,,
145.3932096,,,,,,
145.3932843,,,,,,
145.395162725,,,,,,
145.39520439999998,18322.0,156.01553166069294,6.4096182563081525,,,
145.396202,,,,34764.0,519.604111153407,1.9245421245421244
145.39711585,,,,,,
145.39719055,,,,,,
145.399068975,,,,,,
145.4010221,,,,,,
145.4010968,,,,,,
145.402975225,,,,,,
145.40301689999998,18322.0,156.01553166069294,6.4096182563081525,,,
145.4040145,,,,34764.0,519.604111153407,1.9245421245421244
145.40492835,,,,,,
145.40500305,,,,,,
145.406881475,,,,,,
145.4088346,,,,,,
145.4089093,,,,,,
145.410787725,,,,,,
145.41082939999998,18321.0,156.13989637305696,6.4045130247220845,,,
145.411827,,,,34765.0,519.2088246481552,1.9260073260073256
145.412,,,,,,
145.41274085,,,,,,
145.41281555,,,,,,
145.414693975,,,,,,
145.4166471,,,,,,
145.4167218,,,,,,
145.418600225,,,,,,
145.41864189999998,18321.0,156.13989637305696,6.4045130247220845,,,
145.4196395,,,,34764.0,519.604111153407,1.9245421245421244
145.42055335,,,,,,
145.42062805,,,,,,
145.422506475,,,,,,
145.4244596,,,,,,
145.4245343,,,,,,
145.426412725,,,,,,
145.42645439999998,18322.0,156.01553166069294,6.4096182563081525,,,
145.427452,,,,34764.0,519.604111153407,1.9245421245421244
145.42836585,,,,,,
145.42844055,,,,,,
145.430318975,,,,,,
145.432,,,,,,
145.4322721,,,,,,
145.4323468,,,,,,
145.434225225,,,,,,
145.43426689999998,18322.0,156.01553166069294,6.4096182563081525,,,
145.4352645,,,,34764.0,519.604111153407,1.9245421245421244
145.43617835,,,,,,
145.43625305,,,,,,
145.438131475,,,,,,
145.4400846,,,,,,
145.4401593,,,,,,
145.442037725,,,,,,
145.44207939999998,18322.0,156.01553166069294,6.4096182563081525,,,
145.443077,,,,34764.0,519.604111153407,1.9245421245421244
145.44399085,,,,,,
145.44406555,,,,,,
145.445943975,,,,,,
145.4478971,,,,,,
145.4479718,,,,,,
145.449850225,,,,,,
145.44989189999998,18321.0,156.13989637305696,6.4045130247220845,,,
145.4508895,,,,34765.0,519.2088246481552,1.9260073260073256
145.45180335,,,,,,
145.45187805,,,,,,
145.452,,,,,,
145.453756475,,,,,,
145.4557096,,,,,,
145.4557843,,,,,,
145.457662725,,,,,,
145.45770439999998,18322.0,156.01553166069294,6.4096182563081525,,,
145.458702,,,,34764.0,519.604111153407,1.9245421245421244
145.45961585,,,,,,
145.45969055,,,,,,
145.461568975,,,,,,
145.4635221,,,,,,
145.4635968,,,,,,
145.465475225,,,,,,
145.46551689999998,18321.0,156.13989637305696,6.4045130247220845,,,
145.4665145,,,,34766.0,518.8141391106044,1.9274725274725275
145.46742835,,,,,,
145.46750305,,,,,,
145.469381475,,,,,,
145.4713346,,,,,,
145.4714093,,,,,,
145.472,,,,,,
145.473287725,,,,,,
145.47332939999998,18321.0,156.13989637305696,6.4045130247220845,,,
145.474327,,,,34765.0,519.2088246481552,1.9260073260073256
145.47524085,,,,,,
145.47531555,,,,,,
145.477193975,,,,,,
145.4791471,,,,,,
145.4792218,,,,,,
145.481100225,,,,,,
145.48114189999998,18320.0,156.26445951336257,6.399407793136017,,,
145.4821395,,,,34765.0,519.2088246481552,1.9260073260073256
145.48305335,,,,,,
145.48312805,,,,,,
145.485006475,,,,,,
145.4869596,,,,,,
145.4870343,,,,,,
145.488912725,,,,,,
145.48895439999998,18322.0,156.01553166069294,6.4096182563081525,,,
145.489952,,,,34765.0,519.2088246481552,1.9260073260073256
145.49086585,,,,,,
145.49094055,,,,,,
145.492,,,,,,
145.492818975,,,,,,
145.4947721,,,,,,
145.4948468,,,,,,
145.496725225,,,,,,
145.49676689999998,18321.0,156.13989637305696,6.4045130247220845,,,
145.4977645,,,,34764.0,519.604111153407,1.9245421245421244
145.49867835,,,,,,
145.49875305,,,,,,
145.500631475,,,,,,
145.5025846,,,,,,
145.5026593,,,,,,
145.504537725,,,,,,
145.50457939999998,18321.0,156.13989637305696,6.4045130247220845,,,
145.505577,,,,34764.0,519.604111153407,1.9245421245421244
145.50649085,,,,,,
145.50656555,,,,,,
145.508443975,,,,,,
145.5103971,,,,,,
145.5104718,,,,,,
145.512,,,,,,
145.512350225,,,,,,
145.51239189999998,18321.0,156.13989637305696,6.4045130247220845,,,
145.5133895,,,,34765.0,519.2088246481552,1.9260073260073256
145.51430335,,,,,,
145.51437805,,,,,,
145.516256475,,,,,,
145.5182096,,,,,,
145.5182843,,,,,,
145.520162725,,,,,,
145.52020439999998,18321.0,156.13989637305696,6.4045130247220845,,,
145.521202,,,,34764.0,519.604111153407,1.9245421245421244
145.52211585,,,,,,
145.52219055,,,,,,
145.524068975,,,,,,
145.5260221,,,,,,
145.5260968,,,,,,
145.527975225,,,,,,
145.52801689999998,18321.0,156.13989637305696,6.4045130247220845,,,
145.5290145,,,,34764.0,519.604111153407,1.9245421245421244
145.52992835,,,,,,
145.53000305,,,,,,
145.531881475,,,,,,
145.532,,,,,,
145.5338346,,,,,,
145.5339093,,,,,,
145.535787725,,,,,,
145.53582939999998,18321.0,156.13989637305696,6.4045130247220845,,,
145.536827,,,,34767.0,518.4200531712876,1.9289377289377287
145.53774085,,,,,,
145.53781555,,,,,,
145.539693975,,,,,,
145.5416471,,,,,,
145.5417218,,,,,,
145.543600225,,,,,,
145.54364189999998,18320.0,156.26445951336257,6.399407793136017,,,
145.5446395,,,,34765.0,519.2088246481552,1.9260073260073256
145.54555335,,,,,,
145.54562805,,,,,,
145.547506475,,,,,,
145.5494596,,,,,,
145.5495343,,,,,,
145.551412725,,,,,,
145.55145439999998,18322.0,156.01553166069294,6.4096182563081525,,,
145.552,,,,,,
145.552452,,,,34763.0,520.0,1.9230769230769231
145.55336585,,,,,,
145.55344055,,,,,,
145.555318975,,,,,,
145.5572721,,,,,,
145.5573468,,,,,,
145.559225225,,,,,,
145.55926689999998,18321.0,156.13989637305696,6.4045130247220845,,,
145.5602645,,,,34765.0,519.2088246481552,1.9260073260073256
145.56117835,,,,,,
145.56125305,,,,,,
145.563131475,,,,,,
145.5650846,,,,,,
145.5651593,,,,,,
145.567037725,,,,,,
145.56707939999998,18321.0,156.13989637305696,6.4045130247220845,,,
145.568077,,,,34764.0,519.604111153407,1.9245421245421244
145.56899085,,,,,,
145.56906555,,,,,,
145.570943975,,,,,,
145.572,,,,,,
145.5728971,,,,,,
145.5729718,,,,,,
145.574850225,,,,,,
145.57489189999998,18320.0,156.26445951336257,6.399407793136017,,,
145.5758895,,,,34765.0,519.2088246481552,1.9260073260073256
145.57680335,,,,,,
145.57687805,,,,,,
145.578756475,,,,,,
145.5807096,,,,,,
145.5807843,,,,,,
145.582662725,,,,,,
145.58270439999998,18321.0,156.13989637305696,6.4045130247220845,,,
145.583702,,,,34765.0,519.2088246481552,1.9260073260073256
145.58461585,,,,,,
145.58469055,,,,,,
145.586568975,,,,,,
145.5885221,,,,,,
145.5885968,,,,,,
145.590475225,,,,,,
145.59051689999998,18320.0,156.26445951336257,6.399407793136017,,,
145.5915145,,,,34764.0,519.604111153407,1.9245421245421244
145.592,,,,,,
145.59242835,,,,,,
145.59250305,,,,,,
145.594381475,,,,,,
145.5963346,,,,,,
145.5964093,,,,,,
145.598287725,,,,,,
145.59832939999998,18320.0,156.26445951336257,6.399407793136017,,,
145.599327,,,,34764.0,519.604111153407,1.9245421245421244
145.60024085,,,,,,
145.60031555,,,,,,
145.602193975,,,,,,
145.6041471,,,,,,
145.6042218,,,,,,
145.606100225,,,,,,
145.60614189999998,18321.0,156.13989637305696,6.4045130247220845,,,
145.6071395,,,,34764.0,519.604111153407,1.9245421245421244
145.60805335,,,,,,
145.60812805,,,,,,
145.610006475,,,,,,
145.6119596,,,,,,
145.612,,,,,,
145.6120343,,,,,,
145.613912725,,,,,,
145.61395439999998,18322.0,156.01553166069294,6.4096182563081525,,,
145.614952,,,,34764.0,519.604111153407,1.9245421245421244
145.61586585,,,,,,
145.61594055,,,,,,
145.617818975,,,,,,
145.6197721,,,,,,
145.6198468,,,,,,
145.621725225,,,,,,
145.62176689999998,18320.0,156.26445951336257,6.399407793136017,,,
145.6227645,,,,34764.0,519.604111153407,1.9245421245421244
145.62367835,,,,,,
145.62375305,,,,,,
145.625631475,,,,,,
145.6275846,,,,,,
145.6276593,,,,,,
145.629537725,,,,,,
145.62957939999998,18320.0,156.26445951336257,6.399407793136017,,,
145.630577,,,,34764.0,519.604111153407,1.9245421245421244
145.63149085,,,,,,
145.63156555,,,,,,
145.632,,,,,,
145.633443975,,,,,,
145.6353971,,,,,,
145.6354718,,,,,,
145.637350225,,,,,,
145.63739189999998,18320.0,156.26445951336257,6.399407793136017,,,
145.6383895,,,,34764.0,519.604111153407,1.9245421245421244
145.63930335,,,,,,
145.63937805,,,,,,
145.641256475,,,,,,
145.6432096,,,,,,
145.6432843,,,,,,
145.645162725,,,,,,
145.64520439999998,18321.0,156.13989637305696,6.4045130247220845,,,
145.646202,,,,34764.0,519.604111153407,1.9245421245421244
145.64711585,,,,,,
145.64719055,,,,,,
145.649068975,,,,,,
145.6510221,,,,,,
145.6510968,,,,,,
145.652,,,,,,
145.652975225,,,,,,
145.65301689999998,18321.0,156.13989637305696,6.4045130247220845,,,
145.6540145,,,,34764.0,519.604111153407,1.9245421245421244
145.65492835,,,,,,
145.65500305,,,,,,
145.656881475,,,,,,
145.6588346,,,,,,
145.6589093,,,,,,
145.660787725,,,,,,
145.66082939999998,18321.0,156.13989637305696,6.4045130247220845,,,
145.661827,,,,34766.0,518.8141391106044,1.9274725274725275
145.66274085,,,,,,
145.66281555,,,,,,
145.664693975,,,,,,
145.6666471,,,,,,
145.6667218,,,,,,
145.668600225,,,,,,
145.66864189999998,18322.0,156.01553166069294,6.4096182563081525,,,
145.6696395,,,,34766.0,518.8141391106044,1.9274725274725275
145.67055335,,,,,,
145.67062805,,,,,,
145.672,,,,,,
145.672506475,,,,,,
145.6744596,,,,,,
145.6745343,,,,,,
145.676412725,,,,,,
145.67645439999998,18321.0,156.13989637305696,6.4045130247220845,,,
145.677452,,,,34764.0,519.604111153407,1.9245421245421244
145.67836585,,,,,,
145.67844055,,,,,,
145.680318975,,,,,,
145.6822721,,,,,,
145.6823468,,,,,,
145.684225225,,,,,,
145.68426689999998,18320.0,156.26445951336257,6.399407793136017,,,
145.6852645,,,,34765.0,519.2088246481552,1.9260073260073256
145.68617835,,,,,,
145.68625305,,,,,,
145.688131475,,,,,,
145.6900846,,,,,,
145.6901593,,,,,,
145.692,,,,,,
145.692037725,,,,,,
145.69207939999998,18320.0,156.26445951336257,6.399407793136017,,,
145.693077,,,,34764.0,519.604111153407,1.9245421245421244
145.69399085,,,,,,
145.69406555,,,,,,
145.695943975,,,,,,
145.6978971,,,,,,
145.6979718,,,,,,
145.699850225,,,,,,
145.69989189999998,18320.0,156.26445951336257,6.399407793136017,,,
145.7008895,,,,34764.0,519.604111153407,1.9245421245421244
145.70180335,,,,,,
145.70187805,,,,,,
145.703756475,,,,,,
145.7057096,,,,,,
145.7057843,,,,,,
145.707662725,,,,,,
145.70770439999998,18320.0,156.26445951336257,6.399407793136017,,,
145.708702,,,,34766.0,518.8141391106044,1.9274725274725275
145.70961585,,,,,,
145.70969055,,,,,,
145.711568975,,,,,,
145.712,,,,,,
145.7135221,,,,,,
145.7135968,,,,,,
145.715475225,,,,,,
145.71551689999998,18321.0,156.13989637305696,6.4045130247220845,,,
145.7165145,,,,34765.0,519.2088246481552,1.9260073260073256
145.71742835,,,,,,
145.71750305,,,,,,
145.719381475,,,,,,
145.7213346,,,,,,
145.7214093,,,,,,
145.723287725,,,,,,
145.72332939999998,18320.0,156.26445951336257,6.399407793136017,,,
145.724327,,,,34764.0,519.604111153407,1.9245421245421244
145.72524085,,,,,,
145.72531555,,,,,,
145.727193975,,,,,,
145.7291471,,,,,,
145.7292218,,,,,,
145.731100225,,,,,,
145.73114189999998,18319.0,156.38922155688624,6.3943025615499485,,,
145.732,,,,,,
145.7321395,,,,34766.0,518.8141391106044,1.9274725274725275
145.73305335,,,,,,
145.73312805,,,,,,
145.735006475,,,,,,
145.7369596,,,,,,
145.7370343,,,,,,
145.738912725,,,,,,
145.73895439999998,18320.0,156.26445951336257,6.399407793136017,,,
145.739952,,,,34765.0,519.2088246481552,1.9260073260073256
145.74086585,,,,,,
145.74094055,,,,,,
145.742818975,,,,,,
145.7447721,,,,,,
145.7448468,,,,,,
145.746725225,,,,,,
145.74676689999998,18320.0,156.26445951336257,6.399407793136017,,,
145.7477645,,,,34765.0,519.2088246481552,1.9260073260073256
145.74867835,,,,,,
145.74875305,,,,,,
145.750631475,,,,,,
145.752,,,,,,
145.7525846,,,,,,
145.7526593,,,,,,
145.754537725,,,,,,
145.75457939999998,18320.0,156.26445951336257,6.399407793136017,,,
145.755577,,,,34765.0,519.2088246481552,1.9260073260073256
145.75649085,,,,,,
145.75656555,,,,,,
145.758443975,,,,,,
145.7603971,,,,,,
145.7604718,,,,,,
145.762350225,,,,,,
145.76239189999998,18320.0,156.26445951336257,6.399407793136017,,,
145.7633895,,,,34766.0,518.8141391106044,1.9274725274725275
145.76430335,,,,,,
145.76437805,,,,,,
145.766256475,,,,,,
145.7682096,,,,,,
145.7682843,,,,,,
145.770162725,,,,,,
145.77020439999998,18322.0,156.01553166069294,6.4096182563081525,,,
145.771202,,,,34765.0,519.2088246481552,1.9260073260073256
145.772,,,,,,
145.77211585,,,,,,
145.77219055,,,,,,
145.774068975,,,,,,
145.7760221,,,,,,
145.7760968,,,,,,
145.777975225,,,,,,
145.77801689999998,18320.0,156.26445951336257,6.399407793136017,,,
145.7790145,,,,34766.0,518.8141391106044,1.9274725274725275
145.77992835,,,,,,
145.78000305,,,,,,
145.781881475,,,,,,
145.7838346,,,,,,
145.7839093,,,,,,
145.785787725,,,,,,
145.78582939999998,18321.0,156.13989637305696,6.4045130247220845,,,
145.786827,,,,34765.0,519.2088246481552,1.9260073260073256
145.78774085,,,,,,
145.78781555,,,,,,
145.789693975,,,,,,
145.7916471,,,,,,
145.7917218,,,,,,
145.792,,,,,,
145.793600225,,,,,,
145.79364189999998,18321.0,156.13989637305696,6.4045130247220845,,,
145.7946395,,,,34766.0,518.8141391106044,1.9274725274725275
145.79555335,,,,,,
145.79562805,,,,,,
145.797506475,,,,,,
145.7994596,,,,,,
145.7995343,,,,,,
145.801412725,,,,,,
145.80145439999998,18320.0,156.26445951336257,6.399407793136017,,,
145.802452,,,,34766.0,518.8141391106044,1.9274725274725275
145.80336585,,,,,,
145.80344055,,,,,,
145.805318975,,,,,,
145.8072721,,,,,,
145.8073468,,,,,,
145.809225225,,,,,,
145.80926689999998,18320.0,156.26445951336257,6.399407793136017,,,
145.8102645,,,,34765.0,519.2088246481552,1.9260073260073256
145.81117835,,,,,,
145.81125305,,,,,,
145.812,,,,,,
145.813131475,,,,,,
145.8150846,,,,,,
145.8151593,,,,,,
145.817037725,,,,,,
145.81707939999998,18321.0,156.13989637305696,6.4045130247220845,,,
145.818077,,,,34766.0,518.8141391106044,1.9274725274725275
145.81899085,,,,,,
145.81906555,,,,,,
145.820943975,,,,,,
145.8228971,,,,,,
145.8229718,,,,,,
145.824850225,,,,,,
145.82489189999998,18320.0,156.26445951336257,6.399407793136017,,,
145.8258895,,,,34766.0,518.8141391106044,1.9274725274725275
145.82680335,,,,,,
145.82687805,,,,,,
145.828756475,,,,,,
145.8307096,,,,,,
145.8307843,,,,,,
145.832,,,,,,
145.832662725,,,,,,
145.83270439999998,18321.0,156.13989637305696,6.4045130247220845,,,
145.833702,,,,34766.0,518.8141391106044,1.9274725274725275
145.83461585,,,,,,
145.83469055,,,,,,
145.836568975,,,,,,
145.8385221,,,,,,
145.8385968,,,,,,
145.840475225,,,,,,
145.84051689999998,18320.0,156.26445951336257,6.399407793136017,,,
145.8415145,,,,34765.0,519.2088246481552,1.9260073260073256
145.84242835,,,,,,
145.84250305,,,,,,
145.844381475,,,,,,
145.8463346,,,,,,
145.8464093,,,,,,
145.848287725,,,,,,
145.84832939999998,18320.0,156.26445951336257,6.399407793136017,,,
145.849327,,,,34764.0,519.604111153407,1.9245421245421244
145.85024085,,,,,,
145.85031555,,,,,,
145.852,,,,,,
145.852193975,,,,,,
145.8541471,,,,,,
145.8542218,,,,,,
145.856100225,,,,,,
145.85614189999998,18321.0,156.13989637305696,6.4045130247220845,,,
145.8571395,,,,34766.0,518.8141391106044,1.9274725274725275
145.85805335,,,,,,
145.85812805,,,,,,
145.860006475,,,,,,
145.8619596,,,,,,
145.8620343,,,,,,
145.863912725,,,,,,
145.86395439999998,18321.0,156.13989637305696,6.4045130247220845,,,
145.864952,,,,34766.0,518.8141391106044,1.9274725274725275
145.86586585,,,,,,
145.86594055,,,,,,
145.867818975,,,,,,
145.8697721,,,,,,
145.8698468,,,,,,
145.871725225,,,,,,
145.87176689999998,18320.0,156.26445951336257,6.399407793136017,,,
145.872,,,,,,
145.8727645,,,,34766.0,518.8141391106044,1.9274725274725275
145.87367835,,,,,,
145.87375305,,,,,,
145.875631475,,,,,,
145.8775846,,,,,,
145.8776593,,,,,,
145.879537725,,,,,,
145.87957939999998,18320.0,156.26445951336257,6.399407793136017,,,
145.880577,,,,34765.0,519.2088246481552,1.9260073260073256
145.88149085,,,,,,
145.88156555,,,,,,
145.883443975,,,,,,
145.8853971,,,,,,
145.8854718,,,,,,
145.887350225,,,,,,
145.88739189999998,18320.0,156.26445951336257,6.399407793136017,,,
145.8883895,,,,34765.0,519.2088246481552,1.9260073260073256
145.88930335,,,,,,
145.88937805,,,,,,
145.891256475,,,,,,
145.892,,,,,,
145.8932096,,,,,,
145.8932843,,,,,,
145.895162725,,,,,,
145.89520439999998,18321.0,156.13989637305696,6.4045130247220845,,,
145.896202,,,,34765.0,519.2088246481552,1.9260073260073256
145.89711585,,,,,,
145.89719055,,,,,,
145.899068975,,,,,,
145.9010221,,,,,,
145.9010968,,,,,,
145.902975225,,,,,,
145.90301689999998,18320.0,156.26445951336257,6.399407793136017,,,
145.9040145,,,,34764.0,519.604111153407,1.9245421245421244
145.90492835,,,,,,
145.90500305,,,,,,
145.906881475,,,,,,
145.9088346,,,,,,
145.9089093,,,,,,
145.910787725,,,,,,
145.91082939999998,18321.0,156.13989637305696,6.4045130247220845,,,
145.911827,,,,34767.0,518.4200531712876,1.9289377289377287
145.912,,,,,,
145.91274085,,,,,,
145.91281555,,,,,,
145.914693975,,,,,,
145.9166471,,,,,,
145.9167218,,,,,,
145.918600225,,,,,,
145.91864189999998,18321.0,156.13989637305696,6.4045130247220845,,,
145.9196395,,,,34767.0,518.4200531712876,1.9289377289377287
145.92055335,,,,,,
145.92062805,,,,,,
145.922506475,,,,,,
145.9244596,,,,,,
145.9245343,,,,,,
145.926412725,,,,,,
145.92645439999998,18321.0,156.13989637305696,6.4045130247220845,,,
145.927452,,,,34766.0,518.8141391106044,1.9274725274725275
145.92836585,,,,,,
145.92844055,,,,,,
145.930318975,,,,,,
145.932,,,,,,
145.9322721,,,,,,
145.9323468,,,,,,
145.934225225,,,,,,
145.93426689999998,18321.0,156.13989637305696,6.4045130247220845,,,
145.9352645,,,,34765.0,519.2088246481552,1.9260073260073256
145.93617835,,,,,,
145.93625305,,,,,,
145.938131475,,,,,,
145.9400846,,,,,,
145.9401593,,,,,,
145.942037725,,,,,,
145.94207939999998,18322.0,156.01553166069294,6.4096182563081525,,,
145.943077,,,,34767.0,518.4200531712876,1.9289377289377287
145.94399085,,,,,,
145.94406555,,,,,,
145.945943975,,,,,,
145.9478971,,,,,,
145.9479718,,,,,,
145.949850225,,,,,,
145.94989189999998,18320.0,156.26445951336257,6.399407793136017,,,
145.9508895,,,,34764.0,519.604111153407,1.9245421245421244
145.95180335,,,,,,
145.95187805,,,,,,
145.952,,,,,,
145.953756475,,,,,,
145.9557096,,,,,,
145.9557843,,,,,,
145.957662725,,,,,,
145.95770439999998,18321.0,156.13989637305696,6.4045130247220845,,,
145.958702,,,,34767.0,518.4200531712876,1.9289377289377287
145.95961585,,,,,,
145.95969055,,,,,,
145.961568975,,,,,,
145.9635221,,,,,,
145.9635968,,,,,,
145.965475225,,,,,,
145.96551689999998,18321.0,156.13989637305696,6.4045130247220845,,,
145.9665145,,,,34766.0,518.8141391106044,1.9274725274725275
145.96742835,,,,,,
145.96750305,,,,,,
145.969381475,,,,,,
145.9713346,,,,,,
145.9714093,,,,,,
145.972,,,,,,
145.973287725,,,,,,
145.97332939999998,18321.0,156.13989637305696,6.4045130247220845,,,
145.974327,,,,34763.0,520.0,1.9230769230769231
145.97524085,,,,,,
145.97531555,,,,,,
145.977193975,,,,,,
145.9791471,,,,,,
145.9792218,,,,,,
145.981100225,,,,,,
145.98114189999998,18321.0,156.13989637305696,6.4045130247220845,,,
145.9821395,,,,34766.0,518.8141391106044,1.9274725274725275
145.98305335,,,,,,
145.98312805,,,,,,
145.985006475,,,,,,
145.9869596,,,,,,
145.9870343,,,,,,
145.988912725,,,,,,
145.98895439999998,18322.0,156.01553166069294,6.4096182563081525,,,
145.989952,,,,34766.0,518.8141391106044,1.9274725274725275
145.99086585,,,,,,
145.99094055,,,,,,
145.992,,,,,,
145.992818975,,,,,,
145.9947721,,,,,,
145.9948468,,,,,,
145.996725225,,,,,,
145.99676689999998,18321.0,156.13989637305696,6.4045130247220845,,,
145.9977645,,,,34765.0,519.2088246481552,1.9260073260073256
145.99867835,,,,,,
145.99875305,,,,,,
146.000631475,,,,,,
146.0025846,,,,,,
146.0026593,,,,,,
146.004537725,,,,,,
146.00457939999998,18321.0,156.13989637305696,6.4045130247220845,,,
146.005577,,,,34766.0,518.8141391106044,1.9274725274725275
146.00649085,,,,,,
146.00656555,,,,,,
146.008443975,,,,,,
146.0103971,,,,,,
146.0104718,,,,,,
146.012,,,,,,
146.012350225,,,,,,
146.01239189999998,18321.0,156.13989637305696,6.4045130247220845,,,
146.0133895,,,,34767.0,518.4200531712876,1.9289377289377287
146.01430335,,,,,,
146.01437805,,,,,,
146.016256475,,,,,,
146.0182096,,,,,,
146.0182843,,,,,,
146.020162725,,,,,,
146.02020439999998,18322.0,156.01553166069294,6.4096182563081525,,,
146.021202,,,,34765.0,519.2088246481552,1.9260073260073256
146.02211585,,,,,,
146.02219055,,,,,,
146.024068975,,,,,,
146.0260221,,,,,,
146.0260968,,,,,,
146.027975225,,,,,,
146.02801689999998,18322.0,156.01553166069294,6.4096182563081525,,,
146.0290145,,,,34766.0,518.8141391106044,1.9274725274725275
146.02992835,,,,,,
146.03000305,,,,,,
146.031881475,,,,,,
146.032,,,,,,
146.0338346,,,,,,
146.0339093,,,,,,
146.035787725,,,,,,
146.03582939999998,18321.0,156.13989637305696,6.4045130247220845,,,
146.036827,,,,34766.0,518.8141391106044,1.9274725274725275
146.03774085,,,,,,
146.03781555,,,,,,
146.039693975,,,,,,
146.0416471,,,,,,
146.0417218,,,,,,
146.043600225,,,,,,
146.04364189999998,18322.0,156.01553166069294,6.4096182563081525,,,
146.0446395,,,,34766.0,518.8141391106044,1.9274725274725275
146.04555335,,,,,,
146.04562805,,,,,,
146.047506475,,,,,,
146.0494596,,,,,,
146.0495343,,,,,,
146.051412725,,,,,,
146.05145439999998,18322.0,156.01553166069294,6.4096182563081525,,,
146.052,,,,,,
146.052452,,,,34766.0,518.8141391106044,1.9274725274725275
146.05336585,,,,,,
146.05344055,,,,,,
146.055318975,,,,,,
146.0566906,,,,,,
146.0572721,,,,,,
146.0573468,,,,,,
146.059225225,,,,,,
146.05926689999998,18321.0,156.13989637305696,6.4045130247220845,,,
146.0602645,,,,34765.0,519.2088246481552,1.9260073260073256
146.06117835,,,,,,
146.06125305,,,,,,
146.063131475,,,,,,
146.0650846,,,,,,
146.0651593,,,,,,
146.067037725,,,,,,
146.06707939999998,18322.0,156.01553166069294,6.4096182563081525,,,
146.068077,,,,34764.0,519.604111153407,1.9245421245421244
146.06899085,,,,,,
146.06906555,,,,,,
146.070943975,,,,,,
146.072,,,,,,
146.0728971,,,,,,
146.0729718,,,,,,
146.074850225,,,,,,
146.07489189999998,18323.0,155.89136490250695,6.414723487894219,,,
146.0758895,,,,34766.0,518.8141391106044,1.9274725274725275
146.07680335,,,,,,
146.07687805,,,,,,
146.078756475,,,,,,
146.0807096,,,,,,
146.0807843,,,,,,
146.082662725,,,,,,
146.08270439999998,18323.0,155.89136490250695,6.414723487894219,,,
146.083702,,,,34766.0,518.8141391106044,1.9274725274725275
146.08461585,,,,,,
146.08469055,,,,,,
146.086568975,,,,,,
146.0885221,,,,,,
146.0885968,,,,,,
146.090475225,,,,,,
146.09051689999998,18322.0,156.01553166069294,6.4096182563081525,,,
146.0915145,,,,34764.0,519.604111153407,1.9245421245421244
146.092,,,,,,
146.09242835,,,,,,
146.09250305,,,,,,
146.094381475,,,,,,
146.0963346,,,,,,
146.0964093,,,,,,
146.098287725,,,,,,
146.09832939999998,18322.0,156.01553166069294,6.4096182563081525,,,
146.099327,,,,34766.0,518.8141391106044,1.9274725274725275
146.10024085,,,,,,
146.10031555,,,,,,
146.102193975,,,,,,
146.1041471,,,,,,
146.1042218,,,,,,
146.106100225,,,,,,
146.10614189999998,18322.0,156.01553166069294,6.4096182563081525,,,
146.1071395,,,,34766.0,518.8141391106044,1.9274725274725275
146.10805335,,,,,,
146.10812805,,,,,,
146.110006475,,,,,,
146.1119596,,,,,,
146.112,,,,,,
146.1120343,,,,,,
146.113912725,,,,,,
146.11395439999998,18323.0,155.89136490250695,6.414723487894219,,,
146.114952,,,,34766.0,518.8141391106044,1.9274725274725275
146.11586585,,,,,,
146.11594055,,,,,,
146.117818975,,,,,,
146.1197721,,,,,,
146.1198468,,,,,,
146.121725225,,,,,,
146.12176689999998,18323.0,155.89136490250695,6.414723487894219,,,
146.1227645,,,,34765.0,519.2088246481552,1.9260073260073256
146.12367835,,,,,,
146.12375305,,,,,,
146.125631475,,,,,,
146.1275846,,,,,,
146.1276593,,,,,,
146.129537725,,,,,,
146.12957939999998,18322.0,156.01553166069294,6.4096182563081525,,,
146.130577,,,,34765.0,519.2088246481552,1.9260073260073256
146.13149085,,,,,,
146.13156555,,,,,,
146.132,,,,,,
146.133443975,,,,,,
146.1353971,,,,,,
146.1354718,,,,,,
146.137350225,,,,,,
146.13739189999998,18322.0,156.01553166069294,6.4096182563081525,,,
146.1383895,,,,34765.0,519.2088246481552,1.9260073260073256
146.13930335,,,,,,
146.13937805,,,,,,
146.141256475,,,,,,
146.1432096,,,,,,
146.1432843,,,,,,
146.145162725,,,,,,
146.14520439999998,18323.0,155.89136490250695,6.414723487894219,,,
146.146202,,,,34765.0,519.2088246481552,1.9260073260073256
146.14711585,,,,,,
146.14719055,,,,,,
146.149068975,,,,,,
146.1510221,,,,,,
146.1510968,,,,,,
146.152,,,,,,
146.152975225,,,,,,
146.15301689999998,18322.0,156.01553166069294,6.4096182563081525,,,
146.1540145,,,,34765.0,519.2088246481552,1.9260073260073256
146.15492835,,,,,,
146.15500305,,,,,,
146.156881475,,,,,,
146.1588346,,,,,,
146.1589093,,,,,,
146.160787725,,,,,,
146.16082939999998,18322.0,156.01553166069294,6.4096182563081525,,,
146.161827,,,,34766.0,518.8141391106044,1.9274725274725275
146.16274085,,,,,,
146.16281555,,,,,,
146.164693975,,,,,,
146.1666471,,,,,,
146.1667218,,,,,,
146.168600225,,,,,,
146.16864189999998,18323.0,155.89136490250695,6.414723487894219,,,
146.1696395,,,,34765.0,519.2088246481552,1.9260073260073256
146.17055335,,,,,,
146.17062805,,,,,,
146.172,,,,,,
146.172506475,,,,,,
146.1744596,,,,,,
146.1745343,,,,,,
146.176412725,,,,,,
146.17645439999998,18323.0,155.89136490250695,6.414723487894219,,,
146.177452,,,,34765.0,519.2088246481552,1.9260073260073256
146.17836585,,,,,,
146.17844055,,,,,,
146.180318975,,,,,,
146.1822721,,,,,,
146.1823468,,,,,,
146.184225225,,,,,,
146.18426689999998,18323.0,155.89136490250695,6.414723487894219,,,
146.1852645,,,,34766.0,518.8141391106044,1.9274725274725275
146.18617835,,,,,,
146.18625305,,,,,,
146.188131475,,,,,,
146.1900846,,,,,,
146.1901593,,,,,,
146.192,,,,,,
146.192037725,,,,,,
146.19207939999998,18323.0,155.89136490250695,6.414723487894219,,,
146.193077,,,,34766.0,518.8141391106044,1.9274725274725275
146.19399085,,,,,,
146.19406555,,,,,,
146.195943975,,,,,,
146.1978971,,,,,,
146.1979718,,,,,,
146.199850225,,,,,,
146.19989189999998,18322.0,156.01553166069294,6.4096182563081525,,,
146.2008895,,,,34765.0,519.2088246481552,1.9260073260073256
146.20180335,,,,,,
146.20187805,,,,,,
146.203756475,,,,,,
146.2057096,,,,,,
146.2057843,,,,,,
146.207662725,,,,,,
146.20770439999998,18323.0,155.89136490250695,6.414723487894219,,,
146.208702,,,,34765.0,519.2088246481552,1.9260073260073256
146.20961585,,,,,,
146.20969055,,,,,,
146.211568975,,,,,,
146.212,,,,,,
146.2135221,,,,,,
146.2135968,,,,,,
146.215475225,,,,,,
146.21551689999998,18323.0,155.89136490250695,6.414723487894219,,,
146.2165145,,,,34766.0,518.8141391106044,1.9274725274725275
146.21742835,,,,,,
146.21750305,,,,,,
146.219381475,,,,,,
146.2213346,,,,,,
146.2214093,,,,,,
146.223287725,,,,,,
146.22332939999998,18322.0,156.01553166069294,6.4096182563081525,,,
146.224327,,,,34766.0,518.8141391106044,1.9274725274725275
146.22524085,,,,,,
146.22531555,,,,,,
146.227193975,,,,,,
146.2291471,,,,,,
146.2292218,,,,,,
146.231100225,,,,,,
146.23114189999998,18322.0,156.01553166069294,6.4096182563081525,,,
146.232,,,,,,
146.2321395,,,,34765.0,519.2088246481552,1.9260073260073256
146.23305335,,,,,,
146.23312805,,,,,,
146.235006475,,,,,,
146.2369596,,,,,,
146.2370343,,,,,,
146.238912725,,,,,,
146.23895439999998,18323.0,155.89136490250695,6.414723487894219,,,
146.239952,,,,34765.0,519.2088246481552,1.9260073260073256
146.24086585,,,,,,
146.24094055,,,,,,
146.242818975,,,,,,
146.2447721,,,,,,
146.2448468,,,,,,
146.246725225,,,,,,
146.24676689999998,18323.0,155.89136490250695,6.414723487894219,,,
146.2477645,,,,34765.0,519.2088246481552,1.9260073260073256
146.24867835,,,,,,
146.24875305,,,,,,
146.250631475,,,,,,
146.252,,,,,,
146.2525846,,,,,,
146.2526593,,,,,,
146.254537725,,,,,,
146.25457939999998,18323.0,155.89136490250695,6.414723487894219,,,
146.255577,,,,34764.0,519.604111153407,1.9245421245421244
146.25649085,,,,,,
146.25656555,,,,,,
146.258443975,,,,,,
146.2603971,,,,,,
146.2604718,,,,,,
146.262350225,,,,,,
146.26239189999998,18323.0,155.89136490250695,6.414723487894219,,,
146.2633895,,,,34766.0,518.8141391106044,1.9274725274725275
146.26430335,,,,,,
146.26437805,,,,,,
146.266256475,,,,,,
146.2682096,,,,,,
146.2682843,,,,,,
146.270162725,,,,,,
146.27020439999998,18323.0,155.89136490250695,6.414723487894219,,,
146.271202,,,,34767.0,518.4200531712876,1.9289377289377287
146.272,,,,,,
146.27211585,,,,,,
146.27219055,,,,,,
146.274068975,,,,,,
146.2760221,,,,,,
146.2760968,,,,,,
146.277975225,,,,,,
146.27801689999998,18323.0,155.89136490250695,6.414723487894219,,,
146.2790145,,,,34766.0,518.8141391106044,1.9274725274725275
146.27992835,,,,,,
146.28000305,,,,,,
146.281881475,,,,,,
146.2838346,,,,,,
146.2839093,,,,,,
146.285787725,,,,,,
146.28582939999998,18323.0,155.89136490250695,6.414723487894219,,,
146.286827,,,,34765.0,519.2088246481552,1.9260073260073256
146.28774085,,,,,,
146.28781555,,,,,,
146.289693975,,,,,,
146.2916471,,,,,,
146.2917218,,,,,,
146.292,,,,,,
146.293600225,,,,,,
146.29364189999998,18322.0,156.01553166069294,6.4096182563081525,,,
146.2946395,,,,34766.0,518.8141391106044,1.9274725274725275
146.29555335,,,,,,
146.29562805,,,,,,
146.297506475,,,,,,
146.2994596,,,,,,
146.2995343,,,,,,
146.301412725,,,,,,
146.30145439999998,18323.0,155.89136490250695,6.414723487894219,,,
146.302452,,,,34766.0,518.8141391106044,1.9274725274725275
146.30336585,,,,,,
146.30344055,,,,,,
146.305318975,,,,,,
146.3072721,,,,,,
146.3073468,,,,,,
146.309225225,,,,,,
146.30926689999998,18322.0,156.01553166069294,6.4096182563081525,,,
146.3102645,,,,34765.0,519.2088246481552,1.9260073260073256
146.31117835,,,,,,
146.31125305,,,,,,
146.312,,,,,,
146.313131475,,,,,,
146.3150846,,,,,,
146.3151593,,,,,,
146.317037725,,,,,,
146.31707939999998,18323.0,155.89136490250695,6.414723487894219,,,
146.318077,,,,34764.0,519.604111153407,1.9245421245421244
146.31899085,,,,,,
146.31906555,,,,,,
146.320943975,,,,,,
146.3228971,,,,,,
146.3229718,,,,,,
146.324850225,,,,,,
146.32489189999998,18322.0,156.01553166069294,6.4096182563081525,,,
146.3258895,,,,34766.0,518.8141391106044,1.9274725274725275
146.32680335,,,,,,
146.32687805,,,,,,
146.328756475,,,,,,
146.3307096,,,,,,
146.3307843,,,,,,
146.332,,,,,,
146.332662725,,,,,,
146.33270439999998,18324.0,155.76739562624255,6.419828719480286,,,
146.333702,,,,34765.0,519.2088246481552,1.9260073260073256
146.33461585,,,,,,
146.33469055,,,,,,
146.336568975,,,,,,
146.3385221,,,,,,
146.3385968,,,,,,
146.340475225,,,,,,
146.34051689999998,18323.0,155.89136490250695,6.414723487894219,,,
146.3415145,,,,34766.0,518.8141391106044,1.9274725274725275
146.34242835,,,,,,
146.34250305,,,,,,
146.344381475,,,,,,
146.3463346,,,,,,
146.3464093,,,,,,
146.348287725,,,,,,
146.34832939999998,18323.0,155.89136490250695,6.414723487894219,,,
146.349327,,,,34765.0,519.2088246481552,1.9260073260073256
146.35024085,,,,,,
146.35031555,,,,,,
146.352,,,,,,
146.352193975,,,,,,
146.3541471,,,,,,
146.3542218,,,,,,
146.356100225,,,,,,
146.35614189999998,18322.0,156.01553166069294,6.4096182563081525,,,
146.3571395,,,,34767.0,518.4200531712876,1.9289377289377287
146.35805335,,,,,,
146.35812805,,,,,,
146.360006475,,,,,,
146.3619596,,,,,,
146.3620343,,,,,,
146.363912725,,,,,,
146.36395439999998,18323.0,155.89136490250695,6.414723487894219,,,
146.364952,,,,34766.0,518.8141391106044,1.9274725274725275
146.36586585,,,,,,
146.36594055,,,,,,
146.367818975,,,,,,
146.3697721,,,,,,
146.3698468,,,,,,
146.371725225,,,,,,
146.37176689999998,18323.0,155.89136490250695,6.414723487894219,,,
146.372,,,,,,
146.3727645,,,,34766.0,518.8141391106044,1.9274725274725275
146.37367835,,,,,,
146.37375305,,,,,,
146.375631475,,,,,,
146.3775846,,,,,,
146.3776593,,,,,,
146.379537725,,,,,,
146.37957939999998,18323.0,155.89136490250695,6.414723487894219,,,
146.380577,,,,34764.0,519.604111153407,1.9245421245421244
146.38149085,,,,,,
146.38156555,,,,,,
146.383443975,,,,,,
146.3853971,,,,,,
146.3854718,,,,,,
146.387350225,,,,,,
146.38739189999998,18322.0,156.01553166069294,6.4096182563081525,,,
146.3883895,,,,34766.0,518.8141391106044,1.9274725274725275
146.38930335,,,,,,
146.38937805,,,,,,
146.391256475,,,,,,
146.392,,,,,,
146.3932096,,,,,,
146.3932843,,,,,,
146.395162725,,,,,,
146.39520439999998,18323.0,155.89136490250695,6.414723487894219,,,
146.396202,,,,34765.0,519.2088246481552,1.9260073260073256
146.39711585,,,,,,
146.39719055,,,,,,
146.399068975,,,,,,
146.4010221,,,,,,
146.4010968,,,,,,
146.402975225,,,,,,
146.40301689999998,18322.0,156.01553166069294,6.4096182563081525,,,
146.4040145,,,,34765.0,519.2088246481552,1.9260073260073256
146.40492835,,,,,,
146.40500305,,,,,,
146.406881475,,,,,,
146.4088346,,,,,,
146.4089093,,,,,,
146.410787725,,,,,,
146.41082939999998,18323.0,155.89136490250695,6.414723487894219,,,
146.411827,,,,34764.0,519.604111153407,1.9245421245421244
146.412,,,,,,
146.41274085,,,,,,
146.41281555,,,,,,
146.414693975,,,,,,
146.4166471,,,,,,
146.4167218,,,,,,
146.418600225,,,,,,
146.41864189999998,18323.0,155.89136490250695,6.414723487894219,,,
146.4196395,,,,34766.0,518.8141391106044,1.9274725274725275
146.42055335,,,,,,
146.42062805,,,,,,
146.422506475,,,,,,
146.4244596,,,,,,
146.4245343,,,,,,
146.426412725,,,,,,
146.42645439999998,18323.0,155.89136490250695,6.414723487894219,,,
146.427452,,,,34763.0,520.0,1.9230769230769231
146.42836585,,,,,,
146.42844055,,,,,,
146.430318975,,,,,,
146.432,,,,,,
146.4322721,,,,,,
146.4323468,,,,,,
146.434225225,,,,,,
146.43426689999998,18323.0,155.89136490250695,6.414723487894219,,,
146.4352645,,,,34766.0,518.8141391106044,1.9274725274725275
146.43617835,,,,,,
146.43625305,,,,,,
146.438131475,,,,,,
146.4400846,,,,,,
146.4401593,,,,,,
146.442037725,,,,,,
146.44207939999998,18323.0,155.89136490250695,6.414723487894219,,,
146.443077,,,,34765.0,519.2088246481552,1.9260073260073256
146.44399085,,,,,,
146.44406555,,,,,,
146.445943975,,,,,,
146.4478971,,,,,,
146.4479718,,,,,,
146.449850225,,,,,,
146.44989189999998,18324.0,155.76739562624255,6.419828719480286,,,
146.4508895,,,,34764.0,519.604111153407,1.9245421245421244
146.45180335,,,,,,
146.45187805,,,,,,
146.452,,,,,,
146.453756475,,,,,,
146.4557096,,,,,,
146.4557843,,,,,,
146.457662725,,,,,,
146.45770439999998,18323.0,155.89136490250695,6.414723487894219,,,
146.458702,,,,34765.0,519.2088246481552,1.9260073260073256
146.45961585,,,,,,
146.45969055,,,,,,
146.461568975,,,,,,
146.4635221,,,,,,
146.4635968,,,,,,
146.465475225,,,,,,
146.46551689999998,18323.0,155.89136490250695,6.414723487894219,,,
146.4665145,,,,34765.0,519.2088246481552,1.9260073260073256
146.46742835,,,,,,
146.46750305,,,,,,
146.469381475,,,,,,
146.4713346,,,,,,
146.4714093,,,,,,
146.472,,,,,,
146.473287725,,,,,,
146.47332939999998,18323.0,155.89136490250695,6.414723487894219,,,
146.474327,,,,34765.0,519.2088246481552,1.9260073260073256
146.47524085,,,,,,
146.47531555,,,,,,
146.477193975,,,,,,
146.4791471,,,,,,
146.4792218,,,,,,
146.481100225,,,,,,
146.48114189999998,18322.0,156.01553166069294,6.4096182563081525,,,
146.4821395,,,,34766.0,518.8141391106044,1.9274725274725275
146.48305335,,,,,,
146.48312805,,,,,,
146.485006475,,,,,,
146.4869596,,,,,,
146.4870343,,,,,,
146.488912725,,,,,,
146.48895439999998,18323.0,155.89136490250695,6.414723487894219,,,
146.489952,,,,34764.0,519.604111153407,1.9245421245421244
146.49086585,,,,,,
146.49094055,,,,,,
146.492,,,,,,
146.492818975,,,,,,
146.4947721,,,,,,
146.4948468,,,,,,
146.496725225,,,,,,
146.49676689999998,18323.0,155.89136490250695,6.414723487894219,,,
146.4977645,,,,34766.0,518.8141391106044,1.9274725274725275
146.49867835,,,,,,
146.49875305,,,,,,
146.500631475,,,,,,
146.5025846,,,,,,
146.5026593,,,,,,
146.504537725,,,,,,
146.50457939999998,18323.0,155.89136490250695,6.414723487894219,,,
146.505577,,,,34767.0,518.4200531712876,1.9289377289377287
146.50649085,,,,,,
146.50656555,,,,,,
146.508443975,,,,,,
146.5103971,,,,,,
146.5104718,,,,,,
146.512,,,,,,
146.512350225,,,,,,
146.51239189999998,18324.0,155.76739562624255,6.419828719480286,,,
146.5133895,,,,34766.0,518.8141391106044,1.9274725274725275
146.51430335,,,,,,
146.51437805,,,,,,
146.516256475,,,,,,
146.5182096,,,,,,
146.5182843,,,,,,
146.520162725,,,,,,
146.52020439999998,18324.0,155.76739562624255,6.419828719480286,,,
146.521202,,,,34767.0,518.4200531712876,1.9289377289377287
146.52211585,,,,,,
146.52219055,,,,,,
146.524068975,,,,,,
146.5260221,,,,,,
146.5260968,,,,,,
146.527975225,,,,,,
146.52801689999998,18323.0,155.89136490250695,6.414723487894219,,,
146.5290145,,,,34766.0,518.8141391106044,1.9274725274725275
146.52992835,,,,,,
146.53000305,,,,,,
146.531881475,,,,,,
146.532,,,,,,
146.5338346,,,,,,
146.5339093,,,,,,
146.535787725,,,,,,
146.53582939999998,18323.0,155.89136490250695,6.414723487894219,,,
146.536827,,,,34767.0,518.4200531712876,1.9289377289377287
146.53774085,,,,,,
146.53781555,,,,,,
146.539693975,,,,,,
146.5416471,,,,,,
146.5417218,,,,,,
146.543600225,,,,,,
146.54364189999998,18323.0,155.89136490250695,6.414723487894219,,,
146.5446395,,,,34765.0,519.2088246481552,1.9260073260073256
146.54555335,,,,,,
146.54562805,,,,,,
146.547506475,,,,,,
146.5494596,,,,,,
146.5495343,,,,,,
146.551412725,,,,,,
146.55145439999998,18324.0,155.76739562624255,6.419828719480286,,,
146.552,,,,,,
146.552452,,,,34764.0,519.604111153407,1.9245421245421244
146.55336585,,,,,,
146.55344055,,,,,,
146.555318975,,,,,,
146.5572721,,,,,,
146.5573468,,,,,,
146.559225225,,,,,,
146.55926689999998,18323.0,155.89136490250695,6.414723487894219,,,
146.5602645,,,,34766.0,518.8141391106044,1.9274725274725275
146.56117835,,,,,,
146.56125305,,,,,,
146.563131475,,,,,,
146.5650846,,,,,,
146.5651593,,,,,,
146.567037725,,,,,,
146.56707939999998,18323.0,155.89136490250695,6.414723487894219,,,
146.568077,,,,34766.0,518.8141391106044,1.9274725274725275
146.56899085,,,,,,
146.56906555,,,,,,
146.570943975,,,,,,
146.572,,,,,,
146.5728971,,,,,,
146.5729718,,,,,,
146.574850225,,,,,,
146.57489189999998,18323.0,155.89136490250695,6.414723487894219,,,
146.5758895,,,,34766.0,518.8141391106044,1.9274725274725275
146.57680335,,,,,,
146.57687805,,,,,,
146.578756475,,,,,,
146.5807096,,,,,,
146.5807843,,,,,,
146.582662725,,,,,,
146.58270439999998,18324.0,155.76739562624255,6.419828719480286,,,
146.583702,,,,34766.0,518.8141391106044,1.9274725274725275
146.58461585,,,,,,
146.58469055,,,,,,
146.586568975,,,,,,
146.5885221,,,,,,
146.5885968,,,,,,
146.590475225,,,,,,
146.59051689999998,18323.0,155.89136490250695,6.414723487894219,,,
146.5915145,,,,34764.0,519.604111153407,1.9245421245421244
146.592,,,,,,
146.59242835,,,,,,
146.59250305,,,,,,
146.594381475,,,,,,
146.5963346,,,,,,
146.5964093,,,,,,
146.598287725,,,,,,
146.59832939999998,18324.0,155.76739562624255,6.419828719480286,,,
146.599327,,,,34767.0,518.4200531712876,1.9289377289377287
146.60024085,,,,,,
146.60031555,,,,,,
146.602193975,,,,,,
146.6041471,,,,,,
146.6042218,,,,,,
146.606100225,,,,,,
146.60614189999998,18323.0,155.89136490250695,6.414723487894219,,,
146.6071395,,,,34766.0,518.8141391106044,1.9274725274725275
146.60805335,,,,,,
146.60812805,,,,,,
146.610006475,,,,,,
146.6119596,,,,,,
146.612,,,,,,
146.6120343,,,,,,
146.613912725,,,,,,
146.61395439999998,18324.0,155.76739562624255,6.419828719480286,,,
146.614952,,,,34766.0,518.8141391106044,1.9274725274725275
146.61586585,,,,,,
146.61594055,,,,,,
146.617818975,,,,,,
146.6197721,,,,,,
146.6198468,,,,,,
146.621725225,,,,,,
146.62176689999998,18323.0,155.89136490250695,6.414723487894219,,,
146.6227645,,,,34766.0,518.8141391106044,1.9274725274725275
146.62367835,,,,,,
146.62375305,,,,,,
146.625631475,,,,,,
146.6275846,,,,,,
146.6276593,,,,,,
146.629537725,,,,,,
146.62957939999998,18323.0,155.89136490250695,6.414723487894219,,,
146.630577,,,,34766.0,518.8141391106044,1.9274725274725275
146.631,,,,,,
146.63149085,,,,,,
146.63156555,,,,,,
146.633443975,,,,,,
146.6353971,,,,,,
146.6354718,,,,,,
146.637350225,,,,,,
146.63739189999998,18324.0,155.76739562624255,6.419828719480286,,,
146.6383895,,,,34766.0,518.8141391106044,1.9274725274725275
146.63930335,,,,,,
146.63937805,,,,,,
146.641256475,,,,,,
146.6432096,,,,,,
146.6432843,,,,,,
146.645162725,,,,,,
146.64520439999998,18324.0,155.76739562624255,6.419828719480286,,,
146.646202,,,,34765.0,519.2088246481552,1.9260073260073256
146.64711585,,,,,,
146.64719055,,,,,,
146.649068975,,,,,,
146.651,,,,,,
146.6510221,,,,,,
146.6510968,,,,,,
146.652975225,,,,,,
146.65301689999998,18324.0,155.76739562624255,6.419828719480286,,,
146.6540145,,,,34766.0,518.8141391106044,1.9274725274725275
146.65492835,,,,,,
146.65500305,,,,,,
146.656881475,,,,,,
146.6588346,,,,,,
146.6589093,,,,,,
146.660787725,,,,,,
146.66082939999998,18324.0,155.76739562624255,6.419828719480286,,,
146.661827,,,,34766.0,518.8141391106044,1.9274725274725275
146.66274085,,,,,,
146.66281555,,,,,,
146.664693975,,,,,,
146.6666471,,,,,,
146.6667218,,,,,,
146.668600225,,,,,,
146.66864189999998,18324.0,155.76739562624255,6.419828719480286,,,
146.6696395,,,,34767.0,518.4200531712876,1.9289377289377287
146.67055335,,,,,,
146.67062805,,,,,,
146.671,,,,,,
146.672506475,,,,,,
146.6744596,,,,,,
146.6745343,,,,,,
146.676412725,,,,,,
146.67645439999998,18324.0,155.76739562624255,6.419828719480286,,,
146.677452,,,,34765.0,519.2088246481552,1.9260073260073256
146.67836585,,,,,,
146.67844055,,,,,,
146.680318975,,,,,,
146.6822721,,,,,,
146.6823468,,,,,,
146.684225225,,,,,,
146.68426689999998,18323.0,155.89136490250695,6.414723487894219,,,
146.6852645,,,,34765.0,519.2088246481552,1.9260073260073256
146.68617835,,,,,,
146.68625305,,,,,,
146.688131475,,,,,,
146.6900846,,,,,,
146.6901593,,,,,,
146.691,,,,,,
146.692037725,,,,,,
146.69207939999998,18323.0,155.89136490250695,6.414723487894219,,,
146.693077,,,,34765.0,519.2088246481552,1.9260073260073256
146.69399085,,,,,,
146.69406555,,,,,,
146.695943975,,,,,,
146.6978971,,,,,,
146.6979718,,,,,,
146.699850225,,,,,,
146.69989189999998,18324.0,155.76739562624255,6.419828719480286,,,
146.7008895,,,,34766.0,518.8141391106044,1.9274725274725275
146.70180335,,,,,,
146.70187805,,,,,,
146.703756475,,,,,,
146.7057096,,,,,,
146.7057843,,,,,,
146.707662725,,,,,,
146.70770439999998,18325.0,155.64362336114425,6.424933951066354,,,
146.708702,,,,34765.0,519.2088246481552,1.9260073260073256
146.70961585,,,,,,
146.70969055,,,,,,
146.711,,,,,,
146.711568975,,,,,,
146.7135221,,,,,,
146.7135968,,,,,,
146.715475225,,,,,,
146.71551689999998,18324.0,155.76739562624255,6.419828719480286,,,
146.7165145,,,,34765.0,519.2088246481552,1.9260073260073256
146.71742835,,,,,,
146.71750305,,,,,,
146.719381475,,,,,,
146.7213346,,,,,,
146.7214093,,,,,,
146.723287725,,,,,,
146.72332939999998,18323.0,155.89136490250695,6.414723487894219,,,
146.724327,,,,34765.0,519.2088246481552,1.9260073260073256
146.72524085,,,,,,
146.72531555,,,,,,
146.727193975,,,,,,
146.7291471,,,,,,
146.7292218,,,,,,
146.731,,,,,,
146.731100225,,,,,,
146.73114189999998,18323.0,155.89136490250695,6.414723487894219,,,
146.7321395,,,,34765.0,519.2088246481552,1.9260073260073256
146.73305335,,,,,,
146.73312805,,,,,,
146.735006475,,,,,,
146.7369596,,,,,,
146.7370343,,,,,,
146.738912725,,,,,,
146.73895439999998,18324.0,155.76739562624255,6.419828719480286,,,
146.739952,,,,34766.0,518.8141391106044,1.9274725274725275
146.74086585,,,,,,
146.74094055,,,,,,
146.742818975,,,,,,
146.7447721,,,,,,
146.7448468,,,,,,
146.746725225,,,,,,
146.74676689999998,18324.0,155.76739562624255,6.419828719480286,,,
146.7477645,,,,34765.0,519.2088246481552,1.9260073260073256
146.74867835,,,,,,
146.74875305,,,,,,
146.750631475,,,,,,
146.751,,,,,,
146.7525846,,,,,,
146.7526593,,,,,,
146.754537725,,,,,,
146.75457939999998,18323.0,155.89136490250695,6.414723487894219,,,
146.755577,,,,34765.0,519.2088246481552,1.9260073260073256
146.75649085,,,,,,
146.75656555,,,,,,
146.758443975,,,,,,
146.7603971,,,,,,
146.7604718,,,,,,
146.762350225,,,,,,
146.76239189999998,18324.0,155.76739562624255,6.419828719480286,,,
146.7633895,,,,34765.0,519.2088246481552,1.9260073260073256
146.76430335,,,,,,
146.76437805,,,,,,
146.766256475,,,,,,
146.7682096,,,,,,
146.7682843,,,,,,
146.770162725,,,,,,
146.77020439999998,18325.0,155.64362336114425,6.424933951066354,,,
146.771,,,,,,
146.771202,,,,34767.0,518.4200531712876,1.9289377289377287
146.77211585,,,,,,
146.77219055,,,,,,
146.774068975,,,,,,
146.7760221,,,,,,
146.7760968,,,,,,
146.777975225,,,,,,
146.77801689999998,18324.0,155.76739562624255,6.419828719480286,,,
146.7790145,,,,34764.0,519.604111153407,1.9245421245421244
146.77992835,,,,,,
146.78000305,,,,,,
146.781881475,,,,,,
146.7838346,,,,,,
146.7839093,,,,,,
146.785787725,,,,,,
146.78582939999998,18323.0,155.89136490250695,6.414723487894219,,,
146.786827,,,,34764.0,519.604111153407,1.9245421245421244
146.78774085,,,,,,
146.78781555,,,,,,
146.789693975,,,,,,
146.791,,,,,,
146.7916471,,,,,,
146.7917218,,,,,,
146.793600225,,,,,,
146.79364189999998,18323.0,155.89136490250695,6.414723487894219,,,
146.7946395,,,,34767.0,518.4200531712876,1.9289377289377287
146.79555335,,,,,,
146.79562805,,,,,,
146.797506475,,,,,,
146.7994596,,,,,,
146.7995343,,,,,,
146.801412725,,,,,,
146.80145439999998,18324.0,155.76739562624255,6.419828719480286,,,
146.802452,,,,34765.0,519.2088246481552,1.9260073260073256
146.80336585,,,,,,
146.80344055,,,,,,
146.805318975,,,,,,
146.8072721,,,,,,
146.8073468,,,,,,
146.809225225,,,,,,
146.80926689999998,18324.0,155.76739562624255,6.419828719480286,,,
146.8102645,,,,34765.0,519.2088246481552,1.9260073260073256
146.811,,,,,,
146.81117835,,,,,,
146.81125305,,,,,,
146.813131475,,,,,,
146.8150846,,,,,,
146.8151593,,,,,,
146.817037725,,,,,,
146.81707939999998,18324.0,155.76739562624255,6.419828719480286,,,
146.818077,,,,34766.0,518.8141391106044,1.9274725274725275
146.81899085,,,,,,
146.81906555,,,,,,
146.820943975,,,,,,
146.8228971,,,,,,
146.8229718,,,,,,
146.824850225,,,,,,
146.82489189999998,18323.0,155.89136490250695,6.414723487894219,,,
146.8258895,,,,34765.0,519.2088246481552,1.9260073260073256
146.82680335,,,,,,
146.82687805,,,,,,
146.828756475,,,,,,
146.8307096,,,,,,
146.8307843,,,,,,
146.831,,,,,,
146.832662725,,,,,,
146.83270439999998,18324.0,155.76739562624255,6.419828719480286,,,
146.833702,,,,34766.0,518.8141391106044,1.9274725274725275
146.83461585,,,,,,
146.83469055,,,,,,
146.836568975,,,,,,
146.8385221,,,,,,
146.8385968,,,,,,
146.840475225,,,,,,
146.84051689999998,18324.0,155.76739562624255,6.419828719480286,,,
146.8415145,,,,34764.0,519.604111153407,1.9245421245421244
146.84242835,,,,,,
146.84250305,,,,,,
146.844381475,,,,,,
146.8463346,,,,,,
146.8464093,,,,,,
146.848287725,,,,,,
146.84832939999998,18323.0,155.89136490250695,6.414723487894219,,,
146.849327,,,,34765.0,519.2088246481552,1.9260073260073256
146.85024085,,,,,,
146.85031555,,,,,,
146.851,,,,,,
146.852193975,,,,,,
146.8541471,,,,,,
146.8542218,,,,,,
146.856100225,,,,,,
146.85614189999998,18323.0,155.89136490250695,6.414723487894219,,,
146.8571395,,,,34766.0,518.8141391106044,1.9274725274725275
146.85805335,,,,,,
146.85812805,,,,,,
146.860006475,,,,,,
146.8619596,,,,,,
146.8620343,,,,,,
146.863912725,,,,,,
146.86395439999998,18325.0,155.64362336114425,6.424933951066354,,,
146.864952,,,,34765.0,519.2088246481552,1.9260073260073256
146.86586585,,,,,,
146.86594055,,,,,,
146.867818975,,,,,,
146.8697721,,,,,,
146.8698468,,,,,,
146.871,,,,,,
146.871725225,,,,,,
146.87176689999998,18323.0,155.89136490250695,6.414723487894219,,,
146.8727645,,,,34766.0,518.8141391106044,1.9274725274725275
146.87367835,,,,,,
146.87375305,,,,,,
146.875631475,,,,,,
146.8775846,,,,,,
146.8776593,,,,,,
146.879537725,,,,,,
146.87957939999998,18324.0,155.76739562624255,6.419828719480286,,,
146.880577,,,,34764.0,519.604111153407,1.9245421245421244
146.88149085,,,,,,
146.88156555,,,,,,
146.883443975,,,,,,
146.8853971,,,,,,
146.8854718,,,,,,
146.887350225,,,,,,
146.88739189999998,18323.0,155.89136490250695,6.414723487894219,,,
146.8883895,,,,34767.0,518.4200531712876,1.9289377289377287
146.88930335,,,,,,
146.88937805,,,,,,
146.891,,,,,,
146.891256475,,,,,,
146.8932096,,,,,,
146.8932843,,,,,,
146.895162725,,,,,,
146.89520439999998,18324.0,155.76739562624255,6.419828719480286,,,
146.896202,,,,34765.0,519.2088246481552,1.9260073260073256
146.89711585,,,,,,
146.89719055,,,,,,
146.899068975,,,,,,
146.9010221,,,,,,
146.9010968,,,,,,
146.902975225,,,,,,
146.90301689999998,18324.0,155.76739562624255,6.419828719480286,,,
146.9040145,,,,34766.0,518.8141391106044,1.9274725274725275
146.90492835,,,,,,
146.90500305,,,,,,
146.906881475,,,,,,
146.9088346,,,,,,
146.9089093,,,,,,
146.910787725,,,,,,
146.91082939999998,18323.0,155.89136490250695,6.414723487894219,,,
146.911,,,,,,
146.911827,,,,34765.0,519.2088246481552,1.9260073260073256
146.91274085,,,,,,
146.91281555,,,,,,
146.914693975,,,,,,
146.9166471,,,,,,
146.9167218,,,,,,
146.918600225,,,,,,
146.91864189999998,18323.0,155.89136490250695,6.414723487894219,,,
146.9196395,,,,34766.0,518.8141391106044,1.9274725274725275
146.92055335,,,,,,
146.92062805,,,,,,
146.922506475,,,,,,
146.9244596,,,,,,
146.9245343,,,,,,
146.926412725,,,,,,
146.92645439999998,18324.0,155.76739562624255,6.419828719480286,,,
146.927452,,,,34766.0,518.8141391106044,1.9274725274725275
146.92836585,,,,,,
146.92844055,,,,,,
146.930318975,,,,,,
146.931,,,,,,
146.9322721,,,,,,
146.9323468,,,,,,
146.934225225,,,,,,
146.93426689999998,18323.0,155.89136490250695,6.414723487894219,,,
146.9352645,,,,34763.0,520.0,1.9230769230769231
146.93617835,,,,,,
146.93625305,,,,,,
146.938131475,,,,,,
146.9400846,,,,,,
146.9401593,,,,,,
146.942037725,,,,,,
146.94207939999998,18324.0,155.76739562624255,6.419828719480286,,,
146.943077,,,,34767.0,518.4200531712876,1.9289377289377287
146.94399085,,,,,,
146.94406555,,,,,,
146.945943975,,,,,,
146.9478971,,,,,,
146.9479718,,,,,,
146.949850225,,,,,,
146.94989189999998,18323.0,155.89136490250695,6.414723487894219,,,
146.9508895,,,,34766.0,518.8141391106044,1.9274725274725275
146.951,,,,,,
146.95180335,,,,,,
146.95187805,,,,,,
146.953756475,,,,,,
146.9557096,,,,,,
146.9557843,,,,,,
146.957662725,,,,,,
146.95770439999998,18324.0,155.76739562624255,6.419828719480286,,,
146.958702,,,,34766.0,518.8141391106044,1.9274725274725275
146.95961585,,,,,,
146.95969055,,,,,,
146.961568975,,,,,,
146.9635221,,,,,,
146.9635968,,,,,,
146.965475225,,,,,,
146.96551689999998,18323.0,155.89136490250695,6.414723487894219,,,
146.9665145,,,,34765.0,519.2088246481552,1.9260073260073256
146.96742835,,,,,,
146.96750305,,,,,,
146.969381475,,,,,,
146.971,,,,,,
146.9713346,,,,,,
146.9714093,,,,,,
146.973287725,,,,,,
146.97332939999998,18323.0,155.89136490250695,6.414723487894219,,,
146.974327,,,,34766.0,518.8141391106044,1.9274725274725275
146.97524085,,,,,,
146.97531555,,,,,,
146.977193975,,,,,,
146.9791471,,,,,,
146.9792218,,,,,,
146.981100225,,,,,,
146.98114189999998,18323.0,155.89136490250695,6.414723487894219,,,
146.9821395,,,,34767.0,518.4200531712876,1.9289377289377287
146.98305335,,,,,,
146.98312805,,,,,,
146.985006475,,,,,,
146.9869596,,,,,,
146.9870343,,,,,,
146.988912725,,,,,,
146.98895439999998,18324.0,155.76739562624255,6.419828719480286,,,
146.989952,,,,34766.0,518.8141391106044,1.9274725274725275
146.99086585,,,,,,
146.99094055,,,,,,
146.991,,,,,,
146.992818975,,,,,,
146.9947721,,,,,,
146.9948468,,,,,,
146.996725225,,,,,,
146.99676689999998,18323.0,155.89136490250695,6.414723487894219,,,
146.9977645,,,,34764.0,519.604111153407,1.9245421245421244
146.99867835,,,,,,
146.99875305,,,,,,
147.000631475,,,,,,
147.0025846,,,,,,
147.0026593,,,,,,
147.004537725,,,,,,
147.00457939999998,18323.0,155.89136490250695,6.414723487894219,,,
147.005577,,,,34766.0,518.8141391106044,1.9274725274725275
147.00649085,,,,,,
147.00656555,,,,,,
147.008443975,,,,,,
147.0103971,,,,,,
147.0104718,,,,,,
147.011,,,,,,
147.012350225,,,,,,
147.01239189999998,18324.0,155.76739562624255,6.419828719480286,,,
147.0133895,,,,34766.0,518.8141391106044,1.9274725274725275
147.01430335,,,,,,
147.01437805,,,,,,
147.016256475,,,,,,
147.0182096,,,,,,
147.0182843,,,,,,
147.020162725,,,,,,
147.02020439999998,18324.0,155.76739562624255,6.419828719480286,,,
147.021202,,,,34764.0,519.604111153407,1.9245421245421244
147.02211585,,,,,,
147.02219055,,,,,,
147.024068975,,,,,,
147.0260221,,,,,,
147.0260968,,,,,,
147.027975225,,,,,,
147.02801689999998,18323.0,155.89136490250695,6.414723487894219,,,
147.0290145,,,,34767.0,518.4200531712876,1.9289377289377287
147.02992835,,,,,,
147.03000305,,,,,,
147.031,,,,,,
147.031881475,,,,,,
147.0338346,,,,,,
147.0339093,,,,,,
147.035787725,,,,,,
147.03582939999998,18323.0,155.89136490250695,6.414723487894219,,,
147.036827,,,,34765.0,519.2088246481552,1.9260073260073256
147.03774085,,,,,,
147.03781555,,,,,,
147.039693975,,,,,,
147.0416471,,,,,,
147.0417218,,,,,,
147.043600225,,,,,,
147.04364189999998,18322.0,156.01553166069294,6.4096182563081525,,,
147.0446395,,,,34766.0,518.8141391106044,1.9274725274725275
147.04555335,,,,,,
147.04562805,,,,,,
147.047506475,,,,,,
147.0494596,,,,,,
147.0495343,,,,,,
147.051,,,,,,
147.051412725,,,,,,
147.05145439999998,18324.0,155.76739562624255,6.419828719480286,,,
147.052452,,,,34766.0,518.8141391106044,1.9274725274725275
147.05336585,,,,,,
147.05344055,,,,,,
147.055318975,,,,,,
147.0572721,,,,,,
147.0573468,,,,,,
147.059225225,,,,,,
147.05926689999998,18323.0,155.89136490250695,6.414723487894219,,,
147.0602645,,,,34766.0,518.8141391106044,1.9274725274725275
147.06117835,,,,,,
147.06125305,,,,,,
147.063131475,,,,,,
147.0650846,,,,,,
147.0651593,,,,,,
147.067037725,,,,,,
147.06707939999998,18323.0,155.89136490250695,6.414723487894219,,,
147.068077,,,,34766.0,518.8141391106044,1.9274725274725275
147.06899085,,,,,,
147.06906555,,,,,,
147.070943975,,,,,,
147.071,,,,,,
147.0728971,,,,,,
147.0729718,,,,,,
147.074850225,,,,,,
147.07489189999998,18323.0,155.89136490250695,6.414723487894219,,,
147.0749666,,,,,,
147.0758895,,,,34766.0,518.8141391106044,1.9274725274725275
147.07680335,,,,,,
147.07687805,,,,,,
147.078756475,,,,,,
147.0807096,,,,,,
147.0807843,,,,,,
147.082662725,,,,,,
147.08270439999998,18324.0,155.76739562624255,6.419828719480286,,,
147.083702,,,,34766.0,518.8141391106044,1.9274725274725275
147.08461585,,,,,,
147.08469055,,,,,,
147.086568975,,,,,,
147.0885221,,,,,,
147.0885968,,,,,,
147.090475225,,,,,,
147.09051689999998,18323.0,155.89136490250695,6.414723487894219,,,
147.091,,,,,,
147.0915145,,,,34765.0,519.2088246481552,1.9260073260073256
147.09242835,,,,,,
147.09250305,,,,,,
147.094381475,,,,,,
147.0963346,,,,,,
147.0964093,,,,,,
147.098287725,,,,,,
147.09832939999998,18323.0,155.89136490250695,6.414723487894219,,,
147.099327,,,,34766.0,518.8141391106044,1.9274725274725275
147.10024085,,,,,,
147.10031555,,,,,,
147.102193975,,,,,,
147.1041471,,,,,,
147.1042218,,,,,,
147.106100225,,,,,,
147.10614189999998,18323.0,155.89136490250695,6.414723487894219,,,
147.1071395,,,,34765.0,519.2088246481552,1.9260073260073256
147.10805335,,,,,,
147.10812805,,,,,,
147.110006475,,,,,,
147.111,,,,,,
147.1119596,,,,,,
147.1120343,,,,,,
147.113912725,,,,,,
147.11395439999998,18323.0,155.89136490250695,6.414723487894219,,,
147.114952,,,,34765.0,519.2088246481552,1.9260073260073256
147.11586585,,,,,,
147.11594055,,,,,,
147.117818975,,,,,,
147.1197721,,,,,,
147.1198468,,,,,,
147.121725225,,,,,,
147.12176689999998,18323.0,155.89136490250695,6.414723487894219,,,
147.1227645,,,,34765.0,519.2088246481552,1.9260073260073256
147.12367835,,,,,,
147.12375305,,,,,,
147.125631475,,,,,,
147.1275846,,,,,,
147.1276593,,,,,,
147.129537725,,,,,,
147.12957939999998,18323.0,155.89136490250695,6.414723487894219,,,
147.130577,,,,34765.0,519.2088246481552,1.9260073260073256
147.131,,,,,,
147.13149085,,,,,,
147.13156555,,,,,,
147.133443975,,,,,,
147.1353971,,,,,,
147.1354718,,,,,,
147.137350225,,,,,,
147.13739189999998,18324.0,155.76739562624255,6.419828719480286,,,
147.1383895,,,,34767.0,518.4200531712876,1.9289377289377287
147.13930335,,,,,,
147.13937805,,,,,,
147.141256475,,,,,,
147.1432096,,,,,,
147.1432843,,,,,,
147.145162725,,,,,,
147.14520439999998,18323.0,155.89136490250695,6.414723487894219,,,
147.146202,,,,34765.0,519.2088246481552,1.9260073260073256
147.14711585,,,,,,
147.14719055,,,,,,
147.149068975,,,,,,
147.151,,,,,,
147.1510221,,,,,,
147.1510968,,,,,,
147.152975225,,,,,,
147.15301689999998,18323.0,155.89136490250695,6.414723487894219,,,
147.1540145,,,,34767.0,518.4200531712876,1.9289377289377287
147.15492835,,,,,,
147.15500305,,,,,,
147.156881475,,,,,,
147.1588346,,,,,,
147.1589093,,,,,,
147.160787725,,,,,,
147.16082939999998,18323.0,155.89136490250695,6.414723487894219,,,
147.161827,,,,34766.0,518.8141391106044,1.9274725274725275
147.16274085,,,,,,
147.16281555,,,,,,
147.164693975,,,,,,
147.1666471,,,,,,
147.1667218,,,,,,
147.168600225,,,,,,
147.16864189999998,18323.0,155.89136490250695,6.414723487894219,,,
147.1696395,,,,34766.0,518.8141391106044,1.9274725274725275
147.17055335,,,,,,
147.17062805,,,,,,
147.171,,,,,,
147.172506475,,,,,,
147.1744596,,,,,,
147.1745343,,,,,,
147.176412725,,,,,,
147.17645439999998,18323.0,155.89136490250695,6.414723487894219,,,
147.177452,,,,34765.0,519.2088246481552,1.9260073260073256
147.17836585,,,,,,
147.17844055,,,,,,
147.180318975,,,,,,
147.1822721,,,,,,
147.1823468,,,,,,
147.184225225,,,,,,
147.18426689999998,18323.0,155.89136490250695,6.414723487894219,,,
147.1852645,,,,34765.0,519.2088246481552,1.9260073260073256
147.18617835,,,,,,
147.18625305,,,,,,
147.188131475,,,,,,
147.1900846,,,,,,
147.1901593,,,,,,
147.191,,,,,,
147.192037725,,,,,,
147.19207939999998,18323.0,155.89136490250695,6.414723487894219,,,
147.193077,,,,34765.0,519.2088246481552,1.9260073260073256
147.19399085,,,,,,
147.19406555,,,,,,
147.195943975,,,,,,
147.1978971,,,,,,
147.1979718,,,,,,
147.199850225,,,,,,
147.19989189999998,18322.0,156.01553166069294,6.4096182563081525,,,
147.2008895,,,,34767.0,518.4200531712876,1.9289377289377287
147.20180335,,,,,,
147.20187805,,,,,,
147.203756475,,,,,,
147.2057096,,,,,,
147.2057843,,,,,,
147.207662725,,,,,,
147.20770439999998,18324.0,155.76739562624255,6.419828719480286,,,
147.208702,,,,34766.0,518.8141391106044,1.9274725274725275
147.20961585,,,,,,
147.20969055,,,,,,
147.211,,,,,,
147.211568975,,,,,,
147.2135221,,,,,,
147.2135968,,,,,,
147.215475225,,,,,,
147.21551689999998,18323.0,155.89136490250695,6.414723487894219,,,
147.2165145,,,,34764.0,519.604111153407,1.9245421245421244
147.21742835,,,,,,
147.21750305,,,,,,
147.219381475,,,,,,
147.2213346,,,,,,
147.2214093,,,,,,
147.223287725,,,,,,
147.22332939999998,18323.0,155.89136490250695,6.414723487894219,,,
147.224327,,,,34766.0,518.8141391106044,1.9274725274725275
147.22524085,,,,,,
147.22531555,,,,,,
147.227193975,,,,,,
147.2291471,,,,,,
147.2292218,,,,,,
147.231,,,,,,
147.231100225,,,,,,
147.23114189999998,18323.0,155.89136490250695,6.414723487894219,,,
147.2321395,,,,34766.0,518.8141391106044,1.9274725274725275
147.23305335,,,,,,
147.23312805,,,,,,
147.235006475,,,,,,
147.2369596,,,,,,
147.2370343,,,,,,
147.238912725,,,,,,
147.23895439999998,18323.0,155.89136490250695,6.414723487894219,,,
147.239952,,,,34766.0,518.8141391106044,1.9274725274725275
147.24086585,,,,,,
147.24094055,,,,,,
147.242818975,,,,,,
147.2447721,,,,,,
147.2448468,,,,,,
147.246725225,,,,,,
147.24676689999998,18322.0,156.01553166069294,6.4096182563081525,,,
147.2477645,,,,34766.0,518.8141391106044,1.9274725274725275
147.24867835,,,,,,
147.24875305,,,,,,
147.250631475,,,,,,
147.251,,,,,,
147.2525846,,,,,,
147.2526593,,,,,,
147.254537725,,,,,,
147.25457939999998,18323.0,155.89136490250695,6.414723487894219,,,
147.255577,,,,34766.0,518.8141391106044,1.9274725274725275
147.25649085,,,,,,
147.25656555,,,,,,
147.258443975,,,,,,
147.2603971,,,,,,
147.2604718,,,,,,
147.262350225,,,,,,
147.26239189999998,18323.0,155.89136490250695,6.414723487894219,,,
147.2633895,,,,34766.0,518.8141391106044,1.9274725274725275
147.26430335,,,,,,
147.26437805,,,,,,
147.266256475,,,,,,
147.2682096,,,,,,
147.2682843,,,,,,
147.270162725,,,,,,
147.27020439999998,18323.0,155.89136490250695,6.414723487894219,,,
147.271,,,,,,
147.271202,,,,34766.0,518.8141391106044,1.9274725274725275
147.27211585,,,,,,
147.27219055,,,,,,
147.274068975,,,,,,
147.2760221,,,,,,
147.2760968,,,,,,
147.277975225,,,,,,
147.27801689999998,18322.0,156.01553166069294,6.4096182563081525,,,
147.2790145,,,,34765.0,519.2088246481552,1.9260073260073256
147.27992835,,,,,,
147.28000305,,,,,,
147.281881475,,,,,,
147.2838346,,,,,,
147.2839093,,,,,,
147.285787725,,,,,,
147.28582939999998,18323.0,155.89136490250695,6.414723487894219,,,
147.286827,,,,34766.0,518.8141391106044,1.9274725274725275
147.28774085,,,,,,
147.28781555,,,,,,
147.289693975,,,,,,
147.291,,,,,,
147.2916471,,,,,,
147.2917218,,,,,,
147.293600225,,,,,,
147.29364189999998,18324.0,155.76739562624255,6.419828719480286,,,
147.2946395,,,,34766.0,518.8141391106044,1.9274725274725275
147.29555335,,,,,,
147.29562805,,,,,,
147.297506475,,,,,,
147.2994596,,,,,,
147.2995343,,,,,,
147.301412725,,,,,,
147.30145439999998,18323.0,155.89136490250695,6.414723487894219,,,
147.302452,,,,34766.0,518.8141391106044,1.9274725274725275
147.30336585,,,,,,
147.30344055,,,,,,
147.305318975,,,,,,
147.3072721,,,,,,
147.3073468,,,,,,
147.309225225,,,,,,
147.30926689999998,18323.0,155.89136490250695,6.414723487894219,,,
147.3102645,,,,34766.0,518.8141391106044,1.9274725274725275
147.311,,,,,,
147.31117835,,,,,,
147.31125305,,,,,,
147.313131475,,,,,,
147.3150846,,,,,,
147.3151593,,,,,,
147.317037725,,,,,,
147.31707939999998,18323.0,155.89136490250695,6.414723487894219,,,
147.318077,,,,34767.0,518.4200531712876,1.9289377289377287
147.31899085,,,,,,
147.31906555,,,,,,
147.320943975,,,,,,
147.3228971,,,,,,
147.3229718,,,,,,
147.324850225,,,,,,
147.32489189999998,18322.0,156.01553166069294,6.4096182563081525,,,
147.3258895,,,,34765.0,519.2088246481552,1.9260073260073256
147.32680335,,,,,,
147.32687805,,,,,,
147.328756475,,,,,,
147.3307096,,,,,,
147.3307843,,,,,,
147.331,,,,,,
147.332662725,,,,,,
147.33270439999998,18323.0,155.89136490250695,6.414723487894219,,,
147.333702,,,,34766.0,518.8141391106044,1.9274725274725275
147.33461585,,,,,,
147.33469055,,,,,,
147.336568975,,,,,,
147.3385221,,,,,,
147.3385968,,,,,,
147.340475225,,,,,,
147.34051689999998,18324.0,155.76739562624255,6.419828719480286,,,
147.3415145,,,,34766.0,518.8141391106044,1.9274725274725275
147.34242835,,,,,,
147.34250305,,,,,,
147.344381475,,,,,,
147.3463346,,,,,,
147.3464093,,,,,,
147.348287725,,,,,,
147.34832939999998,18322.0,156.01553166069294,6.4096182563081525,,,
147.349327,,,,34766.0,518.8141391106044,1.9274725274725275
147.35024085,,,,,,
147.35031555,,,,,,
147.351,,,,,,
147.352193975,,,,,,
147.3541471,,,,,,
147.3542218,,,,,,
147.356100225,,,,,,
147.35614189999998,18322.0,156.01553166069294,6.4096182563081525,,,
147.3571395,,,,34765.0,519.2088246481552,1.9260073260073256
147.35805335,,,,,,
147.35812805,,,,,,
147.360006475,,,,,,
147.3619596,,,,,,
147.3620343,,,,,,
147.363912725,,,,,,
147.36395439999998,18324.0,155.76739562624255,6.419828719480286,,,
147.364952,,,,34763.0,520.0,1.9230769230769231
147.36586585,,,,,,
147.36594055,,,,,,
147.367818975,,,,,,
147.3697721,,,,,,
147.3698468,,,,,,
147.371,,,,,,
147.371725225,,,,,,
147.37176689999998,18323.0,155.89136490250695,6.414723487894219,,,
147.3727645,,,,34766.0,518.8141391106044,1.9274725274725275
147.37367835,,,,,,
147.37375305,,,,,,
147.375631475,,,,,,
147.3775846,,,,,,
147.3776593,,,,,,
147.379537725,,,,,,
147.37957939999998,18322.0,156.01553166069294,6.4096182563081525,,,
147.380577,,,,34766.0,518.8141391106044,1.9274725274725275
147.38149085,,,,,,
147.38156555,,,,,,
147.383443975,,,,,,
147.3853971,,,,,,
147.3854718,,,,,,
147.387350225,,,,,,
147.38739189999998,18322.0,156.01553166069294,6.4096182563081525,,,
147.3883895,,,,34766.0,518.8141391106044,1.9274725274725275
147.38930335,,,,,,
147.38937805,,,,,,
147.391,,,,,,
147.391256475,,,,,,
147.3932096,,,,,,
147.3932843,,,,,,
147.395162725,,,,,,
147.39520439999998,18323.0,155.89136490250695,6.414723487894219,,,
147.396202,,,,34766.0,518.8141391106044,1.9274725274725275
147.39711585,,,,,,
147.39719055,,,,,,
147.399068975,,,,,,
147.4010221,,,,,,
147.4010968,,,,,,
147.402975225,,,,,,
147.40301689999998,18323.0,155.89136490250695,6.414723487894219,,,
147.4040145,,,,34766.0,518.8141391106044,1.9274725274725275
147.40492835,,,,,,
147.40500305,,,,,,
147.406881475,,,,,,
147.4088346,,,,,,
147.4089093,,,,,,
147.410787725,,,,,,
147.41082939999998,18322.0,156.01553166069294,6.4096182563081525,,,
147.411,,,,,,
147.411827,,,,34766.0,518.8141391106044,1.9274725274725275
147.41274085,,,,,,
147.41281555,,,,,,
147.414693975,,,,,,
147.4166471,,,,,,
147.4167218,,,,,,
147.418600225,,,,,,
147.41864189999998,18323.0,155.89136490250695,6.414723487894219,,,
147.4196395,,,,34765.0,519.2088246481552,1.9260073260073256
147.42055335,,,,,,
147.42062805,,,,,,
147.422506475,,,,,,
147.4244596,,,,,,
147.4245343,,,,,,
147.426412725,,,,,,
147.42645439999998,18323.0,155.89136490250695,6.414723487894219,,,
147.427452,,,,34766.0,518.8141391106044,1.9274725274725275
147.42836585,,,,,,
147.42844055,,,,,,
147.430318975,,,,,,
147.431,,,,,,
147.4322721,,,,,,
147.4323468,,,,,,
147.434225225,,,,,,
147.43426689999998,18322.0,156.01553166069294,6.4096182563081525,,,
147.4352645,,,,34766.0,518.8141391106044,1.9274725274725275
147.43617835,,,,,,
147.43625305,,,,,,
147.438131475,,,,,,
147.4400846,,,,,,
147.4401593,,,,,,
147.442037725,,,,,,
147.44207939999998,18323.0,155.89136490250695,6.414723487894219,,,
147.443077,,,,34766.0,518.8141391106044,1.9274725274725275
147.44399085,,,,,,
147.44406555,,,,,,
147.445943975,,,,,,
147.4478971,,,,,,
147.4479718,,,,,,
147.449850225,,,,,,
147.44989189999998,18322.0,156.01553166069294,6.4096182563081525,,,
147.4508895,,,,34766.0,518.8141391106044,1.9274725274725275
147.451,,,,,,
147.45180335,,,,,,
147.45187805,,,,,,
147.453756475,,,,,,
147.4557096,,,,,,
147.4557843,,,,,,
147.457662725,,,,,,
147.45770439999998,18323.0,155.89136490250695,6.414723487894219,,,
147.458702,,,,34766.0,518.8141391106044,1.9274725274725275
147.45961585,,,,,,
147.45969055,,,,,,
147.461568975,,,,,,
147.4635221,,,,,,
147.4635968,,,,,,
147.465475225,,,,,,
147.46551689999998,18323.0,155.89136490250695,6.414723487894219,,,
147.4665145,,,,34765.0,519.2088246481552,1.9260073260073256
147.46742835,,,,,,
147.46750305,,,,,,
147.469381475,,,,,,
147.471,,,,,,
147.4713346,,,,,,
147.4714093,,,,,,
147.473287725,,,,,,
147.47332939999998,18322.0,156.01553166069294,6.4096182563081525,,,
147.474327,,,,34766.0,518.8141391106044,1.9274725274725275
147.47524085,,,,,,
147.47531555,,,,,,
147.477193975,,,,,,
147.4791471,,,,,,
147.4792218,,,,,,
147.481100225,,,,,,
147.48114189999998,18324.0,155.76739562624255,6.419828719480286,,,
147.4821395,,,,34766.0,518.8141391106044,1.9274725274725275
147.48305335,,,,,,
147.48312805,,,,,,
147.485006475,,,,,,
147.4869596,,,,,,
147.4870343,,,,,,
147.488912725,,,,,,
147.48895439999998,18324.0,155.76739562624255,6.419828719480286,,,
147.489952,,,,34765.0,519.2088246481552,1.9260073260073256
147.49086585,,,,,,
147.49094055,,,,,,
147.491,,,,,,
147.492818975,,,,,,
147.4947721,,,,,,
147.4948468,,,,,,
147.496725225,,,,,,
147.49676689999998,18323.0,155.89136490250695,6.414723487894219,,,
147.4977645,,,,34764.0,519.604111153407,1.9245421245421244
147.49867835,,,,,,
147.49875305,,,,,,
147.500631475,,,,,,
147.5025846,,,,,,
147.5026593,,,,,,
147.504537725,,,,,,
147.50457939999998,18323.0,155.89136490250695,6.414723487894219,,,
147.505577,,,,34766.0,518.8141391106044,1.9274725274725275
147.50649085,,,,,,
147.50656555,,,,,,
147.508443975,,,,,,
147.5103971,,,,,,
147.5104718,,,,,,
147.511,,,,,,
147.512350225,,,,,,
147.51239189999998,18322.0,156.01553166069294,6.4096182563081525,,,
147.5133895,,,,34765.0,519.2088246481552,1.9260073260073256
147.51430335,,,,,,
147.51437805,,,,,,
147.516256475,,,,,,
147.5182096,,,,,,
147.5182843,,,,,,
147.520162725,,,,,,
147.52020439999998,18323.0,155.89136490250695,6.414723487894219,,,
147.521202,,,,34765.0,519.2088246481552,1.9260073260073256
147.52211585,,,,,,
147.52219055,,,,,,
147.524068975,,,,,,
147.5260221,,,,,,
147.5260968,,,,,,
147.527975225,,,,,,
147.52801689999998,18322.0,156.01553166069294,6.4096182563081525,,,
147.5290145,,,,34766.0,518.8141391106044,1.9274725274725275
147.52992835,,,,,,
147.53000305,,,,,,
147.531,,,,,,
147.531881475,,,,,,
147.5338346,,,,,,
147.5339093,,,,,,
147.535787725,,,,,,
147.53582939999998,18322.0,156.01553166069294,6.4096182563081525,,,
147.536827,,,,34765.0,519.2088246481552,1.9260073260073256
147.53774085,,,,,,
147.53781555,,,,,,
147.539693975,,,,,,
147.5416471,,,,,,
147.5417218,,,,,,
147.543600225,,,,,,
147.54364189999998,18323.0,155.89136490250695,6.414723487894219,,,
147.5446395,,,,34765.0,519.2088246481552,1.9260073260073256
147.54555335,,,,,,
147.54562805,,,,,,
147.547506475,,,,,,
147.5494596,,,,,,
147.5495343,,,,,,
147.551,,,,,,
147.551412725,,,,,,
147.55145439999998,18324.0,155.76739562624255,6.419828719480286,,,
147.552452,,,,34767.0,518.4200531712876,1.9289377289377287
147.55336585,,,,,,
147.55344055,,,,,,
147.555318975,,,,,,
147.5572721,,,,,,
147.5573468,,,,,,
147.559225225,,,,,,
147.55926689999998,18322.0,156.01553166069294,6.4096182563081525,,,
147.5602645,,,,34765.0,519.2088246481552,1.9260073260073256
147.56117835,,,,,,
147.56125305,,,,,,
147.563131475,,,,,,
147.5650846,,,,,,
147.5651593,,,,,,
147.567037725,,,,,,
147.56707939999998,18322.0,156.01553166069294,6.4096182563081525,,,
147.568077,,,,34764.0,519.604111153407,1.9245421245421244
147.56899085,,,,,,
147.56906555,,,,,,
147.570943975,,,,,,
147.571,,,,,,
147.5728971,,,,,,
147.5729718,,,,,,
147.574850225,,,,,,
147.57489189999998,18323.0,155.89136490250695,6.414723487894219,,,
147.5758895,,,,34766.0,518.8141391106044,1.9274725274725275
147.57680335,,,,,,
147.57687805,,,,,,
147.578756475,,,,,,
147.5807096,,,,,,
147.5807843,,,,,,
147.582662725,,,,,,
147.58270439999998,18323.0,155.89136490250695,6.414723487894219,,,
147.583702,,,,34765.0,519.2088246481552,1.9260073260073256
147.58461585,,,,,,
147.58469055,,,,,,
147.586568975,,,,,,
147.5885221,,,,,,
147.5885968,,,,,,
147.590475225,,,,,,
147.59051689999998,18322.0,156.01553166069294,6.4096182563081525,,,
147.591,,,,,,
147.5915145,,,,34765.0,519.2088246481552,1.9260073260073256
147.59242835,,,,,,
147.59250305,,,,,,
147.594381475,,,,,,
147.5963346,,,,,,
147.5964093,,,,,,
147.598287725,,,,,,
147.59832939999998,18323.0,155.89136490250695,6.414723487894219,,,
147.599327,,,,34766.0,518.8141391106044,1.9274725274725275
147.60024085,,,,,,
147.60031555,,,,,,
147.602193975,,,,,,
147.6041471,,,,,,
147.6042218,,,,,,
147.606100225,,,,,,
147.60614189999998,18323.0,155.89136490250695,6.414723487894219,,,
147.6071395,,,,34766.0,518.8141391106044,1.9274725274725275
147.60805335,,,,,,
147.60812805,,,,,,
147.610006475,,,,,,
147.611,,,,,,
147.6119596,,,,,,
147.6120343,,,,,,
147.613912725,,,,,,
147.61395439999998,18324.0,155.76739562624255,6.419828719480286,,,
147.614952,,,,34764.0,519.604111153407,1.9245421245421244
147.61586585,,,,,,
147.61594055,,,,,,
147.617818975,,,,,,
147.6197721,,,,,,
147.6198468,,,,,,
147.621725225,,,,,,
147.62176689999998,18323.0,155.89136490250695,6.414723487894219,,,
147.6227645,,,,34765.0,519.2088246481552,1.9260073260073256
147.62367835,,,,,,
147.62375305,,,,,,
147.625631475,,,,,,
147.6275846,,,,,,
147.6276593,,,,,,
147.629537725,,,,,,
147.62957939999998,18322.0,156.01553166069294,6.4096182563081525,,,
147.630577,,,,34766.0,518.8141391106044,1.9274725274725275
147.631,,,,,,
147.63149085,,,,,,
147.63156555,,,,,,
147.633443975,,,,,,
147.6353971,,,,,,
147.6354718,,,,,,
147.637350225,,,,,,
147.63739189999998,18322.0,156.01553166069294,6.4096182563081525,,,
147.6383895,,,,34766.0,518.8141391106044,1.9274725274725275
147.63930335,,,,,,
147.63937805,,,,,,
147.641256475,,,,,,
147.6432096,,,,,,
147.6432843,,,,,,
147.645162725,,,,,,
147.64520439999998,18323.0,155.89136490250695,6.414723487894219,,,
147.646202,,,,34766.0,518.8141391106044,1.9274725274725275
147.64711585,,,,,,
147.64719055,,,,,,
147.649068975,,,,,,
147.651,,,,,,
147.6510221,,,,,,
147.6510968,,,,,,
147.652975225,,,,,,
147.65301689999998,18322.0,156.01553166069294,6.4096182563081525,,,
147.6540145,,,,34766.0,518.8141391106044,1.9274725274725275
147.65492835,,,,,,
147.65500305,,,,,,
147.656881475,,,,,,
147.6588346,,,,,,
147.6589093,,,,,,
147.660787725,,,,,,
147.66082939999998,18322.0,156.01553166069294,6.4096182563081525,,,
147.661827,,,,34765.0,519.2088246481552,1.9260073260073256
147.66274085,,,,,,
147.66281555,,,,,,
147.664693975,,,,,,
147.6666471,,,,,,
147.6667218,,,,,,
147.668600225,,,,,,
147.66864189999998,18321.0,156.13989637305696,6.4045130247220845,,,
147.6696395,,,,34766.0,518.8141391106044,1.9274725274725275
147.67055335,,,,,,
147.67062805,,,,,,
147.671,,,,,,
147.672506475,,,,,,
147.6744596,,,,,,
147.6745343,,,,,,
147.676412725,,,,,,
147.67645439999998,18323.0,155.89136490250695,6.414723487894219,,,
147.677452,,,,34765.0,519.2088246481552,1.9260073260073256
147.67836585,,,,,,
147.67844055,,,,,,
147.680318975,,,,,,
147.6822721,,,,,,
147.6823468,,,,,,
147.684225225,,,,,,
147.68426689999998,18322.0,156.01553166069294,6.4096182563081525,,,
147.6852645,,,,34766.0,518.8141391106044,1.9274725274725275
147.68617835,,,,,,
147.68625305,,,,,,
147.688131475,,,,,,
147.6900846,,,,,,
147.6901593,,,,,,
147.691,,,,,,
147.692037725,,,,,,
147.69207939999998,18323.0,155.89136490250695,6.414723487894219,,,
147.693077,,,,34767.0,518.4200531712876,1.9289377289377287
147.69399085,,,,,,
147.69406555,,,,,,
147.695943975,,,,,,
147.6978971,,,,,,
147.6979718,,,,,,
147.699850225,,,,,,
147.69989189999998,18321.0,156.13989637305696,6.4045130247220845,,,
147.7008895,,,,34766.0,518.8141391106044,1.9274725274725275
147.70180335,,,,,,
147.70187805,,,,,,
147.703756475,,,,,,
147.7057096,,,,,,
147.7057843,,,,,,
147.707662725,,,,,,
147.70770439999998,18323.0,155.89136490250695,6.414723487894219,,,
147.708702,,,,34766.0,518.8141391106044,1.9274725274725275
147.70961585,,,,,,
147.70969055,,,,,,
147.711,,,,,,
147.711568975,,,,,,
147.7135221,,,,,,
147.7135968,,,,,,
147.715475225,,,,,,
147.71551689999998,18322.0,156.01553166069294,6.4096182563081525,,,
147.7165145,,,,34765.0,519.2088246481552,1.9260073260073256
147.71742835,,,,,,
147.71750305,,,,,,
147.719381475,,,,,,
147.7213346,,,,,,
147.7214093,,,,,,
147.723287725,,,,,,
147.72332939999998,18322.0,156.01553166069294,6.4096182563081525,,,
147.724327,,,,34765.0,519.2088246481552,1.9260073260073256
147.72524085,,,,,,
147.72531555,,,,,,
147.727193975,,,,,,
147.7291471,,,,,,
147.7292218,,,,,,
147.731,,,,,,
147.731100225,,,,,,
147.73114189999998,18321.0,156.13989637305696,6.4045130247220845,,,
147.7321395,,,,34767.0,518.4200531712876,1.9289377289377287
147.73305335,,,,,,
147.73312805,,,,,,
147.735006475,,,,,,
147.7369596,,,,,,
147.7370343,,,,,,
147.738912725,,,,,,
147.73895439999998,18322.0,156.01553166069294,6.4096182563081525,,,
147.739952,,,,34766.0,518.8141391106044,1.9274725274725275
147.74086585,,,,,,
147.74094055,,,,,,
147.742818975,,,,,,
147.7447721,,,,,,
147.7448468,,,,,,
147.746725225,,,,,,
147.74676689999998,18321.0,156.13989637305696,6.4045130247220845,,,
147.7477645,,,,34765.0,519.2088246481552,1.9260073260073256
147.74867835,,,,,,
147.74875305,,,,,,
147.750631475,,,,,,
147.751,,,,,,
147.7525846,,,,,,
147.7526593,,,,,,
147.754537725,,,,,,
147.75457939999998,18322.0,156.01553166069294,6.4096182563081525,,,
147.755577,,,,34765.0,519.2088246481552,1.9260073260073256
147.75649085,,,,,,
147.75656555,,,,,,
147.758443975,,,,,,
147.7603971,,,,,,
147.7604718,,,,,,
147.762350225,,,,,,
147.76239189999998,18323.0,155.89136490250695,6.414723487894219,,,
147.7633895,,,,34766.0,518.8141391106044,1.9274725274725275
147.76430335,,,,,,
147.76437805,,,,,,
147.766256475,,,,,,
147.7682096,,,,,,
147.7682843,,,,,,
147.770162725,,,,,,
147.77020439999998,18322.0,156.01553166069294,6.4096182563081525,,,
147.771,,,,,,
147.771202,,,,34764.0,519.604111153407,1.9245421245421244
147.77211585,,,,,,
147.77219055,,,,,,
147.774068975,,,,,,
147.7760221,,,,,,
147.7760968,,,,,,
147.777975225,,,,,,
147.77801689999998,18322.0,156.01553166069294,6.4096182563081525,,,
147.7790145,,,,34766.0,518.8141391106044,1.9274725274725275
147.77992835,,,,,,
147.78000305,,,,,,
147.781881475,,,,,,
147.7838346,,,,,,
147.7839093,,,,,,
147.785787725,,,,,,
147.78582939999998,18322.0,156.01553166069294,6.4096182563081525,,,
147.786827,,,,34765.0,519.2088246481552,1.9260073260073256
147.78774085,,,,,,
147.78781555,,,,,,
147.789693975,,,,,,
147.791,,,,,,
147.7916471,,,,,,
147.7917218,,,,,,
147.793600225,,,,,,
147.79364189999998,18322.0,156.01553166069294,6.4096182563081525,,,
147.7946395,,,,34766.0,518.8141391106044,1.9274725274725275
147.79555335,,,,,,
147.79562805,,,,,,
147.797506475,,,,,,
147.7994596,,,,,,
147.7995343,,,,,,
147.801412725,,,,,,
147.80145439999998,18322.0,156.01553166069294,6.4096182563081525,,,
147.802452,,,,34765.0,519.2088246481552,1.9260073260073256
147.80336585,,,,,,
147.80344055,,,,,,
147.805318975,,,,,,
147.8072721,,,,,,
147.8073468,,,,,,
147.809225225,,,,,,
147.80926689999998,18323.0,155.89136490250695,6.414723487894219,,,
147.8102645,,,,34765.0,519.2088246481552,1.9260073260073256
147.811,,,,,,
147.81117835,,,,,,
147.81125305,,,,,,
147.813131475,,,,,,
147.8150846,,,,,,
147.8151593,,,,,,
147.817037725,,,,,,
147.81707939999998,18321.0,156.13989637305696,6.4045130247220845,,,
147.818077,,,,34766.0,518.8141391106044,1.9274725274725275
147.81899085,,,,,,
147.81906555,,,,,,
147.820943975,,,,,,
147.8228971,,,,,,
147.8229718,,,,,,
147.824850225,,,,,,
147.82489189999998,18321.0,156.13989637305696,6.4045130247220845,,,
147.8258895,,,,34767.0,518.4200531712876,1.9289377289377287
147.82680335,,,,,,
147.82687805,,,,,,
147.828756475,,,,,,
147.8307096,,,,,,
147.8307843,,,,,,
147.831,,,,,,
147.832662725,,,,,,
147.83270439999998,18323.0,155.89136490250695,6.414723487894219,,,
147.833702,,,,34766.0,518.8141391106044,1.9274725274725275
147.83461585,,,,,,
147.83469055,,,,,,
147.836568975,,,,,,
147.8385221,,,,,,
147.8385968,,,,,,
147.840475225,,,,,,
147.84051689999998,18322.0,156.01553166069294,6.4096182563081525,,,
147.8415145,,,,34766.0,518.8141391106044,1.9274725274725275
147.84242835,,,,,,
147.84250305,,,,,,
147.844381475,,,,,,
147.8463346,,,,,,
147.8464093,,,,,,
147.848287725,,,,,,
147.84832939999998,18322.0,156.01553166069294,6.4096182563081525,,,
147.849327,,,,34766.0,518.8141391106044,1.9274725274725275
147.85024085,,,,,,
147.85031555,,,,,,
147.851,,,,,,
147.852193975,,,,,,
147.8541471,,,,,,
147.8542218,,,,,,
147.856100225,,,,,,
147.85614189999998,18321.0,156.13989637305696,6.4045130247220845,,,
147.8571395,,,,34765.0,519.2088246481552,1.9260073260073256
147.85805335,,,,,,
147.85812805,,,,,,
147.860006475,,,,,,
147.8619596,,,,,,
147.8620343,,,,,,
147.863912725,,,,,,
147.86395439999998,18322.0,156.01553166069294,6.4096182563081525,,,
147.864952,,,,34766.0,518.8141391106044,1.9274725274725275
147.86586585,,,,,,
147.86594055,,,,,,
147.867818975,,,,,,
147.8697721,,,,,,
147.8698468,,,,,,
147.871,,,,,,
147.871725225,,,,,,
147.87176689999998,18321.0,156.13989637305696,6.4045130247220845,,,
147.8727645,,,,34766.0,518.8141391106044,1.9274725274725275
147.87367835,,,,,,
147.87375305,,,,,,
147.875631475,,,,,,
147.8775846,,,,,,
147.8776593,,,,,,
147.879537725,,,,,,
147.87957939999998,18321.0,156.13989637305696,6.4045130247220845,,,
147.880577,,,,34766.0,518.8141391106044,1.9274725274725275
147.88149085,,,,,,
147.88156555,,,,,,
147.883443975,,,,,,
147.8853971,,,,,,
147.8854718,,,,,,
147.887350225,,,,,,
147.88739189999998,18320.0,156.26445951336257,6.399407793136017,,,
147.8883895,,,,34766.0,518.8141391106044,1.9274725274725275
147.88930335,,,,,,
147.88937805,,,,,,
147.891,,,,,,
147.891256475,,,,,,
147.8932096,,,,,,
147.8932843,,,,,,
147.895162725,,,,,,
147.89520439999998,18321.0,156.13989637305696,6.4045130247220845,,,
147.896202,,,,34765.0,519.2088246481552,1.9260073260073256
147.89711585,,,,,,
147.89719055,,,,,,
147.899068975,,,,,,
147.9010221,,,,,,
147.9010968,,,,,,
147.902975225,,,,,,
147.90301689999998,18321.0,156.13989637305696,6.4045130247220845,,,
147.9040145,,,,34766.0,518.8141391106044,1.9274725274725275
147.90492835,,,,,,
147.90500305,,,,,,
147.906881475,,,,,,
147.9088346,,,,,,
147.9089093,,,,,,
147.910787725,,,,,,
147.91082939999998,18321.0,156.13989637305696,6.4045130247220845,,,
147.911,,,,,,
147.911827,,,,34765.0,519.2088246481552,1.9260073260073256
147.91274085,,,,,,
147.91281555,,,,,,
147.914693975,,,,,,
147.9166471,,,,,,
147.9167218,,,,,,
147.918600225,,,,,,
147.91864189999998,18322.0,156.01553166069294,6.4096182563081525,,,
147.9196395,,,,34766.0,518.8141391106044,1.9274725274725275
147.92055335,,,,,,
147.92062805,,,,,,
147.922506475,,,,,,
147.9244596,,,,,,
147.9245343,,,,,,
147.926412725,,,,,,
147.92645439999998,18322.0,156.01553166069294,6.4096182563081525,,,
147.927452,,,,34766.0,518.8141391106044,1.9274725274725275
147.92836585,,,,,,
147.92844055,,,,,,
147.930318975,,,,,,
147.931,,,,,,
147.9322721,,,,,,
147.9323468,,,,,,
147.934225225,,,,,,
147.93426689999998,18322.0,156.01553166069294,6.4096182563081525,,,
147.9352645,,,,34767.0,518.4200531712876,1.9289377289377287
147.93617835,,,,,,
147.93625305,,,,,,
147.938131475,,,,,,
147.9400846,,,,,,
147.9401593,,,,,,
147.942037725,,,,,,
147.94207939999998,18321.0,156.13989637305696,6.4045130247220845,,,
147.943077,,,,34766.0,518.8141391106044,1.9274725274725275
147.94399085,,,,,,
147.94406555,,,,,,
147.945943975,,,,,,
147.9478971,,,,,,
147.9479718,,,,,,
147.949850225,,,,,,
147.94989189999998,18322.0,156.01553166069294,6.4096182563081525,,,
147.9508895,,,,34766.0,518.8141391106044,1.9274725274725275
147.951,,,,,,
147.95180335,,,,,,
147.95187805,,,,,,
147.953756475,,,,,,
147.9557096,,,,,,
147.9557843,,,,,,
147.957662725,,,,,,
147.95770439999998,18321.0,156.13989637305696,6.4045130247220845,,,
147.958702,,,,34766.0,518.8141391106044,1.9274725274725275
147.95961585,,,,,,
147.95969055,,,,,,
147.961568975,,,,,,
147.9635221,,,,,,
147.9635968,,,,,,
147.965475225,,,,,,
147.96551689999998,18321.0,156.13989637305696,6.4045130247220845,,,
147.9665145,,,,34766.0,518.8141391106044,1.9274725274725275
147.96742835,,,,,,
147.96750305,,,,,,
147.969381475,,,,,,
147.971,,,,,,
147.9713346,,,,,,
147.9714093,,,,,,
147.973287725,,,,,,
147.97332939999998,18321.0,156.13989637305696,6.4045130247220845,,,
147.974327,,,,34765.0,519.2088246481552,1.9260073260073256
147.97524085,,,,,,
147.97531555,,,,,,
147.977193975,,,,,,
147.9791471,,,,,,
147.9792218,,,,,,
147.981100225,,,,,,
147.98114189999998,18320.0,156.26445951336257,6.399407793136017,,,
147.9821395,,,,34766.0,518.8141391106044,1.9274725274725275
147.98305335,,,,,,
147.98312805,,,,,,
147.985006475,,,,,,
147.9869596,,,,,,
147.9870343,,,,,,
147.988912725,,,,,,
147.98895439999998,18321.0,156.13989637305696,6.4045130247220845,,,
147.989952,,,,34766.0,518.8141391106044,1.9274725274725275
147.99086585,,,,,,
147.99094055,,,,,,
147.991,,,,,,
147.992818975,,,,,,
147.9947721,,,,,,
147.9948468,,,,,,
147.996725225,,,,,,
147.99676689999998,18321.0,156.13989637305696,6.4045130247220845,,,
147.9977645,,,,34765.0,519.2088246481552,1.9260073260073256
147.99867835,,,,,,
147.99875305,,,,,,
148.000631475,,,,,,
148.0025846,,,,,,
148.0026593,,,,,,
148.004537725,,,,,,
148.00457939999998,18321.0,156.13989637305696,6.4045130247220845,,,
148.005577,,,,34766.0,518.8141391106044,1.9274725274725275
148.00649085,,,,,,
148.00656555,,,,,,
148.008443975,,,,,,
148.0103971,,,,,,
148.0104718,,,,,,
148.011,,,,,,
148.012350225,,,,,,
148.01239189999998,18322.0,156.01553166069294,6.4096182563081525,,,
148.0133895,,,,34766.0,518.8141391106044,1.9274725274725275
148.01430335,,,,,,
148.01437805,,,,,,
148.016256475,,,,,,
148.0182096,,,,,,
148.0182843,,,,,,
148.020162725,,,,,,
148.02020439999998,18322.0,156.01553166069294,6.4096182563081525,,,
148.021202,,,,34766.0,518.8141391106044,1.9274725274725275
148.02211585,,,,,,
148.02219055,,,,,,
148.024068975,,,,,,
148.0260221,,,,,,
148.0260968,,,,,,
148.027975225,,,,,,
148.02801689999998,18321.0,156.13989637305696,6.4045130247220845,,,
148.0290145,,,,34765.0,519.2088246481552,1.9260073260073256
148.02992835,,,,,,
148.03000305,,,,,,
148.031,,,,,,
148.031881475,,,,,,
148.0338346,,,,,,
148.0339093,,,,,,
148.035787725,,,,,,
148.03582939999998,18320.0,156.26445951336257,6.399407793136017,,,
148.036827,,,,34766.0,518.8141391106044,1.9274725274725275
148.03774085,,,,,,
148.03781555,,,,,,
148.039693975,,,,,,
148.0416471,,,,,,
148.0417218,,,,,,
148.043600225,,,,,,
148.04364189999998,18320.0,156.26445951336257,6.399407793136017,,,
148.0446395,,,,34766.0,518.8141391106044,1.9274725274725275
148.04555335,,,,,,
148.04562805,,,,,,
148.047506475,,,,,,
148.0494596,,,,,,
148.0495343,,,,,,
148.051,,,,,,
148.051412725,,,,,,
148.05145439999998,18322.0,156.01553166069294,6.4096182563081525,,,
148.052452,,,,34766.0,518.8141391106044,1.9274725274725275
148.05336585,,,,,,
148.05344055,,,,,,
148.055318975,,,,,,
148.0572721,,,,,,
148.0573468,,,,,,
148.059225225,,,,,,
148.05926689999998,18320.0,156.26445951336257,6.399407793136017,,,
148.0602645,,,,34765.0,519.2088246481552,1.9260073260073256
148.06117835,,,,,,
148.06125305,,,,,,
148.063131475,,,,,,
148.0650846,,,,,,
148.0651593,,,,,,
148.067037725,,,,,,
148.06707939999998,18321.0,156.13989637305696,6.4045130247220845,,,
148.068077,,,,34766.0,518.8141391106044,1.9274725274725275
148.06899085,,,,,,
148.06906555,,,,,,
148.070943975,,,,,,
148.071,,,,,,
148.0728971,,,,,,
148.0729718,,,,,,
148.074850225,,,,,,
148.07489189999998,18321.0,156.13989637305696,6.4045130247220845,,,
148.0758895,,,,34767.0,518.4200531712876,1.9289377289377287
148.07680335,,,,,,
148.07687805,,,,,,
148.078756475,,,,,,
148.0807096,,,,,,
148.0807843,,,,,,
148.082662725,,,,,,
148.08270439999998,18321.0,156.13989637305696,6.4045130247220845,,,
148.083702,,,,34766.0,518.8141391106044,1.9274725274725275
148.08461585,,,,,,
148.08469055,,,,,,
148.086568975,,,,,,
148.0885221,,,,,,
148.0885968,,,,,,
148.090475225,,,,,,
148.09051689999998,18321.0,156.13989637305696,6.4045130247220845,,,
148.091,,,,,,
148.0915145,,,,34764.0,519.604111153407,1.9245421245421244
148.09242835,,,,,,
148.09250305,,,,,,
148.094381475,,,,,,
148.09623449999998,,,,,,
148.0963346,,,,,,
148.0964093,,,,,,
148.098287725,,,,,,
148.09832939999998,18321.0,156.13989637305696,6.4045130247220845,,,
148.099327,,,,34766.0,518.8141391106044,1.9274725274725275
148.10024085,,,,,,
148.10031555,,,,,,
148.102193975,,,,,,
148.1041471,,,,,,
148.1042218,,,,,,
148.106100225,,,,,,
148.10614189999998,18321.0,156.13989637305696,6.4045130247220845,,,
148.1071395,,,,34767.0,518.4200531712876,1.9289377289377287
148.10805335,,,,,,
148.10812805,,,,,,
148.110006475,,,,,,
148.111,,,,,,
148.1119596,,,,,,
148.1120343,,,,,,
148.113912725,,,,,,
148.11395439999998,18322.0,156.01553166069294,6.4096182563081525,,,
148.114952,,,,34766.0,518.8141391106044,1.9274725274725275
148.11586585,,,,,,
148.11594055,,,,,,
148.117818975,,,,,,
148.1197721,,,,,,
148.1198468,,,,,,
148.121725225,,,,,,
148.12176689999998,18321.0,156.13989637305696,6.4045130247220845,,,
148.1227645,,,,34765.0,519.2088246481552,1.9260073260073256
148.12367835,,,,,,
148.12375305,,,,,,
148.125631475,,,,,,
148.1275846,,,,,,
148.1276593,,,,,,
148.129537725,,,,,,
148.12957939999998,18322.0,156.01553166069294,6.4096182563081525,,,
148.130577,,,,34767.0,518.4200531712876,1.9289377289377287
148.131,,,,,,
148.13149085,,,,,,
148.13156555,,,,,,
148.133443975,,,,,,
148.1353971,,,,,,
148.1354718,,,,,,
148.137350225,,,,,,
148.13739189999998,18321.0,156.13989637305696,6.4045130247220845,,,
148.1383895,,,,34768.0,518.0265654648957,1.9304029304029304
148.13930335,,,,,,
148.13937805,,,,,,
148.141256475,,,,,,
148.1432096,,,,,,
148.1432843,,,,,,
148.145162725,,,,,,
148.14520439999998,18321.0,156.13989637305696,6.4045130247220845,,,
148.146202,,,,34766.0,518.8141391106044,1.9274725274725275
148.14711585,,,,,,
148.14719055,,,,,,
148.149068975,,,,,,
148.151,,,,,,
148.1510221,,,,,,
148.1510968,,,,,,
148.152975225,,,,,,
148.15301689999998,18321.0,156.13989637305696,6.4045130247220845,,,
148.1540145,,,,34764.0,519.604111153407,1.9245421245421244
148.15492835,,,,,,
148.15500305,,,,,,
148.156881475,,,,,,
148.1588346,,,,,,
148.1589093,,,,,,
148.160787725,,,,,,
148.16082939999998,18320.0,156.26445951336257,6.399407793136017,,,
148.161827,,,,34766.0,518.8141391106044,1.9274725274725275
148.16274085,,,,,,
148.16281555,,,,,,
148.164693975,,,,,,
148.1666471,,,,,,
148.1667218,,,,,,
148.168600225,,,,,,
148.16864189999998,18321.0,156.13989637305696,6.4045130247220845,,,
148.1696395,,,,34766.0,518.8141391106044,1.9274725274725275
148.17055335,,,,,,
148.17062805,,,,,,
148.171,,,,,,
148.172506475,,,,,,
148.1744596,,,,,,
148.1745343,,,,,,
148.176412725,,,,,,
148.17645439999998,18322.0,156.01553166069294,6.4096182563081525,,,
148.177452,,,,34767.0,518.4200531712876,1.9289377289377287
148.17836585,,,,,,
148.17844055,,,,,,
148.180318975,,,,,,
148.1822721,,,,,,
148.1823468,,,,,,
148.184225225,,,,,,
148.18426689999998,18320.0,156.26445951336257,6.399407793136017,,,
148.1852645,,,,34765.0,519.2088246481552,1.9260073260073256
148.18617835,,,,,,
148.18625305,,,,,,
148.188131475,,,,,,
148.1900846,,,,,,
148.1901593,,,,,,
148.191,,,,,,
148.192037725,,,,,,
148.19207939999998,18321.0,156.13989637305696,6.4045130247220845,,,
148.193077,,,,34766.0,518.8141391106044,1.9274725274725275
148.19399085,,,,,,
148.19406555,,,,,,
148.195943975,,,,,,
148.1978971,,,,,,
148.1979718,,,,,,
148.199850225,,,,,,
148.19989189999998,18321.0,156.13989637305696,6.4045130247220845,,,
148.2008895,,,,34765.0,519.2088246481552,1.9260073260073256
148.20180335,,,,,,
148.20187805,,,,,,
148.203756475,,,,,,
148.2057096,,,,,,
148.2057843,,,,,,
148.207662725,,,,,,
148.20770439999998,18321.0,156.13989637305696,6.4045130247220845,,,
148.208702,,,,34765.0,519.2088246481552,1.9260073260073256
148.20961585,,,,,,
148.20969055,,,,,,
148.211,,,,,,
148.211568975,,,,,,
148.2135221,,,,,,
148.2135968,,,,,,
148.215475225,,,,,,
148.21551689999998,18321.0,156.13989637305696,6.4045130247220845,,,
148.2165145,,,,34767.0,518.4200531712876,1.9289377289377287
148.21742835,,,,,,
148.21750305,,,,,,
148.219381475,,,,,,
148.2213346,,,,,,
148.2214093,,,,,,
148.223287725,,,,,,
148.22332939999998,18320.0,156.26445951336257,6.399407793136017,,,
148.224327,,,,34765.0,519.2088246481552,1.9260073260073256
148.22524085,,,,,,
148.22531555,,,,,,
148.227193975,,,,,,
148.2291471,,,,,,
148.2292218,,,,,,
148.231,,,,,,
148.231100225,,,,,,
148.23114189999998,18321.0,156.13989637305696,6.4045130247220845,,,
148.2321395,,,,34768.0,518.0265654648957,1.9304029304029304
148.23305335,,,,,,
148.23312805,,,,,,
148.235006475,,,,,,
148.2369596,,,,,,
148.2370343,,,,,,
148.238912725,,,,,,
148.23895439999998,18322.0,156.01553166069294,6.4096182563081525,,,
148.239952,,,,34765.0,519.2088246481552,1.9260073260073256
148.24086585,,,,,,
148.24094055,,,,,,
148.242818975,,,,,,
148.2447721,,,,,,
148.2448468,,,,,,
148.246725225,,,,,,
148.24676689999998,18320.0,156.26445951336257,6.399407793136017,,,
148.2477645,,,,34765.0,519.2088246481552,1.9260073260073256
148.24867835,,,,,,
148.24875305,,,,,,
148.250631475,,,,,,
148.251,,,,,,
148.2525846,,,,,,
148.2526593,,,,,,
148.254537725,,,,,,
148.25457939999998,18320.0,156.26445951336257,6.399407793136017,,,
148.255577,,,,34766.0,518.8141391106044,1.9274725274725275
148.25649085,,,,,,
148.25656555,,,,,,
148.258443975,,,,,,
148.2603971,,,,,,
148.2604718,,,,,,
148.262350225,,,,,,
148.26239189999998,18320.0,156.26445951336257,6.399407793136017,,,
148.2633895,,,,34767.0,518.4200531712876,1.9289377289377287
148.26430335,,,,,,
148.26437805,,,,,,
148.266256475,,,,,,
148.2682096,,,,,,
148.2682843,,,,,,
148.270162725,,,,,,
148.27020439999998,18321.0,156.13989637305696,6.4045130247220845,,,
148.271,,,,,,
148.271202,,,,34765.0,519.2088246481552,1.9260073260073256
148.27211585,,,,,,
148.27219055,,,,,,
148.274068975,,,,,,
148.2760221,,,,,,
148.2760968,,,,,,
148.277975225,,,,,,
148.27801689999998,18322.0,156.01553166069294,6.4096182563081525,,,
148.2790145,,,,34766.0,518.8141391106044,1.9274725274725275
148.27992835,,,,,,
148.28000305,,,,,,
148.281881475,,,,,,
148.2838346,,,,,,
148.2839093,,,,,,
148.285787725,,,,,,
148.28582939999998,18321.0,156.13989637305696,6.4045130247220845,,,
148.286827,,,,34766.0,518.8141391106044,1.9274725274725275
148.28774085,,,,,,
148.28781555,,,,,,
148.289693975,,,,,,
148.29,,,,,,
148.2916471,,,,,,
148.2917218,,,,,,
148.293600225,,,,,,
148.29364189999998,18320.0,156.26445951336257,6.399407793136017,,,
148.2946395,,,,34766.0,518.8141391106044,1.9274725274725275
148.29555335,,,,,,
148.29562805,,,,,,
148.297506475,,,,,,
148.2994596,,,,,,
148.2995343,,,,,,
148.301412725,,,,,,
148.30145439999998,18321.0,156.13989637305696,6.4045130247220845,,,
148.302452,,,,34765.0,519.2088246481552,1.9260073260073256
148.30336585,,,,,,
148.30344055,,,,,,
148.305318975,,,,,,
148.3072721,,,,,,
148.3073468,,,,,,
148.309225225,,,,,,
148.30926689999998,18321.0,156.13989637305696,6.4045130247220845,,,
148.31,,,,,,
148.3102645,,,,34765.0,519.2088246481552,1.9260073260073256
148.31117835,,,,,,
148.31125305,,,,,,
148.313131475,,,,,,
148.3150846,,,,,,
148.3151593,,,,,,
148.317037725,,,,,,
148.31707939999998,18320.0,156.26445951336257,6.399407793136017,,,
148.318077,,,,34765.0,519.2088246481552,1.9260073260073256
148.31899085,,,,,,
148.31906555,,,,,,
148.320943975,,,,,,
148.3228971,,,,,,
148.3229718,,,,,,
148.324850225,,,,,,
148.32489189999998,18320.0,156.26445951336257,6.399407793136017,,,
148.3258895,,,,34765.0,519.2088246481552,1.9260073260073256
148.32680335,,,,,,
148.32687805,,,,,,
148.328756475,,,,,,
148.33,,,,,,
148.3307096,,,,,,
148.3307843,,,,,,
148.332662725,,,,,,
148.33270439999998,18321.0,156.13989637305696,6.4045130247220845,,,
148.333702,,,,34767.0,518.4200531712876,1.9289377289377287
148.33461585,,,,,,
148.33469055,,,,,,
148.336568975,,,,,,
148.3385221,,,,,,
148.3385968,,,,,,
148.340475225,,,,,,
148.34051689999998,18320.0,156.26445951336257,6.399407793136017,,,
148.3415145,,,,34766.0,518.8141391106044,1.9274725274725275
148.34242835,,,,,,
148.34250305,,,,,,
148.344381475,,,,,,
148.3463346,,,,,,
148.3464093,,,,,,
148.348287725,,,,,,
148.34832939999998,18320.0,156.26445951336257,6.399407793136017,,,
148.349327,,,,34766.0,518.8141391106044,1.9274725274725275
148.35,,,,,,
148.35024085,,,,,,
148.35031555,,,,,,
148.352193975,,,,,,
148.3541471,,,,,,
148.3542218,,,,,,
148.356100225,,,,,,
148.35614189999998,18321.0,156.13989637305696,6.4045130247220845,,,
148.3571395,,,,34766.0,518.8141391106044,1.9274725274725275
148.35805335,,,,,,
148.35812805,,,,,,
148.360006475,,,,,,
148.3619596,,,,,,
148.3620343,,,,,,
148.363912725,,,,,,
148.36395439999998,18321.0,156.13989637305696,6.4045130247220845,,,
148.364952,,,,34766.0,518.8141391106044,1.9274725274725275
148.36586585,,,,,,
148.36594055,,,,,,
148.367818975,,,,,,
148.3697721,,,,,,
148.3698468,,,,,,
148.37,,,,,,
148.371725225,,,,,,
148.37176689999998,18320.0,156.26445951336257,6.399407793136017,,,
148.3727645,,,,34765.0,519.2088246481552,1.9260073260073256
148.37367835,,,,,,
148.37375305,,,,,,
148.375631475,,,,,,
148.3775846,,,,,,
148.3776593,,,,,,
148.379537725,,,,,,
148.37957939999998,18322.0,156.01553166069294,6.4096182563081525,,,
148.380577,,,,34768.0,518.0265654648957,1.9304029304029304
148.38149085,,,,,,
148.38156555,,,,,,
148.383443975,,,,,,
148.3853971,,,,,,
148.3854718,,,,,,
148.387350225,,,,,,
148.38739189999998,18322.0,156.01553166069294,6.4096182563081525,,,
148.3883895,,,,34766.0,518.8141391106044,1.9274725274725275
148.38930335,,,,,,
148.38937805,,,,,,
148.39,,,,,,
148.391256475,,,,,,
148.3932096,,,,,,
148.3932843,,,,,,
148.395162725,,,,,,
148.39520439999998,18321.0,156.13989637305696,6.4045130247220845,,,
148.396202,,,,34765.0,519.2088246481552,1.9260073260073256
148.39711585,,,,,,
148.39719055,,,,,,
148.399068975,,,,,,
148.4010221,,,,,,
148.4010968,,,,,,
148.402975225,,,,,,
148.40301689999998,18321.0,156.13989637305696,6.4045130247220845,,,
148.4040145,,,,34766.0,518.8141391106044,1.9274725274725275
148.40492835,,,,,,
148.40500305,,,,,,
148.406881475,,,,,,
148.4088346,,,,,,
148.4089093,,,,,,
148.41,,,,,,
148.410787725,,,,,,
148.41082939999998,18320.0,156.26445951336257,6.399407793136017,,,
148.411827,,,,34766.0,518.8141391106044,1.9274725274725275
148.41274085,,,,,,
148.41281555,,,,,,
148.414693975,,,,,,
148.4166471,,,,,,
148.4167218,,,,,,
148.418600225,,,,,,
148.41864189999998,18321.0,156.13989637305696,6.4045130247220845,,,
148.4196395,,,,34766.0,518.8141391106044,1.9274725274725275
148.42055335,,,,,,
148.42062805,,,,,,
148.422506475,,,,,,
148.4244596,,,,,,
148.4245343,,,,,,
148.426412725,,,,,,
148.42645439999998,18321.0,156.13989637305696,6.4045130247220845,,,
148.427452,,,,34766.0,518.8141391106044,1.9274725274725275
148.42836585,,,,,,
148.42844055,,,,,,
148.43,,,,,,
148.430318975,,,,,,
148.4322721,,,,,,
148.4323468,,,,,,
148.434225225,,,,,,
148.43426689999998,18322.0,156.01553166069294,6.4096182563081525,,,
148.4352645,,,,34766.0,518.8141391106044,1.9274725274725275
148.43617835,,,,,,
148.43625305,,,,,,
148.438131475,,,,,,
148.4400846,,,,,,
148.4401593,,,,,,
148.442037725,,,,,,
148.44207939999998,18321.0,156.13989637305696,6.4045130247220845,,,
148.443077,,,,34765.0,519.2088246481552,1.9260073260073256
148.44399085,,,,,,
148.44406555,,,,,,
148.445943975,,,,,,
148.4478971,,,,,,
148.4479718,,,,,,
148.449850225,,,,,,
148.44989189999998,18320.0,156.26445951336257,6.399407793136017,,,
148.45,,,,,,
148.4508895,,,,34764.0,519.604111153407,1.9245421245421244
148.45180335,,,,,,
148.45187805,,,,,,
148.453756475,,,,,,
148.4557096,,,,,,
148.4557843,,,,,,
148.457662725,,,,,,
148.45770439999998,18321.0,156.13989637305696,6.4045130247220845,,,
148.458702,,,,34768.0,518.0265654648957,1.9304029304029304
148.45961585,,,,,,
148.45969055,,,,,,
148.461568975,,,,,,
148.4635221,,,,,,
148.4635968,,,,,,
148.465475225,,,,,,
148.46551689999998,18321.0,156.13989637305696,6.4045130247220845,,,
148.4665145,,,,34766.0,518.8141391106044,1.9274725274725275
148.46742835,,,,,,
148.46750305,,,,,,
148.469381475,,,,,,
148.47,,,,,,
148.4713346,,,,,,
148.4714093,,,,,,
148.473287725,,,,,,
148.47332939999998,18321.0,156.13989637305696,6.4045130247220845,,,
148.474327,,,,34766.0,518.8141391106044,1.9274725274725275
148.47524085,,,,,,
148.47531555,,,,,,
148.477193975,,,,,,
148.4791471,,,,,,
148.4792218,,,,,,
148.481100225,,,,,,
148.48114189999998,18320.0,156.26445951336257,6.399407793136017,,,
148.4821395,,,,34766.0,518.8141391106044,1.9274725274725275
148.48305335,,,,,,
148.48312805,,,,,,
148.485006475,,,,,,
148.4869596,,,,,,
148.4870343,,,,,,
148.488912725,,,,,,
148.48895439999998,18321.0,156.13989637305696,6.4045130247220845,,,
148.489952,,,,34765.0,519.2088246481552,1.9260073260073256
148.49,,,,,,
148.49086585,,,,,,
148.49094055,,,,,,
148.492818975,,,,,,
148.4947721,,,,,,
148.4948468,,,,,,
148.496725225,,,,,,
148.49676689999998,18320.0,156.26445951336257,6.399407793136017,,,
148.4977645,,,,34765.0,519.2088246481552,1.9260073260073256
148.49867835,,,,,,
148.49875305,,,,,,
148.500631475,,,,,,
148.5025846,,,,,,
148.5026593,,,,,,
148.504537725,,,,,,
148.50457939999998,18321.0,156.13989637305696,6.4045130247220845,,,
148.505577,,,,34765.0,519.2088246481552,1.9260073260073256
148.50649085,,,,,,
148.50656555,,,,,,
148.508443975,,,,,,
148.51,,,,,,
148.5103971,,,,,,
148.5104718,,,,,,
148.512350225,,,,,,
148.51239189999998,18321.0,156.13989637305696,6.4045130247220845,,,
148.5133895,,,,34766.0,518.8141391106044,1.9274725274725275
148.51430335,,,,,,
148.51437805,,,,,,
148.516256475,,,,,,
148.5182096,,,,,,
148.5182843,,,,,,
148.520162725,,,,,,
148.52020439999998,18321.0,156.13989637305696,6.4045130247220845,,,
148.521202,,,,34765.0,519.2088246481552,1.9260073260073256
148.52211585,,,,,,
148.52219055,,,,,,
148.524068975,,,,,,
148.5260221,,,,,,
148.5260968,,,,,,
148.527975225,,,,,,
148.52801689999998,18320.0,156.26445951336257,6.399407793136017,,,
148.5290145,,,,34765.0,519.2088246481552,1.9260073260073256
148.52992835,,,,,,
148.53,,,,,,
148.53000305,,,,,,
148.531881475,,,,,,
148.5338346,,,,,,
148.5339093,,,,,,
148.535787725,,,,,,
148.53582939999998,18322.0,156.01553166069294,6.4096182563081525,,,
148.536827,,,,34766.0,518.8141391106044,1.9274725274725275
148.53774085,,,,,,
148.53781555,,,,,,
148.539693975,,,,,,
148.5416471,,,,,,
148.5417218,,,,,,
148.543600225,,,,,,
148.54364189999998,18320.0,156.26445951336257,6.399407793136017,,,
148.5446395,,,,34766.0,518.8141391106044,1.9274725274725275
148.54555335,,,,,,
148.54562805,,,,,,
148.547506475,,,,,,
148.5494596,,,,,,
148.5495343,,,,,,
148.55,,,,,,
148.551412725,,,,,,
148.55145439999998,18321.0,156.13989637305696,6.4045130247220845,,,
148.552452,,,,34765.0,519.2088246481552,1.9260073260073256
148.55336585,,,,,,
148.55344055,,,,,,
148.555318975,,,,,,
148.5572721,,,,,,
148.5573468,,,,,,
148.559225225,,,,,,
148.55926689999998,18321.0,156.13989637305696,6.4045130247220845,,,
148.5602645,,,,34765.0,519.2088246481552,1.9260073260073256
148.56117835,,,,,,
148.56125305,,,,,,
148.563131475,,,,,,
148.5650846,,,,,,
148.5651593,,,,,,
148.567037725,,,,,,
148.56707939999998,18320.0,156.26445951336257,6.399407793136017,,,
148.568077,,,,34764.0,519.604111153407,1.9245421245421244
148.56899085,,,,,,
148.56906555,,,,,,
148.57,,,,,,
148.570943975,,,,,,
148.5728971,,,,,,
148.5729718,,,,,,
148.574850225,,,,,,
148.57489189999998,18322.0,156.01553166069294,6.4096182563081525,,,
148.5758895,,,,34768.0,518.0265654648957,1.9304029304029304
148.57680335,,,,,,
148.57687805,,,,,,
148.578756475,,,,,,
148.5807096,,,,,,
148.5807843,,,,,,
148.582662725,,,,,,
148.58270439999998,18321.0,156.13989637305696,6.4045130247220845,,,
148.583702,,,,34766.0,518.8141391106044,1.9274725274725275
148.58461585,,,,,,
148.58469055,,,,,,
148.586568975,,,,,,
148.5885221,,,,,,
148.5885968,,,,,,
148.59,,,,,,
148.590475225,,,,,,
148.59051689999998,18320.0,156.26445951336257,6.399407793136017,,,
148.5915145,,,,34766.0,518.8141391106044,1.9274725274725275
148.59242835,,,,,,
148.59250305,,,,,,
148.594381475,,,,,,
148.5963346,,,,,,
148.5964093,,,,,,
148.598287725,,,,,,
148.59832939999998,18320.0,156.26445951336257,6.399407793136017,,,
148.599327,,,,34764.0,519.604111153407,1.9245421245421244
148.60024085,,,,,,
148.60031555,,,,,,
148.602193975,,,,,,
148.6041471,,,,,,
148.6042218,,,,,,
148.606100225,,,,,,
148.60614189999998,18320.0,156.26445951336257,6.399407793136017,,,
148.6071395,,,,34766.0,518.8141391106044,1.9274725274725275
148.60805335,,,,,,
148.60812805,,,,,,
148.61,,,,,,
148.610006475,,,,,,
148.6119596,,,,,,
148.6120343,,,,,,
148.613912725,,,,,,
148.61395439999998,18321.0,156.13989637305696,6.4045130247220845,,,
148.614952,,,,34766.0,518.8141391106044,1.9274725274725275
148.61586585,,,,,,
148.61594055,,,,,,
148.617818975,,,,,,
148.6197721,,,,,,
148.6198468,,,,,,
148.621725225,,,,,,
148.62176689999998,18321.0,156.13989637305696,6.4045130247220845,,,
148.6227645,,,,34765.0,519.2088246481552,1.9260073260073256
148.62367835,,,,,,
148.62375305,,,,,,
148.625631475,,,,,,
148.6275846,,,,,,
148.6276593,,,,,,
148.629537725,,,,,,
148.62957939999998,18321.0,156.13989637305696,6.4045130247220845,,,
148.63,,,,,,
148.630577,,,,34765.0,519.2088246481552,1.9260073260073256
148.63149085,,,,,,
148.63156555,,,,,,
148.633443975,,,,,,
148.6353971,,,,,,
148.6354718,,,,,,
148.637350225,,,,,,
148.63739189999998,18320.0,156.26445951336257,6.399407793136017,,,
148.6383895,,,,34764.0,519.604111153407,1.9245421245421244
148.63930335,,,,,,
148.63937805,,,,,,
148.641256475,,,,,,
148.6432096,,,,,,
148.6432843,,,,,,
148.645162725,,,,,,
148.64520439999998,18321.0,156.13989637305696,6.4045130247220845,,,
148.646202,,,,34765.0,519.2088246481552,1.9260073260073256
148.64711585,,,,,,
148.64719055,,,,,,
148.649068975,,,,,,
148.65,,,,,,
148.6510221,,,,,,
148.6510968,,,,,,
148.652975225,,,,,,
148.65301689999998,18321.0,156.13989637305696,6.4045130247220845,,,
148.6540145,,,,34766.0,518.8141391106044,1.9274725274725275
148.65492835,,,,,,
148.65500305,,,,,,
148.656881475,,,,,,
148.6588346,,,,,,
148.6589093,,,,,,
148.660787725,,,,,,
148.66082939999998,18321.0,156.13989637305696,6.4045130247220845,,,
148.661827,,,,34766.0,518.8141391106044,1.9274725274725275
148.66274085,,,,,,
148.66281555,,,,,,
148.664693975,,,,,,
148.6666471,,,,,,
148.6667218,,,,,,
148.668600225,,,,,,
148.66864189999998,18320.0,156.26445951336257,6.399407793136017,,,
148.6696395,,,,34765.0,519.2088246481552,1.9260073260073256
148.67,,,,,,
148.67055335,,,,,,
148.67062805,,,,,,
148.672506475,,,,,,
148.6744596,,,,,,
148.6745343,,,,,,
148.676412725,,,,,,
148.67645439999998,18321.0,156.13989637305696,6.4045130247220845,,,
148.677452,,,,34766.0,518.8141391106044,1.9274725274725275
148.67836585,,,,,,
148.67844055,,,,,,
148.680318975,,,,,,
148.6822721,,,,,,
148.6823468,,,,,,
148.684225225,,,,,,
148.68426689999998,18321.0,156.13989637305696,6.4045130247220845,,,
148.6852645,,,,34765.0,519.2088246481552,1.9260073260073256
148.68617835,,,,,,
148.68625305,,,,,,
148.688131475,,,,,,
148.69,,,,,,
148.6900846,,,,,,
148.6901593,,,,,,
148.692037725,,,,,,
148.69207939999998,18321.0,156.13989637305696,6.4045130247220845,,,
148.693077,,,,34766.0,518.8141391106044,1.9274725274725275
148.69399085,,,,,,
148.69406555,,,,,,
148.695943975,,,,,,
148.6978971,,,,,,
148.6979718,,,,,,
148.699850225,,,,,,
148.69989189999998,18320.0,156.26445951336257,6.399407793136017,,,
148.7008895,,,,34766.0,518.8141391106044,1.9274725274725275
148.70180335,,,,,,
148.70187805,,,,,,
148.703756475,,,,,,
148.7057096,,,,,,
148.7057843,,,,,,
148.707662725,,,,,,
148.70770439999998,18320.0,156.26445951336257,6.399407793136017,,,
148.708702,,,,34766.0,518.8141391106044,1.9274725274725275
148.70961585,,,,,,
148.70969055,,,,,,
148.71,,,,,,
148.711568975,,,,,,
148.7135221,,,,,,
148.7135968,,,,,,
148.715475225,,,,,,
148.71551689999998,18321.0,156.13989637305696,6.4045130247220845,,,
148.7165145,,,,34765.0,519.2088246481552,1.9260073260073256
148.71742835,,,,,,
148.71750305,,,,,,
148.719381475,,,,,,
148.7213346,,,,,,
148.7214093,,,,,,
148.723287725,,,,,,
148.72332939999998,18320.0,156.26445951336257,6.399407793136017,,,
148.724327,,,,34766.0,518.8141391106044,1.9274725274725275
148.72524085,,,,,,
148.72531555,,,,,,
148.727193975,,,,,,
148.7291471,,,,,,
148.7292218,,,,,,
148.73,,,,,,
148.731100225,,,,,,
148.73114189999998,18320.0,156.26445951336257,6.399407793136017,,,
148.7321395,,,,34766.0,518.8141391106044,1.9274725274725275
148.73305335,,,,,,
148.73312805,,,,,,
148.735006475,,,,,,
148.7369596,,,,,,
148.7370343,,,,,,
148.738912725,,,,,,
148.73895439999998,18321.0,156.13989637305696,6.4045130247220845,,,
148.739952,,,,34765.0,519.2088246481552,1.9260073260073256
148.74086585,,,,,,
148.74094055,,,,,,
148.742818975,,,,,,
148.7447721,,,,,,
148.7448468,,,,,,
148.746725225,,,,,,
148.74676689999998,18320.0,156.26445951336257,6.399407793136017,,,
148.7477645,,,,34765.0,519.2088246481552,1.9260073260073256
148.74867835,,,,,,
148.74875305,,,,,,
148.75,,,,,,
148.750631475,,,,,,
148.7525846,,,,,,
148.7526593,,,,,,
148.754537725,,,,,,
148.75457939999998,18320.0,156.26445951336257,6.399407793136017,,,
148.755577,,,,34765.0,519.2088246481552,1.9260073260073256
148.75649085,,,,,,
148.75656555,,,,,,
148.758443975,,,,,,
148.7603971,,,,,,
148.7604718,,,,,,
148.762350225,,,,,,
148.76239189999998,18321.0,156.13989637305696,6.4045130247220845,,,
148.7633895,,,,34765.0,519.2088246481552,1.9260073260073256
148.76430335,,,,,,
148.76437805,,,,,,
148.766256475,,,,,,
148.7682096,,,,,,
148.7682843,,,,,,
148.77,,,,,,
148.770162725,,,,,,
148.77020439999998,18320.0,156.26445951336257,6.399407793136017,,,
148.771202,,,,34765.0,519.2088246481552,1.9260073260073256
148.77211585,,,,,,
148.77219055,,,,,,
148.774068975,,,,,,
148.7760221,,,,,,
148.7760968,,,,,,
148.777975225,,,,,,
148.77801689999998,18320.0,156.26445951336257,6.399407793136017,,,
148.7790145,,,,34765.0,519.2088246481552,1.9260073260073256
148.77992835,,,,,,
148.78000305,,,,,,
148.781881475,,,,,,
148.7838346,,,,,,
148.7839093,,,,,,
148.785787725,,,,,,
148.78582939999998,18320.0,156.26445951336257,6.399407793136017,,,
148.786827,,,,34766.0,518.8141391106044,1.9274725274725275
148.78774085,,,,,,
148.78781555,,,,,,
148.789693975,,,,,,
148.79,,,,,,
148.7916471,,,,,,
148.7917218,,,,,,
148.793600225,,,,,,
148.79364189999998,18321.0,156.13989637305696,6.4045130247220845,,,
148.7946395,,,,34765.0,519.2088246481552,1.9260073260073256
148.79555335,,,,,,
148.79562805,,,,,,
148.797506475,,,,,,
148.7994596,,,,,,
148.7995343,,,,,,
148.801412725,,,,,,
148.80145439999998,18320.0,156.26445951336257,6.399407793136017,,,
148.802452,,,,34766.0,518.8141391106044,1.9274725274725275
148.80336585,,,,,,
148.80344055,,,,,,
148.805318975,,,,,,
148.8072721,,,,,,
148.8073468,,,,,,
148.809225225,,,,,,
148.80926689999998,18320.0,156.26445951336257,6.399407793136017,,,
148.81,,,,,,
148.8102645,,,,34765.0,519.2088246481552,1.9260073260073256
148.81117835,,,,,,
148.81125305,,,,,,
148.813131475,,,,,,
148.8150846,,,,,,
148.8151593,,,,,,
148.817037725,,,,,,
148.81707939999998,18320.0,156.26445951336257,6.399407793136017,,,
148.818077,,,,34767.0,518.4200531712876,1.9289377289377287
148.81899085,,,,,,
148.81906555,,,,,,
148.820943975,,,,,,
148.8228971,,,,,,
148.8229718,,,,,,
148.824850225,,,,,,
148.82489189999998,18320.0,156.26445951336257,6.399407793136017,,,
148.8258895,,,,34766.0,518.8141391106044,1.9274725274725275
148.82680335,,,,,,
148.82687805,,,,,,
148.828756475,,,,,,
148.83,,,,,,
148.8307096,,,,,,
148.8307843,,,,,,
148.832662725,,,,,,
148.83270439999998,18320.0,156.26445951336257,6.399407793136017,,,
148.833702,,,,34766.0,518.8141391106044,1.9274725274725275
148.83461585,,,,,,
148.83469055,,,,,,
148.836568975,,,,,,
148.8385221,,,,,,
148.8385968,,,,,,
148.840475225,,,,,,
148.84051689999998,18320.0,156.26445951336257,6.399407793136017,,,
148.8415145,,,,34765.0,519.2088246481552,1.9260073260073256
148.84242835,,,,,,
148.84250305,,,,,,
148.844381475,,,,,,
148.8463346,,,,,,
148.8464093,,,,,,
148.848287725,,,,,,
148.84832939999998,18319.0,156.38922155688624,6.3943025615499485,,,
148.849327,,,,34766.0,518.8141391106044,1.9274725274725275
148.85,,,,,,
148.85024085,,,,,,
148.85031555,,,,,,
148.852193975,,,,,,
148.8541471,,,,,,
148.8542218,,,,,,
148.856100225,,,,,,
148.85614189999998,18321.0,156.13989637305696,6.4045130247220845,,,
148.8571395,,,,34765.0,519.2088246481552,1.9260073260073256
148.85805335,,,,,,
148.85812805,,,,,,
148.860006475,,,,,,
148.8619596,,,,,,
148.8620343,,,,,,
148.863912725,,,,,,
148.86395439999998,18320.0,156.26445951336257,6.399407793136017,,,
148.864952,,,,34765.0,519.2088246481552,1.9260073260073256
148.86586585,,,,,,
148.86594055,,,,,,
148.867818975,,,,,,
148.8697721,,,,,,
148.8698468,,,,,,
148.87,,,,,,
148.871725225,,,,,,
148.87176689999998,18319.0,156.38922155688624,6.3943025615499485,,,
148.8727645,,,,34765.0,519.2088246481552,1.9260073260073256
148.87367835,,,,,,
148.87375305,,,,,,
148.875631475,,,,,,
148.8775846,,,,,,
148.8776593,,,,,,
148.879537725,,,,,,
148.87957939999998,18319.0,156.38922155688624,6.3943025615499485,,,
148.880577,,,,34765.0,519.2088246481552,1.9260073260073256
148.88149085,,,,,,
148.88156555,,,,,,
148.883443975,,,,,,
148.8853971,,,,,,
148.8854718,,,,,,
148.887350225,,,,,,
148.88739189999998,18319.0,156.38922155688624,6.3943025615499485,,,
148.8883895,,,,34765.0,519.2088246481552,1.9260073260073256
148.88930335,,,,,,
148.88937805,,,,,,
148.89,,,,,,
148.891256475,,,,,,
148.8932096,,,,,,
148.8932843,,,,,,
148.895162725,,,,,,
148.89520439999998,18320.0,156.26445951336257,6.399407793136017,,,
148.896202,,,,34764.0,519.604111153407,1.9245421245421244
148.89711585,,,,,,
148.89719055,,,,,,
148.899068975,,,,,,
148.9010221,,,,,,
148.9010968,,,,,,
148.902975225,,,,,,
148.90301689999998,18319.0,156.38922155688624,6.3943025615499485,,,
148.9040145,,,,34766.0,518.8141391106044,1.9274725274725275
148.90492835,,,,,,
148.90500305,,,,,,
148.906881475,,,,,,
148.9088346,,,,,,
148.9089093,,,,,,
148.91,,,,,,
148.910787725,,,,,,
148.91082939999998,18319.0,156.38922155688624,6.3943025615499485,,,
148.911827,,,,34765.0,519.2088246481552,1.9260073260073256
148.91274085,,,,,,
148.91281555,,,,,,
148.914693975,,,,,,
148.9166471,,,,,,
148.9167218,,,,,,
148.918600225,,,,,,
148.91864189999998,18319.0,156.38922155688624,6.3943025615499485,,,
148.9196395,,,,34764.0,519.604111153407,1.9245421245421244
148.92055335,,,,,,
148.92062805,,,,,,
148.922506475,,,,,,
148.9244596,,,,,,
148.9245343,,,,,,
148.926412725,,,,,,
148.92645439999998,18320.0,156.26445951336257,6.399407793136017,,,
148.927452,,,,34764.0,519.604111153407,1.9245421245421244
148.92836585,,,,,,
148.92844055,,,,,,
148.93,,,,,,
148.930318975,,,,,,
148.9322721,,,,,,
148.9323468,,,,,,
148.934225225,,,,,,
148.93426689999998,18319.0,156.38922155688624,6.3943025615499485,,,
148.9352645,,,,34767.0,518.4200531712876,1.9289377289377287
148.93617835,,,,,,
148.93625305,,,,,,
148.938131475,,,,,,
148.9400846,,,,,,
148.9401593,,,,,,
148.942037725,,,,,,
148.94207939999998,18319.0,156.38922155688624,6.3943025615499485,,,
148.943077,,,,34765.0,519.2088246481552,1.9260073260073256
148.94399085,,,,,,
148.94406555,,,,,,
148.945943975,,,,,,
148.9478971,,,,,,
148.9479718,,,,,,
148.949850225,,,,,,
148.94989189999998,18319.0,156.38922155688624,6.3943025615499485,,,
148.95,,,,,,
148.9508895,,,,34766.0,518.8141391106044,1.9274725274725275
148.95180335,,,,,,
148.95187805,,,,,,
148.953756475,,,,,,
148.9557096,,,,,,
148.9557843,,,,,,
148.957662725,,,,,,
148.95770439999998,18320.0,156.26445951336257,6.399407793136017,,,
148.958702,,,,34765.0,519.2088246481552,1.9260073260073256
148.95961585,,,,,,
148.95969055,,,,,,
148.961568975,,,,,,
148.9635221,,,,,,
148.9635968,,,,,,
148.965475225,,,,,,
148.96551689999998,18319.0,156.38922155688624,6.3943025615499485,,,
148.9665145,,,,34764.0,519.604111153407,1.9245421245421244
148.96742835,,,,,,
148.96750305,,,,,,
148.969381475,,,,,,
148.97,,,,,,
148.9713346,,,,,,
148.9714093,,,,,,
148.973287725,,,,,,
148.97332939999998,18319.0,156.38922155688624,6.3943025615499485,,,
148.974327,,,,34765.0,519.2088246481552,1.9260073260073256
148.97524085,,,,,,
148.97531555,,,,,,
148.977193975,,,,,,
148.9791471,,,,,,
148.9792218,,,,,,
148.981100225,,,,,,
148.98114189999998,18319.0,156.38922155688624,6.3943025615499485,,,
148.9821395,,,,34766.0,518.8141391106044,1.9274725274725275
148.98305335,,,,,,
148.98312805,,,,,,
148.985006475,,,,,,
148.9869596,,,,,,
148.9870343,,,,,,
148.988912725,,,,,,
148.98895439999998,18319.0,156.38922155688624,6.3943025615499485,,,
148.989952,,,,34766.0,518.8141391106044,1.9274725274725275
148.99,,,,,,
148.99086585,,,,,,
148.99094055,,,,,,
148.992818975,,,,,,
148.9947721,,,,,,
148.9948468,,,,,,
148.996725225,,,,,,
148.99676689999998,18319.0,156.38922155688624,6.3943025615499485,,,
148.9977645,,,,34765.0,519.2088246481552,1.9260073260073256
148.99867835,,,,,,
148.99875305,,,,,,
149.000631475,,,,,,
149.0025846,,,,,,
149.0026593,,,,,,
149.004537725,,,,,,
149.00457939999998,18319.0,156.38922155688624,6.3943025615499485,,,
149.005577,,,,34767.0,518.4200531712876,1.9289377289377287
149.00649085,,,,,,
149.00656555,,,,,,
149.008443975,,,,,,
149.01,,,,,,
149.0103971,,,,,,
149.0104718,,,,,,
149.012350225,,,,,,
149.01239189999998,18319.0,156.38922155688624,6.3943025615499485,,,
149.0133895,,,,34765.0,519.2088246481552,1.9260073260073256
149.01430335,,,,,,
149.01437805,,,,,,
149.016256475,,,,,,
149.0182096,,,,,,
149.0182843,,,,,,
149.020162725,,,,,,
149.02020439999998,18319.0,156.38922155688624,6.3943025615499485,,,
149.021202,,,,34767.0,518.4200531712876,1.9289377289377287
149.02211585,,,,,,
149.02219055,,,,,,
149.024068975,,,,,,
149.0260221,,,,,,
149.0260968,,,,,,
149.027975225,,,,,,
149.02801689999998,18318.0,156.51418298042353,6.38919732996388,,,
149.0290145,,,,34765.0,519.2088246481552,1.9260073260073256
149.02992835,,,,,,
149.03,,,,,,
149.03000305,,,,,,
149.031881475,,,,,,
149.0338346,,,,,,
149.0339093,,,,,,
149.035787725,,,,,,
149.03582939999998,18319.0,156.38922155688624,6.3943025615499485,,,
149.036827,,,,34766.0,518.8141391106044,1.9274725274725275
149.03774085,,,,,,
149.03781555,,,,,,
149.039693975,,,,,,
149.0416471,,,,,,
149.0417218,,,,,,
149.043600225,,,,,,
149.04364189999998,18318.0,156.51418298042353,6.38919732996388,,,
149.0446395,,,,34765.0,519.2088246481552,1.9260073260073256
149.04555335,,,,,,
149.04562805,,,,,,
149.047506475,,,,,,
149.0494596,,,,,,
149.0495343,,,,,,
149.05,,,,,,
149.051412725,,,,,,
149.05145439999998,18319.0,156.38922155688624,6.3943025615499485,,,
149.052452,,,,34765.0,519.2088246481552,1.9260073260073256
149.05336585,,,,,,
149.05344055,,,,,,
149.055318975,,,,,,
149.0572721,,,,,,
149.0573468,,,,,,
149.059225225,,,,,,
149.05926689999998,18318.0,156.51418298042353,6.38919732996388,,,
149.0602645,,,,34765.0,519.2088246481552,1.9260073260073256
149.06117835,,,,,,
149.06125305,,,,,,
149.063131475,,,,,,
149.0650846,,,,,,
149.0651593,,,,,,
149.067037725,,,,,,
149.06707939999998,18318.0,156.51418298042353,6.38919732996388,,,
149.068077,,,,34765.0,519.2088246481552,1.9260073260073256
149.06899085,,,,,,
149.06906555,,,,,,
149.07,,,,,,
149.070943975,,,,,,
149.0728971,,,,,,
149.0729718,,,,,,
149.074850225,,,,,,
149.07489189999998,18318.0,156.51418298042353,6.38919732996388,,,
149.0758895,,,,34764.0,519.604111153407,1.9245421245421244
149.07680335,,,,,,
149.07687805,,,,,,
149.078756475,,,,,,
149.0807096,,,,,,
149.0807843,,,,,,
149.082662725,,,,,,
149.08270439999998,18319.0,156.38922155688624,6.3943025615499485,,,
149.083702,,,,34765.0,519.2088246481552,1.9260073260073256
149.08461585,,,,,,
149.08469055,,,,,,
149.086568975,,,,,,
149.0885221,,,,,,
149.0885968,,,,,,
149.09,,,,,,
149.090475225,,,,,,
149.09051689999998,18319.0,156.38922155688624,6.3943025615499485,,,
149.0915145,,,,34767.0,518.4200531712876,1.9289377289377287
149.09242835,,,,,,
149.09250305,,,,,,
149.094381475,,,,,,
149.0963346,,,,,,
149.0964093,,,,,,
149.098287725,,,,,,
149.09832939999998,18319.0,156.38922155688624,6.3943025615499485,,,
149.099327,,,,34764.0,519.604111153407,1.9245421245421244
149.10024085,,,,,,
149.10031555,,,,,,
149.102193975,,,,,,
149.1041471,,,,,,
149.1042218,,,,,,
149.106100225,,,,,,
149.10614189999998,18318.0,156.51418298042353,6.38919732996388,,,
149.1071395,,,,34764.0,519.604111153407,1.9245421245421244
149.10805335,,,,,,
149.10812805,,,,,,
149.11,,,,,,
149.110006475,,,,,,
149.1119596,,,,,,
149.1120343,,,,,,
149.113912725,,,,,,
149.11395439999998,18318.0,156.51418298042353,6.38919732996388,,,
149.114952,,,,34765.0,519.2088246481552,1.9260073260073256
149.11586585,,,,,,
149.11594055,,,,,,
149.117818975,,,,,,
149.1197721,,,,,,
149.1198468,,,,,,
149.12049489999998,,,,,,
149.121725225,,,,,,
149.12176689999998,18318.0,156.51418298042353,6.38919732996388,,,
149.1227645,,,,34765.0,519.2088246481552,1.9260073260073256
149.12367835,,,,,,
149.12375305,,,,,,
149.125631475,,,,,,
149.1275846,,,,,,
149.1276593,,,,,,
149.129537725,,,,,,
149.12957939999998,18318.0,156.51418298042353,6.38919732996388,,,
149.13,,,,,,
149.130577,,,,34766.0,518.8141391106044,1.9274725274725275
149.13149085,,,,,,
149.13156555,,,,,,
149.133443975,,,,,,
149.1353971,,,,,,
149.1354718,,,,,,
149.137350225,,,,,,
149.13739189999998,18319.0,156.38922155688624,6.3943025615499485,,,
149.1383895,,,,34765.0,519.2088246481552,1.9260073260073256
149.13930335,,,,,,
149.13937805,,,,,,
149.141256475,,,,,,
149.1432096,,,,,,
149.1432843,,,,,,
149.145162725,,,,,,
149.14520439999998,18318.0,156.51418298042353,6.38919732996388,,,
149.146202,,,,34766.0,518.8141391106044,1.9274725274725275
149.14711585,,,,,,
149.14719055,,,,,,
149.149068975,,,,,,
149.15,,,,,,
149.1510221,,,,,,
149.1510968,,,,,,
149.152975225,,,,,,
149.15301689999998,18318.0,156.51418298042353,6.38919732996388,,,
149.1540145,,,,34766.0,518.8141391106044,1.9274725274725275
149.15492835,,,,,,
149.15500305,,,,,,
149.156881475,,,,,,
149.1588346,,,,,,
149.1589093,,,,,,
149.160787725,,,,,,
149.16082939999998,18318.0,156.51418298042353,6.38919732996388,,,
149.161827,,,,34764.0,519.604111153407,1.9245421245421244
149.16274085,,,,,,
149.16281555,,,,,,
149.164693975,,,,,,
149.1666471,,,,,,
149.1667218,,,,,,
149.168600225,,,,,,
149.16864189999998,18318.0,156.51418298042353,6.38919732996388,,,
149.1696395,,,,34765.0,519.2088246481552,1.9260073260073256
149.17,,,,,,
149.17055335,,,,,,
149.17062805,,,,,,
149.172506475,,,,,,
149.1744596,,,,,,
149.1745343,,,,,,
149.176412725,,,,,,
149.17645439999998,18318.0,156.51418298042353,6.38919732996388,,,
149.177452,,,,34765.0,519.2088246481552,1.9260073260073256
149.17836585,,,,,,
149.17844055,,,,,,
149.180318975,,,,,,
149.1822721,,,,,,
149.1823468,,,,,,
149.184225225,,,,,,
149.18426689999998,18319.0,156.38922155688624,6.3943025615499485,,,
149.1852645,,,,34764.0,519.604111153407,1.9245421245421244
149.18617835,,,,,,
149.18625305,,,,,,
149.188131475,,,,,,
149.19,,,,,,
149.1900846,,,,,,
149.1901593,,,,,,
149.192037725,,,,,,
149.19207939999998,18318.0,156.51418298042353,6.38919732996388,,,
149.193077,,,,34765.0,519.2088246481552,1.9260073260073256
149.19399085,,,,,,
149.19406555,,,,,,
149.195943975,,,,,,
149.1978971,,,,,,
149.1979718,,,,,,
149.199850225,,,,,,
149.19989189999998,18317.0,156.63934426229514,6.384092098377812,,,
149.2008895,,,,34766.0,518.8141391106044,1.9274725274725275
149.20180335,,,,,,
149.20187805,,,,,,
149.203756475,,,,,,
149.2057096,,,,,,
149.2057843,,,,,,
149.207662725,,,,,,
149.20770439999998,18317.0,156.63934426229514,6.384092098377812,,,
149.208702,,,,34765.0,519.2088246481552,1.9260073260073256
149.20961585,,,,,,
149.20969055,,,,,,
149.21,,,,,,
149.211568975,,,,,,
149.2135221,,,,,,
149.2135968,,,,,,
149.215475225,,,,,,
149.21551689999998,18318.0,156.51418298042353,6.38919732996388,,,
149.2165145,,,,34765.0,519.2088246481552,1.9260073260073256
149.21742835,,,,,,
149.21750305,,,,,,
149.219381475,,,,,,
149.2213346,,,,,,
149.2214093,,,,,,
149.223287725,,,,,,
149.22332939999998,18318.0,156.51418298042353,6.38919732996388,,,
149.224327,,,,34767.0,518.4200531712876,1.9289377289377287
149.22524085,,,,,,
149.22531555,,,,,,
149.227193975,,,,,,
149.2291471,,,,,,
149.2292218,,,,,,
149.23,,,,,,
149.231100225,,,,,,
149.23114189999998,18317.0,156.63934426229514,6.384092098377812,,,
149.2321395,,,,34765.0,519.2088246481552,1.9260073260073256
149.23305335,,,,,,
149.23312805,,,,,,
149.235006475,,,,,,
149.2369596,,,,,,
149.2370343,,,,,,
149.238912725,,,,,,
149.23895439999998,18319.0,156.38922155688624,6.3943025615499485,,,
149.239952,,,,34765.0,519.2088246481552,1.9260073260073256
149.24086585,,,,,,
149.24094055,,,,,,
149.242818975,,,,,,
149.2447721,,,,,,
149.2448468,,,,,,
149.246725225,,,,,,
149.24676689999998,18317.0,156.63934426229514,6.384092098377812,,,
149.2477645,,,,34764.0,519.604111153407,1.9245421245421244
149.24867835,,,,,,
149.24875305,,,,,,
149.25,,,,,,
149.250631475,,,,,,
149.2525846,,,,,,
149.2526593,,,,,,
149.254537725,,,,,,
149.25457939999998,18318.0,156.51418298042353,6.38919732996388,,,
149.255577,,,,34764.0,519.604111153407,1.9245421245421244
149.25649085,,,,,,
149.25656555,,,,,,
149.258443975,,,,,,
149.2603971,,,,,,
149.2604718,,,,,,
149.262350225,,,,,,
149.26239189999998,18318.0,156.51418298042353,6.38919732996388,,,
149.2633895,,,,34765.0,519.2088246481552,1.9260073260073256
149.26430335,,,,,,
149.26437805,,,,,,
149.266256475,,,,,,
149.2682096,,,,,,
149.2682843,,,,,,
149.27,,,,,,
149.270162725,,,,,,
149.27020439999998,18319.0,156.38922155688624,6.3943025615499485,,,
149.271202,,,,34765.0,519.2088246481552,1.9260073260073256
149.27211585,,,,,,
149.27219055,,,,,,
149.274068975,,,,,,
149.2760221,,,,,,
149.2760968,,,,,,
149.277975225,,,,,,
149.27801689999998,18318.0,156.51418298042353,6.38919732996388,,,
149.2790145,,,,34765.0,519.2088246481552,1.9260073260073256
149.27992835,,,,,,
149.28000305,,,,,,
149.281881475,,,,,,
149.2838346,,,,,,
149.2839093,,,,,,
149.285787725,,,,,,
149.28582939999998,18318.0,156.51418298042353,6.38919732996388,,,
149.286827,,,,34765.0,519.2088246481552,1.9260073260073256
149.28774085,,,,,,
149.28781555,,,,,,
149.289693975,,,,,,
149.29,,,,,,
149.2916471,,,,,,
149.2917218,,,,,,
149.293600225,,,,,,
149.29364189999998,18318.0,156.51418298042353,6.38919732996388,,,
149.2946395,,,,34766.0,518.8141391106044,1.9274725274725275
149.29555335,,,,,,
149.29562805,,,,,,
149.297506475,,,,,,
149.2994596,,,,,,
149.2995343,,,,,,
149.301412725,,,,,,
149.30145439999998,18318.0,156.51418298042353,6.38919732996388,,,
149.302452,,,,34765.0,519.2088246481552,1.9260073260073256
149.30336585,,,,,,
149.30344055,,,,,,
149.305318975,,,,,,
149.3072721,,,,,,
149.3073468,,,,,,
149.309225225,,,,,,
149.30926689999998,18317.0,156.63934426229514,6.384092098377812,,,
149.31,,,,,,
149.3102645,,,,34764.0,519.604111153407,1.9245421245421244
149.31117835,,,,,,
149.31125305,,,,,,
149.313131475,,,,,,
149.3150846,,,,,,
149.3151593,,,,,,
149.317037725,,,,,,
149.31707939999998,18318.0,156.51418298042353,6.38919732996388,,,
149.318077,,,,34765.0,519.2088246481552,1.9260073260073256
149.31899085,,,,,,
149.31906555,,,,,,
149.320943975,,,,,,
149.3228971,,,,,,
149.3229718,,,,,,
149.324850225,,,,,,
149.32489189999998,18317.0,156.63934426229514,6.384092098377812,,,
149.3258895,,,,34765.0,519.2088246481552,1.9260073260073256
149.32680335,,,,,,
149.32687805,,,,,,
149.328756475,,,,,,
149.33,,,,,,
149.3307096,,,,,,
149.3307843,,,,,,
149.332662725,,,,,,
149.33270439999998,18318.0,156.51418298042353,6.38919732996388,,,
149.333702,,,,34766.0,518.8141391106044,1.9274725274725275
149.33461585,,,,,,
149.33469055,,,,,,
149.336568975,,,,,,
149.3385221,,,,,,
149.3385968,,,,,,
149.340475225,,,,,,
149.34051689999998,18318.0,156.51418298042353,6.38919732996388,,,
149.3415145,,,,34764.0,519.604111153407,1.9245421245421244
149.34242835,,,,,,
149.34250305,,,,,,
149.344381475,,,,,,
149.3463346,,,,,,
149.3464093,,,,,,
149.348287725,,,,,,
149.34832939999998,18317.0,156.63934426229514,6.384092098377812,,,
149.349327,,,,34763.0,520.0,1.9230769230769231
149.35,,,,,,
149.35024085,,,,,,
149.35031555,,,,,,
149.352193975,,,,,,
149.3541471,,,,,,
149.3542218,,,,,,
149.356100225,,,,,,
149.35614189999998,18317.0,156.63934426229514,6.384092098377812,,,
149.3571395,,,,34765.0,519.2088246481552,1.9260073260073256
149.35805335,,,,,,
149.35812805,,,,,,
149.360006475,,,,,,
149.3619596,,,,,,
149.3620343,,,,,,
149.363912725,,,,,,
149.36395439999998,18318.0,156.51418298042353,6.38919732996388,,,
149.364952,,,,34764.0,519.604111153407,1.9245421245421244
149.36586585,,,,,,
149.36594055,,,,,,
149.367818975,,,,,,
149.3697721,,,,,,
149.3698468,,,,,,
149.37,,,,,,
149.371725225,,,,,,
149.37176689999998,18318.0,156.51418298042353,6.38919732996388,,,
149.3727645,,,,34766.0,518.8141391106044,1.9274725274725275
149.37367835,,,,,,
149.37375305,,,,,,
149.375631475,,,,,,
149.3775846,,,,,,
149.3776593,,,,,,
149.379537725,,,,,,
149.37957939999998,18318.0,156.51418298042353,6.38919732996388,,,
149.380577,,,,34764.0,519.604111153407,1.9245421245421244
149.38149085,,,,,,
149.38156555,,,,,,
149.383443975,,,,,,
149.3853971,,,,,,
149.3854718,,,,,,
149.387350225,,,,,,
149.38739189999998,18319.0,156.38922155688624,6.3943025615499485,,,
149.3883895,,,,34765.0,519.2088246481552,1.9260073260073256
149.38930335,,,,,,
149.38937805,,,,,,
149.39,,,,,,
149.391256475,,,,,,
149.3932096,,,,,,
149.3932843,,,,,,
149.395162725,,,,,,
149.39520439999998,18319.0,156.38922155688624,6.3943025615499485,,,
149.396202,,,,34764.0,519.604111153407,1.9245421245421244
149.39711585,,,,,,
149.39719055,,,,,,
149.399068975,,,,,,
149.4010221,,,,,,
149.4010968,,,,,,
149.402975225,,,,,,
149.40301689999998,18318.0,156.51418298042353,6.38919732996388,,,
149.4040145,,,,34764.0,519.604111153407,1.9245421245421244
149.40492835,,,,,,
149.40500305,,,,,,
149.406881475,,,,,,
149.4088346,,,,,,
149.4089093,,,,,,
149.41,,,,,,
149.410787725,,,,,,
149.41082939999998,18318.0,156.51418298042353,6.38919732996388,,,
149.411827,,,,34764.0,519.604111153407,1.9245421245421244
149.41274085,,,,,,
149.41281555,,,,,,
149.414693975,,,,,,
149.4166471,,,,,,
149.4167218,,,,,,
149.418600225,,,,,,
149.41864189999998,18320.0,156.26445951336257,6.399407793136017,,,
149.4196395,,,,34766.0,518.8141391106044,1.9274725274725275
149.42055335,,,,,,
149.42062805,,,,,,
149.422506475,,,,,,
149.4244596,,,,,,
149.4245343,,,,,,
149.426412725,,,,,,
149.42645439999998,18318.0,156.51418298042353,6.38919732996388,,,
149.427452,,,,34764.0,519.604111153407,1.9245421245421244
149.42836585,,,,,,
149.42844055,,,,,,
149.43,,,,,,
149.430318975,,,,,,
149.4322721,,,,,,
149.4323468,,,,,,
149.434225225,,,,,,
149.43426689999998,18318.0,156.51418298042353,6.38919732996388,,,
149.4352645,,,,34765.0,519.2088246481552,1.9260073260073256
149.43617835,,,,,,
149.43625305,,,,,,
149.438131475,,,,,,
149.4400846,,,,,,
149.4401593,,,,,,
149.442037725,,,,,,
149.44207939999998,18319.0,156.38922155688624,6.3943025615499485,,,
149.443077,,,,34765.0,519.2088246481552,1.9260073260073256
149.44399085,,,,,,
149.44406555,,,,,,
149.445943975,,,,,,
149.4478971,,,,,,
149.4479718,,,,,,
149.449850225,,,,,,
149.44989189999998,18319.0,156.38922155688624,6.3943025615499485,,,
149.45,,,,,,
149.4508895,,,,34765.0,519.2088246481552,1.9260073260073256
149.45180335,,,,,,
149.45187805,,,,,,
149.453756475,,,,,,
149.4557096,,,,,,
149.4557843,,,,,,
149.457662725,,,,,,
149.45770439999998,18319.0,156.38922155688624,6.3943025615499485,,,
149.458702,,,,34764.0,519.604111153407,1.9245421245421244
149.45961585,,,,,,
149.45969055,,,,,,
149.461568975,,,,,,
149.4635221,,,,,,
149.4635968,,,,,,
149.465475225,,,,,,
149.46551689999998,18318.0,156.51418298042353,6.38919732996388,,,
149.4665145,,,,34765.0,519.2088246481552,1.9260073260073256
149.46742835,,,,,,
149.46750305,,,,,,
149.469381475,,,,,,
149.47,,,,,,
149.4713346,,,,,,
149.4714093,,,,,,
149.473287725,,,,,,
149.47332939999998,18318.0,156.51418298042353,6.38919732996388,,,
149.474327,,,,34766.0,518.8141391106044,1.9274725274725275
149.47524085,,,,,,
149.47531555,,,,,,
149.477193975,,,,,,
149.4791471,,,,,,
149.4792218,,,,,,
149.481100225,,,,,,
149.48114189999998,18319.0,156.38922155688624,6.3943025615499485,,,
149.4821395,,,,34765.0,519.2088246481552,1.9260073260073256
149.48305335,,,,,,
149.48312805,,,,,,
149.485006475,,,,,,
149.4869596,,,,,,
149.4870343,,,,,,
149.488912725,,,,,,
149.48895439999998,18319.0,156.38922155688624,6.3943025615499485,,,
149.489952,,,,34764.0,519.604111153407,1.9245421245421244
149.49,,,,,,
149.49086585,,,,,,
149.49094055,,,,,,
149.492818975,,,,,,
149.4947721,,,,,,
149.4948468,,,,,,
149.496725225,,,,,,
149.49676689999998,18319.0,156.38922155688624,6.3943025615499485,,,
149.4977645,,,,34765.0,519.2088246481552,1.9260073260073256
149.49867835,,,,,,
149.49875305,,,,,,
149.500631475,,,,,,
149.5025846,,,,,,
149.5026593,,,,,,
149.504537725,,,,,,
149.50457939999998,18318.0,156.51418298042353,6.38919732996388,,,
149.505577,,,,34765.0,519.2088246481552,1.9260073260073256
149.50649085,,,,,,
149.50656555,,,,,,
149.508443975,,,,,,
149.51,,,,,,
149.5103971,,,,,,
149.5104718,,,,,,
149.512350225,,,,,,
149.51239189999998,18319.0,156.38922155688624,6.3943025615499485,,,
149.5133895,,,,34765.0,519.2088246481552,1.9260073260073256
149.51430335,,,,,,
149.51437805,,,,,,
149.516256475,,,,,,
149.5182096,,,,,,
149.5182843,,,,,,
149.520162725,,,,,,
149.52020439999998,18318.0,156.51418298042353,6.38919732996388,,,
149.521202,,,,34766.0,518.8141391106044,1.9274725274725275
149.52211585,,,,,,
149.52219055,,,,,,
149.524068975,,,,,,
149.5260221,,,,,,
149.5260968,,,,,,
149.527975225,,,,,,
149.52801689999998,18318.0,156.51418298042353,6.38919732996388,,,
149.5290145,,,,34765.0,519.2088246481552,1.9260073260073256
149.52992835,,,,,,
149.53,,,,,,
149.53000305,,,,,,
149.531881475,,,,,,
149.5338346,,,,,,
149.5339093,,,,,,
149.535787725,,,,,,
149.53582939999998,18319.0,156.38922155688624,6.3943025615499485,,,
149.536827,,,,34764.0,519.604111153407,1.9245421245421244
149.53774085,,,,,,
149.53781555,,,,,,
149.539693975,,,,,,
149.5416471,,,,,,
149.5417218,,,,,,
149.543600225,,,,,,
149.54364189999998,18318.0,156.51418298042353,6.38919732996388,,,
149.5446395,,,,34765.0,519.2088246481552,1.9260073260073256
149.54555335,,,,,,
149.54562805,,,,,,
149.547506475,,,,,,
149.5494596,,,,,,
149.5495343,,,,,,
149.55,,,,,,
149.551412725,,,,,,
149.55145439999998,18319.0,156.38922155688624,6.3943025615499485,,,
149.552452,,,,34766.0,518.8141391106044,1.9274725274725275
149.55336585,,,,,,
149.55344055,,,,,,
149.555318975,,,,,,
149.5572721,,,,,,
149.5573468,,,,,,
149.559225225,,,,,,
149.55926689999998,18318.0,156.51418298042353,6.38919732996388,,,
149.5602645,,,,34764.0,519.604111153407,1.9245421245421244
149.56117835,,,,,,
149.56125305,,,,,,
149.563131475,,,,,,
149.5650846,,,,,,
149.5651593,,,,,,
149.567037725,,,,,,
149.56707939999998,18318.0,156.51418298042353,6.38919732996388,,,
149.568077,,,,34766.0,518.8141391106044,1.9274725274725275
149.56899085,,,,,,
149.56906555,,,,,,
149.57,,,,,,
149.570943975,,,,,,
149.5728971,,,,,,
149.5729718,,,,,,
149.574850225,,,,,,
149.57489189999998,18319.0,156.38922155688624,6.3943025615499485,,,
149.5758895,,,,34766.0,518.8141391106044,1.9274725274725275
149.57680335,,,,,,
149.57687805,,,,,,
149.578756475,,,,,,
149.5807096,,,,,,
149.5807843,,,,,,
149.582662725,,,,,,
149.58270439999998,18319.0,156.38922155688624,6.3943025615499485,,,
149.583702,,,,34766.0,518.8141391106044,1.9274725274725275
149.58461585,,,,,,
149.58469055,,,,,,
149.586568975,,,,,,
149.5885221,,,,,,
149.5885968,,,,,,
149.59,,,,,,
149.590475225,,,,,,
149.59051689999998,18318.0,156.51418298042353,6.38919732996388,,,
149.5915145,,,,34766.0,518.8141391106044,1.9274725274725275
149.59242835,,,,,,
149.59250305,,,,,,
149.594381475,,,,,,
149.5963346,,,,,,
149.5964093,,,,,,
149.598287725,,,,,,
149.59832939999998,18319.0,156.38922155688624,6.3943025615499485,,,
149.599327,,,,34765.0,519.2088246481552,1.9260073260073256
149.60024085,,,,,,
149.60031555,,,,,,
149.602193975,,,,,,
149.6041471,,,,,,
149.6042218,,,,,,
149.606100225,,,,,,
149.60614189999998,18319.0,156.38922155688624,6.3943025615499485,,,
149.6071395,,,,34765.0,519.2088246481552,1.9260073260073256
149.60805335,,,,,,
149.60812805,,,,,,
149.61,,,,,,
149.610006475,,,,,,
149.6119596,,,,,,
149.6120343,,,,,,
149.613912725,,,,,,
149.61395439999998,18319.0,156.38922155688624,6.3943025615499485,,,
149.614952,,,,34765.0,519.2088246481552,1.9260073260073256
149.61586585,,,,,,
149.61594055,,,,,,
149.617818975,,,,,,
149.6197721,,,,,,
149.6198468,,,,,,
149.621725225,,,,,,
149.62176689999998,18319.0,156.38922155688624,6.3943025615499485,,,
149.6227645,,,,34765.0,519.2088246481552,1.9260073260073256
149.62367835,,,,,,
149.62375305,,,,,,
149.625631475,,,,,,
149.6275846,,,,,,
149.6276593,,,,,,
149.629537725,,,,,,
149.62957939999998,18318.0,156.51418298042353,6.38919732996388,,,
149.63,,,,,,
149.630577,,,,34764.0,519.604111153407,1.9245421245421244
149.63149085,,,,,,
149.63156555,,,,,,
149.633443975,,,,,,
149.6353971,,,,,,
149.6354718,,,,,,
149.637350225,,,,,,
149.63739189999998,18319.0,156.38922155688624,6.3943025615499485,,,
149.6383895,,,,34766.0,518.8141391106044,1.9274725274725275
149.63930335,,,,,,
149.63937805,,,,,,
149.641256475,,,,,,
149.6432096,,,,,,
149.6432843,,,,,,
149.645162725,,,,,,
149.64520439999998,18319.0,156.38922155688624,6.3943025615499485,,,
149.646202,,,,34766.0,518.8141391106044,1.9274725274725275
149.64711585,,,,,,
149.64719055,,,,,,
149.649068975,,,,,,
149.65,,,,,,
149.6510221,,,,,,
149.6510968,,,,,,
149.652975225,,,,,,
149.65301689999998,18318.0,156.51418298042353,6.38919732996388,,,
149.6540145,,,,34764.0,519.604111153407,1.9245421245421244
149.65492835,,,,,,
149.65500305,,,,,,
149.656881475,,,,,,
149.6588346,,,,,,
149.6589093,,,,,,
149.660787725,,,,,,
149.66082939999998,18319.0,156.38922155688624,6.3943025615499485,,,
149.661827,,,,34767.0,518.4200531712876,1.9289377289377287
149.66274085,,,,,,
149.66281555,,,,,,
149.664693975,,,,,,
149.6666471,,,,,,
149.6667218,,,,,,
149.668600225,,,,,,
149.66864189999998,18318.0,156.51418298042353,6.38919732996388,,,
149.6696395,,,,34765.0,519.2088246481552,1.9260073260073256
149.67,,,,,,
149.67055335,,,,,,
149.67062805,,,,,,
149.672506475,,,,,,
149.6744596,,,,,,
149.6745343,,,,,,
149.676412725,,,,,,
149.67645439999998,18319.0,156.38922155688624,6.3943025615499485,,,
149.677452,,,,34764.0,519.604111153407,1.9245421245421244
149.67836585,,,,,,
149.67844055,,,,,,
149.680318975,,,,,,
149.6822721,,,,,,
149.6823468,,,,,,
149.684225225,,,,,,
149.68426689999998,18318.0,156.51418298042353,6.38919732996388,,,
149.6852645,,,,34764.0,519.604111153407,1.9245421245421244
149.68617835,,,,,,
149.68625305,,,,,,
149.688131475,,,,,,
149.69,,,,,,
149.6900846,,,,,,
149.6901593,,,,,,
149.692037725,,,,,,
149.69207939999998,18318.0,156.51418298042353,6.38919732996388,,,
149.693077,,,,34766.0,518.8141391106044,1.9274725274725275
149.69399085,,,,,,
149.69406555,,,,,,
149.695943975,,,,,,
149.6978971,,,,,,
149.6979718,,,,,,
149.699850225,,,,,,
149.69989189999998,18320.0,156.26445951336257,6.399407793136017,,,
149.7008895,,,,34765.0,519.2088246481552,1.9260073260073256
149.70180335,,,,,,
149.70187805,,,,,,
149.703756475,,,,,,
149.7057096,,,,,,
149.7057843,,,,,,
149.707662725,,,,,,
149.70770439999998,18319.0,156.38922155688624,6.3943025615499485,,,
149.708702,,,,34765.0,519.2088246481552,1.9260073260073256
149.70961585,,,,,,
149.70969055,,,,,,
149.71,,,,,,
149.711568975,,,,,,
149.7135221,,,,,,
149.7135968,,,,,,
149.715475225,,,,,,
149.71551689999998,18318.0,156.51418298042353,6.38919732996388,,,
149.7165145,,,,34766.0,518.8141391106044,1.9274725274725275
149.71742835,,,,,,
149.71750305,,,,,,
149.719381475,,,,,,
149.7213346,,,,,,
149.7214093,,,,,,
149.723287725,,,,,,
149.72332939999998,18318.0,156.51418298042353,6.38919732996388,,,
149.724327,,,,34765.0,519.2088246481552,1.9260073260073256
149.72524085,,,,,,
149.72531555,,,,,,
149.727193975,,,,,,
149.7291471,,,,,,
149.7292218,,,,,,
149.73,,,,,,
149.731100225,,,,,,
149.73114189999998,18319.0,156.38922155688624,6.3943025615499485,,,
149.7321395,,,,34765.0,519.2088246481552,1.9260073260073256
149.73305335,,,,,,
149.73312805,,,,,,
149.735006475,,,,,,
149.7369596,,,,,,
149.7370343,,,,,,
149.738912725,,,,,,
149.73895439999998,18319.0,156.38922155688624,6.3943025615499485,,,
149.739952,,,,34766.0,518.8141391106044,1.9274725274725275
149.74086585,,,,,,
149.74094055,,,,,,
149.742818975,,,,,,
149.7447721,,,,,,
149.7448468,,,,,,
149.746725225,,,,,,
149.74676689999998,18319.0,156.38922155688624,6.3943025615499485,,,
149.7477645,,,,34765.0,519.2088246481552,1.9260073260073256
149.74867835,,,,,,
149.74875305,,,,,,
149.75,,,,,,
149.750631475,,,,,,
149.7525846,,,,,,
149.7526593,,,,,,
149.754537725,,,,,,
149.75457939999998,18318.0,156.51418298042353,6.38919732996388,,,
149.755577,,,,34764.0,519.604111153407,1.9245421245421244
149.75649085,,,,,,
149.75656555,,,,,,
149.758443975,,,,,,
149.7603971,,,,,,
149.7604718,,,,,,
149.762350225,,,,,,
149.76239189999998,18320.0,156.26445951336257,6.399407793136017,,,
149.7633895,,,,34764.0,519.604111153407,1.9245421245421244
149.76430335,,,,,,
149.76437805,,,,,,
149.766256475,,,,,,
149.7682096,,,,,,
149.7682843,,,,,,
149.77,,,,,,
149.770162725,,,,,,
149.77020439999998,18320.0,156.26445951336257,6.399407793136017,,,
149.771202,,,,34765.0,519.2088246481552,1.9260073260073256
149.77211585,,,,,,
149.77219055,,,,,,
149.774068975,,,,,,
149.7760221,,,,,,
149.7760968,,,,,,
149.777975225,,,,,,
149.77801689999998,18319.0,156.38922155688624,6.3943025615499485,,,
149.7790145,,,,34765.0,519.2088246481552,1.9260073260073256
149.77992835,,,,,,
149.78000305,,,,,,
149.781881475,,,,,,
149.7838346,,,,,,
149.7839093,,,,,,
149.785787725,,,,,,
149.78582939999998,18319.0,156.38922155688624,6.3943025615499485,,,
149.786827,,,,34766.0,518.8141391106044,1.9274725274725275
149.78774085,,,,,,
149.78781555,,,,,,
149.789693975,,,,,,
149.79,,,,,,
149.7916471,,,,,,
149.7917218,,,,,,
149.793600225,,,,,,
149.79364189999998,18319.0,156.38922155688624,6.3943025615499485,,,
149.7946395,,,,34765.0,519.2088246481552,1.9260073260073256
149.79555335,,,,,,
149.79562805,,,,,,
149.797506475,,,,,,
149.7994596,,,,,,
149.7995343,,,,,,
149.801412725,,,,,,
149.80145439999998,18319.0,156.38922155688624,6.3943025615499485,,,
149.802452,,,,34766.0,518.8141391106044,1.9274725274725275
149.80336585,,,,,,
149.80344055,,,,,,
149.805318975,,,,,,
149.8072721,,,,,,
149.8073468,,,,,,
149.809225225,,,,,,
149.80926689999998,18318.0,156.51418298042353,6.38919732996388,,,
149.81,,,,,,
149.8102645,,,,34766.0,518.8141391106044,1.9274725274725275
149.81117835,,,,,,
149.81125305,,,,,,
149.813131475,,,,,,
149.8150846,,,,,,
149.8151593,,,,,,
149.817037725,,,,,,
149.81707939999998,18319.0,156.38922155688624,6.3943025615499485,,,
149.818077,,,,34764.0,519.604111153407,1.9245421245421244
149.81899085,,,,,,
149.81906555,,,,,,
149.820943975,,,,,,
149.8228971,,,,,,
149.8229718,,,,,,
149.824850225,,,,,,
149.82489189999998,18318.0,156.51418298042353,6.38919732996388,,,
149.8258895,,,,34765.0,519.2088246481552,1.9260073260073256
149.82680335,,,,,,
149.82687805,,,,,,
149.828756475,,,,,,
149.83,,,,,,
149.8307096,,,,,,
149.8307843,,,,,,
149.832662725,,,,,,
149.83270439999998,18319.0,156.38922155688624,6.3943025615499485,,,
149.833702,,,,34766.0,518.8141391106044,1.9274725274725275
149.83461585,,,,,,
149.83469055,,,,,,
149.836568975,,,,,,
149.8385221,,,,,,
149.8385968,,,,,,
149.840475225,,,,,,
149.84051689999998,18318.0,156.51418298042353,6.38919732996388,,,
149.8415145,,,,34765.0,519.2088246481552,1.9260073260073256
149.84242835,,,,,,
149.84250305,,,,,,
149.844381475,,,,,,
149.8463346,,,,,,
149.8464093,,,,,,
149.848287725,,,,,,
149.84832939999998,18318.0,156.51418298042353,6.38919732996388,,,
149.849327,,,,34766.0,518.8141391106044,1.9274725274725275
149.85,,,,,,
149.85024085,,,,,,
149.85031555,,,,,,
149.852193975,,,,,,
149.8541471,,,,,,
149.8542218,,,,,,
149.856100225,,,,,,
149.85614189999998,18319.0,156.38922155688624,6.3943025615499485,,,
149.8571395,,,,34765.0,519.2088246481552,1.9260073260073256
149.85805335,,,,,,
149.85812805,,,,,,
149.860006475,,,,,,
149.8619596,,,,,,
149.8620343,,,,,,
149.863912725,,,,,,
149.86395439999998,18318.0,156.51418298042353,6.38919732996388,,,
149.864952,,,,34765.0,519.2088246481552,1.9260073260073256
149.86586585,,,,,,
149.86594055,,,,,,
149.867818975,,,,,,
149.8697721,,,,,,
149.8698468,,,,,,
149.87,,,,,,
149.871725225,,,,,,
149.87176689999998,18318.0,156.51418298042353,6.38919732996388,,,
149.8727645,,,,34766.0,518.8141391106044,1.9274725274725275
149.87367835,,,,,,
149.87375305,,,,,,
149.875631475,,,,,,
149.8775846,,,,,,
149.8776593,,,,,,
149.879537725,,,,,,
149.87957939999998,18318.0,156.51418298042353,6.38919732996388,,,
149.880577,,,,34766.0,518.8141391106044,1.9274725274725275
149.88149085,,,,,,
149.88156555,,,,,,
149.883443975,,,,,,
149.8853971,,,,,,
149.8854718,,,,,,
149.887350225,,,,,,
149.88739189999998,18318.0,156.51418298042353,6.38919732996388,,,
149.8883895,,,,34765.0,519.2088246481552,1.9260073260073256
149.88930335,,,,,,
149.88937805,,,,,,
149.89,,,,,,
149.891256475,,,,,,
149.8932096,,,,,,
149.8932843,,,,,,
149.895162725,,,,,,
149.89520439999998,18319.0,156.38922155688624,6.3943025615499485,,,
149.896202,,,,34766.0,518.8141391106044,1.9274725274725275
149.89711585,,,,,,
149.89719055,,,,,,
149.899068975,,,,,,
149.9010221,,,,,,
149.9010968,,,,,,
149.902975225,,,,,,
149.90301689999998,18318.0,156.51418298042353,6.38919732996388,,,
149.9040145,,,,34763.0,520.0,1.9230769230769231
149.90492835,,,,,,
149.90500305,,,,,,
149.906881475,,,,,,
149.9088346,,,,,,
149.9089093,,,,,,
149.91,,,,,,
149.910787725,,,,,,
149.91082939999998,18317.0,156.63934426229514,6.384092098377812,,,
149.911827,,,,34767.0,518.4200531712876,1.9289377289377287
149.91274085,,,,,,
149.91281555,,,,,,
149.914693975,,,,,,
149.9166471,,,,,,
149.9167218,,,,,,
149.918600225,,,,,,
149.91864189999998,18318.0,156.51418298042353,6.38919732996388,,,
149.9196395,,,,34766.0,518.8141391106044,1.9274725274725275
149.92055335,,,,,,
149.92062805,,,,,,
149.922506475,,,,,,
149.9244596,,,,,,
149.9245343,,,,,,
149.926412725,,,,,,
149.92645439999998,18319.0,156.38922155688624,6.3943025615499485,,,
149.927452,,,,34765.0,519.2088246481552,1.9260073260073256
149.92836585,,,,,,
149.92844055,,,,,,
149.93,,,,,,
149.930318975,,,,,,
149.9322721,,,,,,
149.9323468,,,,,,
149.934225225,,,,,,
149.93426689999998,18319.0,156.38922155688624,6.3943025615499485,,,
149.9352645,,,,34764.0,519.604111153407,1.9245421245421244
149.93617835,,,,,,
149.93625305,,,,,,
149.938131475,,,,,,
149.9400846,,,,,,
149.9401593,,,,,,
149.942037725,,,,,,
149.94207939999998,18319.0,156.38922155688624,6.3943025615499485,,,
149.943077,,,,34765.0,519.2088246481552,1.9260073260073256
149.94399085,,,,,,
149.94406555,,,,,,
149.945943975,,,,,,
149.9478971,,,,,,
149.9479718,,,,,,
149.949,,,,,,
149.949850225,,,,,,
149.94989189999998,18318.0,156.51418298042353,6.38919732996388,,,
149.9508895,,,,34765.0,519.2088246481552,1.9260073260073256
149.95180335,,,,,,
149.95187805,,,,,,
149.953756475,,,,,,
149.9557096,,,,,,
149.9557843,,,,,,
149.957662725,,,,,,
149.95770439999998,18319.0,156.38922155688624,6.3943025615499485,,,
149.958702,,,,34765.0,519.2088246481552,1.9260073260073256
149.95961585,,,,,,
149.95969055,,,,,,
149.961568975,,,,,,
149.9635221,,,,,,
149.9635968,,,,,,
149.965475225,,,,,,
149.96551689999998,18318.0,156.51418298042353,6.38919732996388,,,
149.9665145,,,,34765.0,519.2088246481552,1.9260073260073256
149.96742835,,,,,,
149.96750305,,,,,,
149.969,,,,,,
149.969381475,,,,,,
149.9713346,,,,,,
149.9714093,,,,,,
149.973287725,,,,,,
149.97332939999998,18317.0,156.63934426229514,6.384092098377812,,,
149.974327,,,,34765.0,519.2088246481552,1.9260073260073256
149.97524085,,,,,,
149.97531555,,,,,,
149.977193975,,,,,,
149.9791471,,,,,,
149.9792218,,,,,,
149.981100225,,,,,,
149.98114189999998,18318.0,156.51418298042353,6.38919732996388,,,
149.9821395,,,,34765.0,519.2088246481552,1.9260073260073256
149.98305335,,,,,,
149.98312805,,,,,,
149.985006475,,,,,,
149.9869596,,,,,,
149.9870343,,,,,,
149.988912725,,,,,,
149.98895439999998,18319.0,156.38922155688624,6.3943025615499485,,,
149.989,,,,,,
149.989952,,,,34764.0,519.604111153407,1.9245421245421244
149.99086585,,,,,,
149.99094055,,,,,,
149.992818975,,,,,,
149.9947721,,,,,,
149.9948468,,,,,,
149.996725225,,,,,,
149.99676689999998,18319.0,156.38922155688624,6.3943025615499485,,,
149.9977645,,,,34765.0,519.2088246481552,1.9260073260073256
149.99867835,,,,,,
149.99875305,,,,,,
150.000631475,,,,,,
150.0025846,,,,,,
150.0026593,,,,,,
150.004537725,,,,,,
150.00457939999998,18318.0,156.51418298042353,6.38919732996388,,,
150.005577,,,,34765.0,519.2088246481552,1.9260073260073256
150.00649085,,,,,,
150.00656555,,,,,,
150.008443975,,,,,,
150.009,,,,,,
150.0103971,,,,,,
150.0104718,,,,,,
150.012350225,,,,,,
150.01239189999998,18318.0,156.51418298042353,6.38919732996388,,,
150.0133895,,,,34765.0,519.2088246481552,1.9260073260073256
150.01430335,,,,,,
150.01437805,,,,,,
150.016256475,,,,,,
150.0182096,,,,,,
150.0182843,,,,,,
150.020162725,,,,,,
150.02020439999998,18318.0,156.51418298042353,6.38919732996388,,,
150.021202,,,,34765.0,519.2088246481552,1.9260073260073256
150.02211585,,,,,,
150.02219055,,,,,,
150.024068975,,,,,,
150.0260221,,,,,,
150.0260968,,,,,,
150.027975225,,,,,,
150.02801689999998,18318.0,156.51418298042353,6.38919732996388,,,
150.029,,,,,,
150.0290145,,,,34765.0,519.2088246481552,1.9260073260073256
150.02992835,,,,,,
150.03000305,,,,,,
150.031881475,,,,,,
150.0338346,,,,,,
150.0339093,,,,,,
150.035787725,,,,,,
150.03582939999998,18319.0,156.38922155688624,6.3943025615499485,,,
150.036827,,,,34764.0,519.604111153407,1.9245421245421244
150.03774085,,,,,,
150.03781555,,,,,,
150.039693975,,,,,,
150.0416471,,,,,,
150.0417218,,,,,,
150.043600225,,,,,,
150.04364189999998,18317.0,156.63934426229514,6.384092098377812,,,
150.0446395,,,,34764.0,519.604111153407,1.9245421245421244
150.04555335,,,,,,
150.04562805,,,,,,
150.047506475,,,,,,
150.049,,,,,,
150.0494596,,,,,,
150.0495343,,,,,,
150.051412725,,,,,,
150.05145439999998,18319.0,156.38922155688624,6.3943025615499485,,,
150.052452,,,,34765.0,519.2088246481552,1.9260073260073256
150.05336585,,,,,,
150.05344055,,,,,,
150.055318975,,,,,,
150.0572721,,,,,,
150.0573468,,,,,,
150.059225225,,,,,,
150.05926689999998,18318.0,156.51418298042353,6.38919732996388,,,
150.0602645,,,,34764.0,519.604111153407,1.9245421245421244
150.06117835,,,,,,
150.06125305,,,,,,
150.063131475,,,,,,
150.0650846,,,,,,
150.0651593,,,,,,
150.067037725,,,,,,
150.06707939999998,18317.0,156.63934426229514,6.384092098377812,,,
150.068077,,,,34766.0,518.8141391106044,1.9274725274725275
150.06899085,,,,,,
150.069,,,,,,
150.06906555,,,,,,
150.070943975,,,,,,
150.0728971,,,,,,
150.0729718,,,,,,
150.074850225,,,,,,
150.07489189999998,18318.0,156.51418298042353,6.38919732996388,,,
150.0758895,,,,34764.0,519.604111153407,1.9245421245421244
150.07680335,,,,,,
150.07687805,,,,,,
150.078756475,,,,,,
150.0807096,,,,,,
150.0807843,,,,,,
150.082662725,,,,,,
150.08270439999998,18318.0,156.51418298042353,6.38919732996388,,,
150.083702,,,,34765.0,519.2088246481552,1.9260073260073256
150.08461585,,,,,,
150.08469055,,,,,,
150.086568975,,,,,,
150.0885221,,,,,,
150.0885968,,,,,,
150.089,,,,,,
150.090475225,,,,,,
150.09051689999998,18317.0,156.63934426229514,6.384092098377812,,,
150.0915145,,,,34765.0,519.2088246481552,1.9260073260073256
150.09242835,,,,,,
150.09250305,,,,,,
150.094381475,,,,,,
150.0963346,,,,,,
150.0964093,,,,,,
150.098287725,,,,,,
150.09832939999998,18318.0,156.51418298042353,6.38919732996388,,,
150.099327,,,,34764.0,519.604111153407,1.9245421245421244
150.10024085,,,,,,
150.10031555,,,,,,
150.102193975,,,,,,
150.1041471,,,,,,
150.1042218,,,,,,
150.106100225,,,,,,
150.10614189999998,18319.0,156.38922155688624,6.3943025615499485,,,
150.1071395,,,,34764.0,519.604111153407,1.9245421245421244
150.10805335,,,,,,
150.10812805,,,,,,
150.109,,,,,,
150.110006475,,,,,,
150.1119596,,,,,,
150.1120343,,,,,,
150.113912725,,,,,,
150.11395439999998,18318.0,156.51418298042353,6.38919732996388,,,
150.114952,,,,34765.0,519.2088246481552,1.9260073260073256
150.11586585,,,,,,
150.11594055,,,,,,
150.117818975,,,,,,
150.1197721,,,,,,
150.1198468,,,,,,
150.121725225,,,,,,
150.12176689999998,18318.0,156.51418298042353,6.38919732996388,,,
150.1227645,,,,34765.0,519.2088246481552,1.9260073260073256
150.12367835,,,,,,
150.12375305,,,,,,
150.125631475,,,,,,
150.1275846,,,,,,
150.1276593,,,,,,
150.129,,,,,,
150.129537725,,,,,,
150.12957939999998,18318.0,156.51418298042353,6.38919732996388,,,
150.130577,,,,34764.0,519.604111153407,1.9245421245421244
150.13149085,,,,,,
150.13156555,,,,,,
150.133443975,,,,,,
150.1353971,,,,,,
150.1354718,,,,,,
150.137350225,,,,,,
150.13739189999998,18319.0,156.38922155688624,6.3943025615499485,,,
150.1383895,,,,34765.0,519.2088246481552,1.9260073260073256
150.13930335,,,,,,
150.13937805,,,,,,
150.141256475,,,,,,
150.1427603,,,,,,
150.1432096,,,,,,
150.1432843,,,,,,
150.145162725,,,,,,
150.14520439999998,18318.0,156.51418298042353,6.38919732996388,,,
150.146202,,,,34765.0,519.2088246481552,1.9260073260073256
150.14711585,,,,,,
150.14719055,,,,,,
150.149,,,,,,
150.149068975,,,,,,
150.1510221,,,,,,
150.1510968,,,,,,
150.152975225,,,,,,
150.15301689999998,18319.0,156.38922155688624,6.3943025615499485,,,
150.1540145,,,,34765.0,519.2088246481552,1.9260073260073256
150.15492835,,,,,,
150.15500305,,,,,,
150.156881475,,,,,,
150.1588346,,,,,,
150.1589093,,,,,,
150.160787725,,,,,,
150.16082939999998,18318.0,156.51418298042353,6.38919732996388,,,
150.161827,,,,34764.0,519.604111153407,1.9245421245421244
150.16274085,,,,,,
150.16281555,,,,,,
150.164693975,,,,,,
150.1666471,,,,,,
150.1667218,,,,,,
150.168600225,,,,,,
150.16864189999998,18318.0,156.51418298042353,6.38919732996388,,,
150.169,,,,,,
150.1696395,,,,34763.0,520.0,1.9230769230769231
150.17055335,,,,,,
150.17062805,,,,,,
150.172506475,,,,,,
150.1744596,,,,,,
150.1745343,,,,,,
150.176412725,,,,,,
150.17645439999998,18319.0,156.38922155688624,6.3943025615499485,,,
150.177452,,,,34765.0,519.2088246481552,1.9260073260073256
150.17836585,,,,,,
150.17844055,,,,,,
150.180318975,,,,,,
150.1822721,,,,,,
150.1823468,,,,,,
150.184225225,,,,,,
150.18426689999998,18318.0,156.51418298042353,6.38919732996388,,,
150.1852645,,,,34766.0,518.8141391106044,1.9274725274725275
150.18617835,,,,,,
150.18625305,,,,,,
150.188131475,,,,,,
150.189,,,,,,
150.1900846,,,,,,
150.1901593,,,,,,
150.192037725,,,,,,
150.19207939999998,18318.0,156.51418298042353,6.38919732996388,,,
150.193077,,,,34765.0,519.2088246481552,1.9260073260073256
150.19399085,,,,,,
150.19406555,,,,,,
150.195943975,,,,,,
150.1978971,,,,,,
150.1979718,,,,,,
150.199850225,,,,,,
150.19989189999998,18318.0,156.51418298042353,6.38919732996388,,,
150.2008895,,,,34763.0,520.0,1.9230769230769231
150.20180335,,,,,,
150.20187805,,,,,,
150.203756475,,,,,,
150.2057096,,,,,,
150.2057843,,,,,,
150.207662725,,,,,,
150.20770439999998,18318.0,156.51418298042353,6.38919732996388,,,
150.208702,,,,34766.0,518.8141391106044,1.9274725274725275
150.209,,,,,,
150.20961585,,,,,,
150.20969055,,,,,,
150.211568975,,,,,,
150.2135221,,,,,,
150.2135968,,,,,,
150.215475225,,,,,,
150.21551689999998,18318.0,156.51418298042353,6.38919732996388,,,
150.2165145,,,,34766.0,518.8141391106044,1.9274725274725275
150.21742835,,,,,,
150.21750305,,,,,,
150.219381475,,,,,,
150.2213346,,,,,,
150.2214093,,,,,,
150.223287725,,,,,,
150.22332939999998,18318.0,156.51418298042353,6.38919732996388,,,
150.224327,,,,34764.0,519.604111153407,1.9245421245421244
150.22524085,,,,,,
150.22531555,,,,,,
150.227193975,,,,,,
150.229,,,,,,
150.2291471,,,,,,
150.2292218,,,,,,
150.231100225,,,,,,
150.23114189999998,18318.0,156.51418298042353,6.38919732996388,,,
150.2321395,,,,34764.0,519.604111153407,1.9245421245421244
150.23305335,,,,,,
150.23312805,,,,,,
150.235006475,,,,,,
150.2369596,,,,,,
150.2370343,,,,,,
150.238912725,,,,,,
150.23895439999998,18318.0,156.51418298042353,6.38919732996388,,,
150.239952,,,,34764.0,519.604111153407,1.9245421245421244
150.24086585,,,,,,
150.24094055,,,,,,
150.242818975,,,,,,
150.2447721,,,,,,
150.2448468,,,,,,
150.246725225,,,,,,
150.24676689999998,18318.0,156.51418298042353,6.38919732996388,,,
150.2477645,,,,34766.0,518.8141391106044,1.9274725274725275
150.24867835,,,,,,
150.24875305,,,,,,
150.249,,,,,,
150.250631475,,,,,,
150.2525846,,,,,,
150.2526593,,,,,,
150.254537725,,,,,,
150.25457939999998,18318.0,156.51418298042353,6.38919732996388,,,
150.255577,,,,34765.0,519.2088246481552,1.9260073260073256
150.25649085,,,,,,
150.25656555,,,,,,
150.258443975,,,,,,
150.2603971,,,,,,
150.2604718,,,,,,
150.262350225,,,,,,
150.26239189999998,18317.0,156.63934426229514,6.384092098377812,,,
150.2633895,,,,34764.0,519.604111153407,1.9245421245421244
150.26430335,,,,,,
150.26437805,,,,,,
150.266256475,,,,,,
150.2682096,,,,,,
150.2682843,,,,,,
150.269,,,,,,
150.270162725,,,,,,
150.27020439999998,18318.0,156.51418298042353,6.38919732996388,,,
150.271202,,,,34765.0,519.2088246481552,1.9260073260073256
150.27211585,,,,,,
150.27219055,,,,,,
150.274068975,,,,,,
150.2760221,,,,,,
150.2760968,,,,,,
150.277975225,,,,,,
150.27801689999998,18318.0,156.51418298042353,6.38919732996388,,,
150.2790145,,,,34765.0,519.2088246481552,1.9260073260073256
150.27992835,,,,,,
150.28000305,,,,,,
150.281881475,,,,,,
150.2838346,,,,,,
150.2839093,,,,,,
150.285787725,,,,,,
150.28582939999998,18318.0,156.51418298042353,6.38919732996388,,,
150.286827,,,,34766.0,518.8141391106044,1.9274725274725275
150.28774085,,,,,,
150.28781555,,,,,,
150.289,,,,,,
150.289693975,,,,,,
150.2916471,,,,,,
150.2917218,,,,,,
150.293600225,,,,,,
150.29364189999998,18317.0,156.63934426229514,6.384092098377812,,,
150.2946395,,,,34765.0,519.2088246481552,1.9260073260073256
150.29555335,,,,,,
150.29562805,,,,,,
150.297506475,,,,,,
150.2994596,,,,,,
150.2995343,,,,,,
150.301412725,,,,,,
150.30145439999998,18318.0,156.51418298042353,6.38919732996388,,,
150.302452,,,,34766.0,518.8141391106044,1.9274725274725275
150.30336585,,,,,,
150.30344055,,,,,,
150.305318975,,,,,,
150.3072721,,,,,,
150.3073468,,,,,,
150.309,,,,,,
150.309225225,,,,,,
150.30926689999998,18318.0,156.51418298042353,6.38919732996388,,,
150.3102645,,,,34764.0,519.604111153407,1.9245421245421244
150.31117835,,,,,,
150.31125305,,,,,,
150.313131475,,,,,,
150.3150846,,,,,,
150.3151593,,,,,,
150.317037725,,,,,,
150.31707939999998,18317.0,156.63934426229514,6.384092098377812,,,
150.318077,,,,34765.0,519.2088246481552,1.9260073260073256
150.31899085,,,,,,
150.31906555,,,,,,
150.320943975,,,,,,
150.3228971,,,,,,
150.3229718,,,,,,
150.324850225,,,,,,
150.32489189999998,18317.0,156.63934426229514,6.384092098377812,,,
150.3258895,,,,34763.0,520.0,1.9230769230769231
150.32680335,,,,,,
150.32687805,,,,,,
150.328756475,,,,,,
150.329,,,,,,
150.3307096,,,,,,
150.3307843,,,,,,
150.332662725,,,,,,
150.33270439999998,18318.0,156.51418298042353,6.38919732996388,,,
150.333702,,,,34766.0,518.8141391106044,1.9274725274725275
150.33461585,,,,,,
150.33469055,,,,,,
150.336568975,,,,,,
150.3385221,,,,,,
150.3385968,,,,,,
150.340475225,,,,,,
150.34051689999998,18317.0,156.63934426229514,6.384092098377812,,,
150.3415145,,,,34765.0,519.2088246481552,1.9260073260073256
150.34242835,,,,,,
150.34250305,,,,,,
150.344381475,,,,,,
150.3463346,,,,,,
150.3464093,,,,,,
150.348287725,,,,,,
150.34832939999998,18318.0,156.51418298042353,6.38919732996388,,,
150.349,,,,,,
150.349327,,,,34764.0,519.604111153407,1.9245421245421244
150.35024085,,,,,,
150.35031555,,,,,,
150.352193975,,,,,,
150.3541471,,,,,,
150.3542218,,,,,,
150.356100225,,,,,,
150.35614189999998,18318.0,156.51418298042353,6.38919732996388,,,
150.3571395,,,,34764.0,519.604111153407,1.9245421245421244
150.35805335,,,,,,
150.35812805,,,,,,
150.360006475,,,,,,
150.3619596,,,,,,
150.3620343,,,,,,
150.363912725,,,,,,
150.36395439999998,18317.0,156.63934426229514,6.384092098377812,,,
150.364952,,,,34766.0,518.8141391106044,1.9274725274725275
150.36586585,,,,,,
150.36594055,,,,,,
150.367818975,,,,,,
150.369,,,,,,
150.3697721,,,,,,
150.3698468,,,,,,
150.371725225,,,,,,
150.37176689999998,18317.0,156.63934426229514,6.384092098377812,,,
150.3727645,,,,34765.0,519.2088246481552,1.9260073260073256
150.37367835,,,,,,
150.37375305,,,,,,
150.375631475,,,,,,
150.3775846,,,,,,
150.3776593,,,,,,
150.379537725,,,,,,
150.37957939999998,18317.0,156.63934426229514,6.384092098377812,,,
150.380577,,,,34764.0,519.604111153407,1.9245421245421244
150.38149085,,,,,,
150.38156555,,,,,,
150.383443975,,,,,,
150.3853971,,,,,,
150.3854718,,,,,,
150.387350225,,,,,,
150.38739189999998,18317.0,156.63934426229514,6.384092098377812,,,
150.3883895,,,,34765.0,519.2088246481552,1.9260073260073256
150.389,,,,,,
150.38930335,,,,,,
150.38937805,,,,,,
150.391256475,,,,,,
150.3932096,,,,,,
150.3932843,,,,,,
150.395162725,,,,,,
150.39520439999998,18318.0,156.51418298042353,6.38919732996388,,,
150.396202,,,,34764.0,519.604111153407,1.9245421245421244
150.39711585,,,,,,
150.39719055,,,,,,
150.399068975,,,,,,
150.4010221,,,,,,
150.4010968,,,,,,
150.402975225,,,,,,
150.40301689999998,18317.0,156.63934426229514,6.384092098377812,,,
150.4040145,,,,34765.0,519.2088246481552,1.9260073260073256
150.40492835,,,,,,
150.40500305,,,,,,
150.406881475,,,,,,
150.4088346,,,,,,
150.4089093,,,,,,
150.409,,,,,,
150.410787725,,,,,,
150.41082939999998,18317.0,156.63934426229514,6.384092098377812,,,
150.411827,,,,34764.0,519.604111153407,1.9245421245421244
150.41274085,,,,,,
150.41281555,,,,,,
150.414693975,,,,,,
150.4166471,,,,,,
150.4167218,,,,,,
150.418600225,,,,,,
150.41864189999998,18317.0,156.63934426229514,6.384092098377812,,,
150.4196395,,,,34765.0,519.2088246481552,1.9260073260073256
150.42055335,,,,,,
150.42062805,,,,,,
150.422506475,,,,,,
150.4244596,,,,,,
150.4245343,,,,,,
150.426412725,,,,,,
150.42645439999998,18317.0,156.63934426229514,6.384092098377812,,,
150.427452,,,,34765.0,519.2088246481552,1.9260073260073256
150.42836585,,,,,,
150.42844055,,,,,,
150.429,,,,,,
150.430318975,,,,,,
150.4322721,,,,,,
150.4323468,,,,,,
150.434225225,,,,,,
150.43426689999998,18317.0,156.63934426229514,6.384092098377812,,,
150.4352645,,,,34764.0,519.604111153407,1.9245421245421244
150.43617835,,,,,,
150.43625305,,,,,,
150.438131475,,,,,,
150.4400846,,,,,,
150.4401593,,,,,,
150.442037725,,,,,,
150.44207939999998,18317.0,156.63934426229514,6.384092098377812,,,
150.443077,,,,34765.0,519.2088246481552,1.9260073260073256
150.44399085,,,,,,
150.44406555,,,,,,
150.445943975,,,,,,
150.4478971,,,,,,
150.4479718,,,,,,
150.449,,,,,,
150.449850225,,,,,,
150.44989189999998,18317.0,156.63934426229514,6.384092098377812,,,
150.4508895,,,,34765.0,519.2088246481552,1.9260073260073256
150.45180335,,,,,,
150.45187805,,,,,,
150.453756475,,,,,,
150.4557096,,,,,,
150.4557843,,,,,,
150.457662725,,,,,,
150.45770439999998,18318.0,156.51418298042353,6.38919732996388,,,
150.458702,,,,34765.0,519.2088246481552,1.9260073260073256
150.45961585,,,,,,
150.45969055,,,,,,
150.461568975,,,,,,
150.4635221,,,,,,
150.4635968,,,,,,
150.465475225,,,,,,
150.46551689999998,18316.0,156.76470588235296,6.378986866791744,,,
150.4665145,,,,34765.0,519.2088246481552,1.9260073260073256
150.46742835,,,,,,
150.46750305,,,,,,
150.469,,,,,,
150.469381475,,,,,,
150.4713346,,,,,,
150.4714093,,,,,,
150.473287725,,,,,,
150.47332939999998,18316.0,156.76470588235296,6.378986866791744,,,
150.474327,,,,34765.0,519.2088246481552,1.9260073260073256
150.47524085,,,,,,
150.47531555,,,,,,
150.477193975,,,,,,
150.4791471,,,,,,
150.4792218,,,,,,
150.481100225,,,,,,
150.48114189999998,18316.0,156.76470588235296,6.378986866791744,,,
150.4821395,,,,34765.0,519.2088246481552,1.9260073260073256
150.48305335,,,,,,
150.48312805,,,,,,
150.485006475,,,,,,
150.4869596,,,,,,
150.4870343,,,,,,
150.488912725,,,,,,
150.48895439999998,18316.0,156.76470588235296,6.378986866791744,,,
150.489,,,,,,
150.489952,,,,34765.0,519.2088246481552,1.9260073260073256
150.49086585,,,,,,
150.49094055,,,,,,
150.492818975,,,,,,
150.4947721,,,,,,
150.4948468,,,,,,
150.496725225,,,,,,
150.49676689999998,18316.0,156.76470588235296,6.378986866791744,,,
150.4977645,,,,34764.0,519.604111153407,1.9245421245421244
150.49867835,,,,,,
150.49875305,,,,,,
150.500631475,,,,,,
150.5025846,,,,,,
150.5026593,,,,,,
150.504537725,,,,,,
150.50457939999998,18316.0,156.76470588235296,6.378986866791744,,,
150.505577,,,,34764.0,519.604111153407,1.9245421245421244
150.50649085,,,,,,
150.50656555,,,,,,
150.508443975,,,,,,
150.509,,,,,,
150.5103971,,,,,,
150.5104718,,,,,,
150.512350225,,,,,,
150.51239189999998,18316.0,156.76470588235296,6.378986866791744,,,
150.5133895,,,,34765.0,519.2088246481552,1.9260073260073256
150.51430335,,,,,,
150.51437805,,,,,,
150.516256475,,,,,,
150.5182096,,,,,,
150.5182843,,,,,,
150.520162725,,,,,,
150.52020439999998,18316.0,156.76470588235296,6.378986866791744,,,
150.521202,,,,34766.0,518.8141391106044,1.9274725274725275
150.52211585,,,,,,
150.52219055,,,,,,
150.524068975,,,,,,
150.5260221,,,,,,
150.5260968,,,,,,
150.527975225,,,,,,
150.52801689999998,18317.0,156.63934426229514,6.384092098377812,,,
150.529,,,,,,
150.5290145,,,,34764.0,519.604111153407,1.9245421245421244
150.52992835,,,,,,
150.53000305,,,,,,
150.531881475,,,,,,
150.5338346,,,,,,
150.5339093,,,,,,
150.535787725,,,,,,
150.53582939999998,18316.0,156.76470588235296,6.378986866791744,,,
150.536827,,,,34766.0,518.8141391106044,1.9274725274725275
150.53774085,,,,,,
150.53781555,,,,,,
150.539693975,,,,,,
150.5416471,,,,,,
150.5417218,,,,,,
150.543600225,,,,,,
150.54364189999998,18316.0,156.76470588235296,6.378986866791744,,,
150.5446395,,,,34764.0,519.604111153407,1.9245421245421244
150.54555335,,,,,,
150.54562805,,,,,,
150.547506475,,,,,,
150.549,,,,,,
150.5494596,,,,,,
150.5495343,,,,,,
150.551412725,,,,,,
150.55145439999998,18317.0,156.63934426229514,6.384092098377812,,,
150.552452,,,,34765.0,519.2088246481552,1.9260073260073256
150.55336585,,,,,,
150.55344055,,,,,,
150.555318975,,,,,,
150.5572721,,,,,,
150.5573468,,,,,,
150.559225225,,,,,,
150.55926689999998,18317.0,156.63934426229514,6.384092098377812,,,
150.5602645,,,,34764.0,519.604111153407,1.9245421245421244
150.56117835,,,,,,
150.56125305,,,,,,
150.563131475,,,,,,
150.5650846,,,,,,
150.5651593,,,,,,
150.567037725,,,,,,
150.56707939999998,18317.0,156.63934426229514,6.384092098377812,,,
150.568077,,,,34766.0,518.8141391106044,1.9274725274725275
150.56899085,,,,,,
150.569,,,,,,
150.56906555,,,,,,
150.570943975,,,,,,
150.5728971,,,,,,
150.5729718,,,,,,
150.574850225,,,,,,
150.57489189999998,18315.0,156.8902683219864,6.373881635205676,,,
150.5758895,,,,34765.0,519.2088246481552,1.9260073260073256
150.57680335,,,,,,
150.57687805,,,,,,
150.578756475,,,,,,
150.5807096,,,,,,
150.5807843,,,,,,
150.582662725,,,,,,
150.58270439999998,18316.0,156.76470588235296,6.378986866791744,,,
150.583702,,,,34767.0,518.4200531712876,1.9289377289377287
150.58461585,,,,,,
150.58469055,,,,,,
150.586568975,,,,,,
150.5885221,,,,,,
150.5885968,,,,,,
150.589,,,,,,
150.590475225,,,,,,
150.59051689999998,18316.0,156.76470588235296,6.378986866791744,,,
150.5915145,,,,34764.0,519.604111153407,1.9245421245421244
150.59242835,,,,,,
150.59250305,,,,,,
150.594381475,,,,,,
150.5963346,,,,,,
150.5964093,,,,,,
150.598287725,,,,,,
150.59832939999998,18316.0,156.76470588235296,6.378986866791744,,,
150.599327,,,,34766.0,518.8141391106044,1.9274725274725275
150.60024085,,,,,,
150.60031555,,,,,,
150.602193975,,,,,,
150.6041471,,,,,,
150.6042218,,,,,,
150.606100225,,,,,,
150.60614189999998,18316.0,156.76470588235296,6.378986866791744,,,
150.6071395,,,,34765.0,519.2088246481552,1.9260073260073256
150.60805335,,,,,,
150.60812805,,,,,,
150.609,,,,,,
150.610006475,,,,,,
150.6119596,,,,,,
150.6120343,,,,,,
150.613912725,,,,,,
150.61395439999998,18316.0,156.76470588235296,6.378986866791744,,,
150.614952,,,,34765.0,519.2088246481552,1.9260073260073256
150.61586585,,,,,,
150.61594055,,,,,,
150.617818975,,,,,,
150.6197721,,,,,,
150.6198468,,,,,,
150.621725225,,,,,,
150.62176689999998,18315.0,156.8902683219864,6.373881635205676,,,
150.6227645,,,,34765.0,519.2088246481552,1.9260073260073256
150.62367835,,,,,,
150.62375305,,,,,,
150.625631475,,,,,,
150.6275846,,,,,,
150.6276593,,,,,,
150.629,,,,,,
150.629537725,,,,,,
150.62957939999998,18316.0,156.76470588235296,6.378986866791744,,,
150.630577,,,,34764.0,519.604111153407,1.9245421245421244
150.63149085,,,,,,
150.63156555,,,,,,
150.633443975,,,,,,
150.6353971,,,,,,
150.6354718,,,,,,
150.637350225,,,,,,
150.63739189999998,18316.0,156.76470588235296,6.378986866791744,,,
150.6383895,,,,34765.0,519.2088246481552,1.9260073260073256
150.63930335,,,,,,
150.63937805,,,,,,
150.641256475,,,,,,
150.6432096,,,,,,
150.6432843,,,,,,
150.645162725,,,,,,
150.64520439999998,18316.0,156.76470588235296,6.378986866791744,,,
150.646202,,,,34765.0,519.2088246481552,1.9260073260073256
150.64711585,,,,,,
150.64719055,,,,,,
150.649,,,,,,
150.649068975,,,,,,
150.6510221,,,,,,
150.6510968,,,,,,
150.652975225,,,,,,
150.65301689999998,18315.0,156.8902683219864,6.373881635205676,,,
150.6540145,,,,34765.0,519.2088246481552,1.9260073260073256
150.65492835,,,,,,
150.65500305,,,,,,
150.656881475,,,,,,
150.6588346,,,,,,
150.6589093,,,,,,
150.660787725,,,,,,
150.66082939999998,18315.0,156.8902683219864,6.373881635205676,,,
150.661827,,,,34765.0,519.2088246481552,1.9260073260073256
150.66274085,,,,,,
150.66281555,,,,,,
150.664693975,,,,,,
150.6666471,,,,,,
150.6667218,,,,,,
150.668600225,,,,,,
150.66864189999998,18315.0,156.8902683219864,6.373881635205676,,,
150.669,,,,,,
150.6696395,,,,34764.0,519.604111153407,1.9245421245421244
150.67055335,,,,,,
150.67062805,,,,,,
150.672506475,,,,,,
150.6744596,,,,,,
150.6745343,,,,,,
150.676412725,,,,,,
150.67645439999998,18316.0,156.76470588235296,6.378986866791744,,,
150.677452,,,,34765.0,519.2088246481552,1.9260073260073256
150.67836585,,,,,,
150.67844055,,,,,,
150.680318975,,,,,,
150.6822721,,,,,,
150.6823468,,,,,,
150.684225225,,,,,,
150.68426689999998,18315.0,156.8902683219864,6.373881635205676,,,
150.6852645,,,,34764.0,519.604111153407,1.9245421245421244
150.68617835,,,,,,
150.68625305,,,,,,
150.688131475,,,,,,
150.689,,,,,,
150.6900846,,,,,,
150.6901593,,,,,,
150.692037725,,,,,,
150.69207939999998,18316.0,156.76470588235296,6.378986866791744,,,
150.693077,,,,34766.0,518.8141391106044,1.9274725274725275
150.69399085,,,,,,
150.69406555,,,,,,
150.695943975,,,,,,
150.6978971,,,,,,
150.6979718,,,,,,
150.699850225,,,,,,
150.69989189999998,18316.0,156.76470588235296,6.378986866791744,,,
150.7008895,,,,34764.0,519.604111153407,1.9245421245421244
150.70180335,,,,,,
150.70187805,,,,,,
150.703756475,,,,,,
150.7057096,,,,,,
150.7057843,,,,,,
150.707662725,,,,,,
150.70770439999998,18316.0,156.76470588235296,6.378986866791744,,,
150.708702,,,,34764.0,519.604111153407,1.9245421245421244
150.709,,,,,,
150.70961585,,,,,,
150.70969055,,,,,,
150.711568975,,,,,,
150.7135221,,,,,,
150.7135968,,,,,,
150.715475225,,,,,,
150.71551689999998,18316.0,156.76470588235296,6.378986866791744,,,
150.7165145,,,,34765.0,519.2088246481552,1.9260073260073256
150.71742835,,,,,,
150.71750305,,,,,,
150.719381475,,,,,,
150.7213346,,,,,,
150.7214093,,,,,,
150.723287725,,,,,,
150.72332939999998,18315.0,156.8902683219864,6.373881635205676,,,
150.724327,,,,34765.0,519.2088246481552,1.9260073260073256
150.72524085,,,,,,
150.72531555,,,,,,
150.727193975,,,,,,
150.729,,,,,,
150.7291471,,,,,,
150.7292218,,,,,,
150.731100225,,,,,,
150.73114189999998,18315.0,156.8902683219864,6.373881635205676,,,
150.7321395,,,,34764.0,519.604111153407,1.9245421245421244
150.73305335,,,,,,
150.73312805,,,,,,
150.735006475,,,,,,
150.7369596,,,,,,
150.7370343,,,,,,
150.738912725,,,,,,
150.73895439999998,18316.0,156.76470588235296,6.378986866791744,,,
150.739952,,,,34765.0,519.2088246481552,1.9260073260073256
150.74086585,,,,,,
150.74094055,,,,,,
150.742818975,,,,,,
150.7447721,,,,,,
150.7448468,,,,,,
150.746725225,,,,,,
150.74676689999998,18315.0,156.8902683219864,6.373881635205676,,,
150.7477645,,,,34764.0,519.604111153407,1.9245421245421244
150.74867835,,,,,,
150.74875305,,,,,,
150.749,,,,,,
150.750631475,,,,,,
150.7525846,,,,,,
150.7526593,,,,,,
150.754537725,,,,,,
150.75457939999998,18315.0,156.8902683219864,6.373881635205676,,,
150.755577,,,,34764.0,519.604111153407,1.9245421245421244
150.75649085,,,,,,
150.75656555,,,,,,
150.758443975,,,,,,
150.7603971,,,,,,
150.7604718,,,,,,
150.762350225,,,,,,
150.76239189999998,18316.0,156.76470588235296,6.378986866791744,,,
150.7633895,,,,34764.0,519.604111153407,1.9245421245421244
150.76430335,,,,,,
150.76437805,,,,,,
150.766256475,,,,,,
150.7682096,,,,,,
150.7682843,,,,,,
150.769,,,,,,
150.770162725,,,,,,
150.77020439999998,18315.0,156.8902683219864,6.373881635205676,,,
150.771202,,,,34765.0,519.2088246481552,1.9260073260073256
150.77211585,,,,,,
150.77219055,,,,,,
150.774068975,,,,,,
150.7760221,,,,,,
150.7760968,,,,,,
150.777975225,,,,,,
150.77801689999998,18315.0,156.8902683219864,6.373881635205676,,,
150.7790145,,,,34765.0,519.2088246481552,1.9260073260073256
150.77992835,,,,,,
150.78000305,,,,,,
150.781881475,,,,,,
150.7838346,,,,,,
150.7839093,,,,,,
150.785787725,,,,,,
150.78582939999998,18315.0,156.8902683219864,6.373881635205676,,,
150.786827,,,,34764.0,519.604111153407,1.9245421245421244
150.78774085,,,,,,
150.78781555,,,,,,
150.789,,,,,,
150.789693975,,,,,,
150.7916471,,,,,,
150.7917218,,,,,,
150.793600225,,,,,,
150.79364189999998,18315.0,156.8902683219864,6.373881635205676,,,
150.7946395,,,,34764.0,519.604111153407,1.9245421245421244
150.79555335,,,,,,
150.79562805,,,,,,
150.797506475,,,,,,
150.7994596,,,,,,
150.7995343,,,,,,
150.801412725,,,,,,
150.80145439999998,18316.0,156.76470588235296,6.378986866791744,,,
150.802452,,,,34764.0,519.604111153407,1.9245421245421244
150.80336585,,,,,,
150.80344055,,,,,,
150.805318975,,,,,,
150.8072721,,,,,,
150.8073468,,,,,,
150.809,,,,,,
150.809225225,,,,,,
150.80926689999998,18315.0,156.8902683219864,6.373881635205676,,,
150.8102645,,,,34763.0,520.0,1.9230769230769231
150.81117835,,,,,,
150.81125305,,,,,,
150.813131475,,,,,,
150.8150846,,,,,,
150.8151593,,,,,,
150.817037725,,,,,,
150.81707939999998,18315.0,156.8902683219864,6.373881635205676,,,
150.818077,,,,34767.0,518.4200531712876,1.9289377289377287
150.81899085,,,,,,
150.81906555,,,,,,
150.820943975,,,,,,
150.8228971,,,,,,
150.8229718,,,,,,
150.824850225,,,,,,
150.82489189999998,18314.0,157.0160320641283,6.368776403619608,,,
150.8258895,,,,34764.0,519.604111153407,1.9245421245421244
150.82680335,,,,,,
150.82687805,,,,,,
150.828756475,,,,,,
150.829,,,,,,
150.8307096,,,,,,
150.8307843,,,,,,
150.832662725,,,,,,
150.83270439999998,18315.0,156.8902683219864,6.373881635205676,,,
150.833702,,,,34763.0,520.0,1.9230769230769231
150.83461585,,,,,,
150.83469055,,,,,,
150.836568975,,,,,,
150.8385221,,,,,,
150.8385968,,,,,,
150.840475225,,,,,,
150.84051689999998,18315.0,156.8902683219864,6.373881635205676,,,
150.8415145,,,,34766.0,518.8141391106044,1.9274725274725275
150.84242835,,,,,,
150.84250305,,,,,,
150.844381475,,,,,,
150.8463346,,,,,,
150.8464093,,,,,,
150.848287725,,,,,,
150.84832939999998,18314.0,157.0160320641283,6.368776403619608,,,
150.849,,,,,,
150.849327,,,,34764.0,519.604111153407,1.9245421245421244
150.85024085,,,,,,
150.85031555,,,,,,
150.852193975,,,,,,
150.8541471,,,,,,
150.8542218,,,,,,
150.856100225,,,,,,
150.85614189999998,18314.0,157.0160320641283,6.368776403619608,,,
150.8571395,,,,34763.0,520.0,1.9230769230769231
150.85805335,,,,,,
150.85812805,,,,,,
150.860006475,,,,,,
150.8619596,,,,,,
150.8620343,,,,,,
150.863912725,,,,,,
150.86395439999998,18315.0,156.8902683219864,6.373881635205676,,,
150.864952,,,,34763.0,520.0,1.9230769230769231
150.86586585,,,,,,
150.86594055,,,,,,
150.867818975,,,,,,
150.869,,,,,,
150.8697721,,,,,,
150.8698468,,,,,,
150.871725225,,,,,,
150.87176689999998,18315.0,156.8902683219864,6.373881635205676,,,
150.8727645,,,,34765.0,519.2088246481552,1.9260073260073256
150.87367835,,,,,,
150.87375305,,,,,,
150.875631475,,,,,,
150.8775846,,,,,,
150.8776593,,,,,,
150.879537725,,,,,,
150.87957939999998,18314.0,157.0160320641283,6.368776403619608,,,
150.880577,,,,34764.0,519.604111153407,1.9245421245421244
150.88149085,,,,,,
150.88156555,,,,,,
150.883443975,,,,,,
150.8853971,,,,,,
150.8854718,,,,,,
150.887350225,,,,,,
150.88739189999998,18315.0,156.8902683219864,6.373881635205676,,,
150.8883895,,,,34764.0,519.604111153407,1.9245421245421244
150.889,,,,,,
150.88930335,,,,,,
150.88937805,,,,,,
150.891256475,,,,,,
150.8932096,,,,,,
150.8932843,,,,,,
150.895162725,,,,,,
150.89520439999998,18315.0,156.8902683219864,6.373881635205676,,,
150.896202,,,,34765.0,519.2088246481552,1.9260073260073256
150.89711585,,,,,,
150.89719055,,,,,,
150.899068975,,,,,,
150.9010221,,,,,,
150.9010968,,,,,,
150.902975225,,,,,,
150.90301689999998,18314.0,157.0160320641283,6.368776403619608,,,
150.9040145,,,,34764.0,519.604111153407,1.9245421245421244
150.90492835,,,,,,
150.90500305,,,,,,
150.906881475,,,,,,
150.9088346,,,,,,
150.9089093,,,,,,
150.909,,,,,,
150.910787725,,,,,,
150.91082939999998,18314.0,157.0160320641283,6.368776403619608,,,
150.911827,,,,34764.0,519.604111153407,1.9245421245421244
150.91274085,,,,,,
150.91281555,,,,,,
150.914693975,,,,,,
150.9166471,,,,,,
150.9167218,,,,,,
150.918600225,,,,,,
150.91864189999998,18315.0,156.8902683219864,6.373881635205676,,,
150.9196395,,,,34764.0,519.604111153407,1.9245421245421244
150.92055335,,,,,,
150.92062805,,,,,,
150.922506475,,,,,,
150.9244596,,,,,,
150.9245343,,,,,,
150.926412725,,,,,,
150.92645439999998,18315.0,156.8902683219864,6.373881635205676,,,
150.927452,,,,34765.0,519.2088246481552,1.9260073260073256
150.92836585,,,,,,
150.92844055,,,,,,
150.929,,,,,,
150.930318975,,,,,,
150.9322721,,,,,,
150.9323468,,,,,,
150.934225225,,,,,,
150.93426689999998,18314.0,157.0160320641283,6.368776403619608,,,
150.9352645,,,,34765.0,519.2088246481552,1.9260073260073256
150.93617835,,,,,,
150.93625305,,,,,,
150.938131475,,,,,,
150.9400846,,,,,,
150.9401593,,,,,,
150.942037725,,,,,,
150.94207939999998,18314.0,157.0160320641283,6.368776403619608,,,
150.943077,,,,34763.0,520.0,1.9230769230769231
150.94399085,,,,,,
150.94406555,,,,,,
150.945943975,,,,,,
150.9478971,,,,,,
150.9479718,,,,,,
150.949,,,,,,
150.949850225,,,,,,
150.94989189999998,18315.0,156.8902683219864,6.373881635205676,,,
150.9508895,,,,34763.0,520.0,1.9230769230769231
150.95180335,,,,,,
150.95187805,,,,,,
150.953756475,,,,,,
150.9557096,,,,,,
150.9557843,,,,,,
150.957662725,,,,,,
150.95770439999998,18315.0,156.8902683219864,6.373881635205676,,,
150.958702,,,,34764.0,519.604111153407,1.9245421245421244
150.95961585,,,,,,
150.95969055,,,,,,
150.961568975,,,,,,
150.9635221,,,,,,
150.9635968,,,,,,
150.965475225,,,,,,
150.96551689999998,18314.0,157.0160320641283,6.368776403619608,,,
150.9665145,,,,34765.0,519.2088246481552,1.9260073260073256
150.96742835,,,,,,
150.96750305,,,,,,
150.969,,,,,,
150.969381475,,,,,,
150.9713346,,,,,,
150.9714093,,,,,,
150.973287725,,,,,,
150.97332939999998,18315.0,156.8902683219864,6.373881635205676,,,
150.974327,,,,34764.0,519.604111153407,1.9245421245421244
150.97524085,,,,,,
150.97531555,,,,,,
150.977193975,,,,,,
150.9791471,,,,,,
150.9792218,,,,,,
150.981100225,,,,,,
150.98114189999998,18314.0,157.0160320641283,6.368776403619608,,,
150.9821395,,,,34765.0,519.2088246481552,1.9260073260073256
150.98305335,,,,,,
150.98312805,,,,,,
150.985006475,,,,,,
150.9869596,,,,,,
150.9870343,,,,,,
150.988912725,,,,,,
150.98895439999998,18314.0,157.0160320641283,6.368776403619608,,,
150.989,,,,,,
150.989952,,,,34766.0,518.8141391106044,1.9274725274725275
150.99086585,,,,,,
150.99094055,,,,,,
150.992818975,,,,,,
150.9947721,,,,,,
150.9948468,,,,,,
150.996725225,,,,,,
150.99676689999998,18314.0,157.0160320641283,6.368776403619608,,,
150.9977645,,,,34765.0,519.2088246481552,1.9260073260073256
150.99867835,,,,,,
150.99875305,,,,,,
151.000631475,,,,,,
151.0025846,,,,,,
151.0026593,,,,,,
151.004537725,,,,,,
151.00457939999998,18314.0,157.0160320641283,6.368776403619608,,,
151.005577,,,,34764.0,519.604111153407,1.9245421245421244
151.00649085,,,,,,
151.00656555,,,,,,
151.008443975,,,,,,
151.009,,,,,,
151.0103971,,,,,,
151.0104718,,,,,,
151.012350225,,,,,,
151.01239189999998,18314.0,157.0160320641283,6.368776403619608,,,
151.0133895,,,,34765.0,519.2088246481552,1.9260073260073256
151.01430335,,,,,,
151.01437805,,,,,,
151.016256475,,,,,,
151.0182096,,,,,,
151.0182843,,,,,,
151.020162725,,,,,,
151.02020439999998,18314.0,157.0160320641283,6.368776403619608,,,
151.021202,,,,34765.0,519.2088246481552,1.9260073260073256
151.02211585,,,,,,
151.02219055,,,,,,
151.024068975,,,,,,
151.0260221,,,,,,
151.0260968,,,,,,
151.027975225,,,,,,
151.02801689999998,18314.0,157.0160320641283,6.368776403619608,,,
151.029,,,,,,
151.0290145,,,,34764.0,519.604111153407,1.9245421245421244
151.02992835,,,,,,
151.03000305,,,,,,
151.031881475,,,,,,
151.0338346,,,,,,
151.0339093,,,,,,
151.035787725,,,,,,
151.03582939999998,18313.0,157.14199759326112,6.36367117203354,,,
151.036827,,,,34765.0,519.2088246481552,1.9260073260073256
151.03774085,,,,,,
151.03781555,,,,,,
151.039693975,,,,,,
151.0416471,,,,,,
151.0417218,,,,,,
151.043600225,,,,,,
151.04364189999998,18314.0,157.0160320641283,6.368776403619608,,,
151.0446395,,,,34764.0,519.604111153407,1.9245421245421244
151.04555335,,,,,,
151.04562805,,,,,,
151.047506475,,,,,,
151.049,,,,,,
151.0494596,,,,,,
151.0495343,,,,,,
151.051412725,,,,,,
151.05145439999998,18314.0,157.0160320641283,6.368776403619608,,,
151.052452,,,,34765.0,519.2088246481552,1.9260073260073256
151.05336585,,,,,,
151.05344055,,,,,,
151.055318975,,,,,,
151.0572721,,,,,,
151.0573468,,,,,,
151.059225225,,,,,,
151.05926689999998,18313.0,157.14199759326112,6.36367117203354,,,
151.0602645,,,,34764.0,519.604111153407,1.9245421245421244
151.06117835,,,,,,
151.06125305,,,,,,
151.063131475,,,,,,
151.0650846,,,,,,
151.0651593,,,,,,
151.067037725,,,,,,
151.06707939999998,18314.0,157.0160320641283,6.368776403619608,,,
151.068077,,,,34763.0,520.0,1.9230769230769231
151.06899085,,,,,,
151.069,,,,,,
151.069,,,,,,
151.069,,,,,,
151.069,,,,,,
